pile,stage,reference_pitch_m,boundary_rule,interpolator,layout_source,additional_stations_b,total_retained,reference_levels,measured_span_m,head_to_dfos_gap_m,candidate_realised_z,uniform_realised_z,candidate_nrmse,uniform_nrmse,delta_nrmse,delta_distance_weighted_nrmse,candidate_outside_sse_fraction,delta_squared_error_inside,delta_squared_error_outside
F1,Step 1,0.2,original,linear,SKS02,2,3,93,19.45,1.38,0.000000;0.142931;0.430848,0.000000;0.502828;1.000000,0.22064956713771772,0.04010164783715978,0.18054791930055794,0.16556088988028828,0.9894032874318608,-0.00037994184240954236,0.04745803116121617
F1,Step 2,0.2,original,linear,SKS02,2,3,93,19.45,1.38,0.000000;0.142931;0.430848,0.000000;0.502828;1.000000,0.2192948852115155,0.035867960011794854,0.18342692519972065,0.17125523599501868,0.99033694069673,4.065009736062857e-05,0.046763086027163406
F1,Step 3,0.2,original,linear,SKS02,2,3,93,19.45,1.38,0.000000;0.142931;0.430848,0.000000;0.502828;1.000000,0.21228115766812522,0.03580515459236092,0.1764760030757643,0.16327260318365652,0.9906339515159229,-3.86491405496777e-05,0.04381992994608624
F1,Step 4,0.2,original,linear,SKS02,2,3,93,19.45,1.38,0.000000;0.142931;0.430848,0.000000;0.502828;1.000000,0.2058077371466755,0.033158599422591466,0.17264913772408402,0.15965518213471958,0.9917283070968339,-0.00012733898129809325,0.04138467093506529
F1,Step 5,0.2,original,linear,SKS02,2,3,93,19.45,1.38,0.000000;0.142931;0.430848,0.000000;0.502828;1.000000,0.19275618833178207,0.04262411578891891,0.15013207254286315,0.1366438932617056,0.9911371975321759,-0.00046226777773329284,0.035800400671143574
F1,Step 6,0.2,original,linear,SKS02,2,3,93,19.45,1.38,0.000000;0.142931;0.430848,0.000000;0.502828;1.000000,0.18581021877100914,0.04373863971548952,0.14207157905551962,0.12995776113309152,0.9942544143699245,-0.00018942151755881284,0.032801790313127695
F1,Step 7,0.2,original,linear,SKS02,2,3,93,19.45,1.38,0.000000;0.142931;0.430848,0.000000;0.502828;1.000000,0.1847847347781649,0.04116101693169591,0.143623717846469,0.13204559264516938,0.9940067338382043,-0.00013358685295611854,0.032584755745141504
F1,Step 8,0.2,original,linear,SKS02,2,3,93,19.45,1.38,0.000000;0.142931;0.430848,0.000000;0.502828;1.000000,0.1862726726336304,0.047520169610028966,0.13875250302360143,0.1269966948958314,0.9948748580837137,-0.00016627009602719067,0.03260561214633691
F1,Step 9,0.2,original,linear,SKS02,2,3,93,19.45,1.38,0.000000;0.142931;0.430848,0.000000;0.502828;1.000000,0.18275590180116505,0.04803474515892128,0.13472115664224377,0.12349013670707018,0.995582336457855,-6.822261474782297e-05,0.031160605515422393
F1,Step 10,0.2,original,linear,SKS02,2,3,93,19.45,1.38,0.000000;0.142931;0.430848,0.000000;0.502828;1.000000,0.18195571629535442,0.05121238127955318,0.13074333501580124,0.11945737435766121,0.995655874386016,-7.505179593519783e-05,0.03056022649216837
F1,Step 11,0.2,original,linear,SKS02,2,3,93,19.45,1.38,0.000000;0.142931;0.430848,0.000000;0.502828;1.000000,0.1806553214526144,0.05300227121446698,0.1276530502381474,0.11657334563342013,0.9964665023254702,1.6861683045905415e-06,0.029825418246950938
F1,Step 12,0.2,original,linear,SKS02,2,3,93,19.45,1.38,0.000000;0.142931;0.430848,0.000000;0.502828;1.000000,0.16428956970370426,0.05052253621305855,0.11376703349064571,0.10379949289262475,0.9952963505371755,1.8495864527481974e-05,0.024420040183501003
F1,Step 1,0.2,original,pchip,SKS02,2,3,93,19.45,1.38,0.000000;0.142931;0.430848,0.000000;0.502828;1.000000,0.22132805609831543,0.03994085487529561,0.18138720122301982,0.1669532743845608,0.9833464840222946,0.00012006584654257439,0.04727077068154707
F1,Step 2,0.2,original,pchip,SKS02,2,3,93,19.45,1.38,0.000000;0.142931;0.430848,0.000000;0.502828;1.000000,0.22055814906720064,0.041676988931095685,0.17888116013610494,0.1675378369868131,0.9790249660093868,0.000603306832201146,0.046305618881385686
F1,Step 3,0.2,original,pchip,SKS02,2,3,93,19.45,1.38,0.000000;0.142931;0.430848,0.000000;0.502828;1.000000,0.2132739785049743,0.03901295394366389,0.1742610245613104,0.1618308673478231,0.9814323337858856,0.00026399894677736304,0.04369978038515243
F1,Step 4,0.2,original,pchip,SKS02,2,3,93,19.45,1.38,0.000000;0.142931;0.430848,0.000000;0.502828;1.000000,0.20725825542068113,0.03680967193353891,0.17044858348714223,0.15844352943581994,0.9778954567335366,0.0005285977049428269,0.04107243478722671
F1,Step 5,0.2,original,pchip,SKS02,2,3,93,19.45,1.38,0.000000;0.142931;0.430848,0.000000;0.502828;1.000000,0.19464813071266565,0.04108551424631583,0.15356261646634983,0.14081201265990306,0.9719635091446531,0.0005226548946775392,0.035677220414373226
F1,Step 6,0.2,original,pchip,SKS02,2,3,93,19.45,1.38,0.000000;0.142931;0.430848,0.000000;0.502828;1.000000,0.18651407179559115,0.03965340178154033,0.14686067001405081,0.13512980202504832,0.9867644858478953,0.00017845709835496594,0.03303664960656771
F1,Step 7,0.2,original,pchip,SKS02,2,3,93,19.45,1.38,0.000000;0.142931;0.430848,0.000000;0.502828;1.000000,0.18549020962236046,0.03784830300398276,0.1476419066183777,0.1363924693591686,0.9864601013623739,0.00017095544783114086,0.03280316837763479
F1,Step 8,0.2,original,pchip,SKS02,2,3,93,19.45,1.38,0.000000;0.142931;0.430848,0.000000;0.502828;1.000000,0.1870876617606438,0.040728763031306264,0.14635889872933752,0.13480253892560864,0.9862260123065386,0.00023530338266062668,0.03310765766234412
F1,Step 9,0.2,original,pchip,SKS02,2,3,93,19.45,1.38,0.000000;0.142931;0.430848,0.000000;0.502828;1.000000,0.18305405756233964,0.04135693345975472,0.14169712410258492,0.13052491842151098,0.9923417978966886,3.44574161127396e-05,0.031763934628729035
F1,Step 10,0.2,original,pchip,SKS02,2,3,93,19.45,1.38,0.000000;0.142931;0.430848,0.000000;0.502828;1.000000,0.1822987074092822,0.044093399365027576,0.13820530804425463,0.12696332875090183,0.9919127885597525,3.5737036723592124e-05,0.03125285381880768
F1,Step 11,0.2,original,pchip,SKS02,2,3,93,19.45,1.38,0.000000;0.142931;0.430848,0.000000;0.502828;1.000000,0.18070741653589242,0.04532865579035072,0.1353787607455417,0.124104199383224,0.9958920541499892,-7.420274254128836e-05,0.030674686097857725
F1,Step 12,0.2,original,pchip,SKS02,2,3,93,19.45,1.38,0.000000;0.142931;0.430848,0.000000;0.502828;1.000000,0.1643020236016663,0.04673466338977399,0.1175673602118923,0.10741985933930767,0.9951454716965545,-8.577145798363983e-05,0.024896797655430663
F1,Step 1,0.2,original,linear,SKS03,2,3,93,19.45,1.38,0.000000;0.142931;0.718766,0.000000;0.502828;1.000000,0.057540960767505665,0.04010164783715978,0.017439312930345882,0.01143095567669556,0.566905212757959,8.924263907224925e-05,0.0016135773677197947
F1,Step 2,0.2,original,linear,SKS03,2,3,93,19.45,1.38,0.000000;0.142931;0.718766,0.000000;0.502828;1.000000,0.06215102351555089,0.035867960011794854,0.02628306350375604,0.021886324026592012,0.5462385084573996,0.0006765930513609571,0.0018996461172618875
F1,Step 3,0.2,original,linear,SKS03,2,3,93,19.45,1.38,0.000000;0.142931;0.718766,0.000000;0.502828;1.000000,0.06358575873180514,0.03580515459236092,0.027780604139444214,0.02129046357081829,0.6569676487960914,0.0006057590117691516,0.002155380606347318
F1,Step 4,0.2,original,linear,SKS03,2,3,93,19.45,1.38,0.000000;0.142931;0.718766,0.000000;0.502828;1.000000,0.06116949433362561,0.033158599422591466,0.028010894911034145,0.02220626250699312,0.5818734302034199,0.0006693221775335322,0.0019728921438300407
F1,Step 5,0.2,original,linear,SKS03,2,3,93,19.45,1.38,0.000000;0.142931;0.718766,0.000000;0.502828;1.000000,0.06025102744173576,0.04262411578891891,0.017626911652816844,0.011254813132492755,0.5746500998135415,0.0003973509633528912,0.001416020097644737
F1,Step 6,0.2,original,linear,SKS03,2,3,93,19.45,1.38,0.000000;0.142931;0.718766,0.000000;0.502828;1.000000,0.060905357848101645,0.04373863971548952,0.017166718132612127,0.011622556257304337,0.5640782319315174,0.000989301782967706,0.0008070922274762131
F1,Step 7,0.2,original,linear,SKS03,2,3,93,19.45,1.38,0.000000;0.142931;0.718766,0.000000;0.502828;1.000000,0.06126032249806481,0.04116101693169591,0.0200993055663689,0.01489872644463304,0.5829090511249203,0.0009578022195228669,0.0011007955781926813
F1,Step 8,0.2,original,linear,SKS03,2,3,93,19.45,1.38,0.000000;0.142931;0.718766,0.000000;0.502828;1.000000,0.06340744615630366,0.047520169610028966,0.01588727654627469,0.010278934757089617,0.6155637446177276,0.0009871660914441882,0.0007751716168544374
F1,Step 9,0.2,original,linear,SKS03,2,3,93,19.45,1.38,0.000000;0.142931;0.718766,0.000000;0.502828;1.000000,0.06570122845757007,0.04803474515892128,0.017666483298648783,0.012445664672089615,0.6087325529703405,0.0012591800619188719,0.0007501346164324311
F1,Step 10,0.2,original,linear,SKS03,2,3,93,19.45,1.38,0.000000;0.142931;0.718766,0.000000;0.502828;1.000000,0.06759929340693865,0.05121238127955318,0.016386912127385474,0.011184543509778481,0.6060448403804662,0.0013381999763239158,0.0006087564964711352
F1,Step 11,0.2,original,linear,SKS03,2,3,93,19.45,1.38,0.000000;0.142931;0.718766,0.000000;0.502828;1.000000,0.06897325106149046,0.05300227121446698,0.015970979847023482,0.010859581637370233,0.5995538337446569,0.0015799241908919601,0.0003681444172075201
F1,Step 12,0.2,original,linear,SKS03,2,3,93,19.45,1.38,0.000000;0.142931;0.718766,0.000000;0.502828;1.000000,0.05952247395053003,0.05052253621305855,0.00899993773747148,0.0052551830849857165,0.4062848085916092,0.0017220204557601372,-0.000731622215968424
F1,Step 1,0.2,original,pchip,SKS03,2,3,93,19.45,1.38,0.000000;0.142931;0.718766,0.000000;0.502828;1.000000,0.056619411088940225,0.03994085487529561,0.016678556213644613,0.011082849117235394,0.5855095362062048,-4.676952095255287e-05,0.0016572553448415356
F1,Step 2,0.2,original,pchip,SKS03,2,3,93,19.45,1.38,0.000000;0.142931;0.718766,0.000000;0.502828;1.000000,0.06160562191253462,0.041676988931095685,0.019928632981438932,0.016283676562666688,0.5559531450731668,0.0003296309370245826,0.00172865030784291
F1,Step 3,0.2,original,pchip,SKS03,2,3,93,19.45,1.38,0.000000;0.142931;0.718766,0.000000;0.502828;1.000000,0.06367154273244818,0.03901295394366389,0.02465858878878429,0.018866152568905434,0.6551985900931974,0.00017109680119243667,0.0023609579773270994
F1,Step 4,0.2,original,pchip,SKS03,2,3,93,19.45,1.38,0.000000;0.142931;0.718766,0.000000;0.502828;1.000000,0.06359776487626312,0.03680967193353891,0.02678809294272421,0.021947433269639112,0.5382878805167469,0.0006469551298776382,0.0020427686195240453
F1,Step 5,0.2,original,pchip,SKS03,2,3,93,19.45,1.38,0.000000;0.142931;0.718766,0.000000;0.502828;1.000000,0.06863313834649776,0.04108551424631583,0.027547624100181925,0.02195455882185464,0.44285819409277233,0.0012486951999503948,0.001773792998454885
F1,Step 6,0.2,original,pchip,SKS03,2,3,93,19.45,1.38,0.000000;0.142931;0.718766,0.000000;0.502828;1.000000,0.05507260051675542,0.03965340178154033,0.015419198735215092,0.009913943942561843,0.6898889205411818,4.945429419844368e-05,0.0014111447606314203
F1,Step 7,0.2,original,pchip,SKS03,2,3,93,19.45,1.38,0.000000;0.142931;0.718766,0.000000;0.502828;1.000000,0.05624375671787786,0.03784830300398276,0.018395453713895102,0.0132401137793225,0.6915295046539591,0.00011510488415530033,0.00161576124530324
F1,Step 8,0.2,original,pchip,SKS03,2,3,93,19.45,1.38,0.000000;0.142931;0.718766,0.000000;0.502828;1.000000,0.0594125459199015,0.040728763031306264,0.018683782888595235,0.012996125573424618,0.7011278689770691,0.0003063221783712609,0.001564696296252843
F1,Step 9,0.2,original,pchip,SKS03,2,3,93,19.45,1.38,0.000000;0.142931;0.718766,0.000000;0.502828;1.000000,0.05714411080382788,0.04135693345975472,0.01578717734407316,0.010047724061392135,0.8046936020632117,-2.923016731479278e-05,0.0015842836216803712
F1,Step 10,0.2,original,pchip,SKS03,2,3,93,19.45,1.38,0.000000;0.142931;0.718766,0.000000;0.502828;1.000000,0.05889422495489567,0.044093399365027576,0.014800825589868095,0.009074194223651348,0.7984425064602162,-4.426464175973282e-05,0.0015685665072337747
F1,Step 11,0.2,original,pchip,SKS03,2,3,93,19.45,1.38,0.000000;0.142931;0.718766,0.000000;0.502828;1.000000,0.059509730438227694,0.04532865579035072,0.014181074647876976,0.008258397363288025,0.8054036848439726,0.00010738351503406769,0.0013793374660363603
F1,Step 12,0.2,original,pchip,SKS03,2,3,93,19.45,1.38,0.000000;0.142931;0.718766,0.000000;0.502828;1.000000,0.048310138533079035,0.04673466338977399,0.0015754751433050482,-0.0029832702402422806,0.6167596672217438,0.00020524949583513753,-5.5508772905331246e-05
F1,Step 1,0.2,original,linear,SKS02,3,4,93,19.45,1.38,0.000000;0.142931;0.718766;0.852442,0.000000;0.338303;0.667352;1.000000,0.059068962654837256,0.04526646500955012,0.013802497645287133,0.008015563874915137,0.5292775069453238,-0.00016732276143962603,0.0016074122560973587
F1,Step 2,0.2,original,linear,SKS02,3,4,93,19.45,1.38,0.000000;0.142931;0.718766;0.852442,0.000000;0.338303;0.667352;1.000000,0.057998568679047936,0.034329281886118466,0.02366928679292947,0.019677908571731753,0.4130489762528533,0.0008797452771080698,0.0013055890968935902
F1,Step 3,0.2,original,linear,SKS02,3,4,93,19.45,1.38,0.000000;0.142931;0.718766;0.852442,0.000000;0.338303;0.667352;1.000000,0.05936249830214578,0.0425155090772214,0.016846989224924377,0.011405528170576704,0.5702964911990799,0.00021888116771047445,0.001497456524866491
F1,Step 4,0.2,original,linear,SKS02,3,4,93,19.45,1.38,0.000000;0.142931;0.718766;0.852442,0.000000;0.338303;0.667352;1.000000,0.058561618352576894,0.037317056054068806,0.021244562298508088,0.016268026712127744,0.4590354717454237,0.0006436356160223141,0.0013932648555080426
F1,Step 5,0.2,original,linear,SKS02,3,4,93,19.45,1.38,0.000000;0.142931;0.718766;0.852442,0.000000;0.338303;0.667352;1.000000,0.06132313721032093,0.0467537906374642,0.014569346572856724,0.008559461209261127,0.5038081295469091,0.00022440229464013088,0.0013502079237038803
F1,Step 6,0.2,original,linear,SKS02,3,4,93,19.45,1.38,0.000000;0.142931;0.718766;0.852442,0.000000;0.338303;0.667352;1.000000,0.06384951478358589,0.046361188026115475,0.01748832675747041,0.011690226597841191,0.5287588773083285,0.0006718326125102396,0.0012555681703962796
F1,Step 7,0.2,original,linear,SKS02,3,4,93,19.45,1.38,0.000000;0.142931;0.718766;0.852442,0.000000;0.338303;0.667352;1.000000,0.06291351836976133,0.044269149979015016,0.01864436839074632,0.013400235566557575,0.5169796235102654,0.0006782847318944971,0.0013200684219032744
F1,Step 8,0.2,original,linear,SKS02,3,4,93,19.45,1.38,0.000000;0.142931;0.718766;0.852442,0.000000;0.338303;0.667352;1.000000,0.06552508240472422,0.04937720787200958,0.016147874532714643,0.010352056855613814,0.557797156578049,0.0005092040407176186,0.0013462237261926372
F1,Step 9,0.2,original,linear,SKS02,3,4,93,19.45,1.38,0.000000;0.142931;0.718766;0.852442,0.000000;0.338303;0.667352;1.000000,0.06819044892453364,0.04885030763827662,0.019340141286257023,0.013773928427634224,0.5518750250411899,0.0007717853121785235,0.0014917994559966415
F1,Step 10,0.2,original,linear,SKS02,3,4,93,19.45,1.38,0.000000;0.142931;0.718766;0.852442,0.000000;0.338303;0.667352;1.000000,0.071828642361263,0.05265393398172038,0.019174708379542625,0.013334081470044654,0.5730698587973422,0.0006847075798005732,0.0017022095199102844
F1,Step 11,0.2,original,linear,SKS02,3,4,93,19.45,1.38,0.000000;0.142931;0.718766;0.852442,0.000000;0.338303;0.667352;1.000000,0.0728721651904829,0.052429848674610195,0.0204423165158727,0.014654168710861608,0.5658627784013873,0.0008981036800786507,0.0016633597474278539
F1,Step 12,0.2,original,linear,SKS02,3,4,93,19.45,1.38,0.000000;0.142931;0.718766;0.852442,0.000000;0.338303;0.667352;1.000000,0.06225429928282737,0.05251175263970004,0.009742546643127334,0.005140508540942015,0.3707384456001026,0.0013313370116685176,-0.00021322339776571985
F1,Step 1,0.2,original,pchip,SKS02,3,4,93,19.45,1.38,0.000000;0.142931;0.718766;0.852442,0.000000;0.338303;0.667352;1.000000,0.07480668138181486,0.04357387342540568,0.031232807956409175,0.025320086408176623,0.3300056294687437,0.002114220065736481,0.0015831370683306114
F1,Step 2,0.2,original,pchip,SKS02,3,4,93,19.45,1.38,0.000000;0.142931;0.718766;0.852442,0.000000;0.338303;0.667352;1.000000,0.07258231477317804,0.03391514309292895,0.03866717168024909,0.03492953392288009,0.2637390715649958,0.0028225522881184816,0.0012954031987003724
F1,Step 3,0.2,original,pchip,SKS02,3,4,93,19.45,1.38,0.000000;0.142931;0.718766;0.852442,0.000000;0.338303;0.667352;1.000000,0.07313326225435327,0.04214189972335305,0.030991362531000217,0.026203179285011376,0.375746675746566,0.002107722532591058,0.001464811803079812
F1,Step 4,0.2,original,pchip,SKS02,3,4,93,19.45,1.38,0.000000;0.142931;0.718766;0.852442,0.000000;0.338303;0.667352;1.000000,0.07223750572114816,0.03538694377270331,0.036850561948444854,0.03228417073979544,0.3016802664065745,0.0025881975486335414,0.0013778238946069057
F1,Step 5,0.2,original,pchip,SKS02,3,4,93,19.45,1.38,0.000000;0.142931;0.718766;0.852442,0.000000;0.338303;0.667352;1.000000,0.07629544674653367,0.04350802301002531,0.032787423736508364,0.027285736579882626,0.32547426857663486,0.002576258808114125,0.0013517883198981395
F1,Step 6,0.2,original,pchip,SKS02,3,4,93,19.45,1.38,0.000000;0.142931;0.718766;0.852442,0.000000;0.338303;0.667352;1.000000,0.0778890011881226,0.04295723861793613,0.03493176257018647,0.029714251558802862,0.3553207784531112,0.0028892384874538695,0.0013321336689511925
F1,Step 7,0.2,original,pchip,SKS02,3,4,93,19.45,1.38,0.000000;0.142931;0.718766;0.852442,0.000000;0.338303;0.667352;1.000000,0.07809694057503616,0.04142347002344307,0.03667347055159309,0.03198274500234043,0.33550062291654587,0.003003992898095374,0.0013792353603022697
F1,Step 8,0.2,original,pchip,SKS02,3,4,93,19.45,1.38,0.000000;0.142931;0.718766;0.852442,0.000000;0.338303;0.667352;1.000000,0.0790111776904408,0.04531487860227666,0.03369629908816414,0.028524902596619675,0.38363160373380645,0.0027243255621747617,0.001465002415116578
F1,Step 9,0.2,original,pchip,SKS02,3,4,93,19.45,1.38,0.000000;0.142931;0.718766;0.852442,0.000000;0.338303;0.667352;1.000000,0.08330766587150659,0.04488012001941316,0.03842754585209343,0.033473729653440566,0.36975827902507397,0.0032891534467103163,0.0016367885732913386
F1,Step 10,0.2,original,pchip,SKS02,3,4,93,19.45,1.38,0.000000;0.142931;0.718766;0.852442,0.000000;0.338303;0.667352;1.000000,0.08617571823442378,0.04851720224024119,0.037658515994182594,0.03242205469328884,0.3981374762433294,0.0032117377898566515,0.001860597710141683
F1,Step 11,0.2,original,pchip,SKS02,3,4,93,19.45,1.38,0.000000;0.142931;0.718766;0.852442,0.000000;0.338303;0.667352;1.000000,0.08897483296424422,0.04794445330378803,0.04103037966045619,0.03580735587465199,0.3795771949096632,0.0037503526102272626,0.0018674976881887873
F1,Step 12,0.2,original,pchip,SKS02,3,4,93,19.45,1.38,0.000000;0.142931;0.718766;0.852442,0.000000;0.338303;0.667352;1.000000,0.08173683981697524,0.050504715795169595,0.031232124021805648,0.02720719518424637,0.21506544542042377,0.004229055516973475,-9.887085125845888e-05
F1,Step 1,0.2,original,linear,SKS03,3,4,93,19.45,1.38,0.000000;0.142931;0.430848;1.000000,0.000000;0.338303;0.667352;1.000000,0.03477901239880344,0.04526646500955012,-0.010487452610746684,-0.011387699893142193,0.0,-0.0008394731510247025,0.0
F1,Step 2,0.2,original,linear,SKS03,3,4,93,19.45,1.38,0.000000;0.142931;0.430848;1.000000,0.000000;0.338303;0.667352;1.000000,0.03336494068898963,0.034329281886118466,-0.0009643411971288346,-0.0023727919455212437,0.0,-6.528032763678538e-05,0.0
F1,Step 3,0.2,original,linear,SKS03,3,4,93,19.45,1.38,0.000000;0.142931;0.430848;1.000000,0.000000;0.338303;0.667352;1.000000,0.039620002822953006,0.0425155090772214,-0.002895506254268397,-0.0036570183548906426,0.0,-0.00023782388840449116,0.0
F1,Step 4,0.2,original,linear,SKS03,3,4,93,19.45,1.38,0.000000;0.142931;0.430848;1.000000,0.000000;0.338303;0.667352;1.000000,0.03245742062705037,0.037317056054068806,-0.0048596354270184355,-0.006014622225672797,0.0,-0.00033907851878123854,0.0
F1,Step 5,0.2,original,linear,SKS03,3,4,93,19.45,1.38,0.000000;0.142931;0.430848;1.000000,0.000000;0.338303;0.667352;1.000000,0.04185801965388151,0.0467537906374642,-0.004895770983582695,-0.0063363284601251554,0.0,-0.0004338231296271043,0.0
F1,Step 6,0.2,original,linear,SKS03,3,4,93,19.45,1.38,0.000000;0.142931;0.430848;1.000000,0.000000;0.338303;0.667352;1.000000,0.048126725046158614,0.046361188026115475,0.0017655370200431383,0.0009284110369658927,0.0,0.00016682190847571858,0.0
F1,Step 7,0.2,original,linear,SKS03,3,4,93,19.45,1.38,0.000000;0.142931;0.430848;1.000000,0.000000;0.338303;0.667352;1.000000,0.04625218048346385,0.044269149979015016,0.0019830305044488336,0.001285501981406749,0.0,0.0001795065596103892,0.0
F1,Step 8,0.2,original,linear,SKS03,3,4,93,19.45,1.38,0.000000;0.142931;0.430848;1.000000,0.000000;0.338303;0.667352;1.000000,0.053304543851075255,0.04937720787200958,0.003927335979065673,0.0032789452874805863,0.0,0.0004032657379355601,0.0
F1,Step 9,0.2,original,linear,SKS03,3,4,93,19.45,1.38,0.000000;0.142931;0.430848;1.000000,0.000000;0.338303;0.667352;1.000000,0.05646548611201987,0.04885030763827662,0.007615178473743246,0.007237321675003676,0.0,0.0008019985655124415,0.0
F1,Step 10,0.2,original,linear,SKS03,3,4,93,19.45,1.38,0.000000;0.142931;0.430848;1.000000,0.000000;0.338303;0.667352;1.000000,0.06034347786526404,0.05265393398172038,0.007689543883543662,0.007325936938415503,0.0,0.0008688985571242437,0.0
F1,Step 11,0.2,original,linear,SKS03,3,4,93,19.45,1.38,0.000000;0.142931;0.430848;1.000000,0.000000;0.338303;0.667352;1.000000,0.06180348073519476,0.052429848674610195,0.009373632060584565,0.0091711566529925,0.0,0.001070781198943065,0.0
F1,Step 12,0.2,original,linear,SKS03,3,4,93,19.45,1.38,0.000000;0.142931;0.430848;1.000000,0.000000;0.338303;0.667352;1.000000,0.05740157503461972,0.05251175263970004,0.004889822394919682,0.004798586151578965,0.0,0.0005374566511620342,0.0
F1,Step 1,0.2,original,pchip,SKS03,3,4,93,19.45,1.38,0.000000;0.142931;0.430848;1.000000,0.000000;0.338303;0.667352;1.000000,0.03775742043560789,0.04357387342540568,-0.005816452989797792,-0.00714714146631585,0.0,-0.00047305964734201513,0.0
F1,Step 2,0.2,original,pchip,SKS03,3,4,93,19.45,1.38,0.000000;0.142931;0.430848;1.000000,0.000000;0.338303;0.667352;1.000000,0.037493647977559365,0.03391514309292895,0.0035785048846304138,0.002232780485720086,0.0,0.00025553670765129515,0.0
F1,Step 3,0.2,original,pchip,SKS03,3,4,93,19.45,1.38,0.000000;0.142931;0.430848;1.000000,0.000000;0.338303;0.667352;1.000000,0.04139147335356173,0.04214189972335305,-0.000750426369791321,-0.0013747814205914838,0.0,-6.268564591453353e-05,0.0
F1,Step 4,0.2,original,pchip,SKS03,3,4,93,19.45,1.38,0.000000;0.142931;0.430848;1.000000,0.000000;0.338303;0.667352;1.000000,0.036808893477757454,0.03538694377270331,0.0014219497050541458,0.00028646999408539486,0.0,0.00010265884948442958,0.0
F1,Step 5,0.2,original,pchip,SKS03,3,4,93,19.45,1.38,0.000000;0.142931;0.430848;1.000000,0.000000;0.338303;0.667352;1.000000,0.04498329008029259,0.04350802301002531,0.0014752670702672804,0.00011070146520309604,0.0,0.0001305483202068578,0.0
F1,Step 6,0.2,original,pchip,SKS03,3,4,93,19.45,1.38,0.000000;0.142931;0.430848;1.000000,0.000000;0.338303;0.667352;1.000000,0.0447292235266048,0.04295723861793613,0.0017719849086686723,0.001172017642095624,0.0,0.00015537908761467358,0.0
F1,Step 7,0.2,original,pchip,SKS03,3,4,93,19.45,1.38,0.000000;0.142931;0.430848;1.000000,0.000000;0.338303;0.667352;1.000000,0.04387846755528946,0.04142347002344307,0.002454997531846387,0.0019093714187876434,0.0,0.00020941604621750313,0.0
F1,Step 8,0.2,original,pchip,SKS03,3,4,93,19.45,1.38,0.000000;0.142931;0.430848;1.000000,0.000000;0.338303;0.667352;1.000000,0.048612270394803654,0.04531487860227666,0.003297391792526992,0.0028447672382040934,0.0,0.00030971461019843274,0.0
F1,Step 9,0.2,original,pchip,SKS03,3,4,93,19.45,1.38,0.000000;0.142931;0.430848;1.000000,0.000000;0.338303;0.667352;1.000000,0.049641372893373885,0.04488012001941316,0.004761252873960724,0.004540630043710532,0.0,0.00045004072978206553,0.0
F1,Step 10,0.2,original,pchip,SKS03,3,4,93,19.45,1.38,0.000000;0.142931;0.430848;1.000000,0.000000;0.338303;0.667352;1.000000,0.053038861998279965,0.04851720224024119,0.004521659758038775,0.004321973230063385,0.0,0.00045920196885212115,0.0
F1,Step 11,0.2,original,pchip,SKS03,3,4,93,19.45,1.38,0.000000;0.142931;0.430848;1.000000,0.000000;0.338303;0.667352;1.000000,0.05109090240285147,0.04794445330378803,0.0031464490990634406,0.0030793992720563323,0.0,0.0003116097057385835,0.0
F1,Step 12,0.2,original,pchip,SKS03,3,4,93,19.45,1.38,0.000000;0.142931;0.430848;1.000000,0.000000;0.338303;0.667352;1.000000,0.05030589728845489,0.050504715795169595,-0.0001988185067147083,-0.00021978185558670787,0.0,-2.0043015554281036e-05,0.0
F1,Step 1,0.2,original,linear,SKS02,4,5,93,19.45,1.38,0.000000;0.142931;0.718766;0.852442;1.000000,0.000000;0.245758;0.502828;0.749614;1.000000,0.041532846017806394,0.03989132611274973,0.0016415199050566626,2.012762327827794e-05,0.0,0.00013365939930506794,0.0
F1,Step 2,0.2,original,linear,SKS02,4,5,93,19.45,1.38,0.000000;0.142931;0.718766;0.852442;1.000000,0.000000;0.245758;0.502828;0.749614;1.000000,0.045379621788005545,0.03987513423735343,0.0055044875506521165,0.003049607133240928,0.0,0.0004692837431754723,0.0
F1,Step 3,0.2,original,linear,SKS02,4,5,93,19.45,1.38,0.000000;0.142931;0.718766;0.852442;1.000000,0.000000;0.245758;0.502828;0.749614;1.000000,0.03980615462379542,0.04292363054882729,-0.003117475925031872,-0.004922029993218627,0.0,-0.00025790811355870985,0.0
F1,Step 4,0.2,original,linear,SKS02,4,5,93,19.45,1.38,0.000000;0.142931;0.718766;0.852442;1.000000,0.000000;0.245758;0.502828;0.749614;1.000000,0.04330181508073065,0.04043899390940577,0.0028628211713248794,0.0006522867004997643,0.0,0.00023973496088083558,0.0
F1,Step 5,0.2,original,linear,SKS02,4,5,93,19.45,1.38,0.000000;0.142931;0.718766;0.852442;1.000000,0.000000;0.245758;0.502828;0.749614;1.000000,0.044116111281276585,0.04762838109998262,-0.003512269818706032,-0.005681107931492083,0.0,-0.00032223141162320197,0.0
F1,Step 6,0.2,original,linear,SKS02,4,5,93,19.45,1.38,0.000000;0.142931;0.718766;0.852442;1.000000,0.000000;0.245758;0.502828;0.749614;1.000000,0.04569143516043854,0.04543741119514719,0.00025402396529135285,-0.0011076657198819187,0.0,2.3148910903672697e-05,0.0
F1,Step 7,0.2,original,linear,SKS02,4,5,93,19.45,1.38,0.000000;0.142931;0.718766;0.852442;1.000000,0.000000;0.245758;0.502828;0.749614;1.000000,0.045252464827976416,0.04397562532429153,0.0012768395036848873,2.6500382262227562e-05,0.0,0.00011392995034477248,0.0
F1,Step 8,0.2,original,linear,SKS02,4,5,93,19.45,1.38,0.000000;0.142931;0.718766;0.852442;1.000000,0.000000;0.245758;0.502828;0.749614;1.000000,0.04584989475583875,0.04604290573759286,-0.00019301098175410897,-0.001215342638716102,0.0,-1.77363196393714e-05,0.0
F1,Step 9,0.2,original,linear,SKS02,4,5,93,19.45,1.38,0.000000;0.142931;0.718766;0.852442;1.000000,0.000000;0.245758;0.502828;0.749614;1.000000,0.047799391876393496,0.04510995842198785,0.002689433454405643,0.0020794391349367863,0.0,0.0002498735149195597,0.0
F1,Step 10,0.2,original,linear,SKS02,4,5,93,19.45,1.38,0.000000;0.142931;0.718766;0.852442;1.000000,0.000000;0.245758;0.502828;0.749614;1.000000,0.04907238838277211,0.04708103664595479,0.001991351736817318,0.0014375629956474081,0.0,0.0001914752899318895,0.0
F1,Step 11,0.2,original,linear,SKS02,4,5,93,19.45,1.38,0.000000;0.142931;0.718766;0.852442;1.000000,0.000000;0.245758;0.502828;0.749614;1.000000,0.05040527701341297,0.04532380759511614,0.005081469418296833,0.004905016969902552,0.0,0.00048644441587979045,0.0
F1,Step 12,0.2,original,linear,SKS02,4,5,93,19.45,1.38,0.000000;0.142931;0.718766;0.852442;1.000000,0.000000;0.245758;0.502828;0.749614;1.000000,0.05514883698722179,0.048002889486276935,0.007145947500944855,0.007031101471234147,0.0,0.0007371168220114461,0.0
F1,Step 1,0.2,original,pchip,SKS02,4,5,93,19.45,1.38,0.000000;0.142931;0.718766;0.852442;1.000000,0.000000;0.245758;0.502828;0.749614;1.000000,0.062418623634764546,0.03999477920061848,0.022423844434146065,0.019495143790070273,0.0,0.0022965022131521623,0.0
F1,Step 2,0.2,original,pchip,SKS02,4,5,93,19.45,1.38,0.000000;0.142931;0.718766;0.852442;1.000000,0.000000;0.245758;0.502828;0.749614;1.000000,0.06329877142644454,0.04400992910163959,0.019288842324804947,0.015743586353812948,0.0,0.002069860604565928,0.0
F1,Step 3,0.2,original,pchip,SKS02,4,5,93,19.45,1.38,0.000000;0.142931;0.718766;0.852442;1.000000,0.000000;0.245758;0.502828;0.749614;1.000000,0.05770418615193377,0.04870422945323998,0.008999956698693787,0.006020382008175375,0.0,0.0009576711328231762,0.0
F1,Step 4,0.2,original,pchip,SKS02,4,5,93,19.45,1.38,0.000000;0.142931;0.718766;0.852442;1.000000,0.000000;0.245758;0.502828;0.749614;1.000000,0.060458405888499434,0.044524962396389374,0.01593344349211006,0.012831606086688693,0.0,0.0016727465661786553,0.0
F1,Step 5,0.2,original,pchip,SKS02,4,5,93,19.45,1.38,0.000000;0.142931;0.718766;0.852442;1.000000,0.000000;0.245758;0.502828;0.749614;1.000000,0.06266542893860197,0.05032926000028259,0.012336168938319382,0.009111982372753465,0.0,0.0013939215718829277,0.0
F1,Step 6,0.2,original,pchip,SKS02,4,5,93,19.45,1.38,0.000000;0.142931;0.718766;0.852442;1.000000,0.000000;0.245758;0.502828;0.749614;1.000000,0.06242011099238679,0.04697937994286156,0.01544073104952523,0.013179778436180255,0.0,0.0016892081164861436,0.0
F1,Step 7,0.2,original,pchip,SKS02,4,5,93,19.45,1.38,0.000000;0.142931;0.718766;0.852442;1.000000,0.000000;0.245758;0.502828;0.749614;1.000000,0.06360073532556663,0.04626117482512151,0.017339560500445127,0.015219563024130987,0.0,0.0019049572377523244,0.0
F1,Step 8,0.2,original,pchip,SKS02,4,5,93,19.45,1.38,0.000000;0.142931;0.718766;0.852442;1.000000,0.000000;0.245758;0.502828;0.749614;1.000000,0.061958926428339084,0.046690954959627995,0.015267971468711089,0.013511165971711751,0.0,0.0016588632891103262,0.0
F1,Step 9,0.2,original,pchip,SKS02,4,5,93,19.45,1.38,0.000000;0.142931;0.718766;0.852442;1.000000,0.000000;0.245758;0.502828;0.749614;1.000000,0.06603303620896422,0.045682479958145755,0.02035055625081847,0.01905892841134641,0.0,0.0022734728958479916,0.0
F1,Step 10,0.2,original,pchip,SKS02,4,5,93,19.45,1.38,0.000000;0.142931;0.718766;0.852442;1.000000,0.000000;0.245758;0.502828;0.749614;1.000000,0.06669362646212847,0.04712479150405042,0.019568834958078048,0.018359565561316238,0.0,0.0022272938363697,0.0
F1,Step 11,0.2,original,pchip,SKS02,4,5,93,19.45,1.38,0.000000;0.142931;0.718766;0.852442;1.000000,0.000000;0.245758;0.502828;0.749614;1.000000,0.06994932222496132,0.04403191511812755,0.025917407106833774,0.025185544269897206,0.0,0.0029540981307614785,0.0
F1,Step 12,0.2,original,pchip,SKS02,4,5,93,19.45,1.38,0.000000;0.142931;0.718766;0.852442;1.000000,0.000000;0.245758;0.502828;0.749614;1.000000,0.07353440733014406,0.047376033290584124,0.026158374039559937,0.02559107069276472,0.0,0.003162820531045009,0.0
F1,Step 1,0.2,original,linear,SKS03,4,5,93,19.45,1.38,0.000000;0.142931;0.574807;0.852442;1.000000,0.000000;0.245758;0.502828;0.749614;1.000000,0.035888330343806674,0.03989132611274973,-0.004002995768943057,-0.005064139343378668,0.0,-0.00030334564416755367,0.0
F1,Step 2,0.2,original,linear,SKS03,4,5,93,19.45,1.38,0.000000;0.142931;0.574807;0.852442;1.000000,0.000000;0.245758;0.502828;0.749614;1.000000,0.034124671289971605,0.03987513423735343,-0.005750462947381824,-0.007675751429457485,0.0,-0.0004255331397983429,0.0
F1,Step 3,0.2,original,linear,SKS03,4,5,93,19.45,1.38,0.000000;0.142931;0.574807;0.852442;1.000000,0.000000;0.245758;0.502828;0.749614;1.000000,0.033587303674010464,0.04292363054882729,-0.009336326874816829,-0.010832451113007319,0.0,-0.000714331091402023,0.0
F1,Step 4,0.2,original,linear,SKS03,4,5,93,19.45,1.38,0.000000;0.142931;0.574807;0.852442;1.000000,0.000000;0.245758;0.502828;0.749614;1.000000,0.030931050265372205,0.04043899390940577,-0.009507943644033567,-0.011094430200399456,0.0,-0.000678582357885975,0.0
F1,Step 5,0.2,original,linear,SKS03,4,5,93,19.45,1.38,0.000000;0.142931;0.574807;0.852442;1.000000,0.000000;0.245758;0.502828;0.749614;1.000000,0.03338780898437713,0.04762838109998262,-0.014240572115605483,-0.015744210752847244,0.0,-0.001153716897427927,0.0
F1,Step 6,0.2,original,linear,SKS03,4,5,93,19.45,1.38,0.000000;0.142931;0.574807;0.852442;1.000000,0.000000;0.245758;0.502828;0.749614;1.000000,0.03194121252813378,0.04543741119514719,-0.013496198667013404,-0.01423537951662001,0.0,-0.001044317278349476,0.0
F1,Step 7,0.2,original,linear,SKS03,4,5,93,19.45,1.38,0.000000;0.142931;0.574807;0.852442;1.000000,0.000000;0.245758;0.502828;0.749614;1.000000,0.031361169596744086,0.04397562532429153,-0.012614455727547443,-0.013351657243941828,0.0,-0.0009503326641867247,0.0
F1,Step 8,0.2,original,linear,SKS03,4,5,93,19.45,1.38,0.000000;0.142931;0.574807;0.852442;1.000000,0.000000;0.245758;0.502828;0.749614;1.000000,0.03193524940851726,0.04604290573759286,-0.014107656329075596,-0.014690311805584944,0.0,-0.0011000890139766589,0.0
F1,Step 9,0.2,original,linear,SKS03,4,5,93,19.45,1.38,0.000000;0.142931;0.574807;0.852442;1.000000,0.000000;0.245758;0.502828;0.749614;1.000000,0.03138218384317712,0.04510995842198785,-0.013727774578810734,-0.013934002930424488,0.0,-0.0010500668860665056,0.0
F1,Step 10,0.2,original,linear,SKS03,4,5,93,19.45,1.38,0.000000;0.142931;0.574807;0.852442;1.000000,0.000000;0.245758;0.502828;0.749614;1.000000,0.03310759759255704,0.04708103664595479,-0.013973439053397749,-0.014144232962550615,0.0,-0.0011205109933070487,0.0
F1,Step 11,0.2,original,linear,SKS03,4,5,93,19.45,1.38,0.000000;0.142931;0.574807;0.852442;1.000000,0.000000;0.245758;0.502828;0.749614;1.000000,0.032272854033262105,0.04532380759511614,-0.013050953561854033,-0.012827733565089261,0.0,-0.0010127104274668653,0.0
F1,Step 12,0.2,original,linear,SKS03,4,5,93,19.45,1.38,0.000000;0.142931;0.574807;0.852442;1.000000,0.000000;0.245758;0.502828;0.749614;1.000000,0.038135341042806664,0.048002889486276935,-0.009867548443470271,-0.009597952138131569,0.0,-0.0008499731625805417,0.0
F1,Step 1,0.2,original,pchip,SKS03,4,5,93,19.45,1.38,0.000000;0.142931;0.574807;0.852442;1.000000,0.000000;0.245758;0.502828;0.749614;1.000000,0.040813075685151814,0.03999477920061848,0.0008182964845333332,-0.0006865051612049491,0.0,6.612478357570536e-05,0.0
F1,Step 2,0.2,original,pchip,SKS03,4,5,93,19.45,1.38,0.000000;0.142931;0.574807;0.852442;1.000000,0.000000;0.245758;0.502828;0.749614;1.000000,0.041998939182559564,0.04400992910163959,-0.002010989919080025,-0.004816631368979252,0.0,-0.00017296296707100623,0.0
F1,Step 3,0.2,original,pchip,SKS03,4,5,93,19.45,1.38,0.000000;0.142931;0.574807;0.852442;1.000000,0.000000;0.245758;0.502828;0.749614;1.000000,0.04000687809416724,0.04870422945323998,-0.008697351359072743,-0.01104276562348299,0.0,-0.0007715516717922905,0.0
F1,Step 4,0.2,original,pchip,SKS03,4,5,93,19.45,1.38,0.000000;0.142931;0.574807;0.852442;1.000000,0.000000;0.245758;0.502828;0.749614;1.000000,0.040773398073746754,0.044524962396389374,-0.00375156432264262,-0.006144451710459915,0.0,-0.000320002285919672,0.0
F1,Step 5,0.2,original,pchip,SKS03,4,5,93,19.45,1.38,0.000000;0.142931;0.574807;0.852442;1.000000,0.000000;0.245758;0.502828;0.749614;1.000000,0.04503822321926699,0.05032926000028259,-0.005291036781015598,-0.007786764323125056,0.0,-0.0005045928614275248,0.0
F1,Step 6,0.2,original,pchip,SKS03,4,5,93,19.45,1.38,0.000000;0.142931;0.574807;0.852442;1.000000,0.000000;0.245758;0.502828;0.749614;1.000000,0.03637981697354352,0.04697937994286156,-0.010599562969318042,-0.011947841616646637,0.0,-0.0008835710567872181,0.0
F1,Step 7,0.2,original,pchip,SKS03,4,5,93,19.45,1.38,0.000000;0.142931;0.574807;0.852442;1.000000,0.000000;0.245758;0.502828;0.749614;1.000000,0.03615151061997026,0.04626117482512151,-0.010109664205151248,-0.011413179636717084,0.0,-0.0008331645760946331,0.0
F1,Step 8,0.2,original,pchip,SKS03,4,5,93,19.45,1.38,0.000000;0.142931;0.574807;0.852442;1.000000,0.000000;0.245758;0.502828;0.749614;1.000000,0.036868216934180145,0.046690954959627995,-0.00982273802544785,-0.010903656546591436,0.0,-0.000820779855136242,0.0
F1,Step 9,0.2,original,pchip,SKS03,4,5,93,19.45,1.38,0.000000;0.142931;0.574807;0.852442;1.000000,0.000000;0.245758;0.502828;0.749614;1.000000,0.033437075157663386,0.045682479958145755,-0.01224540480048237,-0.01278062397467096,0.0,-0.000968850980027158,0.0
F1,Step 10,0.2,original,pchip,SKS03,4,5,93,19.45,1.38,0.000000;0.142931;0.574807;0.852442;1.000000,0.000000;0.245758;0.502828;0.749614;1.000000,0.0353945402864392,0.04712479150405042,-0.011730251217611218,-0.012222966410175458,0.0,-0.0009679724922118544,0.0
F1,Step 11,0.2,original,pchip,SKS03,4,5,93,19.45,1.38,0.000000;0.142931;0.574807;0.852442;1.000000,0.000000;0.245758;0.502828;0.749614;1.000000,0.03252459385468959,0.04403191511812755,-0.01150732126343796,-0.01141095093795403,0.0,-0.0008809603435574777,0.0
F1,Step 12,0.2,original,pchip,SKS03,4,5,93,19.45,1.38,0.000000;0.142931;0.574807;0.852442;1.000000,0.000000;0.245758;0.502828;0.749614;1.000000,0.03772682076887259,0.047376033290584124,-0.009649212521711532,-0.009411590715511682,0.0,-0.0008211755250238994,0.0
F1,Step 1,0.2,boundary_constrained,linear,SKS02,2,3,93,19.45,1.38,0.000000;0.142931;1.000000,0.000000;0.502828;1.000000,0.03301240680654536,0.04010164783715978,-0.007089241030614424,-0.008254576692729595,0.0,-0.0005183231560947397,0.0
F1,Step 2,0.2,boundary_constrained,linear,SKS02,2,3,93,19.45,1.38,0.000000;0.142931;1.000000,0.000000;0.502828;1.000000,0.03396134388462966,0.035867960011794854,-0.001906616127165195,-0.0032328630288916277,0.0,-0.00013313767695764258,0.0
F1,Step 3,0.2,boundary_constrained,linear,SKS02,2,3,93,19.45,1.38,0.000000;0.142931;1.000000,0.000000;0.502828;1.000000,0.041620259536306346,0.03580515459236092,0.005815104943945423,0.004455093705795096,0.0,0.0004502369084866347,0.0
F1,Step 4,0.2,boundary_constrained,linear,SKS02,2,3,93,19.45,1.38,0.000000;0.142931;1.000000,0.000000;0.502828;1.000000,0.03399264254177918,0.033158599422591466,0.0008340431191877148,-0.0008589428961046849,0.0,5.600703130529298e-05,0.0
F1,Step 5,0.2,boundary_constrained,linear,SKS02,2,3,93,19.45,1.38,0.000000;0.142931;1.000000,0.000000;0.502828;1.000000,0.04456353569285518,0.04262411578891891,0.001939419903936264,-0.00019512876962471393,0.0,0.00016909346666121096,0.0
F1,Step 6,0.2,boundary_constrained,linear,SKS02,2,3,93,19.45,1.38,0.000000;0.142931;1.000000,0.000000;0.502828;1.000000,0.05735316156243461,0.04373863971548952,0.013614521846945095,0.01218559390316288,0.0,0.00137631653704533,0.0
F1,Step 7,0.2,boundary_constrained,linear,SKS02,2,3,93,19.45,1.38,0.000000;0.142931;1.000000,0.000000;0.502828;1.000000,0.05322519261059919,0.04116101693169591,0.012064175678903277,0.010912467215362327,0.0,0.0011386918135840253,0.0
F1,Step 8,0.2,boundary_constrained,linear,SKS02,2,3,93,19.45,1.38,0.000000;0.142931;1.000000,0.000000;0.502828;1.000000,0.06424512189150883,0.047520169610028966,0.01672495228147986,0.015619380870607824,0.0,0.0018692691670889059,0.0
F1,Step 9,0.2,boundary_constrained,linear,SKS02,2,3,93,19.45,1.38,0.000000;0.142931;1.000000,0.000000;0.502828;1.000000,0.06905498018621871,0.04803474515892128,0.021020235027297426,0.020279133260171826,0.0,0.002461253546036547,0.0
F1,Step 10,0.2,boundary_constrained,linear,SKS02,2,3,93,19.45,1.38,0.000000;0.142931;1.000000,0.000000;0.502828;1.000000,0.07366536477072465,0.05121238127955318,0.022452983491171467,0.021700683728170293,0.0,0.002803877970481591,0.0
F1,Step 11,0.2,boundary_constrained,linear,SKS02,2,3,93,19.45,1.38,0.000000;0.142931;1.000000,0.000000;0.502828;1.000000,0.08062810542869835,0.05300227121446698,0.027625834214231364,0.027016952877251282,0.0,0.003691650631129381,0.0
F1,Step 12,0.2,boundary_constrained,linear,SKS02,2,3,93,19.45,1.38,0.000000;0.142931;1.000000,0.000000;0.502828;1.000000,0.07081929832889265,0.05052253621305855,0.020296762115834102,0.01987370350671857,0.0,0.0024628463503968854,0.0
F1,Step 1,0.2,boundary_constrained,pchip,SKS02,2,3,93,19.45,1.38,0.000000;0.142931;1.000000,0.000000;0.502828;1.000000,0.07871857375812168,0.03994085487529561,0.038777718882826065,0.03501171774303423,0.0,0.004601341966343416,0.0
F1,Step 2,0.2,boundary_constrained,pchip,SKS02,2,3,93,19.45,1.38,0.000000;0.142931;1.000000,0.000000;0.502828;1.000000,0.09131440412577638,0.041676988931095685,0.04963741519468069,0.04712948810025843,0.0,0.006601348994482933,0.0
F1,Step 3,0.2,boundary_constrained,pchip,SKS02,2,3,93,19.45,1.38,0.000000;0.142931;1.000000,0.000000;0.502828;1.000000,0.06377026399291623,0.03901295394366389,0.024757310049252336,0.023318903385688337,0.0,0.002544635994315787,0.0
F1,Step 4,0.2,boundary_constrained,pchip,SKS02,2,3,93,19.45,1.38,0.000000;0.142931;1.000000,0.000000;0.502828;1.000000,0.08531901340813222,0.03680967193353891,0.048509341474593314,0.04594720965507411,0.0,0.005924382101082282,0.0
F1,Step 5,0.2,boundary_constrained,pchip,SKS02,2,3,93,19.45,1.38,0.000000;0.142931;1.000000,0.000000;0.502828;1.000000,0.09896553189424435,0.04108551424631583,0.05788001764792852,0.05447318903328996,0.0,0.008106157022226477,0.0
F1,Step 6,0.2,boundary_constrained,pchip,SKS02,2,3,93,19.45,1.38,0.000000;0.142931;1.000000,0.000000;0.502828;1.000000,0.0596090804588259,0.03965340178154033,0.019955678677285572,0.01878934645045506,0.0,0.001980850200298515,0.0
F1,Step 7,0.2,boundary_constrained,pchip,SKS02,2,3,93,19.45,1.38,0.000000;0.142931;1.000000,0.000000;0.502828;1.000000,0.05636190123778133,0.03784830300398276,0.01851359823379857,0.017559671650328616,0.0,0.0017441698708561256,0.0
F1,Step 8,0.2,boundary_constrained,pchip,SKS02,2,3,93,19.45,1.38,0.000000;0.142931;1.000000,0.000000;0.502828;1.000000,0.06002382178644848,0.040728763031306264,0.019295058755142216,0.0184575872696646,0.0,0.0019440270437910275,0.0
F1,Step 9,0.2,boundary_constrained,pchip,SKS02,2,3,93,19.45,1.38,0.000000;0.142931;1.000000,0.000000;0.502828;1.000000,0.04477995307060278,0.04135693345975472,0.003423019610848059,0.0032803591251291467,0.0,0.00029484825181080746,0.0
F1,Step 10,0.2,boundary_constrained,pchip,SKS02,2,3,93,19.45,1.38,0.000000;0.142931;1.000000,0.000000;0.502828;1.000000,0.047973677095122534,0.044093399365027576,0.003880277730094958,0.0037382720125069685,0.0,0.00035724582646327034,0.0
F1,Step 11,0.2,boundary_constrained,pchip,SKS02,2,3,93,19.45,1.38,0.000000;0.142931;1.000000,0.000000;0.502828;1.000000,0.04801032846783223,0.04532865579035072,0.0026816726774815114,0.002603517166755921,0.0,0.0002503046038290461,0.0
F1,Step 12,0.2,boundary_constrained,pchip,SKS02,2,3,93,19.45,1.38,0.000000;0.142931;1.000000,0.000000;0.502828;1.000000,0.048427635204847184,0.04673466338977399,0.0016929718150731979,0.0016056171428332836,0.0,0.00016110708937827384,0.0
F1,Step 1,0.2,boundary_constrained,linear,SKS02,3,4,93,19.45,1.38,0.000000;0.142931;0.430848;1.000000,0.000000;0.338303;0.667352;1.000000,0.03477901239880344,0.04526646500955012,-0.010487452610746684,-0.011387699893142193,0.0,-0.0008394731510247025,0.0
F1,Step 2,0.2,boundary_constrained,linear,SKS02,3,4,93,19.45,1.38,0.000000;0.142931;0.430848;1.000000,0.000000;0.338303;0.667352;1.000000,0.03336494068898963,0.034329281886118466,-0.0009643411971288346,-0.0023727919455212437,0.0,-6.528032763678538e-05,0.0
F1,Step 3,0.2,boundary_constrained,linear,SKS02,3,4,93,19.45,1.38,0.000000;0.142931;0.430848;1.000000,0.000000;0.338303;0.667352;1.000000,0.039620002822953006,0.0425155090772214,-0.002895506254268397,-0.0036570183548906426,0.0,-0.00023782388840449116,0.0
F1,Step 4,0.2,boundary_constrained,linear,SKS02,3,4,93,19.45,1.38,0.000000;0.142931;0.430848;1.000000,0.000000;0.338303;0.667352;1.000000,0.03245742062705037,0.037317056054068806,-0.0048596354270184355,-0.006014622225672797,0.0,-0.00033907851878123854,0.0
F1,Step 5,0.2,boundary_constrained,linear,SKS02,3,4,93,19.45,1.38,0.000000;0.142931;0.430848;1.000000,0.000000;0.338303;0.667352;1.000000,0.04185801965388151,0.0467537906374642,-0.004895770983582695,-0.0063363284601251554,0.0,-0.0004338231296271043,0.0
F1,Step 6,0.2,boundary_constrained,linear,SKS02,3,4,93,19.45,1.38,0.000000;0.142931;0.430848;1.000000,0.000000;0.338303;0.667352;1.000000,0.048126725046158614,0.046361188026115475,0.0017655370200431383,0.0009284110369658927,0.0,0.00016682190847571858,0.0
F1,Step 7,0.2,boundary_constrained,linear,SKS02,3,4,93,19.45,1.38,0.000000;0.142931;0.430848;1.000000,0.000000;0.338303;0.667352;1.000000,0.04625218048346385,0.044269149979015016,0.0019830305044488336,0.001285501981406749,0.0,0.0001795065596103892,0.0
F1,Step 8,0.2,boundary_constrained,linear,SKS02,3,4,93,19.45,1.38,0.000000;0.142931;0.430848;1.000000,0.000000;0.338303;0.667352;1.000000,0.053304543851075255,0.04937720787200958,0.003927335979065673,0.0032789452874805863,0.0,0.0004032657379355601,0.0
F1,Step 9,0.2,boundary_constrained,linear,SKS02,3,4,93,19.45,1.38,0.000000;0.142931;0.430848;1.000000,0.000000;0.338303;0.667352;1.000000,0.05646548611201987,0.04885030763827662,0.007615178473743246,0.007237321675003676,0.0,0.0008019985655124415,0.0
F1,Step 10,0.2,boundary_constrained,linear,SKS02,3,4,93,19.45,1.38,0.000000;0.142931;0.430848;1.000000,0.000000;0.338303;0.667352;1.000000,0.06034347786526404,0.05265393398172038,0.007689543883543662,0.007325936938415503,0.0,0.0008688985571242437,0.0
F1,Step 11,0.2,boundary_constrained,linear,SKS02,3,4,93,19.45,1.38,0.000000;0.142931;0.430848;1.000000,0.000000;0.338303;0.667352;1.000000,0.06180348073519476,0.052429848674610195,0.009373632060584565,0.0091711566529925,0.0,0.001070781198943065,0.0
F1,Step 12,0.2,boundary_constrained,linear,SKS02,3,4,93,19.45,1.38,0.000000;0.142931;0.430848;1.000000,0.000000;0.338303;0.667352;1.000000,0.05740157503461972,0.05251175263970004,0.004889822394919682,0.004798586151578965,0.0,0.0005374566511620342,0.0
F1,Step 1,0.2,boundary_constrained,pchip,SKS02,3,4,93,19.45,1.38,0.000000;0.142931;0.430848;1.000000,0.000000;0.338303;0.667352;1.000000,0.03775742043560789,0.04357387342540568,-0.005816452989797792,-0.00714714146631585,0.0,-0.00047305964734201513,0.0
F1,Step 2,0.2,boundary_constrained,pchip,SKS02,3,4,93,19.45,1.38,0.000000;0.142931;0.430848;1.000000,0.000000;0.338303;0.667352;1.000000,0.037493647977559365,0.03391514309292895,0.0035785048846304138,0.002232780485720086,0.0,0.00025553670765129515,0.0
F1,Step 3,0.2,boundary_constrained,pchip,SKS02,3,4,93,19.45,1.38,0.000000;0.142931;0.430848;1.000000,0.000000;0.338303;0.667352;1.000000,0.04139147335356173,0.04214189972335305,-0.000750426369791321,-0.0013747814205914838,0.0,-6.268564591453353e-05,0.0
F1,Step 4,0.2,boundary_constrained,pchip,SKS02,3,4,93,19.45,1.38,0.000000;0.142931;0.430848;1.000000,0.000000;0.338303;0.667352;1.000000,0.036808893477757454,0.03538694377270331,0.0014219497050541458,0.00028646999408539486,0.0,0.00010265884948442958,0.0
F1,Step 5,0.2,boundary_constrained,pchip,SKS02,3,4,93,19.45,1.38,0.000000;0.142931;0.430848;1.000000,0.000000;0.338303;0.667352;1.000000,0.04498329008029259,0.04350802301002531,0.0014752670702672804,0.00011070146520309604,0.0,0.0001305483202068578,0.0
F1,Step 6,0.2,boundary_constrained,pchip,SKS02,3,4,93,19.45,1.38,0.000000;0.142931;0.430848;1.000000,0.000000;0.338303;0.667352;1.000000,0.0447292235266048,0.04295723861793613,0.0017719849086686723,0.001172017642095624,0.0,0.00015537908761467358,0.0
F1,Step 7,0.2,boundary_constrained,pchip,SKS02,3,4,93,19.45,1.38,0.000000;0.142931;0.430848;1.000000,0.000000;0.338303;0.667352;1.000000,0.04387846755528946,0.04142347002344307,0.002454997531846387,0.0019093714187876434,0.0,0.00020941604621750313,0.0
F1,Step 8,0.2,boundary_constrained,pchip,SKS02,3,4,93,19.45,1.38,0.000000;0.142931;0.430848;1.000000,0.000000;0.338303;0.667352;1.000000,0.048612270394803654,0.04531487860227666,0.003297391792526992,0.0028447672382040934,0.0,0.00030971461019843274,0.0
F1,Step 9,0.2,boundary_constrained,pchip,SKS02,3,4,93,19.45,1.38,0.000000;0.142931;0.430848;1.000000,0.000000;0.338303;0.667352;1.000000,0.049641372893373885,0.04488012001941316,0.004761252873960724,0.004540630043710532,0.0,0.00045004072978206553,0.0
F1,Step 10,0.2,boundary_constrained,pchip,SKS02,3,4,93,19.45,1.38,0.000000;0.142931;0.430848;1.000000,0.000000;0.338303;0.667352;1.000000,0.053038861998279965,0.04851720224024119,0.004521659758038775,0.004321973230063385,0.0,0.00045920196885212115,0.0
F1,Step 11,0.2,boundary_constrained,pchip,SKS02,3,4,93,19.45,1.38,0.000000;0.142931;0.430848;1.000000,0.000000;0.338303;0.667352;1.000000,0.05109090240285147,0.04794445330378803,0.0031464490990634406,0.0030793992720563323,0.0,0.0003116097057385835,0.0
F1,Step 12,0.2,boundary_constrained,pchip,SKS02,3,4,93,19.45,1.38,0.000000;0.142931;0.430848;1.000000,0.000000;0.338303;0.667352;1.000000,0.05030589728845489,0.050504715795169595,-0.0001988185067147083,-0.00021978185558670787,0.0,-2.0043015554281036e-05,0.0
F1,Step 1,0.2,boundary_constrained,linear,SKS02,4,5,93,19.45,1.38,0.000000;0.142931;0.718766;0.852442;1.000000,0.000000;0.245758;0.502828;0.749614;1.000000,0.041532846017806394,0.03989132611274973,0.0016415199050566626,2.012762327827794e-05,0.0,0.00013365939930506794,0.0
F1,Step 2,0.2,boundary_constrained,linear,SKS02,4,5,93,19.45,1.38,0.000000;0.142931;0.718766;0.852442;1.000000,0.000000;0.245758;0.502828;0.749614;1.000000,0.045379621788005545,0.03987513423735343,0.0055044875506521165,0.003049607133240928,0.0,0.0004692837431754723,0.0
F1,Step 3,0.2,boundary_constrained,linear,SKS02,4,5,93,19.45,1.38,0.000000;0.142931;0.718766;0.852442;1.000000,0.000000;0.245758;0.502828;0.749614;1.000000,0.03980615462379542,0.04292363054882729,-0.003117475925031872,-0.004922029993218627,0.0,-0.00025790811355870985,0.0
F1,Step 4,0.2,boundary_constrained,linear,SKS02,4,5,93,19.45,1.38,0.000000;0.142931;0.718766;0.852442;1.000000,0.000000;0.245758;0.502828;0.749614;1.000000,0.04330181508073065,0.04043899390940577,0.0028628211713248794,0.0006522867004997643,0.0,0.00023973496088083558,0.0
F1,Step 5,0.2,boundary_constrained,linear,SKS02,4,5,93,19.45,1.38,0.000000;0.142931;0.718766;0.852442;1.000000,0.000000;0.245758;0.502828;0.749614;1.000000,0.044116111281276585,0.04762838109998262,-0.003512269818706032,-0.005681107931492083,0.0,-0.00032223141162320197,0.0
F1,Step 6,0.2,boundary_constrained,linear,SKS02,4,5,93,19.45,1.38,0.000000;0.142931;0.718766;0.852442;1.000000,0.000000;0.245758;0.502828;0.749614;1.000000,0.04569143516043854,0.04543741119514719,0.00025402396529135285,-0.0011076657198819187,0.0,2.3148910903672697e-05,0.0
F1,Step 7,0.2,boundary_constrained,linear,SKS02,4,5,93,19.45,1.38,0.000000;0.142931;0.718766;0.852442;1.000000,0.000000;0.245758;0.502828;0.749614;1.000000,0.045252464827976416,0.04397562532429153,0.0012768395036848873,2.6500382262227562e-05,0.0,0.00011392995034477248,0.0
F1,Step 8,0.2,boundary_constrained,linear,SKS02,4,5,93,19.45,1.38,0.000000;0.142931;0.718766;0.852442;1.000000,0.000000;0.245758;0.502828;0.749614;1.000000,0.04584989475583875,0.04604290573759286,-0.00019301098175410897,-0.001215342638716102,0.0,-1.77363196393714e-05,0.0
F1,Step 9,0.2,boundary_constrained,linear,SKS02,4,5,93,19.45,1.38,0.000000;0.142931;0.718766;0.852442;1.000000,0.000000;0.245758;0.502828;0.749614;1.000000,0.047799391876393496,0.04510995842198785,0.002689433454405643,0.0020794391349367863,0.0,0.0002498735149195597,0.0
F1,Step 10,0.2,boundary_constrained,linear,SKS02,4,5,93,19.45,1.38,0.000000;0.142931;0.718766;0.852442;1.000000,0.000000;0.245758;0.502828;0.749614;1.000000,0.04907238838277211,0.04708103664595479,0.001991351736817318,0.0014375629956474081,0.0,0.0001914752899318895,0.0
F1,Step 11,0.2,boundary_constrained,linear,SKS02,4,5,93,19.45,1.38,0.000000;0.142931;0.718766;0.852442;1.000000,0.000000;0.245758;0.502828;0.749614;1.000000,0.05040527701341297,0.04532380759511614,0.005081469418296833,0.004905016969902552,0.0,0.00048644441587979045,0.0
F1,Step 12,0.2,boundary_constrained,linear,SKS02,4,5,93,19.45,1.38,0.000000;0.142931;0.718766;0.852442;1.000000,0.000000;0.245758;0.502828;0.749614;1.000000,0.05514883698722179,0.048002889486276935,0.007145947500944855,0.007031101471234147,0.0,0.0007371168220114461,0.0
F1,Step 1,0.2,boundary_constrained,pchip,SKS02,4,5,93,19.45,1.38,0.000000;0.142931;0.718766;0.852442;1.000000,0.000000;0.245758;0.502828;0.749614;1.000000,0.062418623634764546,0.03999477920061848,0.022423844434146065,0.019495143790070273,0.0,0.0022965022131521623,0.0
F1,Step 2,0.2,boundary_constrained,pchip,SKS02,4,5,93,19.45,1.38,0.000000;0.142931;0.718766;0.852442;1.000000,0.000000;0.245758;0.502828;0.749614;1.000000,0.06329877142644454,0.04400992910163959,0.019288842324804947,0.015743586353812948,0.0,0.002069860604565928,0.0
F1,Step 3,0.2,boundary_constrained,pchip,SKS02,4,5,93,19.45,1.38,0.000000;0.142931;0.718766;0.852442;1.000000,0.000000;0.245758;0.502828;0.749614;1.000000,0.05770418615193377,0.04870422945323998,0.008999956698693787,0.006020382008175375,0.0,0.0009576711328231762,0.0
F1,Step 4,0.2,boundary_constrained,pchip,SKS02,4,5,93,19.45,1.38,0.000000;0.142931;0.718766;0.852442;1.000000,0.000000;0.245758;0.502828;0.749614;1.000000,0.060458405888499434,0.044524962396389374,0.01593344349211006,0.012831606086688693,0.0,0.0016727465661786553,0.0
F1,Step 5,0.2,boundary_constrained,pchip,SKS02,4,5,93,19.45,1.38,0.000000;0.142931;0.718766;0.852442;1.000000,0.000000;0.245758;0.502828;0.749614;1.000000,0.06266542893860197,0.05032926000028259,0.012336168938319382,0.009111982372753465,0.0,0.0013939215718829277,0.0
F1,Step 6,0.2,boundary_constrained,pchip,SKS02,4,5,93,19.45,1.38,0.000000;0.142931;0.718766;0.852442;1.000000,0.000000;0.245758;0.502828;0.749614;1.000000,0.06242011099238679,0.04697937994286156,0.01544073104952523,0.013179778436180255,0.0,0.0016892081164861436,0.0
F1,Step 7,0.2,boundary_constrained,pchip,SKS02,4,5,93,19.45,1.38,0.000000;0.142931;0.718766;0.852442;1.000000,0.000000;0.245758;0.502828;0.749614;1.000000,0.06360073532556663,0.04626117482512151,0.017339560500445127,0.015219563024130987,0.0,0.0019049572377523244,0.0
F1,Step 8,0.2,boundary_constrained,pchip,SKS02,4,5,93,19.45,1.38,0.000000;0.142931;0.718766;0.852442;1.000000,0.000000;0.245758;0.502828;0.749614;1.000000,0.061958926428339084,0.046690954959627995,0.015267971468711089,0.013511165971711751,0.0,0.0016588632891103262,0.0
F1,Step 9,0.2,boundary_constrained,pchip,SKS02,4,5,93,19.45,1.38,0.000000;0.142931;0.718766;0.852442;1.000000,0.000000;0.245758;0.502828;0.749614;1.000000,0.06603303620896422,0.045682479958145755,0.02035055625081847,0.01905892841134641,0.0,0.0022734728958479916,0.0
F1,Step 10,0.2,boundary_constrained,pchip,SKS02,4,5,93,19.45,1.38,0.000000;0.142931;0.718766;0.852442;1.000000,0.000000;0.245758;0.502828;0.749614;1.000000,0.06669362646212847,0.04712479150405042,0.019568834958078048,0.018359565561316238,0.0,0.0022272938363697,0.0
F1,Step 11,0.2,boundary_constrained,pchip,SKS02,4,5,93,19.45,1.38,0.000000;0.142931;0.718766;0.852442;1.000000,0.000000;0.245758;0.502828;0.749614;1.000000,0.06994932222496132,0.04403191511812755,0.025917407106833774,0.025185544269897206,0.0,0.0029540981307614785,0.0
F1,Step 12,0.2,boundary_constrained,pchip,SKS02,4,5,93,19.45,1.38,0.000000;0.142931;0.718766;0.852442;1.000000,0.000000;0.245758;0.502828;0.749614;1.000000,0.07353440733014406,0.047376033290584124,0.026158374039559937,0.02559107069276472,0.0,0.003162820531045009,0.0
F1,Step 1,0.2,boundary_constrained,linear,SKS03,2,3,93,19.45,1.38,0.000000;0.142931;1.000000,0.000000;0.502828;1.000000,0.03301240680654536,0.04010164783715978,-0.007089241030614424,-0.008254576692729595,0.0,-0.0005183231560947397,0.0
F1,Step 2,0.2,boundary_constrained,linear,SKS03,2,3,93,19.45,1.38,0.000000;0.142931;1.000000,0.000000;0.502828;1.000000,0.03396134388462966,0.035867960011794854,-0.001906616127165195,-0.0032328630288916277,0.0,-0.00013313767695764258,0.0
F1,Step 3,0.2,boundary_constrained,linear,SKS03,2,3,93,19.45,1.38,0.000000;0.142931;1.000000,0.000000;0.502828;1.000000,0.041620259536306346,0.03580515459236092,0.005815104943945423,0.004455093705795096,0.0,0.0004502369084866347,0.0
F1,Step 4,0.2,boundary_constrained,linear,SKS03,2,3,93,19.45,1.38,0.000000;0.142931;1.000000,0.000000;0.502828;1.000000,0.03399264254177918,0.033158599422591466,0.0008340431191877148,-0.0008589428961046849,0.0,5.600703130529298e-05,0.0
F1,Step 5,0.2,boundary_constrained,linear,SKS03,2,3,93,19.45,1.38,0.000000;0.142931;1.000000,0.000000;0.502828;1.000000,0.04456353569285518,0.04262411578891891,0.001939419903936264,-0.00019512876962471393,0.0,0.00016909346666121096,0.0
F1,Step 6,0.2,boundary_constrained,linear,SKS03,2,3,93,19.45,1.38,0.000000;0.142931;1.000000,0.000000;0.502828;1.000000,0.05735316156243461,0.04373863971548952,0.013614521846945095,0.01218559390316288,0.0,0.00137631653704533,0.0
F1,Step 7,0.2,boundary_constrained,linear,SKS03,2,3,93,19.45,1.38,0.000000;0.142931;1.000000,0.000000;0.502828;1.000000,0.05322519261059919,0.04116101693169591,0.012064175678903277,0.010912467215362327,0.0,0.0011386918135840253,0.0
F1,Step 8,0.2,boundary_constrained,linear,SKS03,2,3,93,19.45,1.38,0.000000;0.142931;1.000000,0.000000;0.502828;1.000000,0.06424512189150883,0.047520169610028966,0.01672495228147986,0.015619380870607824,0.0,0.0018692691670889059,0.0
F1,Step 9,0.2,boundary_constrained,linear,SKS03,2,3,93,19.45,1.38,0.000000;0.142931;1.000000,0.000000;0.502828;1.000000,0.06905498018621871,0.04803474515892128,0.021020235027297426,0.020279133260171826,0.0,0.002461253546036547,0.0
F1,Step 10,0.2,boundary_constrained,linear,SKS03,2,3,93,19.45,1.38,0.000000;0.142931;1.000000,0.000000;0.502828;1.000000,0.07366536477072465,0.05121238127955318,0.022452983491171467,0.021700683728170293,0.0,0.002803877970481591,0.0
F1,Step 11,0.2,boundary_constrained,linear,SKS03,2,3,93,19.45,1.38,0.000000;0.142931;1.000000,0.000000;0.502828;1.000000,0.08062810542869835,0.05300227121446698,0.027625834214231364,0.027016952877251282,0.0,0.003691650631129381,0.0
F1,Step 12,0.2,boundary_constrained,linear,SKS03,2,3,93,19.45,1.38,0.000000;0.142931;1.000000,0.000000;0.502828;1.000000,0.07081929832889265,0.05052253621305855,0.020296762115834102,0.01987370350671857,0.0,0.0024628463503968854,0.0
F1,Step 1,0.2,boundary_constrained,pchip,SKS03,2,3,93,19.45,1.38,0.000000;0.142931;1.000000,0.000000;0.502828;1.000000,0.07871857375812168,0.03994085487529561,0.038777718882826065,0.03501171774303423,0.0,0.004601341966343416,0.0
F1,Step 2,0.2,boundary_constrained,pchip,SKS03,2,3,93,19.45,1.38,0.000000;0.142931;1.000000,0.000000;0.502828;1.000000,0.09131440412577638,0.041676988931095685,0.04963741519468069,0.04712948810025843,0.0,0.006601348994482933,0.0
F1,Step 3,0.2,boundary_constrained,pchip,SKS03,2,3,93,19.45,1.38,0.000000;0.142931;1.000000,0.000000;0.502828;1.000000,0.06377026399291623,0.03901295394366389,0.024757310049252336,0.023318903385688337,0.0,0.002544635994315787,0.0
F1,Step 4,0.2,boundary_constrained,pchip,SKS03,2,3,93,19.45,1.38,0.000000;0.142931;1.000000,0.000000;0.502828;1.000000,0.08531901340813222,0.03680967193353891,0.048509341474593314,0.04594720965507411,0.0,0.005924382101082282,0.0
F1,Step 5,0.2,boundary_constrained,pchip,SKS03,2,3,93,19.45,1.38,0.000000;0.142931;1.000000,0.000000;0.502828;1.000000,0.09896553189424435,0.04108551424631583,0.05788001764792852,0.05447318903328996,0.0,0.008106157022226477,0.0
F1,Step 6,0.2,boundary_constrained,pchip,SKS03,2,3,93,19.45,1.38,0.000000;0.142931;1.000000,0.000000;0.502828;1.000000,0.0596090804588259,0.03965340178154033,0.019955678677285572,0.01878934645045506,0.0,0.001980850200298515,0.0
F1,Step 7,0.2,boundary_constrained,pchip,SKS03,2,3,93,19.45,1.38,0.000000;0.142931;1.000000,0.000000;0.502828;1.000000,0.05636190123778133,0.03784830300398276,0.01851359823379857,0.017559671650328616,0.0,0.0017441698708561256,0.0
F1,Step 8,0.2,boundary_constrained,pchip,SKS03,2,3,93,19.45,1.38,0.000000;0.142931;1.000000,0.000000;0.502828;1.000000,0.06002382178644848,0.040728763031306264,0.019295058755142216,0.0184575872696646,0.0,0.0019440270437910275,0.0
F1,Step 9,0.2,boundary_constrained,pchip,SKS03,2,3,93,19.45,1.38,0.000000;0.142931;1.000000,0.000000;0.502828;1.000000,0.04477995307060278,0.04135693345975472,0.003423019610848059,0.0032803591251291467,0.0,0.00029484825181080746,0.0
F1,Step 10,0.2,boundary_constrained,pchip,SKS03,2,3,93,19.45,1.38,0.000000;0.142931;1.000000,0.000000;0.502828;1.000000,0.047973677095122534,0.044093399365027576,0.003880277730094958,0.0037382720125069685,0.0,0.00035724582646327034,0.0
F1,Step 11,0.2,boundary_constrained,pchip,SKS03,2,3,93,19.45,1.38,0.000000;0.142931;1.000000,0.000000;0.502828;1.000000,0.04801032846783223,0.04532865579035072,0.0026816726774815114,0.002603517166755921,0.0,0.0002503046038290461,0.0
F1,Step 12,0.2,boundary_constrained,pchip,SKS03,2,3,93,19.45,1.38,0.000000;0.142931;1.000000,0.000000;0.502828;1.000000,0.048427635204847184,0.04673466338977399,0.0016929718150731979,0.0016056171428332836,0.0,0.00016110708937827384,0.0
F1,Step 1,0.2,boundary_constrained,linear,SKS03,3,4,93,19.45,1.38,0.000000;0.142931;0.430848;1.000000,0.000000;0.338303;0.667352;1.000000,0.03477901239880344,0.04526646500955012,-0.010487452610746684,-0.011387699893142193,0.0,-0.0008394731510247025,0.0
F1,Step 2,0.2,boundary_constrained,linear,SKS03,3,4,93,19.45,1.38,0.000000;0.142931;0.430848;1.000000,0.000000;0.338303;0.667352;1.000000,0.03336494068898963,0.034329281886118466,-0.0009643411971288346,-0.0023727919455212437,0.0,-6.528032763678538e-05,0.0
F1,Step 3,0.2,boundary_constrained,linear,SKS03,3,4,93,19.45,1.38,0.000000;0.142931;0.430848;1.000000,0.000000;0.338303;0.667352;1.000000,0.039620002822953006,0.0425155090772214,-0.002895506254268397,-0.0036570183548906426,0.0,-0.00023782388840449116,0.0
F1,Step 4,0.2,boundary_constrained,linear,SKS03,3,4,93,19.45,1.38,0.000000;0.142931;0.430848;1.000000,0.000000;0.338303;0.667352;1.000000,0.03245742062705037,0.037317056054068806,-0.0048596354270184355,-0.006014622225672797,0.0,-0.00033907851878123854,0.0
F1,Step 5,0.2,boundary_constrained,linear,SKS03,3,4,93,19.45,1.38,0.000000;0.142931;0.430848;1.000000,0.000000;0.338303;0.667352;1.000000,0.04185801965388151,0.0467537906374642,-0.004895770983582695,-0.0063363284601251554,0.0,-0.0004338231296271043,0.0
F1,Step 6,0.2,boundary_constrained,linear,SKS03,3,4,93,19.45,1.38,0.000000;0.142931;0.430848;1.000000,0.000000;0.338303;0.667352;1.000000,0.048126725046158614,0.046361188026115475,0.0017655370200431383,0.0009284110369658927,0.0,0.00016682190847571858,0.0
F1,Step 7,0.2,boundary_constrained,linear,SKS03,3,4,93,19.45,1.38,0.000000;0.142931;0.430848;1.000000,0.000000;0.338303;0.667352;1.000000,0.04625218048346385,0.044269149979015016,0.0019830305044488336,0.001285501981406749,0.0,0.0001795065596103892,0.0
F1,Step 8,0.2,boundary_constrained,linear,SKS03,3,4,93,19.45,1.38,0.000000;0.142931;0.430848;1.000000,0.000000;0.338303;0.667352;1.000000,0.053304543851075255,0.04937720787200958,0.003927335979065673,0.0032789452874805863,0.0,0.0004032657379355601,0.0
F1,Step 9,0.2,boundary_constrained,linear,SKS03,3,4,93,19.45,1.38,0.000000;0.142931;0.430848;1.000000,0.000000;0.338303;0.667352;1.000000,0.05646548611201987,0.04885030763827662,0.007615178473743246,0.007237321675003676,0.0,0.0008019985655124415,0.0
F1,Step 10,0.2,boundary_constrained,linear,SKS03,3,4,93,19.45,1.38,0.000000;0.142931;0.430848;1.000000,0.000000;0.338303;0.667352;1.000000,0.06034347786526404,0.05265393398172038,0.007689543883543662,0.007325936938415503,0.0,0.0008688985571242437,0.0
F1,Step 11,0.2,boundary_constrained,linear,SKS03,3,4,93,19.45,1.38,0.000000;0.142931;0.430848;1.000000,0.000000;0.338303;0.667352;1.000000,0.06180348073519476,0.052429848674610195,0.009373632060584565,0.0091711566529925,0.0,0.001070781198943065,0.0
F1,Step 12,0.2,boundary_constrained,linear,SKS03,3,4,93,19.45,1.38,0.000000;0.142931;0.430848;1.000000,0.000000;0.338303;0.667352;1.000000,0.05740157503461972,0.05251175263970004,0.004889822394919682,0.004798586151578965,0.0,0.0005374566511620342,0.0
F1,Step 1,0.2,boundary_constrained,pchip,SKS03,3,4,93,19.45,1.38,0.000000;0.142931;0.430848;1.000000,0.000000;0.338303;0.667352;1.000000,0.03775742043560789,0.04357387342540568,-0.005816452989797792,-0.00714714146631585,0.0,-0.00047305964734201513,0.0
F1,Step 2,0.2,boundary_constrained,pchip,SKS03,3,4,93,19.45,1.38,0.000000;0.142931;0.430848;1.000000,0.000000;0.338303;0.667352;1.000000,0.037493647977559365,0.03391514309292895,0.0035785048846304138,0.002232780485720086,0.0,0.00025553670765129515,0.0
F1,Step 3,0.2,boundary_constrained,pchip,SKS03,3,4,93,19.45,1.38,0.000000;0.142931;0.430848;1.000000,0.000000;0.338303;0.667352;1.000000,0.04139147335356173,0.04214189972335305,-0.000750426369791321,-0.0013747814205914838,0.0,-6.268564591453353e-05,0.0
F1,Step 4,0.2,boundary_constrained,pchip,SKS03,3,4,93,19.45,1.38,0.000000;0.142931;0.430848;1.000000,0.000000;0.338303;0.667352;1.000000,0.036808893477757454,0.03538694377270331,0.0014219497050541458,0.00028646999408539486,0.0,0.00010265884948442958,0.0
F1,Step 5,0.2,boundary_constrained,pchip,SKS03,3,4,93,19.45,1.38,0.000000;0.142931;0.430848;1.000000,0.000000;0.338303;0.667352;1.000000,0.04498329008029259,0.04350802301002531,0.0014752670702672804,0.00011070146520309604,0.0,0.0001305483202068578,0.0
F1,Step 6,0.2,boundary_constrained,pchip,SKS03,3,4,93,19.45,1.38,0.000000;0.142931;0.430848;1.000000,0.000000;0.338303;0.667352;1.000000,0.0447292235266048,0.04295723861793613,0.0017719849086686723,0.001172017642095624,0.0,0.00015537908761467358,0.0
F1,Step 7,0.2,boundary_constrained,pchip,SKS03,3,4,93,19.45,1.38,0.000000;0.142931;0.430848;1.000000,0.000000;0.338303;0.667352;1.000000,0.04387846755528946,0.04142347002344307,0.002454997531846387,0.0019093714187876434,0.0,0.00020941604621750313,0.0
F1,Step 8,0.2,boundary_constrained,pchip,SKS03,3,4,93,19.45,1.38,0.000000;0.142931;0.430848;1.000000,0.000000;0.338303;0.667352;1.000000,0.048612270394803654,0.04531487860227666,0.003297391792526992,0.0028447672382040934,0.0,0.00030971461019843274,0.0
F1,Step 9,0.2,boundary_constrained,pchip,SKS03,3,4,93,19.45,1.38,0.000000;0.142931;0.430848;1.000000,0.000000;0.338303;0.667352;1.000000,0.049641372893373885,0.04488012001941316,0.004761252873960724,0.004540630043710532,0.0,0.00045004072978206553,0.0
F1,Step 10,0.2,boundary_constrained,pchip,SKS03,3,4,93,19.45,1.38,0.000000;0.142931;0.430848;1.000000,0.000000;0.338303;0.667352;1.000000,0.053038861998279965,0.04851720224024119,0.004521659758038775,0.004321973230063385,0.0,0.00045920196885212115,0.0
F1,Step 11,0.2,boundary_constrained,pchip,SKS03,3,4,93,19.45,1.38,0.000000;0.142931;0.430848;1.000000,0.000000;0.338303;0.667352;1.000000,0.05109090240285147,0.04794445330378803,0.0031464490990634406,0.0030793992720563323,0.0,0.0003116097057385835,0.0
F1,Step 12,0.2,boundary_constrained,pchip,SKS03,3,4,93,19.45,1.38,0.000000;0.142931;0.430848;1.000000,0.000000;0.338303;0.667352;1.000000,0.05030589728845489,0.050504715795169595,-0.0001988185067147083,-0.00021978185558670787,0.0,-2.0043015554281036e-05,0.0
F1,Step 1,0.2,boundary_constrained,linear,SKS03,4,5,93,19.45,1.38,0.000000;0.142931;0.574807;0.852442;1.000000,0.000000;0.245758;0.502828;0.749614;1.000000,0.035888330343806674,0.03989132611274973,-0.004002995768943057,-0.005064139343378668,0.0,-0.00030334564416755367,0.0
F1,Step 2,0.2,boundary_constrained,linear,SKS03,4,5,93,19.45,1.38,0.000000;0.142931;0.574807;0.852442;1.000000,0.000000;0.245758;0.502828;0.749614;1.000000,0.034124671289971605,0.03987513423735343,-0.005750462947381824,-0.007675751429457485,0.0,-0.0004255331397983429,0.0
F1,Step 3,0.2,boundary_constrained,linear,SKS03,4,5,93,19.45,1.38,0.000000;0.142931;0.574807;0.852442;1.000000,0.000000;0.245758;0.502828;0.749614;1.000000,0.033587303674010464,0.04292363054882729,-0.009336326874816829,-0.010832451113007319,0.0,-0.000714331091402023,0.0
F1,Step 4,0.2,boundary_constrained,linear,SKS03,4,5,93,19.45,1.38,0.000000;0.142931;0.574807;0.852442;1.000000,0.000000;0.245758;0.502828;0.749614;1.000000,0.030931050265372205,0.04043899390940577,-0.009507943644033567,-0.011094430200399456,0.0,-0.000678582357885975,0.0
F1,Step 5,0.2,boundary_constrained,linear,SKS03,4,5,93,19.45,1.38,0.000000;0.142931;0.574807;0.852442;1.000000,0.000000;0.245758;0.502828;0.749614;1.000000,0.03338780898437713,0.04762838109998262,-0.014240572115605483,-0.015744210752847244,0.0,-0.001153716897427927,0.0
F1,Step 6,0.2,boundary_constrained,linear,SKS03,4,5,93,19.45,1.38,0.000000;0.142931;0.574807;0.852442;1.000000,0.000000;0.245758;0.502828;0.749614;1.000000,0.03194121252813378,0.04543741119514719,-0.013496198667013404,-0.01423537951662001,0.0,-0.001044317278349476,0.0
F1,Step 7,0.2,boundary_constrained,linear,SKS03,4,5,93,19.45,1.38,0.000000;0.142931;0.574807;0.852442;1.000000,0.000000;0.245758;0.502828;0.749614;1.000000,0.031361169596744086,0.04397562532429153,-0.012614455727547443,-0.013351657243941828,0.0,-0.0009503326641867247,0.0
F1,Step 8,0.2,boundary_constrained,linear,SKS03,4,5,93,19.45,1.38,0.000000;0.142931;0.574807;0.852442;1.000000,0.000000;0.245758;0.502828;0.749614;1.000000,0.03193524940851726,0.04604290573759286,-0.014107656329075596,-0.014690311805584944,0.0,-0.0011000890139766589,0.0
F1,Step 9,0.2,boundary_constrained,linear,SKS03,4,5,93,19.45,1.38,0.000000;0.142931;0.574807;0.852442;1.000000,0.000000;0.245758;0.502828;0.749614;1.000000,0.03138218384317712,0.04510995842198785,-0.013727774578810734,-0.013934002930424488,0.0,-0.0010500668860665056,0.0
F1,Step 10,0.2,boundary_constrained,linear,SKS03,4,5,93,19.45,1.38,0.000000;0.142931;0.574807;0.852442;1.000000,0.000000;0.245758;0.502828;0.749614;1.000000,0.03310759759255704,0.04708103664595479,-0.013973439053397749,-0.014144232962550615,0.0,-0.0011205109933070487,0.0
F1,Step 11,0.2,boundary_constrained,linear,SKS03,4,5,93,19.45,1.38,0.000000;0.142931;0.574807;0.852442;1.000000,0.000000;0.245758;0.502828;0.749614;1.000000,0.032272854033262105,0.04532380759511614,-0.013050953561854033,-0.012827733565089261,0.0,-0.0010127104274668653,0.0
F1,Step 12,0.2,boundary_constrained,linear,SKS03,4,5,93,19.45,1.38,0.000000;0.142931;0.574807;0.852442;1.000000,0.000000;0.245758;0.502828;0.749614;1.000000,0.038135341042806664,0.048002889486276935,-0.009867548443470271,-0.009597952138131569,0.0,-0.0008499731625805417,0.0
F1,Step 1,0.2,boundary_constrained,pchip,SKS03,4,5,93,19.45,1.38,0.000000;0.142931;0.574807;0.852442;1.000000,0.000000;0.245758;0.502828;0.749614;1.000000,0.040813075685151814,0.03999477920061848,0.0008182964845333332,-0.0006865051612049491,0.0,6.612478357570536e-05,0.0
F1,Step 2,0.2,boundary_constrained,pchip,SKS03,4,5,93,19.45,1.38,0.000000;0.142931;0.574807;0.852442;1.000000,0.000000;0.245758;0.502828;0.749614;1.000000,0.041998939182559564,0.04400992910163959,-0.002010989919080025,-0.004816631368979252,0.0,-0.00017296296707100623,0.0
F1,Step 3,0.2,boundary_constrained,pchip,SKS03,4,5,93,19.45,1.38,0.000000;0.142931;0.574807;0.852442;1.000000,0.000000;0.245758;0.502828;0.749614;1.000000,0.04000687809416724,0.04870422945323998,-0.008697351359072743,-0.01104276562348299,0.0,-0.0007715516717922905,0.0
F1,Step 4,0.2,boundary_constrained,pchip,SKS03,4,5,93,19.45,1.38,0.000000;0.142931;0.574807;0.852442;1.000000,0.000000;0.245758;0.502828;0.749614;1.000000,0.040773398073746754,0.044524962396389374,-0.00375156432264262,-0.006144451710459915,0.0,-0.000320002285919672,0.0
F1,Step 5,0.2,boundary_constrained,pchip,SKS03,4,5,93,19.45,1.38,0.000000;0.142931;0.574807;0.852442;1.000000,0.000000;0.245758;0.502828;0.749614;1.000000,0.04503822321926699,0.05032926000028259,-0.005291036781015598,-0.007786764323125056,0.0,-0.0005045928614275248,0.0
F1,Step 6,0.2,boundary_constrained,pchip,SKS03,4,5,93,19.45,1.38,0.000000;0.142931;0.574807;0.852442;1.000000,0.000000;0.245758;0.502828;0.749614;1.000000,0.03637981697354352,0.04697937994286156,-0.010599562969318042,-0.011947841616646637,0.0,-0.0008835710567872181,0.0
F1,Step 7,0.2,boundary_constrained,pchip,SKS03,4,5,93,19.45,1.38,0.000000;0.142931;0.574807;0.852442;1.000000,0.000000;0.245758;0.502828;0.749614;1.000000,0.03615151061997026,0.04626117482512151,-0.010109664205151248,-0.011413179636717084,0.0,-0.0008331645760946331,0.0
F1,Step 8,0.2,boundary_constrained,pchip,SKS03,4,5,93,19.45,1.38,0.000000;0.142931;0.574807;0.852442;1.000000,0.000000;0.245758;0.502828;0.749614;1.000000,0.036868216934180145,0.046690954959627995,-0.00982273802544785,-0.010903656546591436,0.0,-0.000820779855136242,0.0
F1,Step 9,0.2,boundary_constrained,pchip,SKS03,4,5,93,19.45,1.38,0.000000;0.142931;0.574807;0.852442;1.000000,0.000000;0.245758;0.502828;0.749614;1.000000,0.033437075157663386,0.045682479958145755,-0.01224540480048237,-0.01278062397467096,0.0,-0.000968850980027158,0.0
F1,Step 10,0.2,boundary_constrained,pchip,SKS03,4,5,93,19.45,1.38,0.000000;0.142931;0.574807;0.852442;1.000000,0.000000;0.245758;0.502828;0.749614;1.000000,0.0353945402864392,0.04712479150405042,-0.011730251217611218,-0.012222966410175458,0.0,-0.0009679724922118544,0.0
F1,Step 11,0.2,boundary_constrained,pchip,SKS03,4,5,93,19.45,1.38,0.000000;0.142931;0.574807;0.852442;1.000000,0.000000;0.245758;0.502828;0.749614;1.000000,0.03252459385468959,0.04403191511812755,-0.01150732126343796,-0.01141095093795403,0.0,-0.0008809603435574777,0.0
F1,Step 12,0.2,boundary_constrained,pchip,SKS03,4,5,93,19.45,1.38,0.000000;0.142931;0.574807;0.852442;1.000000,0.000000;0.245758;0.502828;0.749614;1.000000,0.03772682076887259,0.047376033290584124,-0.009649212521711532,-0.009411590715511682,0.0,-0.0008211755250238994,0.0
F1,Step 1,0.4,original,linear,SKS02,2,3,48,19.45,1.38,0.000000;0.132648;0.420566,0.000000;0.502828;1.000000,0.23366548205146925,0.03938536249289133,0.19428011955857794,0.17417093269038025,0.9906318007555359,-0.00035299105698444617,0.0534013417806335
F1,Step 2,0.4,original,linear,SKS02,2,3,48,19.45,1.38,0.000000;0.132648;0.420566,0.000000;0.502828;1.000000,0.237445922232924,0.03557035653502815,0.20187556569789583,0.18515299439762004,0.991391853772965,5.2195473345551805e-05,0.05506312024766923
F1,Step 3,0.4,original,linear,SKS02,2,3,48,19.45,1.38,0.000000;0.132648;0.420566,0.000000;0.502828;1.000000,0.2292734750294057,0.0354032032292772,0.1938702718001285,0.17421267796142978,0.9916707127901477,-1.837678834636229e-05,0.05133131634151238
F1,Step 4,0.4,original,linear,SKS02,2,3,48,19.45,1.38,0.000000;0.132648;0.420566,0.000000;0.502828;1.000000,0.22637383436801384,0.03303026086977449,0.19334357349823936,0.1747748260997417,0.9922924280138176,-9.177882115790886e-05,0.05024589357450951
F1,Step 5,0.4,original,linear,SKS02,2,3,48,19.45,1.38,0.000000;0.132648;0.420566,0.000000;0.502828;1.000000,0.2147341177546712,0.04241477874688529,0.1723193390077859,0.15244678831689507,0.992118684590104,-0.0004413513955602436,0.044753079267290004
F1,Step 6,0.4,original,linear,SKS02,2,3,48,19.45,1.38,0.000000;0.132648;0.420566,0.000000;0.502828;1.000000,0.20706927756886473,0.043217968722426996,0.16385130884643773,0.1446260953622439,0.9950200011478392,-0.0001799193932324582,0.04118981228563132
F1,Step 7,0.4,original,linear,SKS02,2,3,48,19.45,1.38,0.000000;0.132648;0.420566,0.000000;0.502828;1.000000,0.20532838512843543,0.04060535669309035,0.1647230284353451,0.1462162219160479,0.9947776663394292,-0.00011648323076280196,0.040627433978040806
F1,Step 8,0.4,original,linear,SKS02,2,3,48,19.45,1.38,0.000000;0.132648;0.420566,0.000000;0.502828;1.000000,0.20845464419928783,0.04679801645043866,0.16165662774884917,0.1421936147141215,0.9954883271481424,-0.00014560622922990465,0.04140889057378607
F1,Step 9,0.4,original,linear,SKS02,2,3,48,19.45,1.38,0.000000;0.132648;0.420566,0.000000;0.502828;1.000000,0.20447736890549165,0.047221723540238306,0.15725564536525333,0.13803060152569188,0.9966805352536743,-6.820823178527184e-05,0.03964931145218709
F1,Step 10,0.4,original,linear,SKS02,2,3,48,19.45,1.38,0.000000;0.132648;0.420566,0.000000;0.502828;1.000000,0.20399946994886609,0.05033721999984603,0.15366224994902006,0.13411610854507433,0.9967216961837769,-7.197512593423506e-05,0.03915392314803965
F1,Step 11,0.4,original,linear,SKS02,2,3,48,19.45,1.38,0.000000;0.132648;0.420566,0.000000;0.502828;1.000000,0.2028849471733679,0.052083611039681496,0.1508013361336864,0.1312172104785415,0.9975941632508757,-8.174784321601344e-06,0.03845777403492905
F1,Step 12,0.4,original,linear,SKS02,2,3,48,19.45,1.38,0.000000;0.132648;0.420566,0.000000;0.502828;1.000000,0.18612608678744,0.04961461324632479,0.1365114735411152,0.11885776638771484,0.9969932272536962,8.854693927946009e-07,0.032180424865830455
F1,Step 1,0.4,original,pchip,SKS02,2,3,48,19.45,1.38,0.000000;0.132648;0.420566,0.000000;0.502828;1.000000,0.23450508947087015,0.039216075564621214,0.19528901390624892,0.17571565749283297,0.9835509066615861,0.00023628164624592664,0.053218454758804816
F1,Step 2,0.4,original,pchip,SKS02,2,3,48,19.45,1.38,0.000000;0.132648;0.420566,0.000000;0.502828;1.000000,0.23859860665342403,0.041210679202084384,0.19738792745133965,0.1813430575252649,0.9818360429983767,0.0006124749665416021,0.054618500050116654
F1,Step 3,0.4,original,pchip,SKS02,2,3,48,19.45,1.38,0.000000;0.132648;0.420566,0.000000;0.502828;1.000000,0.2302928535548308,0.038499893890786875,0.19179295966404394,0.17280731340291464,0.9829109923391874,0.0003406307533598651,0.05121192581546504
F1,Step 4,0.4,original,pchip,SKS02,2,3,48,19.45,1.38,0.000000;0.132648;0.420566,0.000000;0.502828;1.000000,0.2277358601765433,0.03650574981314167,0.19123011036340162,0.17351476602224447,0.980458662910519,0.0005904423290649336,0.04994050991186546
F1,Step 5,0.4,original,pchip,SKS02,2,3,48,19.45,1.38,0.000000;0.132648;0.420566,0.000000;0.502828;1.000000,0.21651246592912615,0.04078848678232817,0.175723979146798,0.156577708816159,0.975887871478343,0.0005836766324682034,0.04463027061625066
F1,Step 6,0.4,original,pchip,SKS02,2,3,48,19.45,1.38,0.000000;0.132648;0.420566,0.000000;0.502828;1.000000,0.20781415681636942,0.03912963865414849,0.16868451816222094,0.14988304966585783,0.9878997793677595,0.00024135668648948784,0.04141423846560485
F1,Step 7,0.4,original,pchip,SKS02,2,3,48,19.45,1.38,0.000000;0.132648;0.420566,0.000000;0.502828;1.000000,0.20603343900531065,0.03730052273393022,0.16873291627138043,0.1505907908037642,0.9879809852400131,0.00022293382387345983,0.04083551516825716
F1,Step 8,0.4,original,pchip,SKS02,2,3,48,19.45,1.38,0.000000;0.132648;0.420566,0.000000;0.502828;1.000000,0.2092062564732686,0.0400661718368622,0.1691400846364064,0.14997881414303352,0.9883482234429423,0.00027007263220804145,0.04189188698969004
F1,Step 9,0.4,original,pchip,SKS02,2,3,48,19.45,1.38,0.000000;0.132648;0.420566,0.000000;0.502828;1.000000,0.20473926875053303,0.04063107503891479,0.16410819371161822,0.1450335111342093,0.9941322842424042,3.7409214905881685e-05,0.04022987469477918
F1,Step 10,0.4,original,pchip,SKS02,2,3,48,19.45,1.38,0.000000;0.132648;0.420566,0.000000;0.502828;1.000000,0.20430184050223082,0.04332205565970599,0.16097978484252484,0.14157947956956857,0.9937735458725935,4.211102259858618e-05,0.03982033050341771
F1,Step 11,0.4,original,pchip,SKS02,2,3,48,19.45,1.38,0.000000;0.132648;0.420566,0.000000;0.502828;1.000000,0.20293081861503431,0.04455262856214915,0.15837819005288517,0.1387270888611513,0.99714321242189,-8.086426549715149e-05,0.039276844697468276
F1,Step 12,0.4,original,pchip,SKS02,2,3,48,19.45,1.38,0.000000;0.132648;0.420566,0.000000;0.502828;1.000000,0.1861424415636479,0.04592475138849535,0.14021769017515257,0.1224593862867626,0.9968180400727683,-9.899543480794132e-05,0.032638921195988914
F1,Step 1,0.4,original,linear,SKS03,2,3,48,19.45,1.38,0.000000;0.132648;0.708483,0.000000;0.502828;1.000000,0.061955382880332706,0.03938536249289133,0.022570020387441374,0.013187548421758774,0.6134653146698974,0.00021455042962143707,0.0020727122595307337
F1,Step 2,0.4,original,linear,SKS03,2,3,48,19.45,1.38,0.000000;0.132648;0.708483,0.000000;0.502828;1.000000,0.06616975840404433,0.03557035653502815,0.030599401869016184,0.02452523167565497,0.5391788743789971,0.0009980704855034894,0.0021151161777170865
F1,Step 3,0.4,original,linear,SKS03,2,3,48,19.45,1.38,0.000000;0.132648;0.708483,0.000000;0.502828;1.000000,0.06988060341369098,0.0354032032292772,0.03447740018441378,0.02351556332682611,0.6830845179033708,0.00079412153960078,0.002835790394967275
F1,Step 4,0.4,original,linear,SKS03,2,3,48,19.45,1.38,0.000000;0.132648;0.708483,0.000000;0.502828;1.000000,0.0666468288071833,0.03303026086977449,0.03361656793740881,0.02533741637061878,0.5650281533086419,0.0010625162912682457,0.002288285365660396
F1,Step 5,0.4,original,linear,SKS03,2,3,48,19.45,1.38,0.000000;0.132648;0.708483,0.000000;0.502828;1.000000,0.06653962180001109,0.04241477874688529,0.024124843053125802,0.014729697577783314,0.5592943740925619,0.0008163994962787753,0.0018121083168625037
F1,Step 6,0.4,original,linear,SKS03,2,3,48,19.45,1.38,0.000000;0.132648;0.708483,0.000000;0.502828;1.000000,0.06836215000036903,0.043217968722426996,0.02514418127794204,0.016173519563608484,0.5515498367467887,0.0014772503189992934,0.001328340413180985
F1,Step 7,0.4,original,linear,SKS03,2,3,48,19.45,1.38,0.000000;0.132648;0.708483,0.000000;0.502828;1.000000,0.0685350581005252,0.04060535669309035,0.027929701407434844,0.019694603181987437,0.5521969650504079,0.0015122185314577182,0.001536040665211548
F1,Step 8,0.4,original,linear,SKS03,2,3,48,19.45,1.38,0.000000;0.132648;0.708483,0.000000;0.502828;1.000000,0.07142602363877644,0.04679801645043866,0.024628007188337776,0.015199676934135944,0.5894955573134444,0.0015486074547758095,0.0013630150543757116
F1,Step 9,0.4,original,linear,SKS03,2,3,48,19.45,1.38,0.000000;0.132648;0.708483,0.000000;0.502828;1.000000,0.07432610949090439,0.047221723540238306,0.027104385950666082,0.018226733692318177,0.5705143495101719,0.0019586400313788576,0.0013358393465643529
F1,Step 10,0.4,original,linear,SKS03,2,3,48,19.45,1.38,0.000000;0.132648;0.708483,0.000000;0.502828;1.000000,0.07671252734590096,0.05033721999984603,0.026375307346054935,0.017651670735428504,0.5620529371353442,0.002132847456661247,0.0012181286778214584
F1,Step 11,0.4,original,linear,SKS03,2,3,48,19.45,1.38,0.000000;0.132648;0.708483,0.000000;0.502828;1.000000,0.07838719514377794,0.052083611039681496,0.026303584104096445,0.017468856486578588,0.5568365121522103,0.00240999203583797,0.0010218577877379221
F1,Step 12,0.4,original,linear,SKS03,2,3,48,19.45,1.38,0.000000;0.132648;0.708483,0.000000;0.502828;1.000000,0.06971948952813606,0.04961461324632479,0.02010487628181127,0.013866615169179433,0.39801677129908736,0.002562957625922543,-0.00016376025344105728
F1,Step 1,0.4,original,pchip,SKS03,2,3,48,19.45,1.38,0.000000;0.132648;0.708483,0.000000;0.502828;1.000000,0.06325377609262967,0.039216075564621214,0.02403770052800845,0.015147431794851167,0.5885389219142942,0.00036398462437481496,0.0020991549829116334
F1,Step 2,0.4,original,pchip,SKS03,2,3,48,19.45,1.38,0.000000;0.132648;0.708483,0.000000;0.502828;1.000000,0.06311032776758572,0.041210679202084384,0.02189964856550134,0.016208893095650184,0.5927220641882018,0.000353238847056153,0.0019313545435788388
F1,Step 3,0.4,original,pchip,SKS03,2,3,48,19.45,1.38,0.000000;0.132648;0.708483,0.000000;0.502828;1.000000,0.06945565705633876,0.038499893890786875,0.030955763165551882,0.020484528647859192,0.6914686373196791,0.00032583541583858683,0.003016011051687305
F1,Step 4,0.4,original,pchip,SKS03,2,3,48,19.45,1.38,0.000000;0.132648;0.708483,0.000000;0.502828;1.000000,0.06592185866315158,0.03650574981314167,0.029416108850009906,0.0218062215240047,0.5775241896129821,0.0006803279714471573,0.0023326937087376834
F1,Step 5,0.4,original,pchip,SKS03,2,3,48,19.45,1.38,0.000000;0.132648;0.708483,0.000000;0.502828;1.000000,0.07038015241644552,0.04078848678232817,0.029591665634117345,0.021078718068194113,0.4999202178872986,0.0011586464435376078,0.0021310187566323338
F1,Step 6,0.4,original,pchip,SKS03,2,3,48,19.45,1.38,0.000000;0.132648;0.708483,0.000000;0.502828;1.000000,0.060053392455633174,0.03912963865414849,0.020923753801484687,0.011146043893680305,0.7147284902533035,0.0001839926908375871,0.0018912886333884809
F1,Step 7,0.4,original,pchip,SKS03,2,3,48,19.45,1.38,0.000000;0.132648;0.708483,0.000000;0.502828;1.000000,0.06045136065708402,0.03730052273393022,0.023150837923153804,0.01416788898423952,0.7097533072073614,0.00024764763136334733,0.002015390377705053
F1,Step 8,0.4,original,pchip,SKS03,2,3,48,19.45,1.38,0.000000;0.132648;0.708483,0.000000;0.502828;1.000000,0.06370493386477562,0.0400661718368622,0.023638762027913415,0.013268464931315158,0.7410497146660929,0.00034470913288631367,0.0021083113401681518
F1,Step 9,0.4,original,pchip,SKS03,2,3,48,19.45,1.38,0.000000;0.132648;0.708483,0.000000;0.502828;1.000000,0.06288040406574825,0.04063107503891479,0.022249329026833464,0.01174553038214389,0.797110860217655,0.00017604669148673087,0.0021270142651671135
F1,Step 10,0.4,original,pchip,SKS03,2,3,48,19.45,1.38,0.000000;0.132648;0.708483,0.000000;0.502828;1.000000,0.06466063260622222,0.04332205565970599,0.02133857694651623,0.010983693788194325,0.7910973057867908,0.00017493927177839809,0.002129257630675786
F1,Step 11,0.4,original,pchip,SKS03,2,3,48,19.45,1.38,0.000000;0.132648;0.708483,0.000000;0.502828;1.000000,0.06748816815475858,0.04455262856214915,0.02293553959260943,0.012469674673491728,0.7512122714518857,0.0005820979495153969,0.001987618179572745
F1,Step 12,0.4,original,pchip,SKS03,2,3,48,19.45,1.38,0.000000;0.132648;0.708483,0.000000;0.502828;1.000000,0.058021384073158835,0.04592475138849535,0.012096632684663489,0.0044282535390205435,0.5746899477600683,0.0007824883156165523,0.00047490990405335207
F1,Step 1,0.4,original,linear,SKS02,3,4,48,19.45,1.38,0.000000;0.132648;0.708483;0.852442,0.000000;0.338303;0.667352;1.000000,0.06265663820955551,0.04450688388999361,0.018149754319561902,0.00894267624205669,0.5757523563458211,-9.740754027874436e-05,0.002042399138404503
F1,Step 2,0.4,original,linear,SKS02,3,4,48,19.45,1.38,0.000000;0.132648;0.708483;0.852442,0.000000;0.338303;0.667352;1.000000,0.06162422430068517,0.034031091896269634,0.027593132404415535,0.022390964275589703,0.4114462865907664,0.0011532101479805896,0.0014862196570282176
F1,Step 3,0.4,original,linear,SKS02,3,4,48,19.45,1.38,0.000000;0.132648;0.708483;0.852442,0.000000;0.338303;0.667352;1.000000,0.06501659093618217,0.04196155679338086,0.023055034142801314,0.013449020394349934,0.6047322436732515,0.00037771908515966333,0.002088665763279055
F1,Step 4,0.4,original,linear,SKS02,3,4,48,19.45,1.38,0.000000;0.132648;0.708483;0.852442,0.000000;0.338303;0.667352;1.000000,0.06469746883044214,0.03705560586514266,0.027641862965299482,0.020175236905292493,0.46559166978546385,0.0010283438969493242,0.001784300650083913
F1,Step 5,0.4,original,linear,SKS02,3,4,48,19.45,1.38,0.000000;0.132648;0.708483;0.852442,0.000000;0.338303;0.667352;1.000000,0.06870055985310529,0.046407227966464834,0.022293331886640455,0.012642979057355813,0.5145808623266989,0.000635691029917579,0.0019304450866810886
F1,Step 6,0.4,original,linear,SKS02,3,4,48,19.45,1.38,0.000000;0.132648;0.708483;0.852442,0.000000;0.338303;0.667352;1.000000,0.0726000514641935,0.04577082208128252,0.026829229382910984,0.016675916801449843,0.5409169161763949,0.0011490539634438524,0.0020267453551632724
F1,Step 7,0.4,original,linear,SKS02,3,4,48,19.45,1.38,0.000000;0.132648;0.708483;0.852442,0.000000;0.338303;0.667352;1.000000,0.07178932632435969,0.043638428379154354,0.02815089794520534,0.01901741388889243,0.5172706759866007,0.0012519247436829036,0.001997470199019915
F1,Step 8,0.4,original,linear,SKS02,3,4,48,19.45,1.38,0.000000;0.132648;0.708483;0.852442,0.000000;0.338303;0.667352;1.000000,0.075130982528394,0.04860739752593658,0.02652358500245741,0.016024325932551035,0.560518738123964,0.00108307375727596,0.0021989116841614593
F1,Step 9,0.4,original,linear,SKS02,3,4,48,19.45,1.38,0.000000;0.132648;0.708483;0.852442,0.000000;0.338303;0.667352;1.000000,0.07868485239933672,0.04801431796870063,0.03067053443063609,0.02040401874252952,0.545194556476494,0.001498220622097298,0.0023877106450086194
F1,Step 10,0.4,original,linear,SKS02,3,4,48,19.45,1.38,0.000000;0.132648;0.708483;0.852442,0.000000;0.338303;0.667352;1.000000,0.08305312417123972,0.051748234287123565,0.03130488988411616,0.020468460559804336,0.5597149095083502,0.001508806234357257,0.0027111354484110773
F1,Step 11,0.4,original,linear,SKS02,3,4,48,19.45,1.38,0.000000;0.132648;0.708483;0.852442,0.000000;0.338303;0.667352;1.000000,0.08442821107722538,0.051516935067081014,0.03291127601014437,0.02200740534547778,0.5535945097859873,0.0017596512835390682,0.0027144769434556113
F1,Step 12,0.4,original,linear,SKS02,3,4,48,19.45,1.38,0.000000;0.132648;0.708483;0.852442,0.000000;0.338303;0.667352;1.000000,0.07372873688101167,0.0515768508338331,0.02215188604717857,0.0134705106241024,0.391486376064276,0.002191704232808765,0.0005840508673252131
F1,Step 1,0.4,original,pchip,SKS02,3,4,48,19.45,1.38,0.000000;0.132648;0.708483;0.852442,0.000000;0.338303;0.667352;1.000000,0.07734585954480093,0.04281455427888126,0.034531305265919666,0.02636505156297108,0.377829412248394,0.002128490227417424,0.0020208057032073783
F1,Step 2,0.4,original,pchip,SKS02,3,4,48,19.45,1.38,0.000000;0.132648;0.708483;0.852442,0.000000;0.338303;0.667352;1.000000,0.07603472424951155,0.03356854815433137,0.04246617609518018,0.038089919019582766,0.2702664441684559,0.0031759436975476933,0.001478488168961902
F1,Step 3,0.4,original,pchip,SKS02,3,4,48,19.45,1.38,0.000000;0.132648;0.708483;0.852442,0.000000;0.338303;0.667352;1.000000,0.07826523999886653,0.041556922957444356,0.036708317041422175,0.02878245544340126,0.41732429732088877,0.0023393134034413233,0.002059156542947888
F1,Step 4,0.4,original,pchip,SKS02,3,4,48,19.45,1.38,0.000000;0.132648;0.708483;0.852442,0.000000;0.338303;0.667352;1.000000,0.07894042938157576,0.03510045804374578,0.043839971337829985,0.037589236498100545,0.3127381140540107,0.0032290998051133384,0.0017704494309534547
F1,Step 5,0.4,original,pchip,SKS02,3,4,48,19.45,1.38,0.000000;0.132648;0.708483;0.852442,0.000000;0.338303;0.667352;1.000000,0.08335301175879159,0.0431455204553507,0.04020749130344089,0.032066581263521556,0.3495679354569093,0.0031543132198221632,0.0019318754140759998
F1,Step 6,0.4,original,pchip,SKS02,3,4,48,19.45,1.38,0.000000;0.132648;0.708483;0.852442,0.000000;0.338303;0.667352;1.000000,0.08623133836959572,0.04237979280865392,0.0438515455609418,0.03532162379111448,0.3834194740592704,0.0035436797065460843,0.002096117171961191
F1,Step 7,0.4,original,pchip,SKS02,3,4,48,19.45,1.38,0.000000;0.132648;0.708483;0.852442,0.000000;0.338303;0.667352;1.000000,0.08688517572821876,0.04080869164603206,0.046076484082186696,0.038525244324692905,0.35313945884026177,0.003832498025555374,0.0020511864219071537
F1,Step 8,0.4,original,pchip,SKS02,3,4,48,19.45,1.38,0.000000;0.132648;0.708483;0.852442,0.000000;0.338303;0.667352;1.000000,0.08841647740738456,0.04458047637192325,0.043836001035461314,0.034997333355852936,0.4047266999919293,0.0035232193049371196,0.0023068352986458187
F1,Step 9,0.4,original,pchip,SKS02,3,4,48,19.45,1.38,0.000000;0.132648;0.708483;0.852442,0.000000;0.338303;0.667352;1.000000,0.09415137630878889,0.0440977236372468,0.05005365267154209,0.04154071322521726,0.3807855277104372,0.004400567079466357,0.0025193053513858222
F1,Step 10,0.4,original,pchip,SKS02,3,4,48,19.45,1.38,0.000000;0.132648;0.708483;0.852442,0.000000;0.338303;0.667352;1.000000,0.09787381974970599,0.04767145910392697,0.05020236064577902,0.04108481625674032,0.4030377699747743,0.004452198250525482,0.0028545183287750756
F1,Step 11,0.4,original,pchip,SKS02,3,4,48,19.45,1.38,0.000000;0.132648;0.708483;0.852442,0.000000;0.338303;0.667352;1.000000,0.1013073095146236,0.047115256138721445,0.05419205337590216,0.04512197600540469,0.3844902980129468,0.005143817804714967,0.0028995057953594516
F1,Step 12,0.4,original,pchip,SKS02,3,4,48,19.45,1.38,0.000000;0.132648;0.708483;0.852442,0.000000;0.338303;0.667352;1.000000,0.09367499962791091,0.04962570116280361,0.0440492984651073,0.037175977505989596,0.24251736460409604,0.005623102701989763,0.0006891926373994616
F1,Step 1,0.4,original,linear,SKS03,3,4,48,19.45,1.38,0.000000;0.132648;0.420566;1.000000,0.000000;0.338303;0.667352;1.000000,0.03451589368970123,0.04450688388999361,-0.009990990200292378,-0.011190247162581046,0.0,-0.0007895157963986151,0.0
F1,Step 2,0.4,original,linear,SKS03,3,4,48,19.45,1.38,0.000000;0.132648;0.420566;1.000000,0.000000;0.338303;0.667352;1.000000,0.03417574028491369,0.034031091896269634,0.0001446483886440586,-0.0011076368029064657,0.0,9.866008369523836e-06,0.0
F1,Step 3,0.4,original,linear,SKS03,3,4,48,19.45,1.38,0.000000;0.132648;0.420566;1.000000,0.000000;0.338303;0.667352;1.000000,0.038050340748864035,0.04196155679338086,-0.003911216044516823,-0.0046208600176115555,0.0,-0.0003129438174194644,0.0
F1,Step 4,0.4,original,linear,SKS03,3,4,48,19.45,1.38,0.000000;0.132648;0.420566;1.000000,0.000000;0.338303;0.667352;1.000000,0.03157049250218755,0.03705560586514266,-0.00548511336295511,-0.006529542378429072,0.0,-0.0003764219292021152,0.0
F1,Step 5,0.4,original,linear,SKS03,3,4,48,19.45,1.38,0.000000;0.132648;0.420566;1.000000,0.000000;0.338303;0.667352;1.000000,0.03929318168787244,0.046407227966464834,-0.007114046278592391,-0.008393002878947071,0.0,-0.0006096766803752813,0.0
F1,Step 6,0.4,original,linear,SKS03,3,4,48,19.45,1.38,0.000000;0.132648;0.420566;1.000000,0.000000;0.338303;0.667352;1.000000,0.045137477379139986,0.04577082208128252,-0.0006333447021425326,-0.0013038815459406189,0.0,-5.757628984404533e-05,0.0
F1,Step 7,0.4,original,linear,SKS03,3,4,48,19.45,1.38,0.000000;0.132648;0.420566;1.000000,0.000000;0.338303;0.667352;1.000000,0.04331067824731008,0.043638428379154354,-0.00032775013184427326,-0.0008754515931414797,0.0,-2.8497581160565576e-05,0.0
F1,Step 8,0.4,original,linear,SKS03,3,4,48,19.45,1.38,0.000000;0.132648;0.420566;1.000000,0.000000;0.338303;0.667352;1.000000,0.04993673830490762,0.04860739752593658,0.0013293407789710388,0.000856094369319535,0.0,0.00013099873828840256,0.0
F1,Step 9,0.4,original,linear,SKS03,3,4,48,19.45,1.38,0.000000;0.132648;0.420566;1.000000,0.000000;0.338303;0.667352;1.000000,0.05264714625984677,0.04801431796870063,0.0046328282911461405,0.00443851063577122,0.0,0.00046634727930620873,0.0
F1,Step 10,0.4,original,linear,SKS03,3,4,48,19.45,1.38,0.000000;0.132648;0.420566;1.000000,0.000000;0.338303;0.667352;1.000000,0.05641700700116337,0.051748234287123565,0.004668772714039808,0.004484685619888407,0.0,0.0005049989271342868,0.0
F1,Step 11,0.4,original,linear,SKS03,3,4,48,19.45,1.38,0.000000;0.132648;0.420566;1.000000,0.000000;0.338303;0.667352;1.000000,0.05784180490054607,0.051516935067081014,0.006324869833465058,0.006286700226790405,0.0,0.0006916797954469941,0.0
F1,Step 12,0.4,original,linear,SKS03,3,4,48,19.45,1.38,0.000000;0.132648;0.420566;1.000000,0.000000;0.338303;0.667352;1.000000,0.053685704468966165,0.0515768508338331,0.002108853635133065,0.002100865198802336,0.0,0.00022198332239370343,0.0
F1,Step 1,0.4,original,pchip,SKS03,3,4,48,19.45,1.38,0.000000;0.132648;0.420566;1.000000,0.000000;0.338303;0.667352;1.000000,0.03837468313398621,0.04281455427888126,-0.004439871144895052,-0.005918235299159955,0.0,-0.000360469752465424,0.0
F1,Step 2,0.4,original,pchip,SKS03,3,4,48,19.45,1.38,0.000000;0.132648;0.420566;1.000000,0.000000;0.338303;0.667352;1.000000,0.039500548546990345,0.03356854815433137,0.0059320003926589746,0.004809241902606488,0.0,0.0004334459103234774,0.0
F1,Step 3,0.4,original,pchip,SKS03,3,4,48,19.45,1.38,0.000000;0.132648;0.420566;1.000000,0.000000;0.338303;0.667352;1.000000,0.03958496742037948,0.041556922957444356,-0.001971955537064876,-0.0025118867918840077,0.0,-0.00016000820001846097,0.0
F1,Step 4,0.4,original,pchip,SKS03,3,4,48,19.45,1.38,0.000000;0.132648;0.420566;1.000000,0.000000;0.338303;0.667352;1.000000,0.036658344898942194,0.03510045804374578,0.001557886855196415,0.0006101680912215593,0.0,0.00011179209584904358,0.0
F1,Step 5,0.4,original,pchip,SKS03,3,4,48,19.45,1.38,0.000000;0.132648;0.420566;1.000000,0.000000;0.338303;0.667352;1.000000,0.04166310978679999,0.0431455204553507,-0.0014824106685507113,-0.0026548992220224443,0.0,-0.00012572121825613707,0.0
F1,Step 6,0.4,original,pchip,SKS03,3,4,48,19.45,1.38,0.000000;0.132648;0.420566;1.000000,0.000000;0.338303;0.667352;1.000000,0.04123633967215837,0.04237979280865392,-0.0011434531364955536,-0.0015825008582113567,0.0,-9.56111289468125e-05,0.0
F1,Step 7,0.4,original,pchip,SKS03,3,4,48,19.45,1.38,0.000000;0.132648;0.420566;1.000000,0.000000;0.338303;0.667352;1.000000,0.04000168361073131,0.04080869164603206,-0.0008070080353007533,-0.001190399855670085,0.0,-6.521462216787747e-05,0.0
F1,Step 8,0.4,original,pchip,SKS03,3,4,48,19.45,1.38,0.000000;0.132648;0.420566;1.000000,0.000000;0.338303;0.667352;1.000000,0.04394251518404467,0.04458047637192325,-0.0006379611878785801,-0.000932882678309141,0.0,-5.647423284761121e-05,0.0
F1,Step 9,0.4,original,pchip,SKS03,3,4,48,19.45,1.38,0.000000;0.132648;0.420566;1.000000,0.000000;0.338303;0.667352;1.000000,0.04372134394883685,0.0440977236372468,-0.0003763796884099502,-0.0004523818375165231,0.0,-3.30533132945028e-05,0.0
F1,Step 10,0.4,original,pchip,SKS03,3,4,48,19.45,1.38,0.000000;0.132648;0.420566;1.000000,0.000000;0.338303;0.667352;1.000000,0.04689262494680834,0.04767145910392697,-0.0007788341571186297,-0.0008438190498541026,0.0,-7.364973869534996e-05,0.0
F1,Step 11,0.4,original,pchip,SKS03,3,4,48,19.45,1.38,0.000000;0.132648;0.420566;1.000000,0.000000;0.338303;0.667352;1.000000,0.045291362520580886,0.047115256138721445,-0.0018238936181405596,-0.001818120094407738,0.0,-0.00016853984204665026,0.0
F1,Step 12,0.4,original,pchip,SKS03,3,4,48,19.45,1.38,0.000000;0.132648;0.420566;1.000000,0.000000;0.338303;0.667352;1.000000,0.04544593658038244,0.04962570116280361,-0.004179764582421169,-0.004197331296373237,0.0,-0.0003973770642317449,0.0
F1,Step 1,0.4,original,linear,SKS02,4,5,48,19.45,1.38,0.000000;0.132648;0.708483;0.852442;1.000000,0.000000;0.256041;0.502828;0.749614;1.000000,0.04179337942034004,0.041591799546620116,0.00020157987371992314,-0.001622194772023626,0.0,1.680877384627304e-05,0.0
F1,Step 2,0.4,original,linear,SKS02,4,5,48,19.45,1.38,0.000000;0.132648;0.708483;0.852442;1.000000,0.000000;0.256041;0.502828;0.749614;1.000000,0.048108018273689365,0.039717415228964915,0.00839060304472445,0.006358483004659951,0.0,0.0007369083497516157,0.0
F1,Step 3,0.4,original,linear,SKS02,4,5,48,19.45,1.38,0.000000;0.132648;0.708483;0.852442;1.000000,0.000000;0.256041;0.502828;0.749614;1.000000,0.041699465454170866,0.04223010362578921,-0.0005306381716183445,-0.0021660898310593285,0.0,-4.453623308130495e-05,0.0
F1,Step 4,0.4,original,linear,SKS02,4,5,48,19.45,1.38,0.000000;0.132648;0.708483;0.852442;1.000000,0.000000;0.256041;0.502828;0.749614;1.000000,0.04750778725454157,0.040310551619506564,0.007197235635035007,0.0052781979168783286,0.0,0.0006320492779538792,0.0
F1,Step 5,0.4,original,linear,SKS02,4,5,48,19.45,1.38,0.000000;0.132648;0.708483;0.852442;1.000000,0.000000;0.256041;0.502828;0.749614;1.000000,0.048668516022498776,0.04789369745971488,0.0007748185627838924,-0.0012899865088814924,0.0,7.481819546952043e-05,0.0
F1,Step 6,0.4,original,linear,SKS02,4,5,48,19.45,1.38,0.000000;0.132648;0.708483;0.852442;1.000000,0.000000;0.256041;0.502828;0.749614;1.000000,0.050772411542116175,0.04519762568886323,0.005574785853252946,0.00431252512745476,0.0,0.0005350124058914225,0.0
F1,Step 7,0.4,original,linear,SKS02,4,5,48,19.45,1.38,0.000000;0.132648;0.708483;0.852442;1.000000,0.000000;0.256041;0.502828;0.749614;1.000000,0.051168060337398534,0.043454137783744386,0.007713922553654148,0.006589272891475408,0.0,0.0007299083081630155,0.0
F1,Step 8,0.4,original,linear,SKS02,4,5,48,19.45,1.38,0.000000;0.132648;0.708483;0.852442;1.000000,0.000000;0.256041;0.502828;0.749614;1.000000,0.05171604869133246,0.04542158218523553,0.006294466506096927,0.005370800351531313,0.0,0.0006114295640341638,0.0
F1,Step 9,0.4,original,linear,SKS02,4,5,48,19.45,1.38,0.000000;0.132648;0.708483;0.852442;1.000000,0.000000;0.256041;0.502828;0.749614;1.000000,0.05484313180023221,0.04440184585610822,0.010441285944123989,0.009923819642314237,0.0,0.001036245190228047,0.0
F1,Step 10,0.4,original,linear,SKS02,4,5,48,19.45,1.38,0.000000;0.132648;0.708483;0.852442;1.000000,0.000000;0.256041;0.502828;0.749614;1.000000,0.0568672489603395,0.04635434890017398,0.010512900060165517,0.010026373550473623,0.0,0.001085158342358173,0.0
F1,Step 11,0.4,original,linear,SKS02,4,5,48,19.45,1.38,0.000000;0.132648;0.708483;0.852442;1.000000,0.000000;0.256041;0.502828;0.749614;1.000000,0.058369864173526236,0.04423795967130092,0.014131904502225318,0.013998121403936685,0.0,0.0014500439677562552,0.0
F1,Step 12,0.4,original,linear,SKS02,4,5,48,19.45,1.38,0.000000;0.132648;0.708483;0.852442;1.000000,0.000000;0.256041;0.502828;0.749614;1.000000,0.06231815572945409,0.04712165773497431,0.01519649799447978,0.015139866346450134,0.0,0.0016631019058284274,0.0
F1,Step 1,0.4,original,pchip,SKS02,4,5,48,19.45,1.38,0.000000;0.132648;0.708483;0.852442;1.000000,0.000000;0.256041;0.502828;0.749614;1.000000,0.06219180034216405,0.04229380133980067,0.01989799900236338,0.01716552157566633,0.0,0.0020790543980290714,0.0
F1,Step 2,0.4,original,pchip,SKS02,4,5,48,19.45,1.38,0.000000;0.132648;0.708483;0.852442;1.000000,0.000000;0.256041;0.502828;0.749614;1.000000,0.06582997465970188,0.044339475710343676,0.0214904989493582,0.018753978584386148,0.0,0.0023675964574288344,0.0
F1,Step 3,0.4,original,pchip,SKS02,4,5,48,19.45,1.38,0.000000;0.132648;0.708483;0.852442;1.000000,0.000000;0.256041;0.502828;0.749614;1.000000,0.0596406457515507,0.04842673575194037,0.011213909999610333,0.008798434463472275,0.0,0.0012118578900737027,0.0
F1,Step 4,0.4,original,pchip,SKS02,4,5,48,19.45,1.38,0.000000;0.132648;0.708483;0.852442;1.000000,0.000000;0.256041;0.502828;0.749614;1.000000,0.06556432325340775,0.0447891536986419,0.020775169554765847,0.01831182087948119,0.0,0.0022926121946367753,0.0
F1,Step 5,0.4,original,pchip,SKS02,4,5,48,19.45,1.38,0.000000;0.132648;0.708483;0.852442;1.000000,0.000000;0.256041;0.502828;0.749614;1.000000,0.06710621927987939,0.051119682769549896,0.015986536510329497,0.013278299000359643,0.0,0.0018900226995798401,0.0
F1,Step 6,0.4,original,pchip,SKS02,4,5,48,19.45,1.38,0.000000;0.132648;0.708483;0.852442;1.000000,0.000000;0.256041;0.502828;0.749614;1.000000,0.06748515998092369,0.047153037480067383,0.02033212250085631,0.018554723686203922,0.0,0.002330837874054224,0.0
F1,Step 7,0.4,original,pchip,SKS02,4,5,48,19.45,1.38,0.000000;0.132648;0.708483;0.852442;1.000000,0.000000;0.256041;0.502828;0.749614;1.000000,0.06966430039021404,0.046078958987209866,0.023585341403004174,0.02196241803440146,0.0,0.002729844287513007,0.0
F1,Step 8,0.4,original,pchip,SKS02,4,5,48,19.45,1.38,0.000000;0.132648;0.708483;0.852442;1.000000,0.000000;0.256041;0.502828;0.749614;1.000000,0.06800459363495609,0.04635956428767093,0.021645029347285162,0.020315894251800512,0.0,0.002475415554512817,0.0
F1,Step 9,0.4,original,pchip,SKS02,4,5,48,19.45,1.38,0.000000;0.132648;0.708483;0.852442;1.000000,0.000000;0.256041;0.502828;0.749614;1.000000,0.07384012805725765,0.04528330218387364,0.028556825873384005,0.02768005535854714,0.0,0.0034017870548361923,0.0
F1,Step 10,0.4,original,pchip,SKS02,4,5,48,19.45,1.38,0.000000;0.132648;0.708483;0.852442;1.000000,0.000000;0.256041;0.502828;0.749614;1.000000,0.07529509736427574,0.04671618856444618,0.028578908799829557,0.027751650588573526,0.0,0.003486949413106871,0.0
F1,Step 11,0.4,original,pchip,SKS02,4,5,48,19.45,1.38,0.000000;0.132648;0.708483;0.852442;1.000000,0.000000;0.256041;0.502828;0.749614;1.000000,0.079190008301623,0.04300315253794857,0.036186855763674426,0.03583691289792267,0.0,0.004421786286609047,0.0
F1,Step 12,0.4,original,pchip,SKS02,4,5,48,19.45,1.38,0.000000;0.132648;0.708483;0.852442;1.000000,0.000000;0.256041;0.502828;0.749614;1.000000,0.08229957724527713,0.04667611238976043,0.0356234648555167,0.0354164712164426,0.0,0.004594560946929792,0.0
F1,Step 1,0.4,original,linear,SKS03,4,5,48,19.45,1.38,0.000000;0.132648;0.564524;0.852442;1.000000,0.000000;0.256041;0.502828;0.749614;1.000000,0.03593352254104731,0.041591799546620116,-0.005658277005572809,-0.007104635418895923,0.0,-0.00043865974731827436,0.0
F1,Step 2,0.4,original,linear,SKS03,4,5,48,19.45,1.38,0.000000;0.132648;0.564524;0.852442;1.000000,0.000000;0.256041;0.502828;0.749614;1.000000,0.032552070986648196,0.039717415228964915,-0.007165344242316719,-0.00880382589909521,0.0,-0.0005178357469502309,0.0
F1,Step 3,0.4,original,linear,SKS03,4,5,48,19.45,1.38,0.000000;0.132648;0.564524;0.852442;1.000000,0.000000;0.256041;0.502828;0.749614;1.000000,0.032710779060930326,0.04223010362578921,-0.009519324564858885,-0.010914271659875234,0.0,-0.0007133865854718969,0.0
F1,Step 4,0.4,original,linear,SKS03,4,5,48,19.45,1.38,0.000000;0.132648;0.564524;0.852442;1.000000,0.000000;0.256041;0.502828;0.749614;1.000000,0.02982579627929779,0.040310551619506564,-0.010484755340208773,-0.011918634921402986,0.0,-0.0007353624481747292,0.0
F1,Step 5,0.4,original,linear,SKS03,4,5,48,19.45,1.38,0.000000;0.132648;0.564524;0.852442;1.000000,0.000000;0.256041;0.502828;0.749614;1.000000,0.03207674441815102,0.04789369745971488,-0.015816953041563865,-0.017299295130031006,0.0,-0.0012648887238953172,0.0
F1,Step 6,0.4,original,linear,SKS03,4,5,48,19.45,1.38,0.000000;0.132648;0.564524;0.852442;1.000000,0.000000;0.256041;0.502828;0.749614;1.000000,0.03116445813226316,0.04519762568886323,-0.014033167556600067,-0.014854402193299567,0.0,-0.001071601917233006,0.0
F1,Step 7,0.4,original,linear,SKS03,4,5,48,19.45,1.38,0.000000;0.132648;0.564524;0.852442;1.000000,0.000000;0.256041;0.502828;0.749614;1.000000,0.0303576514234019,0.043454137783744386,-0.013096486360342486,-0.013874498002922453,0.0,-0.0009666750905838658,0.0
F1,Step 8,0.4,original,linear,SKS03,4,5,48,19.45,1.38,0.000000;0.132648;0.564524;0.852442;1.000000,0.000000;0.256041;0.502828;0.749614;1.000000,0.030910661746329778,0.04542158218523553,-0.014510920438905752,-0.015167052794654252,0.0,-0.0011076511186140904,0.0
F1,Step 9,0.4,original,linear,SKS03,4,5,48,19.45,1.38,0.000000;0.132648;0.564524;0.852442;1.000000,0.000000;0.256041;0.502828;0.749614;1.000000,0.03057466248701725,0.04440184585610822,-0.013827183369090973,-0.014149588556661548,0.0,-0.0010367139292345748,0.0
F1,Step 10,0.4,original,linear,SKS03,4,5,48,19.45,1.38,0.000000;0.132648;0.564524;0.852442;1.000000,0.000000;0.256041;0.502828;0.749614;1.000000,0.03225435366597067,0.04635434890017398,-0.014099995234203314,-0.014398657864329756,0.0,-0.0011083823315495452,0.0
F1,Step 11,0.4,original,linear,SKS03,4,5,48,19.45,1.38,0.000000;0.132648;0.564524;0.852442;1.000000,0.000000;0.256041;0.502828;0.749614;1.000000,0.03176005940570205,0.04423795967130092,-0.01247790026559887,-0.012451600291364703,0.0,-0.0009482957024259233,0.0
F1,Step 12,0.4,original,linear,SKS03,4,5,48,19.45,1.38,0.000000;0.132648;0.564524;0.852442;1.000000,0.000000;0.256041;0.502828;0.749614;1.000000,0.03736243735757142,0.04712165773497431,-0.009759220377402886,-0.009674967361860715,0.0,-0.0008244989023936151,0.0
F1,Step 1,0.4,original,pchip,SKS03,4,5,48,19.45,1.38,0.000000;0.132648;0.564524;0.852442;1.000000,0.000000;0.256041;0.502828;0.749614;1.000000,0.04259298066670832,0.04229380133980067,0.00029917932690765037,-0.0016830930247794113,0.0,2.539637030406332e-05,0.0
F1,Step 2,0.4,original,pchip,SKS03,4,5,48,19.45,1.38,0.000000;0.132648;0.564524;0.852442;1.000000,0.000000;0.256041;0.502828;0.749614;1.000000,0.04000517048281091,0.044339475710343676,-0.004334305227532767,-0.006649642531538512,0.0,-0.00036557544090939166,0.0
F1,Step 3,0.4,original,pchip,SKS03,4,5,48,19.45,1.38,0.000000;0.132648;0.564524;0.852442;1.000000,0.000000;0.256041;0.502828;0.749614;1.000000,0.039631490555864964,0.04842673575194037,-0.008795245196075406,-0.010880022993527888,0.0,-0.0007744936919086461,0.0
F1,Step 4,0.4,original,pchip,SKS03,4,5,48,19.45,1.38,0.000000;0.132648;0.564524;0.852442;1.000000,0.000000;0.256041;0.502828;0.749614;1.000000,0.03941132789396944,0.0447891536986419,-0.005377825804672456,-0.007394067816661076,0.0,-0.0004528155226745936,0.0
F1,Step 5,0.4,original,pchip,SKS03,4,5,48,19.45,1.38,0.000000;0.132648;0.564524;0.852442;1.000000,0.000000;0.256041;0.502828;0.749614;1.000000,0.04281054908379452,0.051119682769549896,-0.008309133685755372,-0.010535284108507022,0.0,-0.0007804788536034356,0.0
F1,Step 6,0.4,original,pchip,SKS03,4,5,48,19.45,1.38,0.000000;0.132648;0.564524;0.852442;1.000000,0.000000;0.256041;0.502828;0.749614;1.000000,0.03530670064188094,0.047153037480067383,-0.011846336838186443,-0.013112540763115299,0.0,-0.0009768458333812438,0.0
F1,Step 7,0.4,original,pchip,SKS03,4,5,48,19.45,1.38,0.000000;0.132648;0.564524;0.852442;1.000000,0.000000;0.256041;0.502828;0.749614;1.000000,0.034619365255724927,0.046078958987209866,-0.01145959373148494,-0.012663709887542972,0.0,-0.0009247700106356744,0.0
F1,Step 8,0.4,original,pchip,SKS03,4,5,48,19.45,1.38,0.000000;0.132648;0.564524;0.852442;1.000000,0.000000;0.256041;0.502828;0.749614;1.000000,0.03486975806160022,0.04635956428767093,-0.011489806226070709,-0.012490138660830909,0.0,-0.0009333091736681599,0.0
F1,Step 9,0.4,original,pchip,SKS03,4,5,48,19.45,1.38,0.000000;0.132648;0.564524;0.852442;1.000000,0.000000;0.256041;0.502828;0.749614;1.000000,0.03180854017183112,0.04528330218387364,-0.013474762012042521,-0.014050557533995298,0.0,-0.0010387942288130213,0.0
F1,Step 10,0.4,original,pchip,SKS03,4,5,48,19.45,1.38,0.000000;0.132648;0.564524;0.852442;1.000000,0.000000;0.256041;0.502828;0.749614;1.000000,0.033783149556930445,0.04671618856444618,-0.012933039007515738,-0.013471986644988963,0.0,-0.0010411010800029626,0.0
F1,Step 11,0.4,original,pchip,SKS03,4,5,48,19.45,1.38,0.000000;0.132648;0.564524;0.852442;1.000000,0.000000;0.256041;0.502828;0.749614;1.000000,0.03160719087605639,0.04300315253794857,-0.011395961661892183,-0.01145249378196802,0.0,-0.0008502566131266108,0.0
F1,Step 12,0.4,original,pchip,SKS03,4,5,48,19.45,1.38,0.000000;0.132648;0.564524;0.852442;1.000000,0.000000;0.256041;0.502828;0.749614;1.000000,0.03673094299722925,0.04667611238976043,-0.009945169392531178,-0.009887652659464681,0.0,-0.0008294972943558425,0.0
F1,Step 1,0.4,boundary_constrained,linear,SKS02,2,3,48,19.45,1.38,0.000000;0.132648;1.000000,0.000000;0.502828;1.000000,0.03201266567270418,0.03938536249289133,-0.007372696820187152,-0.008707237663546807,0.0,-0.000526396015224119,0.0
F1,Step 2,0.4,boundary_constrained,linear,SKS02,2,3,48,19.45,1.38,0.000000;0.132648;1.000000,0.000000;0.502828;1.000000,0.0325986842701659,0.03557035653502815,-0.0029716722648622518,-0.004092075884386724,0.0,-0.00020257604788305794,0.0
F1,Step 3,0.4,boundary_constrained,linear,SKS02,2,3,48,19.45,1.38,0.000000;0.132648;1.000000,0.000000;0.502828;1.000000,0.04107274168054193,0.0354032032292772,0.005669538451264729,0.004544881793970154,0.0,0.00043358331026302255,0.0
F1,Step 4,0.4,boundary_constrained,linear,SKS02,2,3,48,19.45,1.38,0.000000;0.132648;1.000000,0.000000;0.502828;1.000000,0.033802638302326236,0.03303026086977449,0.0007723774325517491,-0.0006686614561821763,0.0,5.1620223072537056e-05,0.0
F1,Step 5,0.4,boundary_constrained,linear,SKS02,2,3,48,19.45,1.38,0.000000;0.132648;1.000000,0.000000;0.502828;1.000000,0.044358520180939005,0.04241477874688529,0.0019437414340537154,0.0001000381995316102,0.0,0.00016866485649554125,0.0
F1,Step 6,0.4,boundary_constrained,linear,SKS02,2,3,48,19.45,1.38,0.000000;0.132648;1.000000,0.000000;0.502828;1.000000,0.05731481363871491,0.043217968722426996,0.014096844916287918,0.013033698492503243,0.0,0.001417195041947943,0.0
F1,Step 7,0.4,boundary_constrained,linear,SKS02,2,3,48,19.45,1.38,0.000000;0.132648;1.000000,0.000000;0.502828;1.000000,0.053189924842819404,0.04060535669309035,0.012584568149729053,0.011743998127348249,0.0,0.0011803731126116795,0.0
F1,Step 8,0.4,boundary_constrained,linear,SKS02,2,3,48,19.45,1.38,0.000000;0.132648;1.000000,0.000000;0.502828;1.000000,0.06460558082041593,0.04679801645043866,0.017807564369977262,0.017074720732619918,0.0,0.0019838267294477667,0.0
F1,Step 9,0.4,boundary_constrained,linear,SKS02,2,3,48,19.45,1.38,0.000000;0.132648;1.000000,0.000000;0.502828;1.000000,0.06977344150685068,0.047221723540238306,0.022551717966612372,0.022184789188239094,0.0,0.002638441965599217,0.0
F1,Step 10,0.4,boundary_constrained,linear,SKS02,2,3,48,19.45,1.38,0.000000;0.132648;1.000000,0.000000;0.502828;1.000000,0.07433121463192136,0.05033721999984603,0.023993994632075327,0.023632791469067355,0.0,0.00299129375134386,0.0
F1,Step 11,0.4,boundary_constrained,linear,SKS02,2,3,48,19.45,1.38,0.000000;0.132648;1.000000,0.000000;0.502828;1.000000,0.0814771133750053,0.052083611039681496,0.0293935023353238,0.029208610457488987,0.0,0.003925817464990634,0.0
F1,Step 12,0.4,boundary_constrained,linear,SKS02,2,3,48,19.45,1.38,0.000000;0.132648;1.000000,0.000000;0.502828;1.000000,0.07157843825124743,0.04961461324632479,0.021963825004922645,0.02184927489598039,0.0,0.0026618629749052534,0.0
F1,Step 1,0.4,boundary_constrained,pchip,SKS02,2,3,48,19.45,1.38,0.000000;0.132648;1.000000,0.000000;0.502828;1.000000,0.08966173312792948,0.039216075564621214,0.050445657563308266,0.047398717500219956,0.0,0.006501325804813965,0.0
F1,Step 2,0.4,boundary_constrained,pchip,SKS02,2,3,48,19.45,1.38,0.000000;0.132648;1.000000,0.000000;0.502828;1.000000,0.09066438714952088,0.041210679202084384,0.0494537079474365,0.047974214412009865,0.0,0.0065217110169010955,0.0
F1,Step 3,0.4,boundary_constrained,pchip,SKS02,2,3,48,19.45,1.38,0.000000;0.132648;1.000000,0.000000;0.502828;1.000000,0.06742837271586861,0.038499893890786875,0.02892847882508174,0.02794260433333042,0.0,0.003064343617508247,0.0
F1,Step 4,0.4,boundary_constrained,pchip,SKS02,2,3,48,19.45,1.38,0.000000;0.132648;1.000000,0.000000;0.502828;1.000000,0.08661292734568474,0.03650574981314167,0.05010717753254307,0.048529811423761775,0.0,0.00616912941396917,0.0
F1,Step 5,0.4,boundary_constrained,pchip,SKS02,2,3,48,19.45,1.38,0.000000;0.132648;1.000000,0.000000;0.502828;1.000000,0.10010499057625631,0.04078848678232817,0.05931650379392814,0.05711782821734464,0.0,0.008357308484280205,0.0
F1,Step 6,0.4,boundary_constrained,pchip,SKS02,2,3,48,19.45,1.38,0.000000;0.132648;1.000000,0.000000;0.502828;1.000000,0.06156209426719776,0.03912963865414849,0.022432455613049275,0.02165377079812416,0.0,0.0022587628293591123,0.0
F1,Step 7,0.4,boundary_constrained,pchip,SKS02,2,3,48,19.45,1.38,0.000000;0.132648;1.000000,0.000000;0.502828;1.000000,0.05730008236003376,0.03730052273393022,0.019999559626103544,0.01940193501175029,0.0,0.0018919704422422072,0.0
F1,Step 8,0.4,boundary_constrained,pchip,SKS02,2,3,48,19.45,1.38,0.000000;0.132648;1.000000,0.000000;0.502828;1.000000,0.05903450880901403,0.0400661718368622,0.018968336972151827,0.01851045512950872,0.0,0.0018797751046605849,0.0
F1,Step 9,0.4,boundary_constrained,pchip,SKS02,2,3,48,19.45,1.38,0.000000;0.132648;1.000000,0.000000;0.502828;1.000000,0.04265656401898285,0.04063107503891479,0.0020254889800680603,0.0019681712084405473,0.0,0.00016869819508765738,0.0
F1,Step 10,0.4,boundary_constrained,pchip,SKS02,2,3,48,19.45,1.38,0.000000;0.132648;1.000000,0.000000;0.502828;1.000000,0.04584300985278794,0.04332205565970599,0.002520954193081952,0.0024666103971660025,0.0,0.00022478104578014876,0.0
F1,Step 11,0.4,boundary_constrained,pchip,SKS02,2,3,48,19.45,1.38,0.000000;0.132648;1.000000,0.000000;0.502828;1.000000,0.04919453641974796,0.04455262856214915,0.004641907857598812,0.0045909306031394065,0.0,0.0004351657017570808,0.0
F1,Step 12,0.4,boundary_constrained,pchip,SKS02,2,3,48,19.45,1.38,0.000000;0.132648;1.000000,0.000000;0.502828;1.000000,0.049774984956403145,0.04592475138849535,0.0038502335679077987,0.0037688582589230635,0.0,0.0003684663373150542,0.0
F1,Step 1,0.4,boundary_constrained,linear,SKS02,3,4,48,19.45,1.38,0.000000;0.132648;0.420566;1.000000,0.000000;0.338303;0.667352;1.000000,0.03451589368970123,0.04450688388999361,-0.009990990200292378,-0.011190247162581046,0.0,-0.0007895157963986151,0.0
F1,Step 2,0.4,boundary_constrained,linear,SKS02,3,4,48,19.45,1.38,0.000000;0.132648;0.420566;1.000000,0.000000;0.338303;0.667352;1.000000,0.03417574028491369,0.034031091896269634,0.0001446483886440586,-0.0011076368029064657,0.0,9.866008369523836e-06,0.0
F1,Step 3,0.4,boundary_constrained,linear,SKS02,3,4,48,19.45,1.38,0.000000;0.132648;0.420566;1.000000,0.000000;0.338303;0.667352;1.000000,0.038050340748864035,0.04196155679338086,-0.003911216044516823,-0.0046208600176115555,0.0,-0.0003129438174194644,0.0
F1,Step 4,0.4,boundary_constrained,linear,SKS02,3,4,48,19.45,1.38,0.000000;0.132648;0.420566;1.000000,0.000000;0.338303;0.667352;1.000000,0.03157049250218755,0.03705560586514266,-0.00548511336295511,-0.006529542378429072,0.0,-0.0003764219292021152,0.0
F1,Step 5,0.4,boundary_constrained,linear,SKS02,3,4,48,19.45,1.38,0.000000;0.132648;0.420566;1.000000,0.000000;0.338303;0.667352;1.000000,0.03929318168787244,0.046407227966464834,-0.007114046278592391,-0.008393002878947071,0.0,-0.0006096766803752813,0.0
F1,Step 6,0.4,boundary_constrained,linear,SKS02,3,4,48,19.45,1.38,0.000000;0.132648;0.420566;1.000000,0.000000;0.338303;0.667352;1.000000,0.045137477379139986,0.04577082208128252,-0.0006333447021425326,-0.0013038815459406189,0.0,-5.757628984404533e-05,0.0
F1,Step 7,0.4,boundary_constrained,linear,SKS02,3,4,48,19.45,1.38,0.000000;0.132648;0.420566;1.000000,0.000000;0.338303;0.667352;1.000000,0.04331067824731008,0.043638428379154354,-0.00032775013184427326,-0.0008754515931414797,0.0,-2.8497581160565576e-05,0.0
F1,Step 8,0.4,boundary_constrained,linear,SKS02,3,4,48,19.45,1.38,0.000000;0.132648;0.420566;1.000000,0.000000;0.338303;0.667352;1.000000,0.04993673830490762,0.04860739752593658,0.0013293407789710388,0.000856094369319535,0.0,0.00013099873828840256,0.0
F1,Step 9,0.4,boundary_constrained,linear,SKS02,3,4,48,19.45,1.38,0.000000;0.132648;0.420566;1.000000,0.000000;0.338303;0.667352;1.000000,0.05264714625984677,0.04801431796870063,0.0046328282911461405,0.00443851063577122,0.0,0.00046634727930620873,0.0
F1,Step 10,0.4,boundary_constrained,linear,SKS02,3,4,48,19.45,1.38,0.000000;0.132648;0.420566;1.000000,0.000000;0.338303;0.667352;1.000000,0.05641700700116337,0.051748234287123565,0.004668772714039808,0.004484685619888407,0.0,0.0005049989271342868,0.0
F1,Step 11,0.4,boundary_constrained,linear,SKS02,3,4,48,19.45,1.38,0.000000;0.132648;0.420566;1.000000,0.000000;0.338303;0.667352;1.000000,0.05784180490054607,0.051516935067081014,0.006324869833465058,0.006286700226790405,0.0,0.0006916797954469941,0.0
F1,Step 12,0.4,boundary_constrained,linear,SKS02,3,4,48,19.45,1.38,0.000000;0.132648;0.420566;1.000000,0.000000;0.338303;0.667352;1.000000,0.053685704468966165,0.0515768508338331,0.002108853635133065,0.002100865198802336,0.0,0.00022198332239370343,0.0
F1,Step 1,0.4,boundary_constrained,pchip,SKS02,3,4,48,19.45,1.38,0.000000;0.132648;0.420566;1.000000,0.000000;0.338303;0.667352;1.000000,0.03837468313398621,0.04281455427888126,-0.004439871144895052,-0.005918235299159955,0.0,-0.000360469752465424,0.0
F1,Step 2,0.4,boundary_constrained,pchip,SKS02,3,4,48,19.45,1.38,0.000000;0.132648;0.420566;1.000000,0.000000;0.338303;0.667352;1.000000,0.039500548546990345,0.03356854815433137,0.0059320003926589746,0.004809241902606488,0.0,0.0004334459103234774,0.0
F1,Step 3,0.4,boundary_constrained,pchip,SKS02,3,4,48,19.45,1.38,0.000000;0.132648;0.420566;1.000000,0.000000;0.338303;0.667352;1.000000,0.03958496742037948,0.041556922957444356,-0.001971955537064876,-0.0025118867918840077,0.0,-0.00016000820001846097,0.0
F1,Step 4,0.4,boundary_constrained,pchip,SKS02,3,4,48,19.45,1.38,0.000000;0.132648;0.420566;1.000000,0.000000;0.338303;0.667352;1.000000,0.036658344898942194,0.03510045804374578,0.001557886855196415,0.0006101680912215593,0.0,0.00011179209584904358,0.0
F1,Step 5,0.4,boundary_constrained,pchip,SKS02,3,4,48,19.45,1.38,0.000000;0.132648;0.420566;1.000000,0.000000;0.338303;0.667352;1.000000,0.04166310978679999,0.0431455204553507,-0.0014824106685507113,-0.0026548992220224443,0.0,-0.00012572121825613707,0.0
F1,Step 6,0.4,boundary_constrained,pchip,SKS02,3,4,48,19.45,1.38,0.000000;0.132648;0.420566;1.000000,0.000000;0.338303;0.667352;1.000000,0.04123633967215837,0.04237979280865392,-0.0011434531364955536,-0.0015825008582113567,0.0,-9.56111289468125e-05,0.0
F1,Step 7,0.4,boundary_constrained,pchip,SKS02,3,4,48,19.45,1.38,0.000000;0.132648;0.420566;1.000000,0.000000;0.338303;0.667352;1.000000,0.04000168361073131,0.04080869164603206,-0.0008070080353007533,-0.001190399855670085,0.0,-6.521462216787747e-05,0.0
F1,Step 8,0.4,boundary_constrained,pchip,SKS02,3,4,48,19.45,1.38,0.000000;0.132648;0.420566;1.000000,0.000000;0.338303;0.667352;1.000000,0.04394251518404467,0.04458047637192325,-0.0006379611878785801,-0.000932882678309141,0.0,-5.647423284761121e-05,0.0
F1,Step 9,0.4,boundary_constrained,pchip,SKS02,3,4,48,19.45,1.38,0.000000;0.132648;0.420566;1.000000,0.000000;0.338303;0.667352;1.000000,0.04372134394883685,0.0440977236372468,-0.0003763796884099502,-0.0004523818375165231,0.0,-3.30533132945028e-05,0.0
F1,Step 10,0.4,boundary_constrained,pchip,SKS02,3,4,48,19.45,1.38,0.000000;0.132648;0.420566;1.000000,0.000000;0.338303;0.667352;1.000000,0.04689262494680834,0.04767145910392697,-0.0007788341571186297,-0.0008438190498541026,0.0,-7.364973869534996e-05,0.0
F1,Step 11,0.4,boundary_constrained,pchip,SKS02,3,4,48,19.45,1.38,0.000000;0.132648;0.420566;1.000000,0.000000;0.338303;0.667352;1.000000,0.045291362520580886,0.047115256138721445,-0.0018238936181405596,-0.001818120094407738,0.0,-0.00016853984204665026,0.0
F1,Step 12,0.4,boundary_constrained,pchip,SKS02,3,4,48,19.45,1.38,0.000000;0.132648;0.420566;1.000000,0.000000;0.338303;0.667352;1.000000,0.04544593658038244,0.04962570116280361,-0.004179764582421169,-0.004197331296373237,0.0,-0.0003973770642317449,0.0
F1,Step 1,0.4,boundary_constrained,linear,SKS02,4,5,48,19.45,1.38,0.000000;0.132648;0.708483;0.852442;1.000000,0.000000;0.256041;0.502828;0.749614;1.000000,0.04179337942034004,0.041591799546620116,0.00020157987371992314,-0.001622194772023626,0.0,1.680877384627304e-05,0.0
F1,Step 2,0.4,boundary_constrained,linear,SKS02,4,5,48,19.45,1.38,0.000000;0.132648;0.708483;0.852442;1.000000,0.000000;0.256041;0.502828;0.749614;1.000000,0.048108018273689365,0.039717415228964915,0.00839060304472445,0.006358483004659951,0.0,0.0007369083497516157,0.0
F1,Step 3,0.4,boundary_constrained,linear,SKS02,4,5,48,19.45,1.38,0.000000;0.132648;0.708483;0.852442;1.000000,0.000000;0.256041;0.502828;0.749614;1.000000,0.041699465454170866,0.04223010362578921,-0.0005306381716183445,-0.0021660898310593285,0.0,-4.453623308130495e-05,0.0
F1,Step 4,0.4,boundary_constrained,linear,SKS02,4,5,48,19.45,1.38,0.000000;0.132648;0.708483;0.852442;1.000000,0.000000;0.256041;0.502828;0.749614;1.000000,0.04750778725454157,0.040310551619506564,0.007197235635035007,0.0052781979168783286,0.0,0.0006320492779538792,0.0
F1,Step 5,0.4,boundary_constrained,linear,SKS02,4,5,48,19.45,1.38,0.000000;0.132648;0.708483;0.852442;1.000000,0.000000;0.256041;0.502828;0.749614;1.000000,0.048668516022498776,0.04789369745971488,0.0007748185627838924,-0.0012899865088814924,0.0,7.481819546952043e-05,0.0
F1,Step 6,0.4,boundary_constrained,linear,SKS02,4,5,48,19.45,1.38,0.000000;0.132648;0.708483;0.852442;1.000000,0.000000;0.256041;0.502828;0.749614;1.000000,0.050772411542116175,0.04519762568886323,0.005574785853252946,0.00431252512745476,0.0,0.0005350124058914225,0.0
F1,Step 7,0.4,boundary_constrained,linear,SKS02,4,5,48,19.45,1.38,0.000000;0.132648;0.708483;0.852442;1.000000,0.000000;0.256041;0.502828;0.749614;1.000000,0.051168060337398534,0.043454137783744386,0.007713922553654148,0.006589272891475408,0.0,0.0007299083081630155,0.0
F1,Step 8,0.4,boundary_constrained,linear,SKS02,4,5,48,19.45,1.38,0.000000;0.132648;0.708483;0.852442;1.000000,0.000000;0.256041;0.502828;0.749614;1.000000,0.05171604869133246,0.04542158218523553,0.006294466506096927,0.005370800351531313,0.0,0.0006114295640341638,0.0
F1,Step 9,0.4,boundary_constrained,linear,SKS02,4,5,48,19.45,1.38,0.000000;0.132648;0.708483;0.852442;1.000000,0.000000;0.256041;0.502828;0.749614;1.000000,0.05484313180023221,0.04440184585610822,0.010441285944123989,0.009923819642314237,0.0,0.001036245190228047,0.0
F1,Step 10,0.4,boundary_constrained,linear,SKS02,4,5,48,19.45,1.38,0.000000;0.132648;0.708483;0.852442;1.000000,0.000000;0.256041;0.502828;0.749614;1.000000,0.0568672489603395,0.04635434890017398,0.010512900060165517,0.010026373550473623,0.0,0.001085158342358173,0.0
F1,Step 11,0.4,boundary_constrained,linear,SKS02,4,5,48,19.45,1.38,0.000000;0.132648;0.708483;0.852442;1.000000,0.000000;0.256041;0.502828;0.749614;1.000000,0.058369864173526236,0.04423795967130092,0.014131904502225318,0.013998121403936685,0.0,0.0014500439677562552,0.0
F1,Step 12,0.4,boundary_constrained,linear,SKS02,4,5,48,19.45,1.38,0.000000;0.132648;0.708483;0.852442;1.000000,0.000000;0.256041;0.502828;0.749614;1.000000,0.06231815572945409,0.04712165773497431,0.01519649799447978,0.015139866346450134,0.0,0.0016631019058284274,0.0
F1,Step 1,0.4,boundary_constrained,pchip,SKS02,4,5,48,19.45,1.38,0.000000;0.132648;0.708483;0.852442;1.000000,0.000000;0.256041;0.502828;0.749614;1.000000,0.06219180034216405,0.04229380133980067,0.01989799900236338,0.01716552157566633,0.0,0.0020790543980290714,0.0
F1,Step 2,0.4,boundary_constrained,pchip,SKS02,4,5,48,19.45,1.38,0.000000;0.132648;0.708483;0.852442;1.000000,0.000000;0.256041;0.502828;0.749614;1.000000,0.06582997465970188,0.044339475710343676,0.0214904989493582,0.018753978584386148,0.0,0.0023675964574288344,0.0
F1,Step 3,0.4,boundary_constrained,pchip,SKS02,4,5,48,19.45,1.38,0.000000;0.132648;0.708483;0.852442;1.000000,0.000000;0.256041;0.502828;0.749614;1.000000,0.0596406457515507,0.04842673575194037,0.011213909999610333,0.008798434463472275,0.0,0.0012118578900737027,0.0
F1,Step 4,0.4,boundary_constrained,pchip,SKS02,4,5,48,19.45,1.38,0.000000;0.132648;0.708483;0.852442;1.000000,0.000000;0.256041;0.502828;0.749614;1.000000,0.06556432325340775,0.0447891536986419,0.020775169554765847,0.01831182087948119,0.0,0.0022926121946367753,0.0
F1,Step 5,0.4,boundary_constrained,pchip,SKS02,4,5,48,19.45,1.38,0.000000;0.132648;0.708483;0.852442;1.000000,0.000000;0.256041;0.502828;0.749614;1.000000,0.06710621927987939,0.051119682769549896,0.015986536510329497,0.013278299000359643,0.0,0.0018900226995798401,0.0
F1,Step 6,0.4,boundary_constrained,pchip,SKS02,4,5,48,19.45,1.38,0.000000;0.132648;0.708483;0.852442;1.000000,0.000000;0.256041;0.502828;0.749614;1.000000,0.06748515998092369,0.047153037480067383,0.02033212250085631,0.018554723686203922,0.0,0.002330837874054224,0.0
F1,Step 7,0.4,boundary_constrained,pchip,SKS02,4,5,48,19.45,1.38,0.000000;0.132648;0.708483;0.852442;1.000000,0.000000;0.256041;0.502828;0.749614;1.000000,0.06966430039021404,0.046078958987209866,0.023585341403004174,0.02196241803440146,0.0,0.002729844287513007,0.0
F1,Step 8,0.4,boundary_constrained,pchip,SKS02,4,5,48,19.45,1.38,0.000000;0.132648;0.708483;0.852442;1.000000,0.000000;0.256041;0.502828;0.749614;1.000000,0.06800459363495609,0.04635956428767093,0.021645029347285162,0.020315894251800512,0.0,0.002475415554512817,0.0
F1,Step 9,0.4,boundary_constrained,pchip,SKS02,4,5,48,19.45,1.38,0.000000;0.132648;0.708483;0.852442;1.000000,0.000000;0.256041;0.502828;0.749614;1.000000,0.07384012805725765,0.04528330218387364,0.028556825873384005,0.02768005535854714,0.0,0.0034017870548361923,0.0
F1,Step 10,0.4,boundary_constrained,pchip,SKS02,4,5,48,19.45,1.38,0.000000;0.132648;0.708483;0.852442;1.000000,0.000000;0.256041;0.502828;0.749614;1.000000,0.07529509736427574,0.04671618856444618,0.028578908799829557,0.027751650588573526,0.0,0.003486949413106871,0.0
F1,Step 11,0.4,boundary_constrained,pchip,SKS02,4,5,48,19.45,1.38,0.000000;0.132648;0.708483;0.852442;1.000000,0.000000;0.256041;0.502828;0.749614;1.000000,0.079190008301623,0.04300315253794857,0.036186855763674426,0.03583691289792267,0.0,0.004421786286609047,0.0
F1,Step 12,0.4,boundary_constrained,pchip,SKS02,4,5,48,19.45,1.38,0.000000;0.132648;0.708483;0.852442;1.000000,0.000000;0.256041;0.502828;0.749614;1.000000,0.08229957724527713,0.04667611238976043,0.0356234648555167,0.0354164712164426,0.0,0.004594560946929792,0.0
F1,Step 1,0.4,boundary_constrained,linear,SKS03,2,3,48,19.45,1.38,0.000000;0.132648;1.000000,0.000000;0.502828;1.000000,0.03201266567270418,0.03938536249289133,-0.007372696820187152,-0.008707237663546807,0.0,-0.000526396015224119,0.0
F1,Step 2,0.4,boundary_constrained,linear,SKS03,2,3,48,19.45,1.38,0.000000;0.132648;1.000000,0.000000;0.502828;1.000000,0.0325986842701659,0.03557035653502815,-0.0029716722648622518,-0.004092075884386724,0.0,-0.00020257604788305794,0.0
F1,Step 3,0.4,boundary_constrained,linear,SKS03,2,3,48,19.45,1.38,0.000000;0.132648;1.000000,0.000000;0.502828;1.000000,0.04107274168054193,0.0354032032292772,0.005669538451264729,0.004544881793970154,0.0,0.00043358331026302255,0.0
F1,Step 4,0.4,boundary_constrained,linear,SKS03,2,3,48,19.45,1.38,0.000000;0.132648;1.000000,0.000000;0.502828;1.000000,0.033802638302326236,0.03303026086977449,0.0007723774325517491,-0.0006686614561821763,0.0,5.1620223072537056e-05,0.0
F1,Step 5,0.4,boundary_constrained,linear,SKS03,2,3,48,19.45,1.38,0.000000;0.132648;1.000000,0.000000;0.502828;1.000000,0.044358520180939005,0.04241477874688529,0.0019437414340537154,0.0001000381995316102,0.0,0.00016866485649554125,0.0
F1,Step 6,0.4,boundary_constrained,linear,SKS03,2,3,48,19.45,1.38,0.000000;0.132648;1.000000,0.000000;0.502828;1.000000,0.05731481363871491,0.043217968722426996,0.014096844916287918,0.013033698492503243,0.0,0.001417195041947943,0.0
F1,Step 7,0.4,boundary_constrained,linear,SKS03,2,3,48,19.45,1.38,0.000000;0.132648;1.000000,0.000000;0.502828;1.000000,0.053189924842819404,0.04060535669309035,0.012584568149729053,0.011743998127348249,0.0,0.0011803731126116795,0.0
F1,Step 8,0.4,boundary_constrained,linear,SKS03,2,3,48,19.45,1.38,0.000000;0.132648;1.000000,0.000000;0.502828;1.000000,0.06460558082041593,0.04679801645043866,0.017807564369977262,0.017074720732619918,0.0,0.0019838267294477667,0.0
F1,Step 9,0.4,boundary_constrained,linear,SKS03,2,3,48,19.45,1.38,0.000000;0.132648;1.000000,0.000000;0.502828;1.000000,0.06977344150685068,0.047221723540238306,0.022551717966612372,0.022184789188239094,0.0,0.002638441965599217,0.0
F1,Step 10,0.4,boundary_constrained,linear,SKS03,2,3,48,19.45,1.38,0.000000;0.132648;1.000000,0.000000;0.502828;1.000000,0.07433121463192136,0.05033721999984603,0.023993994632075327,0.023632791469067355,0.0,0.00299129375134386,0.0
F1,Step 11,0.4,boundary_constrained,linear,SKS03,2,3,48,19.45,1.38,0.000000;0.132648;1.000000,0.000000;0.502828;1.000000,0.0814771133750053,0.052083611039681496,0.0293935023353238,0.029208610457488987,0.0,0.003925817464990634,0.0
F1,Step 12,0.4,boundary_constrained,linear,SKS03,2,3,48,19.45,1.38,0.000000;0.132648;1.000000,0.000000;0.502828;1.000000,0.07157843825124743,0.04961461324632479,0.021963825004922645,0.02184927489598039,0.0,0.0026618629749052534,0.0
F1,Step 1,0.4,boundary_constrained,pchip,SKS03,2,3,48,19.45,1.38,0.000000;0.132648;1.000000,0.000000;0.502828;1.000000,0.08966173312792948,0.039216075564621214,0.050445657563308266,0.047398717500219956,0.0,0.006501325804813965,0.0
F1,Step 2,0.4,boundary_constrained,pchip,SKS03,2,3,48,19.45,1.38,0.000000;0.132648;1.000000,0.000000;0.502828;1.000000,0.09066438714952088,0.041210679202084384,0.0494537079474365,0.047974214412009865,0.0,0.0065217110169010955,0.0
F1,Step 3,0.4,boundary_constrained,pchip,SKS03,2,3,48,19.45,1.38,0.000000;0.132648;1.000000,0.000000;0.502828;1.000000,0.06742837271586861,0.038499893890786875,0.02892847882508174,0.02794260433333042,0.0,0.003064343617508247,0.0
F1,Step 4,0.4,boundary_constrained,pchip,SKS03,2,3,48,19.45,1.38,0.000000;0.132648;1.000000,0.000000;0.502828;1.000000,0.08661292734568474,0.03650574981314167,0.05010717753254307,0.048529811423761775,0.0,0.00616912941396917,0.0
F1,Step 5,0.4,boundary_constrained,pchip,SKS03,2,3,48,19.45,1.38,0.000000;0.132648;1.000000,0.000000;0.502828;1.000000,0.10010499057625631,0.04078848678232817,0.05931650379392814,0.05711782821734464,0.0,0.008357308484280205,0.0
F1,Step 6,0.4,boundary_constrained,pchip,SKS03,2,3,48,19.45,1.38,0.000000;0.132648;1.000000,0.000000;0.502828;1.000000,0.06156209426719776,0.03912963865414849,0.022432455613049275,0.02165377079812416,0.0,0.0022587628293591123,0.0
F1,Step 7,0.4,boundary_constrained,pchip,SKS03,2,3,48,19.45,1.38,0.000000;0.132648;1.000000,0.000000;0.502828;1.000000,0.05730008236003376,0.03730052273393022,0.019999559626103544,0.01940193501175029,0.0,0.0018919704422422072,0.0
F1,Step 8,0.4,boundary_constrained,pchip,SKS03,2,3,48,19.45,1.38,0.000000;0.132648;1.000000,0.000000;0.502828;1.000000,0.05903450880901403,0.0400661718368622,0.018968336972151827,0.01851045512950872,0.0,0.0018797751046605849,0.0
F1,Step 9,0.4,boundary_constrained,pchip,SKS03,2,3,48,19.45,1.38,0.000000;0.132648;1.000000,0.000000;0.502828;1.000000,0.04265656401898285,0.04063107503891479,0.0020254889800680603,0.0019681712084405473,0.0,0.00016869819508765738,0.0
F1,Step 10,0.4,boundary_constrained,pchip,SKS03,2,3,48,19.45,1.38,0.000000;0.132648;1.000000,0.000000;0.502828;1.000000,0.04584300985278794,0.04332205565970599,0.002520954193081952,0.0024666103971660025,0.0,0.00022478104578014876,0.0
F1,Step 11,0.4,boundary_constrained,pchip,SKS03,2,3,48,19.45,1.38,0.000000;0.132648;1.000000,0.000000;0.502828;1.000000,0.04919453641974796,0.04455262856214915,0.004641907857598812,0.0045909306031394065,0.0,0.0004351657017570808,0.0
F1,Step 12,0.4,boundary_constrained,pchip,SKS03,2,3,48,19.45,1.38,0.000000;0.132648;1.000000,0.000000;0.502828;1.000000,0.049774984956403145,0.04592475138849535,0.0038502335679077987,0.0037688582589230635,0.0,0.0003684663373150542,0.0
F1,Step 1,0.4,boundary_constrained,linear,SKS03,3,4,48,19.45,1.38,0.000000;0.132648;0.420566;1.000000,0.000000;0.338303;0.667352;1.000000,0.03451589368970123,0.04450688388999361,-0.009990990200292378,-0.011190247162581046,0.0,-0.0007895157963986151,0.0
F1,Step 2,0.4,boundary_constrained,linear,SKS03,3,4,48,19.45,1.38,0.000000;0.132648;0.420566;1.000000,0.000000;0.338303;0.667352;1.000000,0.03417574028491369,0.034031091896269634,0.0001446483886440586,-0.0011076368029064657,0.0,9.866008369523836e-06,0.0
F1,Step 3,0.4,boundary_constrained,linear,SKS03,3,4,48,19.45,1.38,0.000000;0.132648;0.420566;1.000000,0.000000;0.338303;0.667352;1.000000,0.038050340748864035,0.04196155679338086,-0.003911216044516823,-0.0046208600176115555,0.0,-0.0003129438174194644,0.0
F1,Step 4,0.4,boundary_constrained,linear,SKS03,3,4,48,19.45,1.38,0.000000;0.132648;0.420566;1.000000,0.000000;0.338303;0.667352;1.000000,0.03157049250218755,0.03705560586514266,-0.00548511336295511,-0.006529542378429072,0.0,-0.0003764219292021152,0.0
F1,Step 5,0.4,boundary_constrained,linear,SKS03,3,4,48,19.45,1.38,0.000000;0.132648;0.420566;1.000000,0.000000;0.338303;0.667352;1.000000,0.03929318168787244,0.046407227966464834,-0.007114046278592391,-0.008393002878947071,0.0,-0.0006096766803752813,0.0
F1,Step 6,0.4,boundary_constrained,linear,SKS03,3,4,48,19.45,1.38,0.000000;0.132648;0.420566;1.000000,0.000000;0.338303;0.667352;1.000000,0.045137477379139986,0.04577082208128252,-0.0006333447021425326,-0.0013038815459406189,0.0,-5.757628984404533e-05,0.0
F1,Step 7,0.4,boundary_constrained,linear,SKS03,3,4,48,19.45,1.38,0.000000;0.132648;0.420566;1.000000,0.000000;0.338303;0.667352;1.000000,0.04331067824731008,0.043638428379154354,-0.00032775013184427326,-0.0008754515931414797,0.0,-2.8497581160565576e-05,0.0
F1,Step 8,0.4,boundary_constrained,linear,SKS03,3,4,48,19.45,1.38,0.000000;0.132648;0.420566;1.000000,0.000000;0.338303;0.667352;1.000000,0.04993673830490762,0.04860739752593658,0.0013293407789710388,0.000856094369319535,0.0,0.00013099873828840256,0.0
F1,Step 9,0.4,boundary_constrained,linear,SKS03,3,4,48,19.45,1.38,0.000000;0.132648;0.420566;1.000000,0.000000;0.338303;0.667352;1.000000,0.05264714625984677,0.04801431796870063,0.0046328282911461405,0.00443851063577122,0.0,0.00046634727930620873,0.0
F1,Step 10,0.4,boundary_constrained,linear,SKS03,3,4,48,19.45,1.38,0.000000;0.132648;0.420566;1.000000,0.000000;0.338303;0.667352;1.000000,0.05641700700116337,0.051748234287123565,0.004668772714039808,0.004484685619888407,0.0,0.0005049989271342868,0.0
F1,Step 11,0.4,boundary_constrained,linear,SKS03,3,4,48,19.45,1.38,0.000000;0.132648;0.420566;1.000000,0.000000;0.338303;0.667352;1.000000,0.05784180490054607,0.051516935067081014,0.006324869833465058,0.006286700226790405,0.0,0.0006916797954469941,0.0
F1,Step 12,0.4,boundary_constrained,linear,SKS03,3,4,48,19.45,1.38,0.000000;0.132648;0.420566;1.000000,0.000000;0.338303;0.667352;1.000000,0.053685704468966165,0.0515768508338331,0.002108853635133065,0.002100865198802336,0.0,0.00022198332239370343,0.0
F1,Step 1,0.4,boundary_constrained,pchip,SKS03,3,4,48,19.45,1.38,0.000000;0.132648;0.420566;1.000000,0.000000;0.338303;0.667352;1.000000,0.03837468313398621,0.04281455427888126,-0.004439871144895052,-0.005918235299159955,0.0,-0.000360469752465424,0.0
F1,Step 2,0.4,boundary_constrained,pchip,SKS03,3,4,48,19.45,1.38,0.000000;0.132648;0.420566;1.000000,0.000000;0.338303;0.667352;1.000000,0.039500548546990345,0.03356854815433137,0.0059320003926589746,0.004809241902606488,0.0,0.0004334459103234774,0.0
F1,Step 3,0.4,boundary_constrained,pchip,SKS03,3,4,48,19.45,1.38,0.000000;0.132648;0.420566;1.000000,0.000000;0.338303;0.667352;1.000000,0.03958496742037948,0.041556922957444356,-0.001971955537064876,-0.0025118867918840077,0.0,-0.00016000820001846097,0.0
F1,Step 4,0.4,boundary_constrained,pchip,SKS03,3,4,48,19.45,1.38,0.000000;0.132648;0.420566;1.000000,0.000000;0.338303;0.667352;1.000000,0.036658344898942194,0.03510045804374578,0.001557886855196415,0.0006101680912215593,0.0,0.00011179209584904358,0.0
F1,Step 5,0.4,boundary_constrained,pchip,SKS03,3,4,48,19.45,1.38,0.000000;0.132648;0.420566;1.000000,0.000000;0.338303;0.667352;1.000000,0.04166310978679999,0.0431455204553507,-0.0014824106685507113,-0.0026548992220224443,0.0,-0.00012572121825613707,0.0
F1,Step 6,0.4,boundary_constrained,pchip,SKS03,3,4,48,19.45,1.38,0.000000;0.132648;0.420566;1.000000,0.000000;0.338303;0.667352;1.000000,0.04123633967215837,0.04237979280865392,-0.0011434531364955536,-0.0015825008582113567,0.0,-9.56111289468125e-05,0.0
F1,Step 7,0.4,boundary_constrained,pchip,SKS03,3,4,48,19.45,1.38,0.000000;0.132648;0.420566;1.000000,0.000000;0.338303;0.667352;1.000000,0.04000168361073131,0.04080869164603206,-0.0008070080353007533,-0.001190399855670085,0.0,-6.521462216787747e-05,0.0
F1,Step 8,0.4,boundary_constrained,pchip,SKS03,3,4,48,19.45,1.38,0.000000;0.132648;0.420566;1.000000,0.000000;0.338303;0.667352;1.000000,0.04394251518404467,0.04458047637192325,-0.0006379611878785801,-0.000932882678309141,0.0,-5.647423284761121e-05,0.0
F1,Step 9,0.4,boundary_constrained,pchip,SKS03,3,4,48,19.45,1.38,0.000000;0.132648;0.420566;1.000000,0.000000;0.338303;0.667352;1.000000,0.04372134394883685,0.0440977236372468,-0.0003763796884099502,-0.0004523818375165231,0.0,-3.30533132945028e-05,0.0
F1,Step 10,0.4,boundary_constrained,pchip,SKS03,3,4,48,19.45,1.38,0.000000;0.132648;0.420566;1.000000,0.000000;0.338303;0.667352;1.000000,0.04689262494680834,0.04767145910392697,-0.0007788341571186297,-0.0008438190498541026,0.0,-7.364973869534996e-05,0.0
F1,Step 11,0.4,boundary_constrained,pchip,SKS03,3,4,48,19.45,1.38,0.000000;0.132648;0.420566;1.000000,0.000000;0.338303;0.667352;1.000000,0.045291362520580886,0.047115256138721445,-0.0018238936181405596,-0.001818120094407738,0.0,-0.00016853984204665026,0.0
F1,Step 12,0.4,boundary_constrained,pchip,SKS03,3,4,48,19.45,1.38,0.000000;0.132648;0.420566;1.000000,0.000000;0.338303;0.667352;1.000000,0.04544593658038244,0.04962570116280361,-0.004179764582421169,-0.004197331296373237,0.0,-0.0003973770642317449,0.0
F1,Step 1,0.4,boundary_constrained,linear,SKS03,4,5,48,19.45,1.38,0.000000;0.132648;0.564524;0.852442;1.000000,0.000000;0.256041;0.502828;0.749614;1.000000,0.03593352254104731,0.041591799546620116,-0.005658277005572809,-0.007104635418895923,0.0,-0.00043865974731827436,0.0
F1,Step 2,0.4,boundary_constrained,linear,SKS03,4,5,48,19.45,1.38,0.000000;0.132648;0.564524;0.852442;1.000000,0.000000;0.256041;0.502828;0.749614;1.000000,0.032552070986648196,0.039717415228964915,-0.007165344242316719,-0.00880382589909521,0.0,-0.0005178357469502309,0.0
F1,Step 3,0.4,boundary_constrained,linear,SKS03,4,5,48,19.45,1.38,0.000000;0.132648;0.564524;0.852442;1.000000,0.000000;0.256041;0.502828;0.749614;1.000000,0.032710779060930326,0.04223010362578921,-0.009519324564858885,-0.010914271659875234,0.0,-0.0007133865854718969,0.0
F1,Step 4,0.4,boundary_constrained,linear,SKS03,4,5,48,19.45,1.38,0.000000;0.132648;0.564524;0.852442;1.000000,0.000000;0.256041;0.502828;0.749614;1.000000,0.02982579627929779,0.040310551619506564,-0.010484755340208773,-0.011918634921402986,0.0,-0.0007353624481747292,0.0
F1,Step 5,0.4,boundary_constrained,linear,SKS03,4,5,48,19.45,1.38,0.000000;0.132648;0.564524;0.852442;1.000000,0.000000;0.256041;0.502828;0.749614;1.000000,0.03207674441815102,0.04789369745971488,-0.015816953041563865,-0.017299295130031006,0.0,-0.0012648887238953172,0.0
F1,Step 6,0.4,boundary_constrained,linear,SKS03,4,5,48,19.45,1.38,0.000000;0.132648;0.564524;0.852442;1.000000,0.000000;0.256041;0.502828;0.749614;1.000000,0.03116445813226316,0.04519762568886323,-0.014033167556600067,-0.014854402193299567,0.0,-0.001071601917233006,0.0
F1,Step 7,0.4,boundary_constrained,linear,SKS03,4,5,48,19.45,1.38,0.000000;0.132648;0.564524;0.852442;1.000000,0.000000;0.256041;0.502828;0.749614;1.000000,0.0303576514234019,0.043454137783744386,-0.013096486360342486,-0.013874498002922453,0.0,-0.0009666750905838658,0.0
F1,Step 8,0.4,boundary_constrained,linear,SKS03,4,5,48,19.45,1.38,0.000000;0.132648;0.564524;0.852442;1.000000,0.000000;0.256041;0.502828;0.749614;1.000000,0.030910661746329778,0.04542158218523553,-0.014510920438905752,-0.015167052794654252,0.0,-0.0011076511186140904,0.0
F1,Step 9,0.4,boundary_constrained,linear,SKS03,4,5,48,19.45,1.38,0.000000;0.132648;0.564524;0.852442;1.000000,0.000000;0.256041;0.502828;0.749614;1.000000,0.03057466248701725,0.04440184585610822,-0.013827183369090973,-0.014149588556661548,0.0,-0.0010367139292345748,0.0
F1,Step 10,0.4,boundary_constrained,linear,SKS03,4,5,48,19.45,1.38,0.000000;0.132648;0.564524;0.852442;1.000000,0.000000;0.256041;0.502828;0.749614;1.000000,0.03225435366597067,0.04635434890017398,-0.014099995234203314,-0.014398657864329756,0.0,-0.0011083823315495452,0.0
F1,Step 11,0.4,boundary_constrained,linear,SKS03,4,5,48,19.45,1.38,0.000000;0.132648;0.564524;0.852442;1.000000,0.000000;0.256041;0.502828;0.749614;1.000000,0.03176005940570205,0.04423795967130092,-0.01247790026559887,-0.012451600291364703,0.0,-0.0009482957024259233,0.0
F1,Step 12,0.4,boundary_constrained,linear,SKS03,4,5,48,19.45,1.38,0.000000;0.132648;0.564524;0.852442;1.000000,0.000000;0.256041;0.502828;0.749614;1.000000,0.03736243735757142,0.04712165773497431,-0.009759220377402886,-0.009674967361860715,0.0,-0.0008244989023936151,0.0
F1,Step 1,0.4,boundary_constrained,pchip,SKS03,4,5,48,19.45,1.38,0.000000;0.132648;0.564524;0.852442;1.000000,0.000000;0.256041;0.502828;0.749614;1.000000,0.04259298066670832,0.04229380133980067,0.00029917932690765037,-0.0016830930247794113,0.0,2.539637030406332e-05,0.0
F1,Step 2,0.4,boundary_constrained,pchip,SKS03,4,5,48,19.45,1.38,0.000000;0.132648;0.564524;0.852442;1.000000,0.000000;0.256041;0.502828;0.749614;1.000000,0.04000517048281091,0.044339475710343676,-0.004334305227532767,-0.006649642531538512,0.0,-0.00036557544090939166,0.0
F1,Step 3,0.4,boundary_constrained,pchip,SKS03,4,5,48,19.45,1.38,0.000000;0.132648;0.564524;0.852442;1.000000,0.000000;0.256041;0.502828;0.749614;1.000000,0.039631490555864964,0.04842673575194037,-0.008795245196075406,-0.010880022993527888,0.0,-0.0007744936919086461,0.0
F1,Step 4,0.4,boundary_constrained,pchip,SKS03,4,5,48,19.45,1.38,0.000000;0.132648;0.564524;0.852442;1.000000,0.000000;0.256041;0.502828;0.749614;1.000000,0.03941132789396944,0.0447891536986419,-0.005377825804672456,-0.007394067816661076,0.0,-0.0004528155226745936,0.0
F1,Step 5,0.4,boundary_constrained,pchip,SKS03,4,5,48,19.45,1.38,0.000000;0.132648;0.564524;0.852442;1.000000,0.000000;0.256041;0.502828;0.749614;1.000000,0.04281054908379452,0.051119682769549896,-0.008309133685755372,-0.010535284108507022,0.0,-0.0007804788536034356,0.0
F1,Step 6,0.4,boundary_constrained,pchip,SKS03,4,5,48,19.45,1.38,0.000000;0.132648;0.564524;0.852442;1.000000,0.000000;0.256041;0.502828;0.749614;1.000000,0.03530670064188094,0.047153037480067383,-0.011846336838186443,-0.013112540763115299,0.0,-0.0009768458333812438,0.0
F1,Step 7,0.4,boundary_constrained,pchip,SKS03,4,5,48,19.45,1.38,0.000000;0.132648;0.564524;0.852442;1.000000,0.000000;0.256041;0.502828;0.749614;1.000000,0.034619365255724927,0.046078958987209866,-0.01145959373148494,-0.012663709887542972,0.0,-0.0009247700106356744,0.0
F1,Step 8,0.4,boundary_constrained,pchip,SKS03,4,5,48,19.45,1.38,0.000000;0.132648;0.564524;0.852442;1.000000,0.000000;0.256041;0.502828;0.749614;1.000000,0.03486975806160022,0.04635956428767093,-0.011489806226070709,-0.012490138660830909,0.0,-0.0009333091736681599,0.0
F1,Step 9,0.4,boundary_constrained,pchip,SKS03,4,5,48,19.45,1.38,0.000000;0.132648;0.564524;0.852442;1.000000,0.000000;0.256041;0.502828;0.749614;1.000000,0.03180854017183112,0.04528330218387364,-0.013474762012042521,-0.014050557533995298,0.0,-0.0010387942288130213,0.0
F1,Step 10,0.4,boundary_constrained,pchip,SKS03,4,5,48,19.45,1.38,0.000000;0.132648;0.564524;0.852442;1.000000,0.000000;0.256041;0.502828;0.749614;1.000000,0.033783149556930445,0.04671618856444618,-0.012933039007515738,-0.013471986644988963,0.0,-0.0010411010800029626,0.0
F1,Step 11,0.4,boundary_constrained,pchip,SKS03,4,5,48,19.45,1.38,0.000000;0.132648;0.564524;0.852442;1.000000,0.000000;0.256041;0.502828;0.749614;1.000000,0.03160719087605639,0.04300315253794857,-0.011395961661892183,-0.01145249378196802,0.0,-0.0008502566131266108,0.0
F1,Step 12,0.4,boundary_constrained,pchip,SKS03,4,5,48,19.45,1.38,0.000000;0.132648;0.564524;0.852442;1.000000,0.000000;0.256041;0.502828;0.749614;1.000000,0.03673094299722925,0.04667611238976043,-0.009945169392531178,-0.009887652659464681,0.0,-0.0008294972943558425,0.0
F2,Step 1,0.2,original,linear,SKS02,2,3,86,18.972,2.262,0.000000;0.140312;0.424942,0.000000;0.498735;1.000000,0.18720990488563474,0.07227591377732173,0.11493399110831301,0.08891627757635068,0.9587653490166044,-0.0030738505328418487,0.03289759130778341
F2,Step 2,0.2,original,linear,SKS02,2,3,86,18.972,2.262,0.000000;0.140312;0.424942,0.000000;0.498735;1.000000,0.2062844484056847,0.0654548309282397,0.140829617477445,0.1192069597197606,0.9790393592238399,-0.0020225067360075772,0.04029144549820072
F2,Step 3,0.2,original,linear,SKS02,2,3,86,18.972,2.262,0.000000;0.140312;0.424942,0.000000;0.498735;1.000000,0.2024394213462929,0.05916390292076483,0.14327551842552805,0.12249911652911849,0.9852997803537628,-0.0017839820584193576,0.03926533396462359
F2,Step 4,0.2,original,linear,SKS02,2,3,86,18.972,2.262,0.000000;0.140312;0.424942,0.000000;0.498735;1.000000,0.20409939331232682,0.05382828017773625,0.15027111313459057,0.1320443283162916,0.9899547353306586,-0.0011067905334944813,0.03986586913706148
F2,Step 5,0.2,original,linear,SKS02,2,3,86,18.972,2.262,0.000000;0.140312;0.424942,0.000000;0.498735;1.000000,0.20718056469690266,0.05322876083953162,0.15395180385737103,0.13733223748535411,0.9944354887270055,-0.0008288921597519237,0.04091937756736734
F2,Step 6,0.2,original,linear,SKS02,2,3,86,18.972,2.262,0.000000;0.140312;0.424942,0.000000;0.498735;1.000000,0.20583537263042578,0.05003848389240821,0.15579688873801756,0.14155603086546237,0.9956203448377502,-0.00029182075379628525,0.04015617150945172
F2,Step 7,0.2,original,linear,SKS02,2,3,86,18.972,2.262,0.000000;0.140312;0.424942,0.000000;0.498735;1.000000,0.20309867515548158,0.04867595661880276,0.15442271853667883,0.14139977881889346,0.9964478362104044,-1.0295745248875712e-05,0.03889001884240513
F2,Step 8,0.2,original,linear,SKS02,2,3,86,18.972,2.262,0.000000;0.140312;0.424942,0.000000;0.498735;1.000000,0.20401850269249888,0.04870545664651746,0.15531304604598142,0.14184497415499436,0.9963913217978929,-5.40737958096004e-06,0.03925673531332434
F2,Step 9,0.2,original,linear,SKS02,2,3,86,18.972,2.262,0.000000;0.140312;0.424942,0.000000;0.498735;1.000000,0.2027551828003504,0.046279341771042024,0.1564758410293084,0.1423323752870279,0.9966497508123559,-9.31481735899344e-05,0.03906103485123252
F2,Step 10,0.2,original,linear,SKS02,2,3,86,18.972,2.262,0.000000;0.140312;0.424942,0.000000;0.498735;1.000000,0.20261961293605865,0.04551525787042312,0.15710435506563553,0.14264365726339917,0.9965274353667177,-0.00015065331198646224,0.03913372215933357
F2,Step 11,0.2,original,linear,SKS02,2,3,86,18.972,2.262,0.000000;0.140312;0.424942,0.000000;0.498735;1.000000,0.20438721382677338,0.045570171562282345,0.15881704226449103,0.14346131826838443,0.996656948278593,-0.00030171980982485896,0.039999212449480195
F2,Step 12,0.2,original,linear,SKS02,2,3,86,18.972,2.262,0.000000;0.140312;0.424942,0.000000;0.498735;1.000000,0.20471273948842347,0.05028036636676961,0.15443237312165387,0.13947647017011636,0.9965794629703686,-0.0004990348437469686,0.039878225310625535
F2,Step 1,0.2,original,pchip,SKS02,2,3,86,18.972,2.262,0.000000;0.140312;0.424942,0.000000;0.498735;1.000000,0.19935951465051407,0.07131727973014883,0.12804223492036526,0.10179241001191419,0.8454657902555321,0.0018175454552306915,0.03284051623834955
F2,Step 2,0.2,original,pchip,SKS02,2,3,86,18.972,2.262,0.000000;0.140312;0.424942,0.000000;0.498735;1.000000,0.21344535193503855,0.06554897091425528,0.14789638102078329,0.12681859870510326,0.914449494409085,0.0012809011617372266,0.03998134951301736
F2,Step 3,0.2,original,pchip,SKS02,2,3,86,18.972,2.262,0.000000;0.140312;0.424942,0.000000;0.498735;1.000000,0.20786392980422735,0.05837183131284862,0.14949209849137873,0.1289778660295754,0.9345451611852863,0.0006735118709065772,0.039126630751934524
F2,Step 4,0.2,original,pchip,SKS02,2,3,86,18.972,2.262,0.000000;0.140312;0.424942,0.000000;0.498735;1.000000,0.20799567048881978,0.05347934384547343,0.15451632664334636,0.13683993516837417,0.9532134788532514,0.0007319504535367202,0.0396702082704146
F2,Step 5,0.2,original,pchip,SKS02,2,3,86,18.972,2.262,0.000000;0.140312;0.424942,0.000000;0.498735;1.000000,0.20950818438212815,0.05126931185773212,0.15823887252439603,0.1421500992741695,0.9724620299130706,0.00041990675147866234,0.040845230233251754
F2,Step 6,0.2,original,pchip,SKS02,2,3,86,18.972,2.262,0.000000;0.140312;0.424942,0.000000;0.498735;1.000000,0.20651709988687006,0.048489928210705795,0.15802717167616426,0.14411563527979546,0.9890579706797419,0.00013948317355994233,0.04015855623424412
F2,Step 7,0.2,original,pchip,SKS02,2,3,86,18.972,2.262,0.000000;0.140312;0.424942,0.000000;0.498735;1.000000,0.20312373424100386,0.04834107894489108,0.1547826552961128,0.14167660245436525,0.9962019906780906,4.895485744090457e-06,0.03891749601270969
F2,Step 8,0.2,original,pchip,SKS02,2,3,86,18.972,2.262,0.000000;0.140312;0.424942,0.000000;0.498735;1.000000,0.20398903555943732,0.048636175006592494,0.1553528605528448,0.1415769943379895,0.9966792089995722,-7.22624886518609e-05,0.039318311597849355
F2,Step 9,0.2,original,pchip,SKS02,2,3,86,18.972,2.262,0.000000;0.140312;0.424942,0.000000;0.498735;1.000000,0.20275483810608527,0.04746664462136832,0.15528819348471695,0.1407910567749318,0.9966531395329277,-0.00019423751764057292,0.03905067954145414
F2,Step 10,0.2,original,pchip,SKS02,2,3,86,18.972,2.262,0.000000;0.140312;0.424942,0.000000;0.498735;1.000000,0.20274051914547891,0.04739622652907468,0.15534429261640423,0.140589224084122,0.9953392128178408,-0.0002069154294693387,0.039064231243652284
F2,Step 11,0.2,original,pchip,SKS02,2,3,86,18.972,2.262,0.000000;0.140312;0.424942,0.000000;0.498735;1.000000,0.2045359723972775,0.046893922925732696,0.1576420494715448,0.1421541117908252,0.9952077425851019,-0.000298179489515923,0.03993410348665123
F2,Step 12,0.2,original,pchip,SKS02,2,3,86,18.972,2.262,0.000000;0.140312;0.424942,0.000000;0.498735;1.000000,0.20480611367166499,0.05032127369483605,0.15448483997682894,0.13947139958345303,0.9956709590279493,-0.0004623169197929157,0.03987563053081327
F2,Step 1,0.2,original,linear,SKS03,2,3,86,18.972,2.262,0.000000;0.140312;0.709572,0.000000;0.498735;1.000000,0.08356176123820638,0.07227591377732173,0.011285847460884652,-0.007262083844491507,0.3625129177845511,-0.00033202422296259656,0.002090784451846762
F2,Step 2,0.2,original,linear,SKS03,2,3,86,18.972,2.262,0.000000;0.140312;0.709572,0.000000;0.498735;1.000000,0.06006572936796983,0.0654548309282397,-0.0053891015602698655,-0.01752354635366253,0.5213667887141763,-0.0017663737612784356,0.0010899307139401848
F2,Step 3,0.2,original,linear,SKS03,2,3,86,18.972,2.262,0.000000;0.140312;0.709572,0.000000;0.498735;1.000000,0.05437195063636215,0.05916390292076483,-0.004791952284402677,-0.01617463264400726,0.6044995863171403,-0.0016882300301895652,0.0011441716373748842
F2,Step 4,0.2,original,linear,SKS03,2,3,86,18.972,2.262,0.000000;0.140312;0.709572,0.000000;0.498735;1.000000,0.050934174733666474,0.05382828017773625,-0.002894105444069775,-0.01180020321043293,0.7122534558109218,-0.0013075042150635342,0.001004310623970329
F2,Step 5,0.2,original,linear,SKS03,2,3,86,18.972,2.262,0.000000;0.140312;0.709572,0.000000;0.498735;1.000000,0.052652410800048496,0.05322876083953162,-0.0005763500394831214,-0.008255651538703807,0.8190353904695372,-0.0009814715092645034,0.0009204468918095121
F2,Step 6,0.2,original,linear,SKS03,2,3,86,18.972,2.262,0.000000;0.140312;0.709572,0.000000;0.498735;1.000000,0.053413273526393544,0.05003848389240821,0.0033747896339853325,-0.002068512977219668,0.8048142301615839,-0.00032220429650014744,0.000671332215054685
F2,Step 7,0.2,original,linear,SKS03,2,3,86,18.972,2.262,0.000000;0.140312;0.709572,0.000000;0.498735;1.000000,0.054646167274929255,0.04867595661880276,0.005970210656126497,0.001780636432230094,0.7270975813558757,0.0002656930648624893,0.0003511617802214934
F2,Step 8,0.2,original,linear,SKS03,2,3,86,18.972,2.262,0.000000;0.140312;0.709572,0.000000;0.498735;1.000000,0.05666802752398006,0.04870545664651746,0.007962570877462598,0.003464311566813698,0.6594742990121804,0.0005867673246112288,0.00025227651170154123
F2,Step 9,0.2,original,linear,SKS03,2,3,86,18.972,2.262,0.000000;0.140312;0.709572,0.000000;0.498735;1.000000,0.05574255023464687,0.046279341771042024,0.00946320846360485,0.004659774178586387,0.5622640421460822,0.0007496735706054217,0.0002157808612957941
F2,Step 10,0.2,original,linear,SKS03,2,3,86,18.972,2.262,0.000000;0.140312;0.709572,0.000000;0.498735;1.000000,0.05554187752682622,0.04551525787042312,0.010026619656403099,0.005113264931492854,0.45736452482774115,0.0009360391616988579,7.722229849499101e-05
F2,Step 11,0.2,original,linear,SKS03,2,3,86,18.972,2.262,0.000000;0.140312;0.709572,0.000000;0.498735;1.000000,0.05410918229334853,0.045570171562282345,0.008539010731066186,0.0032664824111886537,0.3592540663089915,0.0008904603756569633,-3.929730341798792e-05
F2,Step 12,0.2,original,linear,SKS03,2,3,86,18.972,2.262,0.000000;0.140312;0.709572,0.000000;0.498735;1.000000,0.05400350939499529,0.05028036636676961,0.003723143028225684,-0.0009192451057855461,0.25651808718886754,0.0007280031311971589,-0.00033973934619839095
F2,Step 1,0.2,original,pchip,SKS03,2,3,86,18.972,2.262,0.000000;0.140312;0.709572,0.000000;0.498735;1.000000,0.17781278115177618,0.07131727973014883,0.10649550142162735,0.08426272229194268,0.08005946939387246,0.024469290178987968,0.00206194057383319
F2,Step 2,0.2,original,pchip,SKS03,2,3,86,18.972,2.262,0.000000;0.140312;0.709572,0.000000;0.498735;1.000000,0.13730347936607976,0.06554897091425528,0.07175450845182448,0.05746347466873937,0.09977776866862455,0.01364031348113907,0.0009152643769745302
F2,Step 3,0.2,original,pchip,SKS03,2,3,86,18.972,2.262,0.000000;0.140312;0.709572,0.000000;0.498735;1.000000,0.1217279023760197,0.05837183131284862,0.06335607106317108,0.050181333837671774,0.12060506839358102,0.01032358407550358,0.0010868274505465515
F2,Step 4,0.2,original,pchip,SKS03,2,3,86,18.972,2.262,0.000000;0.140312;0.709572,0.000000;0.498735;1.000000,0.10475057685767904,0.05347934384547343,0.051271233012205604,0.04175252357286714,0.1683992939161037,0.0071743531365974725,0.0009382899972766706
F2,Step 5,0.2,original,pchip,SKS03,2,3,86,18.972,2.262,0.000000;0.140312;0.709572,0.000000;0.498735;1.000000,0.08900203621657075,0.05126931185773212,0.037732724358838635,0.03051706530280559,0.2866416563613338,0.0043007469857678825,0.0009920731265624994
F2,Step 6,0.2,original,pchip,SKS03,2,3,86,18.972,2.262,0.000000;0.140312;0.709572,0.000000;0.498735;1.000000,0.06215913101466496,0.048489928210705795,0.013669202803959168,0.008767331124526975,0.5942704949932686,0.0007051663391516235,0.0008073180914672579
F2,Step 7,0.2,original,pchip,SKS03,2,3,86,18.972,2.262,0.000000;0.140312;0.709572,0.000000;0.498735;1.000000,0.05152966513128184,0.04834107894489108,0.003188586186390764,-0.0011787616430070022,0.8177065452011851,-0.0001970490799089564,0.0005154955548948095
F2,Step 8,0.2,original,pchip,SKS03,2,3,86,18.972,2.262,0.000000;0.140312;0.709572,0.000000;0.498735;1.000000,0.056793898054476745,0.048636175006592494,0.00815772304788425,0.003360076356942819,0.6565543939422758,0.0004340494876920298,0.0004260198492583749
F2,Step 9,0.2,original,pchip,SKS03,2,3,86,18.972,2.262,0.000000;0.140312;0.709572,0.000000;0.498735;1.000000,0.06114787046899529,0.04746664462136832,0.013681225847626967,0.008541870845033495,0.46725214568205226,0.0011787593358613924,0.00030722037542036003
F2,Step 10,0.2,original,pchip,SKS03,2,3,86,18.972,2.262,0.000000;0.140312;0.709572,0.000000;0.498735;1.000000,0.06548046382871245,0.04739622652907468,0.01808423729963777,0.01279546304026831,0.32906378942097103,0.0019269990207190638,0.00011428983330889457
F2,Step 11,0.2,original,pchip,SKS03,2,3,86,18.972,2.262,0.000000;0.140312;0.709572,0.000000;0.498735;1.000000,0.06982927970015919,0.046893922925732696,0.022935356774426492,0.017134622017456677,0.21570912130200362,0.0027312756212857893,-5.418732520728386e-05
F2,Step 12,0.2,original,pchip,SKS03,2,3,86,18.972,2.262,0.000000;0.140312;0.709572,0.000000;0.498735;1.000000,0.07417302891157353,0.05032127369483605,0.023851755216737477,0.018334129894512198,0.13597840132073832,0.003310473364297711,-0.00034106573265118754
F2,Step 1,0.2,original,linear,SKS02,3,4,86,18.972,2.262,0.000000;0.140312;0.709572;0.857158,0.000000;0.330065;0.667405;1.000000,0.07298315204709853,0.07251946743490464,0.0004636846121938848,-0.016280887527950358,0.11995256082985895,-0.000522204464176161,0.0005896717898638662
F2,Step 2,0.2,original,linear,SKS02,3,4,86,18.972,2.262,0.000000;0.140312;0.709572;0.857158,0.000000;0.330065;0.667405;1.000000,0.049642541772903954,0.06376971338473779,-0.014127171611833834,-0.025038063215260684,0.21906440836179544,-0.002114455532357005,0.0005122611408599137
F2,Step 3,0.2,original,linear,SKS02,3,4,86,18.972,2.262,0.000000;0.140312;0.709572;0.857158,0.000000;0.330065;0.667405;1.000000,0.04681491552139517,0.057591377261632506,-0.010776461740237338,-0.02104030170896383,0.37643845400021636,-0.0018335893345242792,0.0007084589149079643
F2,Step 4,0.2,original,linear,SKS02,3,4,86,18.972,2.262,0.000000;0.140312;0.709572;0.857158,0.000000;0.330065;0.667405;1.000000,0.044326147348698046,0.052478214548359096,-0.00815206719966105,-0.016183495039351875,0.4936985335381731,-0.0015291839661720433,0.0007400283027669257
F2,Step 5,0.2,original,linear,SKS02,3,4,86,18.972,2.262,0.000000;0.140312;0.709572;0.857158,0.000000;0.330065;0.667405;1.000000,0.0486464885807776,0.05323225231490499,-0.0045857637341273905,-0.011479716698419358,0.6774653465033539,-0.0013973869601199525,0.0009301951248419704
F2,Step 6,0.2,original,linear,SKS02,3,4,86,18.972,2.262,0.000000;0.140312;0.709572;0.857158,0.000000;0.330065;0.667405;1.000000,0.05156482490561965,0.05050834387971475,0.0010564810259049012,-0.003976391462129844,0.6949388638579292,-0.0008759552861705759,0.000983793652246271
F2,Step 7,0.2,original,linear,SKS02,3,4,86,18.972,2.262,0.000000;0.140312;0.709572;0.857158,0.000000;0.330065;0.667405;1.000000,0.05498396751686583,0.04920510745562831,0.005778860061237519,0.0015647097682811723,0.6490403217427965,-0.0003204412090092291,0.0009225352931850567
F2,Step 8,0.2,original,linear,SKS02,3,4,86,18.972,2.262,0.000000;0.140312;0.709572;0.857158,0.000000;0.330065;0.667405;1.000000,0.05751994609966343,0.049089374222565076,0.008430571877098357,0.0038207874408798734,0.6028697036913224,7.795379405695855e-06,0.0008909821583394547
F2,Step 9,0.2,original,linear,SKS02,3,4,86,18.972,2.262,0.000000;0.140312;0.709572;0.857158,0.000000;0.330065;0.667405;1.000000,0.05673467343571927,0.04658600775442651,0.01014866568129276,0.005312857300541998,0.5108184298981598,0.00027919795223840674,0.0007693690991238165
F2,Step 10,0.2,original,linear,SKS02,3,4,86,18.972,2.262,0.000000;0.140312;0.709572;0.857158,0.000000;0.330065;0.667405;1.000000,0.0561692366632607,0.045203454677271514,0.010965781985989187,0.006025048442839173,0.40129672958830986,0.0005890242025655638,0.0005226066300076868
F2,Step 11,0.2,original,linear,SKS02,3,4,86,18.972,2.262,0.000000;0.140312;0.709572;0.857158,0.000000;0.330065;0.667405;1.000000,0.053781058708329534,0.043056052301198154,0.01072500640713138,0.005419931520498751,0.28153932806796844,0.0007089701142501503,0.0003296085217751255
F2,Step 12,0.2,original,linear,SKS02,3,4,86,18.972,2.262,0.000000;0.140312;0.709572;0.857158,0.000000;0.330065;0.667405;1.000000,0.05330689780015504,0.04088265301543049,0.01242424478472455,0.007231214348912711,0.167730983851578,0.0008002747067607989,0.0003699593287352879
F2,Step 1,0.2,original,pchip,SKS02,3,4,86,18.972,2.262,0.000000;0.140312;0.709572;0.857158,0.000000;0.330065;0.667405;1.000000,0.09893726603735611,0.07252960192242917,0.02640766411492694,0.008509638855836152,0.0652732062099416,0.003923586126852895,0.0006044533290676416
F2,Step 2,0.2,original,pchip,SKS02,3,4,86,18.972,2.262,0.000000;0.140312;0.709572;0.857158,0.000000;0.330065;0.667405;1.000000,0.07300175266415787,0.06283004889397172,0.010171703770186155,-0.0014441139360277938,0.10130089183100803,0.0008670689411395899,0.0005145719068804126
F2,Step 3,0.2,original,pchip,SKS02,3,4,86,18.972,2.262,0.000000;0.140312;0.709572;0.857158,0.000000;0.330065;0.667405;1.000000,0.06469216481042102,0.056543942215329976,0.008148222595091043,-0.0024505075121459344,0.1971328953691319,0.0002706850480398181,0.0007171737385682805
F2,Step 4,0.2,original,pchip,SKS02,3,4,86,18.972,2.262,0.000000;0.140312;0.709572;0.857158,0.000000;0.330065;0.667405;1.000000,0.05925919107342212,0.05148738269016041,0.007771808383261705,-0.00018640471424746785,0.27622969967983463,0.00010289924509074385,0.000757801905302578
F2,Step 5,0.2,original,pchip,SKS02,3,4,86,18.972,2.262,0.000000;0.140312;0.709572;0.857158,0.000000;0.330065;0.667405;1.000000,0.0584039768753014,0.05222387879179147,0.00618009808350993,-0.00032806733649042713,0.470007988186161,-0.0003488646059813621,0.0010325556047723757
F2,Step 6,0.2,original,pchip,SKS02,3,4,86,18.972,2.262,0.000000;0.140312;0.709572;0.857158,0.000000;0.330065;0.667405;1.000000,0.058858675498440344,0.04952016840730934,0.009338507091131001,0.0045767382691091485,0.5333750847400327,-0.00010352839940031161,0.0011156250017427352
F2,Step 7,0.2,original,pchip,SKS02,3,4,86,18.972,2.262,0.000000;0.140312;0.709572;0.857158,0.000000;0.330065;0.667405;1.000000,0.06952127321526065,0.04815875643281842,0.021362516782442234,0.01726961098044448,0.40598350860251115,0.0014519177122502014,0.0010620238960651863
F2,Step 8,0.2,original,pchip,SKS02,3,4,86,18.972,2.262,0.000000;0.140312;0.709572;0.857158,0.000000;0.330065;0.667405;1.000000,0.07611764526350331,0.04796158732720994,0.028156057936293374,0.02351748214853209,0.34426249426448585,0.002459394854342903,0.0010341872071720395
F2,Step 9,0.2,original,pchip,SKS02,3,4,86,18.972,2.262,0.000000;0.140312;0.709572;0.857158,0.000000;0.330065;0.667405;1.000000,0.07944492657240766,0.04588317917690143,0.033561747395506235,0.028450639606868944,0.2605141640678613,0.0033361238692897937,0.0008701063574258097
F2,Step 10,0.2,original,pchip,SKS02,3,4,86,18.972,2.262,0.000000;0.140312;0.709572;0.857158,0.000000;0.330065;0.667405;1.000000,0.08190472659318619,0.044976631531046925,0.03692809506213927,0.031454576348038416,0.1887316489270003,0.00410783255597445,0.000577654298450565
F2,Step 11,0.2,original,pchip,SKS02,3,4,86,18.972,2.262,0.000000;0.140312;0.709572;0.857158,0.000000;0.330065;0.667405;1.000000,0.08263161167731227,0.04318487954983665,0.03944673212747562,0.033194073178209355,0.11926288680040857,0.004640569676468615,0.0003224797501876157
F2,Step 12,0.2,original,pchip,SKS02,3,4,86,18.972,2.262,0.000000;0.140312;0.709572;0.857158,0.000000;0.330065;0.667405;1.000000,0.08353875825217177,0.04050040244149155,0.043038355810680225,0.036495043157377574,0.06829738607070496,0.0049954223429033995,0.0003430191894886256
F2,Step 1,0.2,original,linear,SKS03,3,4,86,18.972,2.262,0.000000;0.140312;0.424942;1.000000,0.000000;0.330065;0.667405;1.000000,0.04696953014195084,0.07251946743490464,-0.025549937292953802,-0.04003591114830191,0.0,-0.0030529363952865665,0.0
F2,Step 2,0.2,original,linear,SKS03,3,4,86,18.972,2.262,0.000000;0.140312;0.424942;1.000000,0.000000;0.330065;0.667405;1.000000,0.047172898360104,0.06376971338473779,-0.01659681502463379,-0.026528011343942205,0.0,-0.0018412940054789023,0.0
F2,Step 3,0.2,original,linear,SKS03,3,4,86,18.972,2.262,0.000000;0.140312;0.424942;1.000000,0.000000;0.330065;0.667405;1.000000,0.04289938079381075,0.057591377261632506,-0.01469199646782176,-0.023205520220304657,0.0,-0.0014764098623993034,0.0
F2,Step 4,0.2,original,linear,SKS03,3,4,86,18.972,2.262,0.000000;0.140312;0.424942;1.000000,0.000000;0.330065;0.667405;1.000000,0.042061565126297294,0.052478214548359096,-0.010416649422061802,-0.016192809028113084,0.0,-0.0009847877413098594,0.0
F2,Step 5,0.2,original,linear,SKS03,3,4,86,18.972,2.262,0.000000;0.140312;0.424942;1.000000,0.000000;0.330065;0.667405;1.000000,0.04448509794706653,0.05323225231490499,-0.008747154367838461,-0.011845730954061016,0.0,-0.0008547487471576053,0.0
F2,Step 6,0.2,original,linear,SKS03,3,4,86,18.972,2.262,0.000000;0.140312;0.424942;1.000000,0.000000;0.330065;0.667405;1.000000,0.04683753280580527,0.05050834387971475,-0.0036708110739094788,-0.0045071680544472165,0.0,-0.00035733832213663357,0.0
F2,Step 7,0.2,original,linear,SKS03,3,4,86,18.972,2.262,0.000000;0.140312;0.424942;1.000000,0.000000;0.330065;0.667405;1.000000,0.04841909281008809,0.04920510745562831,-0.00078601464554022,-0.0007039626678643357,0.0,-7.673405116800473e-05,0.0
F2,Step 8,0.2,original,linear,SKS03,3,4,86,18.972,2.262,0.000000;0.140312;0.424942;1.000000,0.000000;0.330065;0.667405;1.000000,0.04876036131086099,0.049089374222565076,-0.0003290129117040838,-0.0006018272850969106,0.0,-3.219382639732763e-05,0.0
F2,Step 9,0.2,original,linear,SKS03,3,4,86,18.972,2.262,0.000000;0.140312;0.424942;1.000000,0.000000;0.330065;0.667405;1.000000,0.04559308331423216,0.04658600775442651,-0.0009929244401943524,-0.0019778319065661965,0.0,-9.152687239697254e-05,0.0
F2,Step 10,0.2,original,linear,SKS03,3,4,86,18.972,2.262,0.000000;0.140312;0.424942;1.000000,0.000000;0.330065;0.667405;1.000000,0.044328919243375675,0.045203454677271514,-0.0008745354338958386,-0.0024656485217068175,0.0,-7.829923347441747e-05,0.0
F2,Step 11,0.2,original,linear,SKS03,3,4,86,18.972,2.262,0.000000;0.140312;0.424942;1.000000,0.000000;0.330065;0.667405;1.000000,0.044201155316674116,0.043056052301198154,0.0011451030154759623,-0.0017817739892470735,0.0,9.991849156523703e-05,0.0
F2,Step 12,0.2,original,linear,SKS03,3,4,86,18.972,2.262,0.000000;0.140312;0.424942;1.000000,0.000000;0.330065;0.667405;1.000000,0.04811874479530629,0.04088265301543049,0.007236091779875803,0.003184350567047356,0.0,0.0006440222830957286,0.0
F2,Step 1,0.2,original,pchip,SKS03,3,4,86,18.972,2.262,0.000000;0.140312;0.424942;1.000000,0.000000;0.330065;0.667405;1.000000,0.0595295759350792,0.07252960192242917,-0.013000025987349971,-0.028381439657192455,0.0,-0.0017167727440156825,0.0
F2,Step 2,0.2,original,pchip,SKS03,3,4,86,18.972,2.262,0.000000;0.140312;0.424942;1.000000,0.000000;0.330065;0.667405;1.000000,0.049506792471084804,0.06283004889397172,-0.013323256422886912,-0.023231126740438486,0.0,-0.0014966925432438182,0.0
F2,Step 3,0.2,original,pchip,SKS03,3,4,86,18.972,2.262,0.000000;0.140312;0.424942;1.000000,0.000000;0.330065;0.667405;1.000000,0.04698757427582266,0.056543942215329976,-0.009556367939507315,-0.018180968956696422,0.0,-0.000989385264924624,0.0
F2,Step 4,0.2,original,pchip,SKS03,3,4,86,18.972,2.262,0.000000;0.140312;0.424942;1.000000,0.000000;0.330065;0.667405;1.000000,0.046386778147080844,0.05148738269016041,-0.005100604543079569,-0.01085222885102266,0.0,-0.0004992173894165337,0.0
F2,Step 5,0.2,original,pchip,SKS03,3,4,86,18.972,2.262,0.000000;0.140312;0.424942;1.000000,0.000000;0.330065;0.667405;1.000000,0.04916130117133119,0.05222387879179147,-0.0030625776204602773,-0.006167834951134259,0.0,-0.0003104999832013972,0.0
F2,Step 6,0.2,original,pchip,SKS03,3,4,86,18.972,2.262,0.000000;0.140312;0.424942;1.000000,0.000000;0.330065;0.667405;1.000000,0.048042635613850956,0.04952016840730934,-0.001477532793458386,-0.002278404325145332,0.0,-0.00014415224236301834,0.0
F2,Step 7,0.2,original,pchip,SKS03,3,4,86,18.972,2.262,0.000000;0.140312;0.424942;1.000000,0.000000;0.330065;0.667405;1.000000,0.04901336669072893,0.04815875643281842,0.0008546102579105111,0.0008500369029404153,0.0,8.30442932043266e-05,0.0
F2,Step 8,0.2,original,pchip,SKS03,3,4,86,18.972,2.262,0.000000;0.140312;0.424942;1.000000,0.000000;0.330065;0.667405;1.000000,0.0507325713804071,0.04796158732720994,0.002770984053197159,0.002254821402765443,0.0,0.00027347993992251637,0.0
F2,Step 9,0.2,original,pchip,SKS03,3,4,86,18.972,2.262,0.000000;0.140312;0.424942;1.000000,0.000000;0.330065;0.667405;1.000000,0.05067383616644805,0.04588317917690143,0.0047906569895466225,0.0033720992519112106,0.0,0.000462571540444377,0.0
F2,Step 10,0.2,original,pchip,SKS03,3,4,86,18.972,2.262,0.000000;0.140312;0.424942;1.000000,0.000000;0.330065;0.667405;1.000000,0.052610602291936474,0.044976631531046925,0.00763397076088955,0.005411222165102883,0.0,0.0007449780896407472,0.0
F2,Step 11,0.2,original,pchip,SKS03,3,4,86,18.972,2.262,0.000000;0.140312;0.424942;1.000000,0.000000;0.330065;0.667405;1.000000,0.05610986209207277,0.04318487954983665,0.012924982542236119,0.00912577022637305,0.0,0.0012833828022575247,0.0
F2,Step 12,0.2,original,pchip,SKS03,3,4,86,18.972,2.262,0.000000;0.140312;0.424942;1.000000,0.000000;0.330065;0.667405;1.000000,0.06239352463805936,0.04050040244149155,0.02189312219656781,0.016870423875705337,0.0,0.002252669318837346,0.0
F2,Step 1,0.2,original,linear,SKS02,4,5,86,18.972,2.262,0.000000;0.140312;0.709572;0.857158;1.000000,0.000000;0.245731;0.498735;0.751739;1.000000,0.06866605940516184,0.06702219431280344,0.001643865092358393,-0.01356398904056233,0.0,0.00022305318373003137,0.0
F2,Step 2,0.2,original,linear,SKS02,4,5,86,18.972,2.262,0.000000;0.140312;0.709572;0.857158;1.000000,0.000000;0.245731;0.498735;0.751739;1.000000,0.04431057923817126,0.05450625200379383,-0.010195672765622568,-0.019604528538799418,0.0,-0.0010075040750788244,0.0
F2,Step 3,0.2,original,linear,SKS02,4,5,86,18.972,2.262,0.000000;0.140312;0.709572;0.857158;1.000000,0.000000;0.245731;0.498735;0.751739;1.000000,0.03765950945607028,0.053259390450529756,-0.015599880994459477,-0.02301542656731479,0.0,-0.001418324018690133,0.0
F2,Step 4,0.2,original,linear,SKS02,4,5,86,18.972,2.262,0.000000;0.140312;0.709572;0.857158;1.000000,0.000000;0.245731;0.498735;0.751739;1.000000,0.03288957139790779,0.052066801440821375,-0.019177230042913586,-0.023538930835855836,0.0,-0.001629227905539845,0.0
F2,Step 5,0.2,original,linear,SKS02,4,5,86,18.972,2.262,0.000000;0.140312;0.709572;0.857158;1.000000,0.000000;0.245731;0.498735;0.751739;1.000000,0.031178435981365694,0.05694552224319994,-0.025767086261834243,-0.027202660375209697,0.0,-0.0022706976333066596,0.0
F2,Step 6,0.2,original,linear,SKS02,4,5,86,18.972,2.262,0.000000;0.140312;0.709572;0.857158;1.000000,0.000000;0.245731;0.498735;0.751739;1.000000,0.032490436438097146,0.05741491405702327,-0.024924477618926126,-0.024591282700070338,0.0,-0.002240843896237337,0.0
F2,Step 7,0.2,original,linear,SKS02,4,5,86,18.972,2.262,0.000000;0.140312;0.709572;0.857158;1.000000,0.000000;0.245731;0.498735;0.751739;1.000000,0.03646773005183149,0.05794158257380145,-0.021473852521969962,-0.020394749152721346,0.0,-0.002027331656023398,0.0
F2,Step 8,0.2,original,linear,SKS02,4,5,86,18.972,2.262,0.000000;0.140312;0.709572;0.857158;1.000000,0.000000;0.245731;0.498735;0.751739;1.000000,0.039838382277186724,0.05711600869489477,-0.017277626417708046,-0.016437466178371565,0.0,-0.0016751417467720296,0.0
F2,Step 9,0.2,original,linear,SKS02,4,5,86,18.972,2.262,0.000000;0.140312;0.709572;0.857158;1.000000,0.000000;0.245731;0.498735;0.751739;1.000000,0.0423716207786604,0.05385664050985635,-0.01148501973119595,-0.011187130891227623,0.0,-0.001105183479597294,0.0
F2,Step 10,0.2,original,linear,SKS02,4,5,86,18.972,2.262,0.000000;0.140312;0.709572;0.857158;1.000000,0.000000;0.245731;0.498735;0.751739;1.000000,0.0458421478264493,0.05097131225106235,-0.005129164424613052,-0.005465882592372365,0.0,-0.0004965721552532696,0.0
F2,Step 11,0.2,original,linear,SKS02,4,5,86,18.972,2.262,0.000000;0.140312;0.709572;0.857158;1.000000,0.000000;0.245731;0.498735;0.751739;1.000000,0.04767790791398394,0.04623632438205301,0.001441583531930933,0.0001588107960200369,0.0,0.0001353852106919027,0.0
F2,Step 12,0.2,original,linear,SKS02,4,5,86,18.972,2.262,0.000000;0.140312;0.709572;0.857158;1.000000,0.000000;0.245731;0.498735;0.751739;1.000000,0.04921761696094707,0.03718405419237548,0.012033562768571593,0.009554747004286913,0.0,0.0010397199331329886,0.0
F2,Step 1,0.2,original,pchip,SKS02,4,5,86,18.972,2.262,0.000000;0.140312;0.709572;0.857158;1.000000,0.000000;0.245731;0.498735;0.751739;1.000000,0.09579827394514057,0.06845135530516563,0.027346918639974932,0.011786259781252612,0.0,0.00449172124775417,0.0
F2,Step 2,0.2,original,pchip,SKS02,4,5,86,18.972,2.262,0.000000;0.140312;0.709572;0.857158;1.000000,0.000000;0.245731;0.498735;0.751739;1.000000,0.06949772253376575,0.0574549315973951,0.012042790936370652,0.002808364522436449,0.0,0.0015288642725189414,0.0
F2,Step 3,0.2,original,pchip,SKS02,4,5,86,18.972,2.262,0.000000;0.140312;0.709572;0.857158;1.000000,0.000000;0.245731;0.498735;0.751739;1.000000,0.05829862682952488,0.056576032787031806,0.0017225940424930725,-0.005494241991193992,0.0,0.0001978824042888995,0.0
F2,Step 4,0.2,original,pchip,SKS02,4,5,86,18.972,2.262,0.000000;0.140312;0.709572;0.857158;1.000000,0.000000;0.245731;0.498735;0.751739;1.000000,0.05083626634360834,0.056928653079448714,-0.006092386735840373,-0.01025463350384341,0.0,-0.0006565455656819392,0.0
F2,Step 5,0.2,original,pchip,SKS02,4,5,86,18.972,2.262,0.000000;0.140312;0.709572;0.857158;1.000000,0.000000;0.245731;0.498735;0.751739;1.000000,0.04319187441588573,0.061618680345235544,-0.018426805929349817,-0.01969990356358945,0.0,-0.0019313237519306727,0.0
F2,Step 6,0.2,original,pchip,SKS02,4,5,86,18.972,2.262,0.000000;0.140312;0.709572;0.857158;1.000000,0.000000;0.245731;0.498735;0.751739;1.000000,0.040820591703945606,0.062250375279725524,-0.021429783575779918,-0.02113371333949384,0.0,-0.00220878851540643,0.0
F2,Step 7,0.2,original,pchip,SKS02,4,5,86,18.972,2.262,0.000000;0.140312;0.709572;0.857158;1.000000,0.000000;0.245731;0.498735;0.751739;1.000000,0.053967503249802866,0.06316609891853259,-0.009198595668729721,-0.0087341521122445,0.0,-0.00107746464556836,0.0
F2,Step 8,0.2,original,pchip,SKS02,4,5,86,18.972,2.262,0.000000;0.140312;0.709572;0.857158;1.000000,0.000000;0.245731;0.498735;0.751739;1.000000,0.061976235577933046,0.061825815528253815,0.00015042004967923128,0.00018701886630244358,0.0,1.862231067778368e-05,0.0
F2,Step 9,0.2,original,pchip,SKS02,4,5,86,18.972,2.262,0.000000;0.140312;0.709572;0.857158;1.000000,0.000000;0.245731;0.498735;0.751739;1.000000,0.06854705939256536,0.05923403105389606,0.009313028338669302,0.008785030468321527,0.0,0.0011900289164739606,0.0
F2,Step 10,0.2,original,pchip,SKS02,4,5,86,18.972,2.262,0.000000;0.140312;0.709572;0.857158;1.000000,0.000000;0.245731;0.498735;0.751739;1.000000,0.07398795595822912,0.05676399382472827,0.017223962133500845,0.0161381316676818,0.0,0.002252066631943061,0.0
F2,Step 11,0.2,original,pchip,SKS02,4,5,86,18.972,2.262,0.000000;0.140312;0.709572;0.857158;1.000000,0.000000;0.245731;0.498735;0.751739;1.000000,0.07787074129925352,0.05249003957195076,0.025380701727302758,0.02356670195106131,0.0,0.0033086480962303097,0.0
F2,Step 12,0.2,original,pchip,SKS02,4,5,86,18.972,2.262,0.000000;0.140312;0.709572;0.857158;1.000000,0.000000;0.245731;0.498735;0.751739;1.000000,0.0807659024616874,0.04166196594728316,0.03910393651440424,0.036408791927457884,0.0,0.0047874115938582205,0.0
F2,Step 1,0.2,original,linear,SKS03,4,5,86,18.972,2.262,0.000000;0.140312;0.572528;0.857158;1.000000,0.000000;0.245731;0.498735;0.751739;1.000000,0.051209587166792594,0.06702219431280344,-0.01581260714601085,-0.030060287358986137,0.0,-0.0018695527127098538,0.0
F2,Step 2,0.2,original,linear,SKS03,4,5,86,18.972,2.262,0.000000;0.140312;0.572528;0.857158;1.000000,0.000000;0.245731;0.498735;0.751739;1.000000,0.04028769270605207,0.05450625200379383,-0.01421855929774176,-0.023410869754560526,0.0,-0.0013478333239237978,0.0
F2,Step 3,0.2,original,linear,SKS03,4,5,86,18.972,2.262,0.000000;0.140312;0.572528;0.857158;1.000000,0.000000;0.245731;0.498735;0.751739;1.000000,0.0346872404797473,0.053259390450529756,-0.018572149970782457,-0.025817116835435236,0.0,-0.0016333580190621608,0.0
F2,Step 4,0.2,original,linear,SKS03,4,5,86,18.972,2.262,0.000000;0.140312;0.572528;0.857158;1.000000,0.000000;0.245731;0.498735;0.751739;1.000000,0.03461381714229638,0.052066801440821375,-0.017452984298524994,-0.02190445244921993,0.0,-0.001512835475117588,0.0
F2,Step 5,0.2,original,linear,SKS03,4,5,86,18.972,2.262,0.000000;0.140312;0.572528;0.857158;1.000000,0.000000;0.245731;0.498735;0.751739;1.000000,0.03650517348535312,0.05694552224319994,-0.020440348757846817,-0.022140558508303487,0.0,-0.0019101648123550502,0.0
F2,Step 6,0.2,original,linear,SKS03,4,5,86,18.972,2.262,0.000000;0.140312;0.572528;0.857158;1.000000,0.000000;0.245731;0.498735;0.751739;1.000000,0.0388021881434652,0.05741491405702327,-0.018612725913558073,-0.018582108147367132,0.0,-0.0017908625514544971,0.0
F2,Step 7,0.2,original,linear,SKS03,4,5,86,18.972,2.262,0.000000;0.140312;0.572528;0.857158;1.000000,0.000000;0.245731;0.498735;0.751739;1.000000,0.042187833290659775,0.05794158257380145,-0.015753749283141674,-0.01495688147761668,0.0,-0.0015774137133961507,0.0
F2,Step 8,0.2,original,linear,SKS03,4,5,86,18.972,2.262,0.000000;0.140312;0.572528;0.857158;1.000000,0.000000;0.245731;0.498735;0.751739;1.000000,0.04442366022709024,0.05711600869489477,-0.01269234846780453,-0.012082218078878978,0.0,-0.0012887768612633353,0.0
F2,Step 9,0.2,original,linear,SKS03,4,5,86,18.972,2.262,0.000000;0.140312;0.572528;0.857158;1.000000,0.000000;0.245731;0.498735;0.751739;1.000000,0.04510465288623907,0.05385664050985635,-0.008751987623617279,-0.008599248806248343,0.0,-0.0008661080150197856,0.0
F2,Step 10,0.2,original,linear,SKS03,4,5,86,18.972,2.262,0.000000;0.140312;0.572528;0.857158;1.000000,0.000000;0.245731;0.498735;0.751739;1.000000,0.04713680280145388,0.05097131225106235,-0.0038345094496084683,-0.0042380587523269675,0.0,-0.00037619649425214906,0.0
F2,Step 11,0.2,original,linear,SKS03,4,5,86,18.972,2.262,0.000000;0.140312;0.572528;0.857158;1.000000,0.000000;0.245731;0.498735;0.751739;1.000000,0.04775866517179789,0.04623632438205301,0.0015223407897448776,0.00023512685146341583,0.0,0.00014309240662947075,0.0
F2,Step 12,0.2,original,linear,SKS03,4,5,86,18.972,2.262,0.000000;0.140312;0.572528;0.857158;1.000000,0.000000;0.245731;0.498735;0.751739;1.000000,0.04690336287947585,0.03718405419237548,0.009719308687100373,0.007369752175399258,0.0,0.0008172715632222765,0.0
F2,Step 1,0.2,original,pchip,SKS03,4,5,86,18.972,2.262,0.000000;0.140312;0.572528;0.857158;1.000000,0.000000;0.245731;0.498735;0.751739;1.000000,0.0732537225868328,0.06845135530516563,0.004802367281667164,-0.00966655461355366,0.0,0.0006805198297146286,0.0
F2,Step 2,0.2,original,pchip,SKS03,4,5,86,18.972,2.262,0.000000;0.140312;0.572528;0.857158;1.000000,0.000000;0.245731;0.498735;0.751739;1.000000,0.06008828971145408,0.0574549315973951,0.00263335811405898,-0.0061486267558720775,0.0,0.000309533395586288,0.0
F2,Step 3,0.2,original,pchip,SKS03,4,5,86,18.972,2.262,0.000000;0.140312;0.572528;0.857158;1.000000,0.000000;0.245731;0.498735;0.751739;1.000000,0.05170855240747433,0.056576032787031806,-0.004867480379557476,-0.011762587817856704,0.0,-0.0005270730938427781,0.0
F2,Step 4,0.2,original,pchip,SKS03,4,5,86,18.972,2.262,0.000000;0.140312;0.572528;0.857158;1.000000,0.000000;0.245731;0.498735;0.751739;1.000000,0.04848467473905603,0.056928653079448714,-0.008443978340392684,-0.012493885052755935,0.0,-0.0008901078568881681,0.0
F2,Step 5,0.2,original,pchip,SKS03,4,5,86,18.972,2.262,0.000000;0.140312;0.572528;0.857158;1.000000,0.000000;0.245731;0.498735;0.751739;1.000000,0.044854763993745585,0.061618680345235544,-0.01676391635148996,-0.01811786969404898,0.0,-0.001784911914553701,0.0
F2,Step 6,0.2,original,pchip,SKS03,4,5,86,18.972,2.262,0.000000;0.140312;0.572528;0.857158;1.000000,0.000000;0.245731;0.498735;0.751739;1.000000,0.04133664592385364,0.062250375279725524,-0.020913729355871886,-0.02064228625240494,0.0,-0.002166390926232617,0.0
F2,Step 7,0.2,original,pchip,SKS03,4,5,86,18.972,2.262,0.000000;0.140312;0.572528;0.857158;1.000000,0.000000;0.245731;0.498735;0.751739;1.000000,0.04535250779526253,0.06316609891853259,-0.017813591123270058,-0.016924691415907557,0.0,-0.0019331060892664948,0.0
F2,Step 8,0.2,original,pchip,SKS03,4,5,86,18.972,2.262,0.000000;0.140312;0.572528;0.857158;1.000000,0.000000;0.245731;0.498735;0.751739;1.000000,0.04940636402588821,0.061825815528253815,-0.012419451502365605,-0.011764220835736375,0.0,-0.0013814426594750903,0.0
F2,Step 9,0.2,original,pchip,SKS03,4,5,86,18.972,2.262,0.000000;0.140312;0.572528;0.857158;1.000000,0.000000;0.245731;0.498735;0.751739;1.000000,0.051189341264483885,0.05923403105389606,-0.008044689789412175,-0.007702086441207803,0.0,-0.0008883217758021303,0.0
F2,Step 10,0.2,original,pchip,SKS03,4,5,86,18.972,2.262,0.000000;0.140312;0.572528;0.857158;1.000000,0.000000;0.245731;0.498735;0.751739;1.000000,0.053843077403425636,0.05676399382472827,-0.0029209164213026342,-0.003016484123934335,0.0,-0.0003230740106625052,0.0
F2,Step 11,0.2,original,pchip,SKS03,4,5,86,18.972,2.262,0.000000;0.140312;0.572528;0.857158;1.000000,0.000000;0.245731;0.498735;0.751739;1.000000,0.05510892875533841,0.05249003957195076,0.0026188891833876515,0.0019492623801898729,0.0,0.0002817897742960075,0.0
F2,Step 12,0.2,original,pchip,SKS03,4,5,86,18.972,2.262,0.000000;0.140312;0.572528;0.857158;1.000000,0.000000;0.245731;0.498735;0.751739;1.000000,0.053975244853677475,0.04166196594728316,0.012313278906394318,0.010965384819471229,0.0,0.0011776076504218546,0.0
F2,Step 1,0.2,boundary_constrained,linear,SKS02,2,3,86,18.972,2.262,0.000000;0.140312;1.000000,0.000000;0.498735;1.000000,0.10315996587047141,0.07227591377732173,0.030884052093149678,0.013000603596873661,0.0,0.005418170846049981,0.0
F2,Step 2,0.2,boundary_constrained,linear,SKS02,2,3,86,18.972,2.262,0.000000;0.140312;1.000000,0.000000;0.498735;1.000000,0.08401926163925155,0.0654548309282397,0.018564430711011853,0.006834482179649035,0.0,0.002774901434560562,0.0
F2,Step 3,0.2,boundary_constrained,linear,SKS02,2,3,86,18.972,2.262,0.000000;0.140312;1.000000,0.000000;0.498735;1.000000,0.0700787394816121,0.05916390292076483,0.010914836560847269,0.0008275788391643446,0.0,0.0014106623185139748,0.0
F2,Step 4,0.2,boundary_constrained,linear,SKS02,2,3,86,18.972,2.262,0.000000;0.140312;1.000000,0.000000;0.498735;1.000000,0.05812855911742462,0.05382828017773625,0.004300278939688373,-0.002336554562082857,0.0,0.0004814456381750563,0.0
F2,Step 5,0.2,boundary_constrained,linear,SKS02,2,3,86,18.972,2.262,0.000000;0.140312;1.000000,0.000000;0.498735;1.000000,0.04657378062449807,0.05322876083953162,-0.006654980215033544,-0.010159384947991429,0.0,-0.0006641839388531822,0.0
F2,Step 6,0.2,boundary_constrained,linear,SKS02,2,3,86,18.972,2.262,0.000000;0.140312;1.000000,0.000000;0.498735;1.000000,0.04643296298061403,0.05003848389240821,-0.0036055209117941828,-0.00459988052633882,0.0,-0.00034782981909172345,0.0
F2,Step 7,0.2,boundary_constrained,linear,SKS02,2,3,86,18.972,2.262,0.000000;0.140312;1.000000,0.000000;0.498735;1.000000,0.051667788857217456,0.04867595661880276,0.0029918322384146975,0.0028923400645411226,0.0,0.000300211652638436,0.0
F2,Step 8,0.2,boundary_constrained,linear,SKS02,2,3,86,18.972,2.262,0.000000;0.140312;1.000000,0.000000;0.498735;1.000000,0.05641884383512729,0.04870545664651746,0.007713387188609831,0.007047906251266466,0.0,0.0008108644325466897,0.0
F2,Step 9,0.2,boundary_constrained,linear,SKS02,2,3,86,18.972,2.262,0.000000;0.140312;1.000000,0.000000;0.498735;1.000000,0.0534190646799639,0.046279341771042024,0.007139722908921876,0.0056213281712559834,0.0,0.0007118189965212518,0.0
F2,Step 10,0.2,boundary_constrained,linear,SKS02,2,3,86,18.972,2.262,0.000000;0.140312;1.000000,0.000000;0.498735;1.000000,0.05200756784312093,0.04551525787042312,0.006492309972697813,0.004426240357081231,0.0,0.0006331484139457127,0.0
F2,Step 11,0.2,boundary_constrained,linear,SKS02,2,3,86,18.972,2.262,0.000000;0.140312;1.000000,0.000000;0.498735;1.000000,0.04596376630641427,0.045570171562282345,0.0003935947441319268,-0.002537984404139798,0.0,3.6027276854817343e-05,0.0
F2,Step 12,0.2,boundary_constrained,linear,SKS02,2,3,86,18.972,2.262,0.000000;0.140312;1.000000,0.000000;0.498735;1.000000,0.04271041143176136,0.05028036636676961,-0.007569954935008248,-0.010646381506583223,0.0,-0.0007039359973062449,0.0
F2,Step 1,0.2,boundary_constrained,pchip,SKS02,2,3,86,18.972,2.262,0.000000;0.140312;1.000000,0.000000;0.498735;1.000000,0.2838730320339106,0.07131727973014883,0.21255575230376178,0.1860144352767085,0.0,0.07549774392801735,0.0
F2,Step 2,0.2,boundary_constrained,pchip,SKS02,2,3,86,18.972,2.262,0.000000;0.140312;1.000000,0.000000;0.498735;1.000000,0.24095678724824776,0.06554897091425528,0.1754078163339925,0.15684660028153308,0.0,0.05376350573307945,0.0
F2,Step 3,0.2,boundary_constrained,pchip,SKS02,2,3,86,18.972,2.262,0.000000;0.140312;1.000000,0.000000;0.498735;1.000000,0.211235037451381,0.05837183131284862,0.15286320613853238,0.1363172048861826,0.0,0.04121297035627068,0.0
F2,Step 4,0.2,boundary_constrained,pchip,SKS02,2,3,86,18.972,2.262,0.000000;0.140312;1.000000,0.000000;0.498735;1.000000,0.18098552436866838,0.05347934384547343,0.12750618052319496,0.11558505310799723,0.0,0.02989571981285948,0.0
F2,Step 5,0.2,boundary_constrained,pchip,SKS02,2,3,86,18.972,2.262,0.000000;0.140312;1.000000,0.000000;0.498735;1.000000,0.1434460084354319,0.05126931185773212,0.09217669657769978,0.08458715049913385,0.0,0.01794821499769261,0.0
F2,Step 6,0.2,boundary_constrained,pchip,SKS02,2,3,86,18.972,2.262,0.000000;0.140312;1.000000,0.000000;0.498735;1.000000,0.0822857019011653,0.048489928210705795,0.0337957736904595,0.03142759112689287,0.0,0.004419663599488036,0.0
F2,Step 7,0.2,boundary_constrained,pchip,SKS02,2,3,86,18.972,2.262,0.000000;0.140312;1.000000,0.000000;0.498735;1.000000,0.047312795784517137,0.04834107894489108,-0.0010282831603739412,-0.0009870476853648669,0.0,-9.835926860876869e-05,0.0
F2,Step 8,0.2,boundary_constrained,pchip,SKS02,2,3,86,18.972,2.262,0.000000;0.140312;1.000000,0.000000;0.498735;1.000000,0.05718648165719933,0.048636175006592494,0.008550306650606833,0.007544331358001206,0.0,0.0009048161650573029,0.0
F2,Step 9,0.2,boundary_constrained,pchip,SKS02,2,3,86,18.972,2.262,0.000000;0.140312;1.000000,0.000000;0.498735;1.000000,0.06653367798324816,0.04746664462136832,0.019067033361879843,0.016530304877668753,0.0,0.002173647954367288,0.0
F2,Step 10,0.2,boundary_constrained,pchip,SKS02,2,3,86,18.972,2.262,0.000000;0.140312;1.000000,0.000000;0.498735;1.000000,0.07347353878146194,0.04739622652907468,0.026077312252387262,0.02264261208961782,0.0,0.0031519586118756307,0.0
F2,Step 11,0.2,boundary_constrained,pchip,SKS02,2,3,86,18.972,2.262,0.000000;0.140312;1.000000,0.000000;0.498735;1.000000,0.07530749698098166,0.046893922925732696,0.028413574055248962,0.023793492245916356,0.0,0.003472179094176004,0.0
F2,Step 12,0.2,boundary_constrained,pchip,SKS02,2,3,86,18.972,2.262,0.000000;0.140312;1.000000,0.000000;0.498735;1.000000,0.07073344871011382,0.05032127369483605,0.02041217501527777,0.015729468692273242,0.0,0.002470990180155704,0.0
F2,Step 1,0.2,boundary_constrained,linear,SKS02,3,4,86,18.972,2.262,0.000000;0.140312;0.424942;1.000000,0.000000;0.330065;0.667405;1.000000,0.04696953014195084,0.07251946743490464,-0.025549937292953802,-0.04003591114830191,0.0,-0.0030529363952865665,0.0
F2,Step 2,0.2,boundary_constrained,linear,SKS02,3,4,86,18.972,2.262,0.000000;0.140312;0.424942;1.000000,0.000000;0.330065;0.667405;1.000000,0.047172898360104,0.06376971338473779,-0.01659681502463379,-0.026528011343942205,0.0,-0.0018412940054789023,0.0
F2,Step 3,0.2,boundary_constrained,linear,SKS02,3,4,86,18.972,2.262,0.000000;0.140312;0.424942;1.000000,0.000000;0.330065;0.667405;1.000000,0.04289938079381075,0.057591377261632506,-0.01469199646782176,-0.023205520220304657,0.0,-0.0014764098623993034,0.0
F2,Step 4,0.2,boundary_constrained,linear,SKS02,3,4,86,18.972,2.262,0.000000;0.140312;0.424942;1.000000,0.000000;0.330065;0.667405;1.000000,0.042061565126297294,0.052478214548359096,-0.010416649422061802,-0.016192809028113084,0.0,-0.0009847877413098594,0.0
F2,Step 5,0.2,boundary_constrained,linear,SKS02,3,4,86,18.972,2.262,0.000000;0.140312;0.424942;1.000000,0.000000;0.330065;0.667405;1.000000,0.04448509794706653,0.05323225231490499,-0.008747154367838461,-0.011845730954061016,0.0,-0.0008547487471576053,0.0
F2,Step 6,0.2,boundary_constrained,linear,SKS02,3,4,86,18.972,2.262,0.000000;0.140312;0.424942;1.000000,0.000000;0.330065;0.667405;1.000000,0.04683753280580527,0.05050834387971475,-0.0036708110739094788,-0.0045071680544472165,0.0,-0.00035733832213663357,0.0
F2,Step 7,0.2,boundary_constrained,linear,SKS02,3,4,86,18.972,2.262,0.000000;0.140312;0.424942;1.000000,0.000000;0.330065;0.667405;1.000000,0.04841909281008809,0.04920510745562831,-0.00078601464554022,-0.0007039626678643357,0.0,-7.673405116800473e-05,0.0
F2,Step 8,0.2,boundary_constrained,linear,SKS02,3,4,86,18.972,2.262,0.000000;0.140312;0.424942;1.000000,0.000000;0.330065;0.667405;1.000000,0.04876036131086099,0.049089374222565076,-0.0003290129117040838,-0.0006018272850969106,0.0,-3.219382639732763e-05,0.0
F2,Step 9,0.2,boundary_constrained,linear,SKS02,3,4,86,18.972,2.262,0.000000;0.140312;0.424942;1.000000,0.000000;0.330065;0.667405;1.000000,0.04559308331423216,0.04658600775442651,-0.0009929244401943524,-0.0019778319065661965,0.0,-9.152687239697254e-05,0.0
F2,Step 10,0.2,boundary_constrained,linear,SKS02,3,4,86,18.972,2.262,0.000000;0.140312;0.424942;1.000000,0.000000;0.330065;0.667405;1.000000,0.044328919243375675,0.045203454677271514,-0.0008745354338958386,-0.0024656485217068175,0.0,-7.829923347441747e-05,0.0
F2,Step 11,0.2,boundary_constrained,linear,SKS02,3,4,86,18.972,2.262,0.000000;0.140312;0.424942;1.000000,0.000000;0.330065;0.667405;1.000000,0.044201155316674116,0.043056052301198154,0.0011451030154759623,-0.0017817739892470735,0.0,9.991849156523703e-05,0.0
F2,Step 12,0.2,boundary_constrained,linear,SKS02,3,4,86,18.972,2.262,0.000000;0.140312;0.424942;1.000000,0.000000;0.330065;0.667405;1.000000,0.04811874479530629,0.04088265301543049,0.007236091779875803,0.003184350567047356,0.0,0.0006440222830957286,0.0
F2,Step 1,0.2,boundary_constrained,pchip,SKS02,3,4,86,18.972,2.262,0.000000;0.140312;0.424942;1.000000,0.000000;0.330065;0.667405;1.000000,0.0595295759350792,0.07252960192242917,-0.013000025987349971,-0.028381439657192455,0.0,-0.0017167727440156825,0.0
F2,Step 2,0.2,boundary_constrained,pchip,SKS02,3,4,86,18.972,2.262,0.000000;0.140312;0.424942;1.000000,0.000000;0.330065;0.667405;1.000000,0.049506792471084804,0.06283004889397172,-0.013323256422886912,-0.023231126740438486,0.0,-0.0014966925432438182,0.0
F2,Step 3,0.2,boundary_constrained,pchip,SKS02,3,4,86,18.972,2.262,0.000000;0.140312;0.424942;1.000000,0.000000;0.330065;0.667405;1.000000,0.04698757427582266,0.056543942215329976,-0.009556367939507315,-0.018180968956696422,0.0,-0.000989385264924624,0.0
F2,Step 4,0.2,boundary_constrained,pchip,SKS02,3,4,86,18.972,2.262,0.000000;0.140312;0.424942;1.000000,0.000000;0.330065;0.667405;1.000000,0.046386778147080844,0.05148738269016041,-0.005100604543079569,-0.01085222885102266,0.0,-0.0004992173894165337,0.0
F2,Step 5,0.2,boundary_constrained,pchip,SKS02,3,4,86,18.972,2.262,0.000000;0.140312;0.424942;1.000000,0.000000;0.330065;0.667405;1.000000,0.04916130117133119,0.05222387879179147,-0.0030625776204602773,-0.006167834951134259,0.0,-0.0003104999832013972,0.0
F2,Step 6,0.2,boundary_constrained,pchip,SKS02,3,4,86,18.972,2.262,0.000000;0.140312;0.424942;1.000000,0.000000;0.330065;0.667405;1.000000,0.048042635613850956,0.04952016840730934,-0.001477532793458386,-0.002278404325145332,0.0,-0.00014415224236301834,0.0
F2,Step 7,0.2,boundary_constrained,pchip,SKS02,3,4,86,18.972,2.262,0.000000;0.140312;0.424942;1.000000,0.000000;0.330065;0.667405;1.000000,0.04901336669072893,0.04815875643281842,0.0008546102579105111,0.0008500369029404153,0.0,8.30442932043266e-05,0.0
F2,Step 8,0.2,boundary_constrained,pchip,SKS02,3,4,86,18.972,2.262,0.000000;0.140312;0.424942;1.000000,0.000000;0.330065;0.667405;1.000000,0.0507325713804071,0.04796158732720994,0.002770984053197159,0.002254821402765443,0.0,0.00027347993992251637,0.0
F2,Step 9,0.2,boundary_constrained,pchip,SKS02,3,4,86,18.972,2.262,0.000000;0.140312;0.424942;1.000000,0.000000;0.330065;0.667405;1.000000,0.05067383616644805,0.04588317917690143,0.0047906569895466225,0.0033720992519112106,0.0,0.000462571540444377,0.0
F2,Step 10,0.2,boundary_constrained,pchip,SKS02,3,4,86,18.972,2.262,0.000000;0.140312;0.424942;1.000000,0.000000;0.330065;0.667405;1.000000,0.052610602291936474,0.044976631531046925,0.00763397076088955,0.005411222165102883,0.0,0.0007449780896407472,0.0
F2,Step 11,0.2,boundary_constrained,pchip,SKS02,3,4,86,18.972,2.262,0.000000;0.140312;0.424942;1.000000,0.000000;0.330065;0.667405;1.000000,0.05610986209207277,0.04318487954983665,0.012924982542236119,0.00912577022637305,0.0,0.0012833828022575247,0.0
F2,Step 12,0.2,boundary_constrained,pchip,SKS02,3,4,86,18.972,2.262,0.000000;0.140312;0.424942;1.000000,0.000000;0.330065;0.667405;1.000000,0.06239352463805936,0.04050040244149155,0.02189312219656781,0.016870423875705337,0.0,0.002252669318837346,0.0
F2,Step 1,0.2,boundary_constrained,linear,SKS02,4,5,86,18.972,2.262,0.000000;0.140312;0.709572;0.857158;1.000000,0.000000;0.245731;0.498735;0.751739;1.000000,0.06866605940516184,0.06702219431280344,0.001643865092358393,-0.01356398904056233,0.0,0.00022305318373003137,0.0
F2,Step 2,0.2,boundary_constrained,linear,SKS02,4,5,86,18.972,2.262,0.000000;0.140312;0.709572;0.857158;1.000000,0.000000;0.245731;0.498735;0.751739;1.000000,0.04431057923817126,0.05450625200379383,-0.010195672765622568,-0.019604528538799418,0.0,-0.0010075040750788244,0.0
F2,Step 3,0.2,boundary_constrained,linear,SKS02,4,5,86,18.972,2.262,0.000000;0.140312;0.709572;0.857158;1.000000,0.000000;0.245731;0.498735;0.751739;1.000000,0.03765950945607028,0.053259390450529756,-0.015599880994459477,-0.02301542656731479,0.0,-0.001418324018690133,0.0
F2,Step 4,0.2,boundary_constrained,linear,SKS02,4,5,86,18.972,2.262,0.000000;0.140312;0.709572;0.857158;1.000000,0.000000;0.245731;0.498735;0.751739;1.000000,0.03288957139790779,0.052066801440821375,-0.019177230042913586,-0.023538930835855836,0.0,-0.001629227905539845,0.0
F2,Step 5,0.2,boundary_constrained,linear,SKS02,4,5,86,18.972,2.262,0.000000;0.140312;0.709572;0.857158;1.000000,0.000000;0.245731;0.498735;0.751739;1.000000,0.031178435981365694,0.05694552224319994,-0.025767086261834243,-0.027202660375209697,0.0,-0.0022706976333066596,0.0
F2,Step 6,0.2,boundary_constrained,linear,SKS02,4,5,86,18.972,2.262,0.000000;0.140312;0.709572;0.857158;1.000000,0.000000;0.245731;0.498735;0.751739;1.000000,0.032490436438097146,0.05741491405702327,-0.024924477618926126,-0.024591282700070338,0.0,-0.002240843896237337,0.0
F2,Step 7,0.2,boundary_constrained,linear,SKS02,4,5,86,18.972,2.262,0.000000;0.140312;0.709572;0.857158;1.000000,0.000000;0.245731;0.498735;0.751739;1.000000,0.03646773005183149,0.05794158257380145,-0.021473852521969962,-0.020394749152721346,0.0,-0.002027331656023398,0.0
F2,Step 8,0.2,boundary_constrained,linear,SKS02,4,5,86,18.972,2.262,0.000000;0.140312;0.709572;0.857158;1.000000,0.000000;0.245731;0.498735;0.751739;1.000000,0.039838382277186724,0.05711600869489477,-0.017277626417708046,-0.016437466178371565,0.0,-0.0016751417467720296,0.0
F2,Step 9,0.2,boundary_constrained,linear,SKS02,4,5,86,18.972,2.262,0.000000;0.140312;0.709572;0.857158;1.000000,0.000000;0.245731;0.498735;0.751739;1.000000,0.0423716207786604,0.05385664050985635,-0.01148501973119595,-0.011187130891227623,0.0,-0.001105183479597294,0.0
F2,Step 10,0.2,boundary_constrained,linear,SKS02,4,5,86,18.972,2.262,0.000000;0.140312;0.709572;0.857158;1.000000,0.000000;0.245731;0.498735;0.751739;1.000000,0.0458421478264493,0.05097131225106235,-0.005129164424613052,-0.005465882592372365,0.0,-0.0004965721552532696,0.0
F2,Step 11,0.2,boundary_constrained,linear,SKS02,4,5,86,18.972,2.262,0.000000;0.140312;0.709572;0.857158;1.000000,0.000000;0.245731;0.498735;0.751739;1.000000,0.04767790791398394,0.04623632438205301,0.001441583531930933,0.0001588107960200369,0.0,0.0001353852106919027,0.0
F2,Step 12,0.2,boundary_constrained,linear,SKS02,4,5,86,18.972,2.262,0.000000;0.140312;0.709572;0.857158;1.000000,0.000000;0.245731;0.498735;0.751739;1.000000,0.04921761696094707,0.03718405419237548,0.012033562768571593,0.009554747004286913,0.0,0.0010397199331329886,0.0
F2,Step 1,0.2,boundary_constrained,pchip,SKS02,4,5,86,18.972,2.262,0.000000;0.140312;0.709572;0.857158;1.000000,0.000000;0.245731;0.498735;0.751739;1.000000,0.09579827394514057,0.06845135530516563,0.027346918639974932,0.011786259781252612,0.0,0.00449172124775417,0.0
F2,Step 2,0.2,boundary_constrained,pchip,SKS02,4,5,86,18.972,2.262,0.000000;0.140312;0.709572;0.857158;1.000000,0.000000;0.245731;0.498735;0.751739;1.000000,0.06949772253376575,0.0574549315973951,0.012042790936370652,0.002808364522436449,0.0,0.0015288642725189414,0.0
F2,Step 3,0.2,boundary_constrained,pchip,SKS02,4,5,86,18.972,2.262,0.000000;0.140312;0.709572;0.857158;1.000000,0.000000;0.245731;0.498735;0.751739;1.000000,0.05829862682952488,0.056576032787031806,0.0017225940424930725,-0.005494241991193992,0.0,0.0001978824042888995,0.0
F2,Step 4,0.2,boundary_constrained,pchip,SKS02,4,5,86,18.972,2.262,0.000000;0.140312;0.709572;0.857158;1.000000,0.000000;0.245731;0.498735;0.751739;1.000000,0.05083626634360834,0.056928653079448714,-0.006092386735840373,-0.01025463350384341,0.0,-0.0006565455656819392,0.0
F2,Step 5,0.2,boundary_constrained,pchip,SKS02,4,5,86,18.972,2.262,0.000000;0.140312;0.709572;0.857158;1.000000,0.000000;0.245731;0.498735;0.751739;1.000000,0.04319187441588573,0.061618680345235544,-0.018426805929349817,-0.01969990356358945,0.0,-0.0019313237519306727,0.0
F2,Step 6,0.2,boundary_constrained,pchip,SKS02,4,5,86,18.972,2.262,0.000000;0.140312;0.709572;0.857158;1.000000,0.000000;0.245731;0.498735;0.751739;1.000000,0.040820591703945606,0.062250375279725524,-0.021429783575779918,-0.02113371333949384,0.0,-0.00220878851540643,0.0
F2,Step 7,0.2,boundary_constrained,pchip,SKS02,4,5,86,18.972,2.262,0.000000;0.140312;0.709572;0.857158;1.000000,0.000000;0.245731;0.498735;0.751739;1.000000,0.053967503249802866,0.06316609891853259,-0.009198595668729721,-0.0087341521122445,0.0,-0.00107746464556836,0.0
F2,Step 8,0.2,boundary_constrained,pchip,SKS02,4,5,86,18.972,2.262,0.000000;0.140312;0.709572;0.857158;1.000000,0.000000;0.245731;0.498735;0.751739;1.000000,0.061976235577933046,0.061825815528253815,0.00015042004967923128,0.00018701886630244358,0.0,1.862231067778368e-05,0.0
F2,Step 9,0.2,boundary_constrained,pchip,SKS02,4,5,86,18.972,2.262,0.000000;0.140312;0.709572;0.857158;1.000000,0.000000;0.245731;0.498735;0.751739;1.000000,0.06854705939256536,0.05923403105389606,0.009313028338669302,0.008785030468321527,0.0,0.0011900289164739606,0.0
F2,Step 10,0.2,boundary_constrained,pchip,SKS02,4,5,86,18.972,2.262,0.000000;0.140312;0.709572;0.857158;1.000000,0.000000;0.245731;0.498735;0.751739;1.000000,0.07398795595822912,0.05676399382472827,0.017223962133500845,0.0161381316676818,0.0,0.002252066631943061,0.0
F2,Step 11,0.2,boundary_constrained,pchip,SKS02,4,5,86,18.972,2.262,0.000000;0.140312;0.709572;0.857158;1.000000,0.000000;0.245731;0.498735;0.751739;1.000000,0.07787074129925352,0.05249003957195076,0.025380701727302758,0.02356670195106131,0.0,0.0033086480962303097,0.0
F2,Step 12,0.2,boundary_constrained,pchip,SKS02,4,5,86,18.972,2.262,0.000000;0.140312;0.709572;0.857158;1.000000,0.000000;0.245731;0.498735;0.751739;1.000000,0.0807659024616874,0.04166196594728316,0.03910393651440424,0.036408791927457884,0.0,0.0047874115938582205,0.0
F2,Step 1,0.2,boundary_constrained,linear,SKS03,2,3,86,18.972,2.262,0.000000;0.140312;1.000000,0.000000;0.498735;1.000000,0.10315996587047141,0.07227591377732173,0.030884052093149678,0.013000603596873661,0.0,0.005418170846049981,0.0
F2,Step 2,0.2,boundary_constrained,linear,SKS03,2,3,86,18.972,2.262,0.000000;0.140312;1.000000,0.000000;0.498735;1.000000,0.08401926163925155,0.0654548309282397,0.018564430711011853,0.006834482179649035,0.0,0.002774901434560562,0.0
F2,Step 3,0.2,boundary_constrained,linear,SKS03,2,3,86,18.972,2.262,0.000000;0.140312;1.000000,0.000000;0.498735;1.000000,0.0700787394816121,0.05916390292076483,0.010914836560847269,0.0008275788391643446,0.0,0.0014106623185139748,0.0
F2,Step 4,0.2,boundary_constrained,linear,SKS03,2,3,86,18.972,2.262,0.000000;0.140312;1.000000,0.000000;0.498735;1.000000,0.05812855911742462,0.05382828017773625,0.004300278939688373,-0.002336554562082857,0.0,0.0004814456381750563,0.0
F2,Step 5,0.2,boundary_constrained,linear,SKS03,2,3,86,18.972,2.262,0.000000;0.140312;1.000000,0.000000;0.498735;1.000000,0.04657378062449807,0.05322876083953162,-0.006654980215033544,-0.010159384947991429,0.0,-0.0006641839388531822,0.0
F2,Step 6,0.2,boundary_constrained,linear,SKS03,2,3,86,18.972,2.262,0.000000;0.140312;1.000000,0.000000;0.498735;1.000000,0.04643296298061403,0.05003848389240821,-0.0036055209117941828,-0.00459988052633882,0.0,-0.00034782981909172345,0.0
F2,Step 7,0.2,boundary_constrained,linear,SKS03,2,3,86,18.972,2.262,0.000000;0.140312;1.000000,0.000000;0.498735;1.000000,0.051667788857217456,0.04867595661880276,0.0029918322384146975,0.0028923400645411226,0.0,0.000300211652638436,0.0
F2,Step 8,0.2,boundary_constrained,linear,SKS03,2,3,86,18.972,2.262,0.000000;0.140312;1.000000,0.000000;0.498735;1.000000,0.05641884383512729,0.04870545664651746,0.007713387188609831,0.007047906251266466,0.0,0.0008108644325466897,0.0
F2,Step 9,0.2,boundary_constrained,linear,SKS03,2,3,86,18.972,2.262,0.000000;0.140312;1.000000,0.000000;0.498735;1.000000,0.0534190646799639,0.046279341771042024,0.007139722908921876,0.0056213281712559834,0.0,0.0007118189965212518,0.0
F2,Step 10,0.2,boundary_constrained,linear,SKS03,2,3,86,18.972,2.262,0.000000;0.140312;1.000000,0.000000;0.498735;1.000000,0.05200756784312093,0.04551525787042312,0.006492309972697813,0.004426240357081231,0.0,0.0006331484139457127,0.0
F2,Step 11,0.2,boundary_constrained,linear,SKS03,2,3,86,18.972,2.262,0.000000;0.140312;1.000000,0.000000;0.498735;1.000000,0.04596376630641427,0.045570171562282345,0.0003935947441319268,-0.002537984404139798,0.0,3.6027276854817343e-05,0.0
F2,Step 12,0.2,boundary_constrained,linear,SKS03,2,3,86,18.972,2.262,0.000000;0.140312;1.000000,0.000000;0.498735;1.000000,0.04271041143176136,0.05028036636676961,-0.007569954935008248,-0.010646381506583223,0.0,-0.0007039359973062449,0.0
F2,Step 1,0.2,boundary_constrained,pchip,SKS03,2,3,86,18.972,2.262,0.000000;0.140312;1.000000,0.000000;0.498735;1.000000,0.2838730320339106,0.07131727973014883,0.21255575230376178,0.1860144352767085,0.0,0.07549774392801735,0.0
F2,Step 2,0.2,boundary_constrained,pchip,SKS03,2,3,86,18.972,2.262,0.000000;0.140312;1.000000,0.000000;0.498735;1.000000,0.24095678724824776,0.06554897091425528,0.1754078163339925,0.15684660028153308,0.0,0.05376350573307945,0.0
F2,Step 3,0.2,boundary_constrained,pchip,SKS03,2,3,86,18.972,2.262,0.000000;0.140312;1.000000,0.000000;0.498735;1.000000,0.211235037451381,0.05837183131284862,0.15286320613853238,0.1363172048861826,0.0,0.04121297035627068,0.0
F2,Step 4,0.2,boundary_constrained,pchip,SKS03,2,3,86,18.972,2.262,0.000000;0.140312;1.000000,0.000000;0.498735;1.000000,0.18098552436866838,0.05347934384547343,0.12750618052319496,0.11558505310799723,0.0,0.02989571981285948,0.0
F2,Step 5,0.2,boundary_constrained,pchip,SKS03,2,3,86,18.972,2.262,0.000000;0.140312;1.000000,0.000000;0.498735;1.000000,0.1434460084354319,0.05126931185773212,0.09217669657769978,0.08458715049913385,0.0,0.01794821499769261,0.0
F2,Step 6,0.2,boundary_constrained,pchip,SKS03,2,3,86,18.972,2.262,0.000000;0.140312;1.000000,0.000000;0.498735;1.000000,0.0822857019011653,0.048489928210705795,0.0337957736904595,0.03142759112689287,0.0,0.004419663599488036,0.0
F2,Step 7,0.2,boundary_constrained,pchip,SKS03,2,3,86,18.972,2.262,0.000000;0.140312;1.000000,0.000000;0.498735;1.000000,0.047312795784517137,0.04834107894489108,-0.0010282831603739412,-0.0009870476853648669,0.0,-9.835926860876869e-05,0.0
F2,Step 8,0.2,boundary_constrained,pchip,SKS03,2,3,86,18.972,2.262,0.000000;0.140312;1.000000,0.000000;0.498735;1.000000,0.05718648165719933,0.048636175006592494,0.008550306650606833,0.007544331358001206,0.0,0.0009048161650573029,0.0
F2,Step 9,0.2,boundary_constrained,pchip,SKS03,2,3,86,18.972,2.262,0.000000;0.140312;1.000000,0.000000;0.498735;1.000000,0.06653367798324816,0.04746664462136832,0.019067033361879843,0.016530304877668753,0.0,0.002173647954367288,0.0
F2,Step 10,0.2,boundary_constrained,pchip,SKS03,2,3,86,18.972,2.262,0.000000;0.140312;1.000000,0.000000;0.498735;1.000000,0.07347353878146194,0.04739622652907468,0.026077312252387262,0.02264261208961782,0.0,0.0031519586118756307,0.0
F2,Step 11,0.2,boundary_constrained,pchip,SKS03,2,3,86,18.972,2.262,0.000000;0.140312;1.000000,0.000000;0.498735;1.000000,0.07530749698098166,0.046893922925732696,0.028413574055248962,0.023793492245916356,0.0,0.003472179094176004,0.0
F2,Step 12,0.2,boundary_constrained,pchip,SKS03,2,3,86,18.972,2.262,0.000000;0.140312;1.000000,0.000000;0.498735;1.000000,0.07073344871011382,0.05032127369483605,0.02041217501527777,0.015729468692273242,0.0,0.002470990180155704,0.0
F2,Step 1,0.2,boundary_constrained,linear,SKS03,3,4,86,18.972,2.262,0.000000;0.140312;0.424942;1.000000,0.000000;0.330065;0.667405;1.000000,0.04696953014195084,0.07251946743490464,-0.025549937292953802,-0.04003591114830191,0.0,-0.0030529363952865665,0.0
F2,Step 2,0.2,boundary_constrained,linear,SKS03,3,4,86,18.972,2.262,0.000000;0.140312;0.424942;1.000000,0.000000;0.330065;0.667405;1.000000,0.047172898360104,0.06376971338473779,-0.01659681502463379,-0.026528011343942205,0.0,-0.0018412940054789023,0.0
F2,Step 3,0.2,boundary_constrained,linear,SKS03,3,4,86,18.972,2.262,0.000000;0.140312;0.424942;1.000000,0.000000;0.330065;0.667405;1.000000,0.04289938079381075,0.057591377261632506,-0.01469199646782176,-0.023205520220304657,0.0,-0.0014764098623993034,0.0
F2,Step 4,0.2,boundary_constrained,linear,SKS03,3,4,86,18.972,2.262,0.000000;0.140312;0.424942;1.000000,0.000000;0.330065;0.667405;1.000000,0.042061565126297294,0.052478214548359096,-0.010416649422061802,-0.016192809028113084,0.0,-0.0009847877413098594,0.0
F2,Step 5,0.2,boundary_constrained,linear,SKS03,3,4,86,18.972,2.262,0.000000;0.140312;0.424942;1.000000,0.000000;0.330065;0.667405;1.000000,0.04448509794706653,0.05323225231490499,-0.008747154367838461,-0.011845730954061016,0.0,-0.0008547487471576053,0.0
F2,Step 6,0.2,boundary_constrained,linear,SKS03,3,4,86,18.972,2.262,0.000000;0.140312;0.424942;1.000000,0.000000;0.330065;0.667405;1.000000,0.04683753280580527,0.05050834387971475,-0.0036708110739094788,-0.0045071680544472165,0.0,-0.00035733832213663357,0.0
F2,Step 7,0.2,boundary_constrained,linear,SKS03,3,4,86,18.972,2.262,0.000000;0.140312;0.424942;1.000000,0.000000;0.330065;0.667405;1.000000,0.04841909281008809,0.04920510745562831,-0.00078601464554022,-0.0007039626678643357,0.0,-7.673405116800473e-05,0.0
F2,Step 8,0.2,boundary_constrained,linear,SKS03,3,4,86,18.972,2.262,0.000000;0.140312;0.424942;1.000000,0.000000;0.330065;0.667405;1.000000,0.04876036131086099,0.049089374222565076,-0.0003290129117040838,-0.0006018272850969106,0.0,-3.219382639732763e-05,0.0
F2,Step 9,0.2,boundary_constrained,linear,SKS03,3,4,86,18.972,2.262,0.000000;0.140312;0.424942;1.000000,0.000000;0.330065;0.667405;1.000000,0.04559308331423216,0.04658600775442651,-0.0009929244401943524,-0.0019778319065661965,0.0,-9.152687239697254e-05,0.0
F2,Step 10,0.2,boundary_constrained,linear,SKS03,3,4,86,18.972,2.262,0.000000;0.140312;0.424942;1.000000,0.000000;0.330065;0.667405;1.000000,0.044328919243375675,0.045203454677271514,-0.0008745354338958386,-0.0024656485217068175,0.0,-7.829923347441747e-05,0.0
F2,Step 11,0.2,boundary_constrained,linear,SKS03,3,4,86,18.972,2.262,0.000000;0.140312;0.424942;1.000000,0.000000;0.330065;0.667405;1.000000,0.044201155316674116,0.043056052301198154,0.0011451030154759623,-0.0017817739892470735,0.0,9.991849156523703e-05,0.0
F2,Step 12,0.2,boundary_constrained,linear,SKS03,3,4,86,18.972,2.262,0.000000;0.140312;0.424942;1.000000,0.000000;0.330065;0.667405;1.000000,0.04811874479530629,0.04088265301543049,0.007236091779875803,0.003184350567047356,0.0,0.0006440222830957286,0.0
F2,Step 1,0.2,boundary_constrained,pchip,SKS03,3,4,86,18.972,2.262,0.000000;0.140312;0.424942;1.000000,0.000000;0.330065;0.667405;1.000000,0.0595295759350792,0.07252960192242917,-0.013000025987349971,-0.028381439657192455,0.0,-0.0017167727440156825,0.0
F2,Step 2,0.2,boundary_constrained,pchip,SKS03,3,4,86,18.972,2.262,0.000000;0.140312;0.424942;1.000000,0.000000;0.330065;0.667405;1.000000,0.049506792471084804,0.06283004889397172,-0.013323256422886912,-0.023231126740438486,0.0,-0.0014966925432438182,0.0
F2,Step 3,0.2,boundary_constrained,pchip,SKS03,3,4,86,18.972,2.262,0.000000;0.140312;0.424942;1.000000,0.000000;0.330065;0.667405;1.000000,0.04698757427582266,0.056543942215329976,-0.009556367939507315,-0.018180968956696422,0.0,-0.000989385264924624,0.0
F2,Step 4,0.2,boundary_constrained,pchip,SKS03,3,4,86,18.972,2.262,0.000000;0.140312;0.424942;1.000000,0.000000;0.330065;0.667405;1.000000,0.046386778147080844,0.05148738269016041,-0.005100604543079569,-0.01085222885102266,0.0,-0.0004992173894165337,0.0
F2,Step 5,0.2,boundary_constrained,pchip,SKS03,3,4,86,18.972,2.262,0.000000;0.140312;0.424942;1.000000,0.000000;0.330065;0.667405;1.000000,0.04916130117133119,0.05222387879179147,-0.0030625776204602773,-0.006167834951134259,0.0,-0.0003104999832013972,0.0
F2,Step 6,0.2,boundary_constrained,pchip,SKS03,3,4,86,18.972,2.262,0.000000;0.140312;0.424942;1.000000,0.000000;0.330065;0.667405;1.000000,0.048042635613850956,0.04952016840730934,-0.001477532793458386,-0.002278404325145332,0.0,-0.00014415224236301834,0.0
F2,Step 7,0.2,boundary_constrained,pchip,SKS03,3,4,86,18.972,2.262,0.000000;0.140312;0.424942;1.000000,0.000000;0.330065;0.667405;1.000000,0.04901336669072893,0.04815875643281842,0.0008546102579105111,0.0008500369029404153,0.0,8.30442932043266e-05,0.0
F2,Step 8,0.2,boundary_constrained,pchip,SKS03,3,4,86,18.972,2.262,0.000000;0.140312;0.424942;1.000000,0.000000;0.330065;0.667405;1.000000,0.0507325713804071,0.04796158732720994,0.002770984053197159,0.002254821402765443,0.0,0.00027347993992251637,0.0
F2,Step 9,0.2,boundary_constrained,pchip,SKS03,3,4,86,18.972,2.262,0.000000;0.140312;0.424942;1.000000,0.000000;0.330065;0.667405;1.000000,0.05067383616644805,0.04588317917690143,0.0047906569895466225,0.0033720992519112106,0.0,0.000462571540444377,0.0
F2,Step 10,0.2,boundary_constrained,pchip,SKS03,3,4,86,18.972,2.262,0.000000;0.140312;0.424942;1.000000,0.000000;0.330065;0.667405;1.000000,0.052610602291936474,0.044976631531046925,0.00763397076088955,0.005411222165102883,0.0,0.0007449780896407472,0.0
F2,Step 11,0.2,boundary_constrained,pchip,SKS03,3,4,86,18.972,2.262,0.000000;0.140312;0.424942;1.000000,0.000000;0.330065;0.667405;1.000000,0.05610986209207277,0.04318487954983665,0.012924982542236119,0.00912577022637305,0.0,0.0012833828022575247,0.0
F2,Step 12,0.2,boundary_constrained,pchip,SKS03,3,4,86,18.972,2.262,0.000000;0.140312;0.424942;1.000000,0.000000;0.330065;0.667405;1.000000,0.06239352463805936,0.04050040244149155,0.02189312219656781,0.016870423875705337,0.0,0.002252669318837346,0.0
F2,Step 1,0.2,boundary_constrained,linear,SKS03,4,5,86,18.972,2.262,0.000000;0.140312;0.572528;0.857158;1.000000,0.000000;0.245731;0.498735;0.751739;1.000000,0.051209587166792594,0.06702219431280344,-0.01581260714601085,-0.030060287358986137,0.0,-0.0018695527127098538,0.0
F2,Step 2,0.2,boundary_constrained,linear,SKS03,4,5,86,18.972,2.262,0.000000;0.140312;0.572528;0.857158;1.000000,0.000000;0.245731;0.498735;0.751739;1.000000,0.04028769270605207,0.05450625200379383,-0.01421855929774176,-0.023410869754560526,0.0,-0.0013478333239237978,0.0
F2,Step 3,0.2,boundary_constrained,linear,SKS03,4,5,86,18.972,2.262,0.000000;0.140312;0.572528;0.857158;1.000000,0.000000;0.245731;0.498735;0.751739;1.000000,0.0346872404797473,0.053259390450529756,-0.018572149970782457,-0.025817116835435236,0.0,-0.0016333580190621608,0.0
F2,Step 4,0.2,boundary_constrained,linear,SKS03,4,5,86,18.972,2.262,0.000000;0.140312;0.572528;0.857158;1.000000,0.000000;0.245731;0.498735;0.751739;1.000000,0.03461381714229638,0.052066801440821375,-0.017452984298524994,-0.02190445244921993,0.0,-0.001512835475117588,0.0
F2,Step 5,0.2,boundary_constrained,linear,SKS03,4,5,86,18.972,2.262,0.000000;0.140312;0.572528;0.857158;1.000000,0.000000;0.245731;0.498735;0.751739;1.000000,0.03650517348535312,0.05694552224319994,-0.020440348757846817,-0.022140558508303487,0.0,-0.0019101648123550502,0.0
F2,Step 6,0.2,boundary_constrained,linear,SKS03,4,5,86,18.972,2.262,0.000000;0.140312;0.572528;0.857158;1.000000,0.000000;0.245731;0.498735;0.751739;1.000000,0.0388021881434652,0.05741491405702327,-0.018612725913558073,-0.018582108147367132,0.0,-0.0017908625514544971,0.0
F2,Step 7,0.2,boundary_constrained,linear,SKS03,4,5,86,18.972,2.262,0.000000;0.140312;0.572528;0.857158;1.000000,0.000000;0.245731;0.498735;0.751739;1.000000,0.042187833290659775,0.05794158257380145,-0.015753749283141674,-0.01495688147761668,0.0,-0.0015774137133961507,0.0
F2,Step 8,0.2,boundary_constrained,linear,SKS03,4,5,86,18.972,2.262,0.000000;0.140312;0.572528;0.857158;1.000000,0.000000;0.245731;0.498735;0.751739;1.000000,0.04442366022709024,0.05711600869489477,-0.01269234846780453,-0.012082218078878978,0.0,-0.0012887768612633353,0.0
F2,Step 9,0.2,boundary_constrained,linear,SKS03,4,5,86,18.972,2.262,0.000000;0.140312;0.572528;0.857158;1.000000,0.000000;0.245731;0.498735;0.751739;1.000000,0.04510465288623907,0.05385664050985635,-0.008751987623617279,-0.008599248806248343,0.0,-0.0008661080150197856,0.0
F2,Step 10,0.2,boundary_constrained,linear,SKS03,4,5,86,18.972,2.262,0.000000;0.140312;0.572528;0.857158;1.000000,0.000000;0.245731;0.498735;0.751739;1.000000,0.04713680280145388,0.05097131225106235,-0.0038345094496084683,-0.0042380587523269675,0.0,-0.00037619649425214906,0.0
F2,Step 11,0.2,boundary_constrained,linear,SKS03,4,5,86,18.972,2.262,0.000000;0.140312;0.572528;0.857158;1.000000,0.000000;0.245731;0.498735;0.751739;1.000000,0.04775866517179789,0.04623632438205301,0.0015223407897448776,0.00023512685146341583,0.0,0.00014309240662947075,0.0
F2,Step 12,0.2,boundary_constrained,linear,SKS03,4,5,86,18.972,2.262,0.000000;0.140312;0.572528;0.857158;1.000000,0.000000;0.245731;0.498735;0.751739;1.000000,0.04690336287947585,0.03718405419237548,0.009719308687100373,0.007369752175399258,0.0,0.0008172715632222765,0.0
F2,Step 1,0.2,boundary_constrained,pchip,SKS03,4,5,86,18.972,2.262,0.000000;0.140312;0.572528;0.857158;1.000000,0.000000;0.245731;0.498735;0.751739;1.000000,0.0732537225868328,0.06845135530516563,0.004802367281667164,-0.00966655461355366,0.0,0.0006805198297146286,0.0
F2,Step 2,0.2,boundary_constrained,pchip,SKS03,4,5,86,18.972,2.262,0.000000;0.140312;0.572528;0.857158;1.000000,0.000000;0.245731;0.498735;0.751739;1.000000,0.06008828971145408,0.0574549315973951,0.00263335811405898,-0.0061486267558720775,0.0,0.000309533395586288,0.0
F2,Step 3,0.2,boundary_constrained,pchip,SKS03,4,5,86,18.972,2.262,0.000000;0.140312;0.572528;0.857158;1.000000,0.000000;0.245731;0.498735;0.751739;1.000000,0.05170855240747433,0.056576032787031806,-0.004867480379557476,-0.011762587817856704,0.0,-0.0005270730938427781,0.0
F2,Step 4,0.2,boundary_constrained,pchip,SKS03,4,5,86,18.972,2.262,0.000000;0.140312;0.572528;0.857158;1.000000,0.000000;0.245731;0.498735;0.751739;1.000000,0.04848467473905603,0.056928653079448714,-0.008443978340392684,-0.012493885052755935,0.0,-0.0008901078568881681,0.0
F2,Step 5,0.2,boundary_constrained,pchip,SKS03,4,5,86,18.972,2.262,0.000000;0.140312;0.572528;0.857158;1.000000,0.000000;0.245731;0.498735;0.751739;1.000000,0.044854763993745585,0.061618680345235544,-0.01676391635148996,-0.01811786969404898,0.0,-0.001784911914553701,0.0
F2,Step 6,0.2,boundary_constrained,pchip,SKS03,4,5,86,18.972,2.262,0.000000;0.140312;0.572528;0.857158;1.000000,0.000000;0.245731;0.498735;0.751739;1.000000,0.04133664592385364,0.062250375279725524,-0.020913729355871886,-0.02064228625240494,0.0,-0.002166390926232617,0.0
F2,Step 7,0.2,boundary_constrained,pchip,SKS03,4,5,86,18.972,2.262,0.000000;0.140312;0.572528;0.857158;1.000000,0.000000;0.245731;0.498735;0.751739;1.000000,0.04535250779526253,0.06316609891853259,-0.017813591123270058,-0.016924691415907557,0.0,-0.0019331060892664948,0.0
F2,Step 8,0.2,boundary_constrained,pchip,SKS03,4,5,86,18.972,2.262,0.000000;0.140312;0.572528;0.857158;1.000000,0.000000;0.245731;0.498735;0.751739;1.000000,0.04940636402588821,0.061825815528253815,-0.012419451502365605,-0.011764220835736375,0.0,-0.0013814426594750903,0.0
F2,Step 9,0.2,boundary_constrained,pchip,SKS03,4,5,86,18.972,2.262,0.000000;0.140312;0.572528;0.857158;1.000000,0.000000;0.245731;0.498735;0.751739;1.000000,0.051189341264483885,0.05923403105389606,-0.008044689789412175,-0.007702086441207803,0.0,-0.0008883217758021303,0.0
F2,Step 10,0.2,boundary_constrained,pchip,SKS03,4,5,86,18.972,2.262,0.000000;0.140312;0.572528;0.857158;1.000000,0.000000;0.245731;0.498735;0.751739;1.000000,0.053843077403425636,0.05676399382472827,-0.0029209164213026342,-0.003016484123934335,0.0,-0.0003230740106625052,0.0
F2,Step 11,0.2,boundary_constrained,pchip,SKS03,4,5,86,18.972,2.262,0.000000;0.140312;0.572528;0.857158;1.000000,0.000000;0.245731;0.498735;0.751739;1.000000,0.05510892875533841,0.05249003957195076,0.0026188891833876515,0.0019492623801898729,0.0,0.0002817897742960075,0.0
F2,Step 12,0.2,boundary_constrained,pchip,SKS03,4,5,86,18.972,2.262,0.000000;0.140312;0.572528;0.857158;1.000000,0.000000;0.245731;0.498735;0.751739;1.000000,0.053975244853677475,0.04166196594728316,0.012313278906394318,0.010965384819471229,0.0,0.0011776076504218546,0.0
F2,Step 1,0.4,original,linear,SKS02,2,3,44,18.972,2.262,0.000000;0.140312;0.435484,0.000000;0.498735;1.000000,0.16696102891238923,0.07333531510646782,0.09362571380592141,0.0696716445783758,0.9562290903039823,-0.003474331060655764,0.025972247794374504
F2,Step 2,0.4,original,linear,SKS02,2,3,44,18.972,2.262,0.000000;0.140312;0.435484,0.000000;0.498735;1.000000,0.19264653135518225,0.06622522551638851,0.12642130583879374,0.10613316393704611,0.978862366984286,-0.0022516954471554895,0.03497860099564219
F2,Step 3,0.4,original,linear,SKS02,2,3,44,18.972,2.262,0.000000;0.140312;0.435484,0.000000;0.498735;1.000000,0.1880995857017922,0.05959253458890724,0.12850705111288496,0.10885514984487965,0.9855113569318419,-0.0019498681361163116,0.03378005209857207
F2,Step 4,0.4,original,linear,SKS02,2,3,44,18.972,2.262,0.000000;0.140312;0.435484,0.000000;0.498735;1.000000,0.1912934660263462,0.05392001697961062,0.13737344904673557,0.11978188049454122,0.9903943349806046,-0.0012148980773849167,0.03490071999067629
F2,Step 5,0.4,original,linear,SKS02,2,3,44,18.972,2.262,0.000000;0.140312;0.435484,0.000000;0.498735;1.000000,0.1914739655581264,0.0530159626658184,0.138458002892308,0.12193792384590951,0.9949352857314706,-0.0009000348657064571,0.034751622054877584
F2,Step 6,0.4,original,linear,SKS02,2,3,44,18.972,2.262,0.000000;0.140312;0.435484,0.000000;0.498735;1.000000,0.1907255246840894,0.04954445116552857,0.14118107351856082,0.12664547958656863,0.9958030842544414,-0.0003238938964842465,0.034245467021212
F2,Step 7,0.4,original,linear,SKS02,2,3,44,18.972,2.262,0.000000;0.140312;0.435484,0.000000;0.498735;1.000000,0.18857399147962062,0.048114604207071116,0.1404593872725495,0.12696728888600714,0.9961007733864933,-1.4156208331875778e-05,0.033259291332884806
F2,Step 8,0.4,original,linear,SKS02,2,3,44,18.972,2.262,0.000000;0.140312;0.435484,0.000000;0.498735;1.000000,0.1878165015488847,0.048194507422229506,0.1396219941266552,0.1258029958305258,0.9954701049710196,2.3941715844265947e-06,0.032949933536806454
F2,Step 9,0.4,original,linear,SKS02,2,3,44,18.972,2.262,0.000000;0.140312;0.435484,0.000000;0.498735;1.000000,0.18645838916874108,0.04592917497826969,0.14052921419047137,0.12633266258027653,0.9955430977729224,-8.904279155409517e-05,0.032746284568771274
F2,Step 10,0.4,original,linear,SKS02,2,3,44,18.972,2.262,0.000000;0.140312;0.435484,0.000000;0.498735;1.000000,0.18633890576955714,0.04523072065707881,0.14110818511247833,0.12681319785829934,0.9948340364939587,-0.0001304406902441845,0.03280681040248139
F2,Step 11,0.4,original,linear,SKS02,2,3,44,18.972,2.262,0.000000;0.140312;0.435484,0.000000;0.498735;1.000000,0.18739334095139415,0.04547020735387316,0.14192313359752098,0.12716916663657582,0.9947727729553544,-0.0002879088690573784,0.033336633345178605
F2,Step 12,0.4,original,linear,SKS02,2,3,44,18.972,2.262,0.000000;0.140312;0.435484,0.000000;0.498735;1.000000,0.1875416435544911,0.050193356364371625,0.1373482871901195,0.1233944600473611,0.9948712878855445,-0.0004989631689401847,0.03315145821293918
F2,Step 1,0.4,original,pchip,SKS02,2,3,44,18.972,2.262,0.000000;0.140312;0.435484,0.000000;0.498735;1.000000,0.1807569888617623,0.0723602384026672,0.10839675045909511,0.08447031474122335,0.8158343377765352,0.0015196335993532615,0.025917451321327167
F2,Step 2,0.4,original,pchip,SKS02,2,3,44,18.972,2.262,0.000000;0.140312;0.435484,0.000000;0.498735;1.000000,0.2006087673298656,0.06622712350552172,0.13438164382434387,0.11470083478337462,0.902701576870859,0.0011834398277083818,0.034674405814084146
F2,Step 3,0.4,original,pchip,SKS02,2,3,44,18.972,2.262,0.000000;0.140312;0.435484,0.000000;0.498735;1.000000,0.1940763102587872,0.05875472678650097,0.13532158347228623,0.11601169560631179,0.925746881289644,0.0005689905125495835,0.033644505771359065
F2,Step 4,0.4,original,pchip,SKS02,2,3,44,18.972,2.262,0.000000;0.140312;0.435484,0.000000;0.498735;1.000000,0.19556381679631113,0.05349975648806166,0.14206406030824947,0.12504508155069546,0.9476138735129482,0.000672683418299165,0.034710299077360084
F2,Step 5,0.4,original,pchip,SKS02,2,3,44,18.972,2.262,0.000000;0.140312;0.435484,0.000000;0.498735;1.000000,0.19393426802539362,0.05100976434698477,0.14292450367840887,0.12694968686202804,0.96985137691496,0.00032777375994027304,0.034680730495870025
F2,Step 6,0.4,original,pchip,SKS02,2,3,44,18.972,2.262,0.000000;0.140312;0.435484,0.000000;0.498735;1.000000,0.19138276343363778,0.04797223099617006,0.1434105324374677,0.1291977914602638,0.9889753368910903,7.677758492905533e-05,0.034249249607816806
F2,Step 7,0.4,original,pchip,SKS02,2,3,44,18.972,2.262,0.000000;0.140312;0.435484,0.000000;0.498735;1.000000,0.18859124902742677,0.04779539498886247,0.14079585403856432,0.12723195037028318,0.9959184799843885,-5.320741431907687e-06,0.03328758016901543
F2,Step 8,0.4,original,pchip,SKS02,2,3,44,18.972,2.262,0.000000;0.140312;0.435484,0.000000;0.498735;1.000000,0.18786440333622242,0.04816099588329501,0.13970340745292742,0.12560874814201725,0.9949625184663663,-3.750822948385038e-05,0.03301106074588795
F2,Step 9,0.4,original,pchip,SKS02,2,3,44,18.972,2.262,0.000000;0.140312;0.435484,0.000000;0.498735;1.000000,0.18661691763484672,0.04714701518669977,0.13946990244814694,0.12495090605044465,0.9938524162583795,-0.00013402661195651943,0.032737059518472784
F2,Step 10,0.4,original,pchip,SKS02,2,3,44,18.972,2.262,0.000000;0.140312;0.435484,0.000000;0.498735;1.000000,0.18667785888228675,0.04712961656021548,0.13954824232207128,0.12498138261651295,0.9912246533084322,-0.00011235808319803616,0.032739780322960065
F2,Step 11,0.4,original,pchip,SKS02,2,3,44,18.972,2.262,0.000000;0.140312;0.435484,0.000000;0.498735;1.000000,0.18786823915084278,0.0467939500641249,0.14107428908671787,0.12619795441219317,0.9897499047108294,-0.00016854308594670304,0.033273344604981145
F2,Step 12,0.4,original,pchip,SKS02,2,3,44,18.972,2.262,0.000000;0.140312;0.435484,0.000000;0.498735;1.000000,0.18799455246231256,0.05023396965271656,0.137760582809596,0.12375529134999025,0.9900834544550963,-0.00033043142164374396,0.033148931470078885
F2,Step 1,0.4,original,linear,SKS03,2,3,44,18.972,2.262,0.000000;0.140312;0.709572,0.000000;0.498735;1.000000,0.0836120260374727,0.07333531510646782,0.010276710931004879,-0.0071814926031597975,0.37573752636318564,-0.0005892764983408701,0.0022021789546669565
F2,Step 2,0.4,original,linear,SKS03,2,3,44,18.972,2.262,0.000000;0.140312;0.709572,0.000000;0.498735;1.000000,0.06050862428417662,0.06622522551638851,-0.005716601232211897,-0.017611166121138354,0.5354186944769554,-0.0019330150835732965,0.0012085282016404274
F2,Step 3,0.4,original,linear,SKS03,2,3,44,18.972,2.262,0.000000;0.140312;0.709572,0.000000;0.498735;1.000000,0.05510771821391369,0.05959253458890724,-0.004484816374993546,-0.016010755320229143,0.6224172089713316,-0.001795198714877797,0.0012807891428918072
F2,Step 4,0.4,original,linear,SKS03,2,3,44,18.972,2.262,0.000000;0.140312;0.709572,0.000000;0.498735;1.000000,0.05185662039969768,0.05392001697961062,-0.002063396579912946,-0.011650182198933969,0.7282124494505209,-0.0013736631846021001,0.001155404032798944
F2,Step 5,0.4,original,linear,SKS03,2,3,44,18.972,2.262,0.000000;0.140312;0.709572,0.000000;0.498735;1.000000,0.05417283193427951,0.0530159626658184,0.0011568692684611123,-0.008033971890182671,0.8331286106357073,-0.001013309355750938,0.0011373127781471818
F2,Step 6,0.4,original,linear,SKS03,2,3,44,18.972,2.262,0.000000;0.140312;0.709572,0.000000;0.498735;1.000000,0.055005112306230425,0.04954445116552857,0.0054606611407018515,-0.0018209322859988886,0.8209369196290872,-0.00033701921461366574,0.0009079289531412415
F2,Step 7,0.4,original,linear,SKS03,2,3,44,18.972,2.262,0.000000;0.140312;0.709572,0.000000;0.498735;1.000000,0.056180069536772646,0.048114604207071116,0.00806546532970153,0.0020196860374925643,0.7478164221922824,0.000249812869971887,0.0005913722051816173
F2,Step 8,0.4,original,linear,SKS03,2,3,44,18.972,2.262,0.000000;0.140312;0.709572,0.000000;0.498735;1.000000,0.05810195427513352,0.048194507422229506,0.009907446852904012,0.0036838079690731246,0.683288077525487,0.0005596551018602565,0.0004934714430581161
F2,Step 9,0.4,original,linear,SKS03,2,3,44,18.972,2.262,0.000000;0.140312;0.709572,0.000000;0.498735;1.000000,0.0569155429287062,0.04592917497826969,0.010986367950436511,0.0048629084864663455,0.5885928217975576,0.0007040648940408908,0.0004258250186439938
F2,Step 10,0.4,original,linear,SKS03,2,3,44,18.972,2.262,0.000000;0.140312;0.709572,0.000000;0.498735;1.000000,0.05646231495123073,0.04523072065707881,0.011231594294151923,0.005314032228593939,0.4863080550718602,0.0008735977247747454,0.00026857719371853203
F2,Step 11,0.4,original,linear,SKS03,2,3,44,18.972,2.262,0.000000;0.140312;0.709572,0.000000;0.498735;1.000000,0.054615753400795594,0.04547020735387316,0.009145546046922436,0.0033297777390717404,0.3836747959309032,0.0008040907379458921,0.00011125002478640328
F2,Step 12,0.4,original,linear,SKS03,2,3,44,18.972,2.262,0.000000;0.140312;0.709572,0.000000;0.498735;1.000000,0.05400017759096875,0.050193356364371625,0.003806821226597125,-0.0009209372364436808,0.2709331948229152,0.0006134715518553801,-0.0002168253951200215
F2,Step 1,0.4,original,pchip,SKS03,2,3,44,18.972,2.262,0.000000;0.140312;0.709572,0.000000;0.498735;1.000000,0.17624053423751898,0.0723602384026672,0.10388029583485178,0.08428254268422247,0.08456885778775719,0.02364880079679892,0.0021759210098363387
F2,Step 2,0.4,original,pchip,SKS03,2,3,44,18.972,2.262,0.000000;0.140312;0.709572,0.000000;0.498735;1.000000,0.13652819122728585,0.06622712350552172,0.07030106772176413,0.05753446518187011,0.105167951725633,0.013208835396522673,0.0010450797154560284
F2,Step 3,0.4,original,pchip,SKS03,2,3,44,18.972,2.262,0.000000;0.140312;0.709572,0.000000;0.498735;1.000000,0.12093284676949079,0.05875472678650097,0.06217811998298982,0.05021911185706045,0.1292462339429999,0.009942648932155672,0.0012299865758610884
F2,Step 4,0.4,original,pchip,SKS03,2,3,44,18.972,2.262,0.000000;0.140312;0.709572,0.000000;0.498735;1.000000,0.10428734506594743,0.05349975648806166,0.05078758857788577,0.04181269433941513,0.18005421627548332,0.0069146204583690665,0.0010990059382530294
F2,Step 5,0.4,original,pchip,SKS03,2,3,44,18.972,2.262,0.000000;0.140312;0.709572,0.000000;0.498735;1.000000,0.08925698336944948,0.05100976434698477,0.03824721902246471,0.03064329733528423,0.3068956395265947,0.004147963887703377,0.0012168491337758854
F2,Step 6,0.4,original,pchip,SKS03,2,3,44,18.972,2.262,0.000000;0.140312;0.709572,0.000000;0.498735;1.000000,0.06334270747724276,0.04797223099617006,0.015370476481072697,0.00897150606723155,0.6190456179127396,0.0006609957020116266,0.0010499679417860198
F2,Step 7,0.4,original,pchip,SKS03,2,3,44,18.972,2.262,0.000000;0.140312;0.709572,0.000000;0.498735;1.000000,0.05322456799863394,0.04779539498886247,0.005429173009771471,-0.0009303759444078477,0.8331731247097819,-0.0002122596762897764,0.0007607145327896051
F2,Step 8,0.4,original,pchip,SKS03,2,3,44,18.972,2.262,0.000000;0.140312;0.709572,0.000000;0.498735;1.000000,0.058221881222387535,0.04816099588329501,0.010060885339092523,0.0035734058041969954,0.6804760674822325,0.0003994455135568531,0.0006708604150461904
F2,Step 9,0.4,original,pchip,SKS03,2,3,44,18.972,2.262,0.000000;0.140312;0.709572,0.000000;0.498735;1.000000,0.06210054480806094,0.04714701518669977,0.014953529621361171,0.008717044676753917,0.49440847521943426,0.0011112947403092346,0.0005223418841338509
F2,Step 10,0.4,original,pchip,SKS03,2,3,44,18.972,2.262,0.000000;0.140312;0.709572,0.000000;0.498735;1.000000,0.06605105876271859,0.04712961656021548,0.018921442202503115,0.012953658083622775,0.35536058535443615,0.001829537684942358,0.0003120039216208096
F2,Step 11,0.4,original,pchip,SKS03,2,3,44,18.972,2.262,0.000000;0.140312;0.709572,0.000000;0.498735;1.000000,0.0698942269309309,0.0467939500641249,0.023100276866806005,0.017160273511075914,0.23426991353172927,0.002595287585509488,0.00010024161015916479
F2,Step 12,0.4,original,pchip,SKS03,2,3,44,18.972,2.262,0.000000;0.140312;0.709572,0.000000;0.498735;1.000000,0.07376128576238322,0.05023396965271656,0.023527316109666664,0.0183074845842433,0.14520970309551992,0.0031353106329568333,-0.00021803506270692594
F2,Step 1,0.4,original,linear,SKS02,3,4,44,18.972,2.262,0.000000;0.140312;0.709572;0.857158,0.000000;0.330065;0.667405;1.000000,0.07271236579366396,0.07352786303168189,-0.000815497238017937,-0.01620817896093235,0.13074020701981626,-0.0007630652964922609,0.0006438067937980811
F2,Step 2,0.4,original,linear,SKS02,3,4,44,18.972,2.262,0.000000;0.140312;0.709572;0.857158,0.000000;0.330065;0.667405;1.000000,0.04977177081239937,0.06455734716926359,-0.01478557635686422,-0.02515665392965765,0.2339028899333123,-0.0022419556056896242,0.0005515337019588103
F2,Step 3,0.4,original,linear,SKS02,3,4,44,18.972,2.262,0.000000;0.140312;0.709572;0.857158,0.000000;0.330065;0.667405;1.000000,0.04733782310543909,0.058014966372785325,-0.010677143267346235,-0.020890104163997322,0.40157559285947264,-0.0019139717918164574,0.0007891049649428893
F2,Step 4,0.4,original,linear,SKS02,3,4,44,18.972,2.262,0.000000;0.140312;0.709572;0.857158,0.000000;0.330065;0.667405;1.000000,0.045074869166763815,0.05257400483899171,-0.007499135672227895,-0.016038002341966125,0.5199189681226318,-0.0015701067402939188,0.0008378245858844707
F2,Step 5,0.4,original,linear,SKS02,3,4,44,18.972,2.262,0.000000;0.140312;0.709572;0.857158,0.000000;0.330065;0.667405;1.000000,0.05006498275906913,0.05298795032625974,-0.0029229675671906125,-0.011260444525574335,0.7019129580611521,-0.001424593768425029,0.0011233733873127478
F2,Step 6,0.4,original,linear,SKS02,3,4,44,18.972,2.262,0.000000;0.140312;0.709572;0.857158,0.000000;0.330065;0.667405;1.000000,0.053102145725027694,0.04999280992624421,0.0031093357987834816,-0.003731179601825292,0.7192916601322491,-0.0008948457001233337,0.0012154025364038289
F2,Step 7,0.4,original,linear,SKS02,3,4,44,18.972,2.262,0.000000;0.140312;0.709572;0.857158,0.000000;0.330065;0.667405;1.000000,0.05652994356302985,0.04863662302459106,0.007893320538438789,0.0018047053446083386,0.6751654307108182,-0.00034999239297702156,0.0011801058129801809
F2,Step 8,0.4,original,linear,SKS02,3,4,44,18.972,2.262,0.000000;0.140312;0.709572;0.857158,0.000000;0.330065;0.667405;1.000000,0.05898733752311683,0.04857167149171079,0.010415666031406041,0.0040433997348022985,0.6305764517286591,-3.9000057081034235e-05,0.0011592987736484704
F2,Step 9,0.4,original,linear,SKS02,3,4,44,18.972,2.262,0.000000;0.140312;0.709572;0.857158,0.000000;0.330065;0.667405;1.000000,0.05795203702132779,0.04621657461611039,0.011735462405217403,0.005521570629668279,0.540601624886504,0.00022824249112351027,0.0009942243345513382
F2,Step 10,0.4,original,linear,SKS02,3,4,44,18.972,2.262,0.000000;0.140312;0.709572;0.857158,0.000000;0.330065;0.667405;1.000000,0.05712241287933787,0.044910158323945466,0.012212254555392404,0.0062304768135611754,0.43353427266848105,0.0005321451377709345,0.0007139025947047625
F2,Step 11,0.4,original,linear,SKS02,3,4,44,18.972,2.262,0.000000;0.140312;0.709572;0.857158,0.000000;0.330065;0.667405;1.000000,0.05426842561319271,0.0429861121972725,0.01128231341592021,0.005479727747833597,0.3086288137556718,0.0006505909481098024,0.0004466652285883289
F2,Step 12,0.4,original,linear,SKS02,3,4,44,18.972,2.262,0.000000;0.140312;0.709572;0.857158,0.000000;0.330065;0.667405;1.000000,0.053268306107329653,0.040947905312795276,0.012320400794534378,0.007213935715420422,0.18290208798991295,0.0007444988557078824,0.0004162826303306437
F2,Step 1,0.4,original,pchip,SKS02,3,4,44,18.972,2.262,0.000000;0.140312;0.709572;0.857158,0.000000;0.330065;0.667405;1.000000,0.0981953353375199,0.07351779036380678,0.02467754497371312,0.008549641853129314,0.0716875938125818,0.003579810831003313,0.00065764755106803
F2,Step 2,0.4,original,pchip,SKS02,3,4,44,18.972,2.262,0.000000;0.140312;0.709572;0.857158,0.000000;0.330065;0.667405;1.000000,0.07271635234636648,0.06358378018097545,0.009132572165391026,-0.0015427067163693298,0.10958159115883337,0.0006909055591043448,0.0005538652373539679
F2,Step 3,0.4,original,pchip,SKS02,3,4,44,18.972,2.262,0.000000;0.140312;0.709572;0.857158,0.000000;0.330065;0.667405;1.000000,0.06470011205061299,0.05694204858937617,0.007758063461236822,-0.0023657231594660794,0.21496799629808364,0.00014654894170654494,0.000797158660100455
F2,Step 4,0.4,original,pchip,SKS02,3,4,44,18.972,2.262,0.000000;0.140312;0.709572;0.857158,0.000000;0.330065;0.667405;1.000000,0.05951928289680101,0.05155576554858619,0.007963517348214821,-8.640524623206025e-05,0.2981873610336548,3.0234965384914565e-05,0.0008543131098637272
F2,Step 5,0.4,original,pchip,SKS02,3,4,44,18.972,2.262,0.000000;0.140312;0.709572;0.857158,0.000000;0.330065;0.667405;1.000000,0.05939011519281405,0.05196258570149889,0.007427529491315157,-0.00015025823061075305,0.49879612009592833,-0.0003909215374930695,0.001217997007323175
F2,Step 6,0.4,original,pchip,SKS02,3,4,44,18.972,2.262,0.000000;0.140312;0.709572;0.857158,0.000000;0.330065;0.667405;1.000000,0.0600536358273333,0.049003149691559854,0.011050486135773446,0.00478657016357463,0.5624067872525712,-0.00013176615809942056,0.0013368966544879681
F2,Step 7,0.4,original,pchip,SKS02,3,4,44,18.972,2.262,0.000000;0.140312;0.709572;0.857158,0.000000;0.330065;0.667405;1.000000,0.07046263418097247,0.04760535568020065,0.02285727850077182,0.01745636403821068,0.4345598034588629,0.001390078105920447,0.0013086348203626892
F2,Step 8,0.4,original,pchip,SKS02,3,4,44,18.972,2.262,0.000000;0.140312;0.709572;0.857158,0.000000;0.330065;0.667405;1.000000,0.07686658711515382,0.04746529527093468,0.029401291844219135,0.023678796467456686,0.3713471875610814,0.002364537836853205,0.001290980122721311
F2,Step 9,0.4,original,pchip,SKS02,3,4,44,18.972,2.262,0.000000;0.140312;0.709572;0.857158,0.000000;0.330065;0.667405;1.000000,0.07987979501547082,0.045528524095673845,0.03435127091979698,0.028587211026385256,0.28453839366348355,0.003220961822576579,0.001086973322806705
F2,Step 10,0.4,original,pchip,SKS02,3,4,44,18.972,2.262,0.000000;0.140312;0.709572;0.857158,0.000000;0.330065;0.667405;1.000000,0.08206586202182628,0.044698995317505326,0.037366866704320954,0.0315795259222611,0.21004456695214427,0.003972076046377854,0.0007647294806132105
F2,Step 11,0.4,original,pchip,SKS02,3,4,44,18.972,2.262,0.000000;0.140312;0.709572;0.857158,0.000000;0.330065;0.667405;1.000000,0.08239713985147999,0.04312237796876977,0.03927476188271022,0.03319875374827412,0.13387720618618043,0.004489719152452357,0.000440030021570555
F2,Step 12,0.4,original,pchip,SKS02,3,4,44,18.972,2.262,0.000000;0.140312;0.709572;0.857158,0.000000;0.330065;0.667405;1.000000,0.082938553535408,0.04057137444577316,0.04236717908963483,0.0364468868905306,0.07544726883021745,0.004841658783046198,0.00039110845508040384
F2,Step 1,0.4,original,linear,SKS03,3,4,44,18.972,2.262,0.000000;0.140312;0.435484;1.000000,0.000000;0.330065;0.667405;1.000000,0.04255252164021591,0.07352786303168189,-0.03097534139146598,-0.043806278110831716,0.0,-0.0035956295440647294,0.0
F2,Step 2,0.4,original,linear,SKS03,3,4,44,18.972,2.262,0.000000;0.140312;0.435484;1.000000,0.000000;0.330065;0.667405;1.000000,0.04341595566240583,0.06455734716926359,-0.02114139150685776,-0.029956253467361096,0.0,-0.002282705867452836,0.0
F2,Step 3,0.4,original,linear,SKS03,3,4,44,18.972,2.262,0.000000;0.140312;0.435484;1.000000,0.000000;0.330065;0.667405;1.000000,0.03927425408426085,0.058014966372785325,-0.018740712288524475,-0.026274138705320707,0.0,-0.0018232692893603317,0.0
F2,Step 4,0.4,original,linear,SKS03,3,4,44,18.972,2.262,0.000000;0.140312;0.435484;1.000000,0.000000;0.330065;0.667405;1.000000,0.03934827248736241,0.05257400483899171,-0.013225732351629299,-0.01836223926751259,0.0,-0.0012157394370706015,0.0
F2,Step 5,0.4,original,linear,SKS03,3,4,44,18.972,2.262,0.000000;0.140312;0.435484;1.000000,0.000000;0.330065;0.667405;1.000000,0.04293657764459366,0.05298795032625974,-0.01005137268166608,-0.012847068446541932,0.0,-0.0009641731799479498,0.0
F2,Step 6,0.4,original,linear,SKS03,3,4,44,18.972,2.262,0.000000;0.140312;0.435484;1.000000,0.000000;0.330065;0.667405;1.000000,0.04586513437532894,0.04999280992624421,-0.004127675550915269,-0.004890654593313171,0.0,-0.00039567049305460136,0.0
F2,Step 7,0.4,original,linear,SKS03,3,4,44,18.972,2.262,0.000000;0.140312;0.435484;1.000000,0.000000;0.330065;0.667405;1.000000,0.04772083995841561,0.04863662302459106,-0.0009157830661754504,-0.0008428304405731363,0.0,-8.82425328994645e-05,0.0
F2,Step 8,0.4,original,linear,SKS03,3,4,44,18.972,2.262,0.000000;0.140312;0.435484;1.000000,0.000000;0.330065;0.667405;1.000000,0.04812092446345718,0.04857167149171079,-0.00045074702825360913,-0.000695554167039196,0.0,-4.3583900280918756e-05,0.0
F2,Step 9,0.4,original,linear,SKS03,3,4,44,18.972,2.262,0.000000;0.140312;0.435484;1.000000,0.000000;0.330065;0.667405;1.000000,0.044490032368864174,0.04621657461611039,-0.0017265422472462141,-0.002591444898208825,0.0,-0.0001566087890639171,0.0
F2,Step 10,0.4,original,linear,SKS03,3,4,44,18.972,2.262,0.000000;0.140312;0.435484;1.000000,0.000000;0.330065;0.667405;1.000000,0.042846634751222426,0.044910158323945466,-0.0020635235727230403,-0.0034552047313862536,0.0,-0.00018108821117718719,0.0
F2,Step 11,0.4,original,linear,SKS03,3,4,44,18.972,2.262,0.000000;0.140312;0.435484;1.000000,0.000000;0.330065;0.667405;1.000000,0.04138405760216997,0.0429861121972725,-0.0016020545951025283,-0.004101498731189618,0.0,-0.00013516561821677725,0.0
F2,Step 12,0.4,original,linear,SKS03,3,4,44,18.972,2.262,0.000000;0.140312;0.435484;1.000000,0.000000;0.330065;0.667405;1.000000,0.04377414961069548,0.040947905312795276,0.002826244297900203,-0.0005669921766279298,0.0,0.00023944522463390403,0.0
F2,Step 1,0.4,original,pchip,SKS03,3,4,44,18.972,2.262,0.000000;0.140312;0.435484;1.000000,0.000000;0.330065;0.667405;1.000000,0.06075635069076929,0.07351779036380678,-0.012761439673037486,-0.02658022364755487,0.0,-0.001713531350716898,0.0
F2,Step 2,0.4,original,pchip,SKS03,3,4,44,18.972,2.262,0.000000;0.140312;0.435484;1.000000,0.000000;0.330065;0.667405;1.000000,0.04814176458413333,0.06358378018097545,-0.01544201559684212,-0.02432254960878226,0.0,-0.0017252676048284921,0.0
F2,Step 3,0.4,original,pchip,SKS03,3,4,44,18.972,2.262,0.000000;0.140312;0.435484;1.000000,0.000000;0.330065;0.667405;1.000000,0.045635717583750846,0.05694204858937617,-0.011306331005625322,-0.01901696451626423,0.0,-0.001159778178171011,0.0
F2,Step 4,0.4,original,pchip,SKS03,3,4,44,18.972,2.262,0.000000;0.140312;0.435484;1.000000,0.000000;0.330065;0.667405;1.000000,0.045090469430836035,0.05155576554858619,-0.006465296117750152,-0.01160858748779986,0.0,-0.0006248465278076271,0.0
F2,Step 5,0.4,original,pchip,SKS03,3,4,44,18.972,2.262,0.000000;0.140312;0.435484;1.000000,0.000000;0.330065;0.667405;1.000000,0.048546725739790256,0.05196258570149889,-0.0034158599617086366,-0.006219801035523546,0.0,-0.0003433257327312034,0.0
F2,Step 6,0.4,original,pchip,SKS03,3,4,44,18.972,2.262,0.000000;0.140312;0.435484;1.000000,0.000000;0.330065;0.667405;1.000000,0.046954050860766025,0.049003149691559854,-0.0020490988307938288,-0.0027626992313675297,0.0,-0.00019662578745802,0.0
F2,Step 7,0.4,original,pchip,SKS03,3,4,44,18.972,2.262,0.000000;0.140312;0.435484;1.000000,0.000000;0.330065;0.667405;1.000000,0.046846235646672486,0.04760535568020065,-0.0007591200335281614,-0.0006942744764731126,0.0,-7.170009517484368e-05,0.0
F2,Step 8,0.4,original,pchip,SKS03,3,4,44,18.972,2.262,0.000000;0.140312;0.435484;1.000000,0.000000;0.330065;0.667405;1.000000,0.04711434312840789,0.04746529527093468,-0.0003509521425267906,-0.0006740246647873732,0.0,-3.3192926735658614e-05,0.0
F2,Step 9,0.4,original,pchip,SKS03,3,4,44,18.972,2.262,0.000000;0.140312;0.435484;1.000000,0.000000;0.330065;0.667405;1.000000,0.04534861315144761,0.045528524095673845,-0.00017991094422623727,-0.0012185883250515062,0.0,-1.6349791570706493e-05,0.0
F2,Step 10,0.4,original,pchip,SKS03,3,4,44,18.972,2.262,0.000000;0.140312;0.435484;1.000000,0.000000;0.330065;0.667405;1.000000,0.04600131471062445,0.044698995317505326,0.0013023193931191238,-0.00039568438955037144,0.0,0.00011812077271155033,0.0
F2,Step 11,0.4,original,pchip,SKS03,3,4,44,18.972,2.262,0.000000;0.140312;0.435484;1.000000,0.000000;0.330065;0.667405;1.000000,0.047452822893538575,0.04312237796876977,0.004330444924768806,0.0013584132097475277,0.0,0.0003922309188840989,0.0
F2,Step 12,0.4,original,pchip,SKS03,3,4,44,18.972,2.262,0.000000;0.140312;0.435484;1.000000,0.000000;0.330065;0.667405;1.000000,0.05192778691957424,0.04057137444577316,0.011356412473801078,0.0074167737703069725,0.0,0.0010504586299455694,0.0
F2,Step 1,0.4,original,linear,SKS02,4,5,44,18.972,2.262,0.000000;0.140312;0.709572;0.857158;1.000000,0.000000;0.245731;0.498735;0.751739;1.000000,0.06799180129797103,0.068036969803608,-4.516850563697494e-05,-0.013535898467535876,0.0,-6.144216314293092e-06,0.0
F2,Step 2,0.4,original,linear,SKS02,4,5,44,18.972,2.262,0.000000;0.140312;0.709572;0.857158;1.000000,0.000000;0.245731;0.498735;0.751739;1.000000,0.04400758392290992,0.055268752435420385,-0.011261168512510467,-0.01970832284163057,0.0,-0.0011179675530358266,0.0
F2,Step 3,0.4,original,linear,SKS02,4,5,44,18.972,2.262,0.000000;0.140312;0.709572;0.857158;1.000000,0.000000;0.245731;0.498735;0.751739;1.000000,0.03730366091317179,0.05362683212043545,-0.016323171207263662,-0.023021884261299093,0.0,-0.0014842740057484662,0.0
F2,Step 4,0.4,original,linear,SKS02,4,5,44,18.972,2.262,0.000000;0.140312;0.709572;0.857158;1.000000,0.000000;0.245731;0.498735;0.751739;1.000000,0.0325654726059249,0.05207153042228326,-0.019506057816358363,-0.02352427987861446,0.0,-0.001650934274471526,0.0
F2,Step 5,0.4,original,linear,SKS02,4,5,44,18.972,2.262,0.000000;0.140312;0.709572;0.857158;1.000000,0.000000;0.245731;0.498735;0.751739;1.000000,0.030853971729244534,0.05657306273691224,-0.025719091007667706,-0.027171109026648238,0.0,-0.0022485438559655875,0.0
F2,Step 6,0.4,original,linear,SKS02,4,5,44,18.972,2.262,0.000000;0.140312;0.709572;0.857158;1.000000,0.000000;0.245731;0.498735;0.751739;1.000000,0.03210762837727206,0.056809152572287,-0.024701524195014937,-0.024562233046957788,0.0,-0.0021963800159683767,0.0
F2,Step 7,0.4,original,linear,SKS02,4,5,44,18.972,2.262,0.000000;0.140312;0.709572;0.857158;1.000000,0.000000;0.245731;0.498735;0.751739;1.000000,0.03607495003757209,0.05727554446311738,-0.02120059442554529,-0.020366813828936965,0.0,-0.0019790859733332137,0.0
F2,Step 8,0.4,original,linear,SKS02,4,5,44,18.972,2.262,0.000000;0.140312;0.709572;0.857158;1.000000,0.000000;0.245731;0.498735;0.751739;1.000000,0.03940715201426935,0.05647637665854454,-0.01706922464427519,-0.01642089231919077,0.0,-0.0016366574906020615,0.0
F2,Step 9,0.4,original,linear,SKS02,4,5,44,18.972,2.262,0.000000;0.140312;0.709572;0.857158;1.000000,0.000000;0.245731;0.498735;0.751739;1.000000,0.041940769927550484,0.05331725903083464,-0.011376489103284156,-0.011176373560421116,0.0,-0.0010837019284453948,0.0
F2,Step 10,0.4,original,linear,SKS02,4,5,44,18.972,2.262,0.000000;0.140312;0.709572;0.857158;1.000000,0.000000;0.245731;0.498735;0.751739;1.000000,0.045349228466029796,0.05049377440845906,-0.005144545942429267,-0.0054693939640226424,0.0,-0.0004930687315481881,0.0
F2,Step 11,0.4,original,linear,SKS02,4,5,44,18.972,2.262,0.000000;0.140312;0.709572;0.857158;1.000000,0.000000;0.245731;0.498735;0.751739;1.000000,0.047195996767389885,0.04593877816994368,0.001257218597446208,0.00012423104188325623,0.0,0.00011709077112018311,0.0
F2,Step 12,0.4,original,linear,SKS02,4,5,44,18.972,2.262,0.000000;0.140312;0.709572;0.857158;1.000000,0.000000;0.245731;0.498735;0.751739;1.000000,0.04873304819618895,0.03708943192572136,0.011643616270467588,0.009507289430787144,0.0,0.0009992840259193559,0.0
F2,Step 1,0.4,original,pchip,SKS02,4,5,44,18.972,2.262,0.000000;0.140312;0.709572;0.857158;1.000000,0.000000;0.245731;0.498735;0.751739;1.000000,0.0947541086193726,0.06929966333863316,0.025454445280739438,0.011789667944151025,0.0,0.004175897761403964,0.0
F2,Step 2,0.4,original,pchip,SKS02,4,5,44,18.972,2.262,0.000000;0.140312;0.709572;0.857158;1.000000,0.000000;0.245731;0.498735;0.751739;1.000000,0.06891092090634189,0.05800843843039802,0.010902482475943873,0.002731089694722716,0.0,0.0013837360910268304,0.0
F2,Step 3,0.4,original,pchip,SKS02,4,5,44,18.972,2.262,0.000000;0.140312;0.709572;0.857158;1.000000,0.000000;0.245731;0.498735;0.751739;1.000000,0.057653788610857896,0.056753147434765935,0.0009006411760919611,-0.0055237275336650765,0.0,0.00010303959743320818,0.0
F2,Step 4,0.4,original,pchip,SKS02,4,5,44,18.972,2.262,0.000000;0.140312;0.709572;0.857158;1.000000,0.000000;0.245731;0.498735;0.751739;1.000000,0.05027858312164219,0.056775435199707965,-0.0064968520780657735,-0.010256153535916988,0.0,-0.000695514121396355,0.0
F2,Step 5,0.4,original,pchip,SKS02,4,5,44,18.972,2.262,0.000000;0.140312;0.709572;0.857158;1.000000,0.000000;0.245731;0.498735;0.751739;1.000000,0.04271637226670836,0.06113806228501584,-0.018421690018307478,-0.01967871227636822,0.0,-0.001913174200338465,0.0
F2,Step 6,0.4,original,pchip,SKS02,4,5,44,18.972,2.262,0.000000;0.140312;0.709572;0.857158;1.000000,0.000000;0.245731;0.498735;0.751739;1.000000,0.04033744412798703,0.06157955619119881,-0.021242112063211777,-0.021110939429907258,0.0,-0.0021649323419265366,0.0
F2,Step 7,0.4,original,pchip,SKS02,4,5,44,18.972,2.262,0.000000;0.140312;0.709572;0.857158;1.000000,0.000000;0.245731;0.498735;0.751739;1.000000,0.053368984514221736,0.06244281054309444,-0.009073826028872703,-0.008709287565623683,0.0,-0.001050856080441547,0.0
F2,Step 8,0.4,original,pchip,SKS02,4,5,44,18.972,2.262,0.000000;0.140312;0.709572;0.857158;1.000000,0.000000;0.245731;0.498735;0.751739;1.000000,0.06128256826871118,0.061121751227709166,0.00016081704100201488,0.0002052129263943256,0.0,1.968470046727912e-05,0.0
F2,Step 9,0.4,original,pchip,SKS02,4,5,44,18.972,2.262,0.000000;0.140312;0.709572;0.857158;1.000000,0.000000;0.245731;0.498735;0.751739;1.000000,0.06779420414075162,0.05859552178534797,0.009198682355403644,0.008798403914657534,0.0,0.0011626189417807157,0.0
F2,Step 10,0.4,original,pchip,SKS02,4,5,44,18.972,2.262,0.000000;0.140312;0.709572;0.857158;1.000000,0.000000;0.245731;0.498735;0.751739;1.000000,0.07315389515040271,0.05616851909410181,0.016985376056300905,0.016142593617678294,0.0,0.002196589838451633,0.0
F2,Step 11,0.4,original,pchip,SKS02,4,5,44,18.972,2.262,0.000000;0.140312;0.709572;0.857158;1.000000,0.000000;0.245731;0.498735;0.751739;1.000000,0.07700495084580505,0.05202046160931341,0.024984489236491644,0.023532943806451677,0.0,0.0032236340287188016,0.0
F2,Step 12,0.4,original,pchip,SKS02,4,5,44,18.972,2.262,0.000000;0.140312;0.709572;0.857158;1.000000,0.000000;0.245731;0.498735;0.751739;1.000000,0.07987837161319103,0.04135243545377412,0.03852593615941691,0.03636502461779469,0.0,0.004670530333616488,0.0
F2,Step 1,0.4,original,linear,SKS03,4,5,44,18.972,2.262,0.000000;0.140312;0.561986;0.857158;1.000000,0.000000;0.245731;0.498735;0.751739;1.000000,0.04928343147780291,0.068036969803608,-0.01875353832580509,-0.031429580730363574,0.0,-0.0022001726418297727,0.0
F2,Step 2,0.4,original,linear,SKS03,4,5,44,18.972,2.262,0.000000;0.140312;0.561986;0.857158;1.000000,0.000000;0.245731;0.498735;0.751739;1.000000,0.04141706823176473,0.055268752435420385,-0.013851684203655658,-0.022189832403893245,0.0,-0.0013392614548531315,0.0
F2,Step 3,0.4,original,linear,SKS03,4,5,44,18.972,2.262,0.000000;0.140312;0.561986;0.857158;1.000000,0.000000;0.245731;0.498735;0.751739;1.000000,0.035666356076199134,0.05362683212043545,-0.01796047604423632,-0.024585086557621233,0.0,-0.0016037481675191408,0.0
F2,Step 4,0.4,original,linear,SKS03,4,5,44,18.972,2.262,0.000000;0.140312;0.561986;0.857158;1.000000,0.000000;0.245731;0.498735;0.751739;1.000000,0.03494481695465775,0.05207153042228326,-0.01712671346762551,-0.021241543488763524,0.0,-0.0014903040485242354,0.0
F2,Step 5,0.4,original,linear,SKS03,4,5,44,18.972,2.262,0.000000;0.140312;0.561986;0.857158;1.000000,0.000000;0.245731;0.498735;0.751739;1.000000,0.0367610338639377,0.05657306273691224,-0.019812028872974542,-0.02149127434633632,0.0,-0.0018491378166890344,0.0
F2,Step 6,0.4,original,linear,SKS03,4,5,44,18.972,2.262,0.000000;0.140312;0.561986;0.857158;1.000000,0.000000;0.245731;0.498735;0.751739;1.000000,0.038655503643157715,0.056809152572287,-0.018153648929129282,-0.01825599758906258,0.0,-0.001733031854075203,0.0
F2,Step 7,0.4,original,linear,SKS03,4,5,44,18.972,2.262,0.000000;0.140312;0.561986;0.857158;1.000000,0.000000;0.245731;0.498735;0.751739;1.000000,0.041570121666227804,0.05727554446311738,-0.01570542279688958,-0.0150814937213809,0.0,-0.0015524129782015542,0.0
F2,Step 8,0.4,original,linear,SKS03,4,5,44,18.972,2.262,0.000000;0.140312;0.561986;0.857158;1.000000,0.000000;0.245731;0.498735;0.751739;1.000000,0.04328950244809049,0.05647637665854454,-0.013186874210454051,-0.012689761133180572,0.0,-0.001315600098274562,0.0
F2,Step 9,0.4,original,linear,SKS03,4,5,44,18.972,2.262,0.000000;0.140312;0.561986;0.857158;1.000000,0.000000;0.245731;0.498735;0.751739;1.000000,0.0439700614601624,0.05331725903083464,-0.00934719757067224,-0.009231621059384958,0.0,-0.0009093638057506592,0.0
F2,Step 10,0.4,original,linear,SKS03,4,5,44,18.972,2.262,0.000000;0.140312;0.561986;0.857158;1.000000,0.000000;0.245731;0.498735;0.751739;1.000000,0.0456393174246024,0.05049377440845906,-0.004854456983856663,-0.005190977015169268,0.0,-0.00046667395902873915,0.0
F2,Step 11,0.4,original,linear,SKS03,4,5,44,18.972,2.262,0.000000;0.140312;0.561986;0.857158;1.000000,0.000000;0.245731;0.498735;0.751739;1.000000,0.04627009822018966,0.04593877816994368,0.000331320050245984,-0.0007614078843007008,0.0,3.055064955870457e-05,0.0
F2,Step 12,0.4,original,linear,SKS03,4,5,44,18.972,2.262,0.000000;0.140312;0.561986;0.857158;1.000000,0.000000;0.245731;0.498735;0.751739;1.000000,0.04529263769681566,0.03708943192572136,0.008203205771094298,0.006219346374922462,0.0,0.0006757970689622883,0.0
F2,Step 1,0.4,original,pchip,SKS03,4,5,44,18.972,2.262,0.000000;0.140312;0.561986;0.857158;1.000000,0.000000;0.245731;0.498735;0.751739;1.000000,0.07043341697823392,0.06929966333863316,0.0011337536396007625,-0.011621880127578893,0.0,0.00015842288838187397,0.0
F2,Step 2,0.4,original,pchip,SKS03,4,5,44,18.972,2.262,0.000000;0.140312;0.561986;0.857158;1.000000,0.000000;0.245731;0.498735;0.751739;1.000000,0.06014645106176856,0.05800843843039802,0.002138012631370541,-0.005708401783315782,0.0,0.0002526166461924433,0.0
F2,Step 3,0.4,original,pchip,SKS03,4,5,44,18.972,2.262,0.000000;0.140312;0.561986;0.857158;1.000000,0.000000;0.245731;0.498735;0.751739;1.000000,0.051745513982746016,0.056753147434765935,-0.005007633452019919,-0.011209403808848543,0.0,-0.0005433215264137166,0.0
F2,Step 4,0.4,original,pchip,SKS03,4,5,44,18.972,2.262,0.000000;0.140312;0.561986;0.857158;1.000000,0.000000;0.245731;0.498735;0.751739;1.000000,0.04807056712036741,0.056775435199707965,-0.008704868079340553,-0.012382965186745164,0.0,-0.0009126706188424895,0.0
F2,Step 5,0.4,original,pchip,SKS03,4,5,44,18.972,2.262,0.000000;0.140312;0.561986;0.857158;1.000000,0.000000;0.245731;0.498735;0.751739;1.000000,0.04492154475733018,0.06113806228501584,-0.01621651752768566,-0.017555676811672104,0.0,-0.001719917476581658,0.0
F2,Step 6,0.4,original,pchip,SKS03,4,5,44,18.972,2.262,0.000000;0.140312;0.561986;0.857158;1.000000,0.000000;0.245731;0.498735;0.751739;1.000000,0.04091080706664984,0.06157955619119881,-0.02066874912454897,-0.02055772325736254,0.0,-0.002118347605860365,0.0
F2,Step 7,0.4,original,pchip,SKS03,4,5,44,18.972,2.262,0.000000;0.140312;0.561986;0.857158;1.000000,0.000000;0.245731;0.498735;0.751739;1.000000,0.04379073457118464,0.06244281054309444,-0.0186520759719098,-0.017922481972128486,0.0,-0.001981476154236841,0.0
F2,Step 8,0.4,original,pchip,SKS03,4,5,44,18.972,2.262,0.000000;0.140312;0.561986;0.857158;1.000000,0.000000;0.245731;0.498735;0.751739;1.000000,0.04689932993882235,0.061121751227709166,-0.014222421288886816,-0.013631529846722966,0.0,-0.0015363213244314487,0.0
F2,Step 9,0.4,original,pchip,SKS03,4,5,44,18.972,2.262,0.000000;0.140312;0.561986;0.857158;1.000000,0.000000;0.245731;0.498735;0.751739;1.000000,0.048723274418420275,0.05859552178534797,-0.009872247366927697,-0.00953167171834042,0.0,-0.0010594777032445013,0.0
F2,Step 10,0.4,original,pchip,SKS03,4,5,44,18.972,2.262,0.000000;0.140312;0.561986;0.857158;1.000000,0.000000;0.245731;0.498735;0.751739;1.000000,0.050886627874961794,0.05616851909410181,-0.0052818912191400155,-0.0052817244173060315,0.0,-0.0005654536407396417,0.0
F2,Step 11,0.4,original,pchip,SKS03,4,5,44,18.972,2.262,0.000000;0.140312;0.561986;0.857158;1.000000,0.000000;0.245731;0.498735;0.751739;1.000000,0.05217665914981345,0.05202046160931341,0.00015619754050003737,-0.00032715073913301695,0.0,1.6275333989761292e-05,0.0
F2,Step 12,0.4,original,pchip,SKS03,4,5,44,18.972,2.262,0.000000;0.140312;0.561986;0.857158;1.000000,0.000000;0.245731;0.498735;0.751739;1.000000,0.05079056544442899,0.04135243545377412,0.009438129990654867,0.008413203175686758,0.0,0.000869657620206269,0.0
F2,Step 1,0.4,boundary_constrained,linear,SKS02,2,3,44,18.972,2.262,0.000000;0.140312;1.000000,0.000000;0.498735;1.000000,0.10204908351920303,0.07333531510646782,0.028713768412735208,0.013018329789300842,0.0,0.005035947005344349,0.0
F2,Step 2,0.4,boundary_constrained,linear,SKS02,2,3,44,18.972,2.262,0.000000;0.140312;1.000000,0.000000;0.498735;1.000000,0.08335396277746059,0.06622522551638851,0.01712873726107207,0.006780065031183211,0.0,0.0025621026160097694,0.0
F2,Step 3,0.4,boundary_constrained,linear,SKS02,2,3,44,18.972,2.262,0.000000;0.140312;1.000000,0.000000;0.498735;1.000000,0.06931119211115801,0.05959253458890724,0.009718657522250769,0.0008022155090255112,0.0,0.0012527711731397466,0.0
F2,Step 4,0.4,boundary_constrained,linear,SKS02,2,3,44,18.972,2.262,0.000000;0.140312;1.000000,0.000000;0.498735;1.000000,0.057481692226095095,0.05392001697961062,0.003561675246484472,-0.0023394849040069346,0.0,0.0003967767100940229,0.0
F2,Step 5,0.4,boundary_constrained,linear,SKS02,2,3,44,18.972,2.262,0.000000;0.140312;1.000000,0.000000;0.498735;1.000000,0.04605114117450964,0.0530159626658184,-0.0069648214913087605,-0.010148367239661324,0.0,-0.0006899846939088336,0.0
F2,Step 6,0.4,boundary_constrained,linear,SKS02,2,3,44,18.972,2.262,0.000000;0.140312;1.000000,0.000000;0.498735;1.000000,0.04587299574489635,0.04954445116552857,-0.0036714554206322206,-0.004590265101369936,0.0,-0.00035032090268216696,0.0
F2,Step 7,0.4,boundary_constrained,linear,SKS02,2,3,44,18.972,2.262,0.000000;0.140312;1.000000,0.000000;0.498735;1.000000,0.05108676324035762,0.048114604207071116,0.0029721590332865075,0.002901515818333561,0.0,0.00029484224037325,0.0
F2,Step 8,0.4,boundary_constrained,linear,SKS02,2,3,44,18.972,2.262,0.000000;0.140312;1.000000,0.000000;0.498735;1.000000,0.055782856135347655,0.048194507422229506,0.00758834871311815,0.007041054982345377,0.0,0.0007890164929455587,0.0
F2,Step 9,0.4,boundary_constrained,linear,SKS02,2,3,44,18.972,2.262,0.000000;0.140312;1.000000,0.000000;0.498735;1.000000,0.05284147705292213,0.04592917497826969,0.006912302074652439,0.0055972860706692135,0.0,0.0006827325829499815,0.0
F2,Step 10,0.4,boundary_constrained,linear,SKS02,2,3,44,18.972,2.262,0.000000;0.140312;1.000000,0.000000;0.498735;1.000000,0.05143111404533794,0.04523072065707881,0.006200393388259132,0.004391105901221118,0.0,0.0005993414007858616,0.0
F2,Step 11,0.4,boundary_constrained,linear,SKS02,2,3,44,18.972,2.262,0.000000;0.140312;1.000000,0.000000;0.498735;1.000000,0.04549717086677593,0.04547020735387316,2.6963512902773712e-05,-0.0025898747386749396,0.0,2.4528000763842572e-06,0.0
F2,Step 12,0.4,boundary_constrained,linear,SKS02,2,3,44,18.972,2.262,0.000000;0.140312;1.000000,0.000000;0.498735;1.000000,0.04229965040841974,0.050193356364371625,-0.007893705955951888,-0.010689356519880656,0.0,-0.0007301125984462811,0.0
F2,Step 1,0.4,boundary_constrained,pchip,SKS02,2,3,44,18.972,2.262,0.000000;0.140312;1.000000,0.000000;0.498735;1.000000,0.28063993284932576,0.0723602384026672,0.20827969444665856,0.1859945449468131,0.0,0.07352276780798324,0.0
F2,Step 2,0.4,boundary_constrained,pchip,SKS02,2,3,44,18.972,2.262,0.000000;0.140312;1.000000,0.000000;0.498735;1.000000,0.23891536891073734,0.06622712350552172,0.1726882454052156,0.15720329576977918,0.0,0.05269452161393808,0.0
F2,Step 3,0.4,boundary_constrained,pchip,SKS02,2,3,44,18.972,2.262,0.000000;0.140312;1.000000,0.000000;0.498735;1.000000,0.20882160027342278,0.05875472678650097,0.15006687348692183,0.1362729162203032,0.0,0.04015434282099679,0.0
F2,Step 4,0.4,boundary_constrained,pchip,SKS02,2,3,44,18.972,2.262,0.000000;0.140312;1.000000,0.000000;0.498735;1.000000,0.17891296161816353,0.05349975648806166,0.12541320513010187,0.11556730715598276,0.0,0.029147623890700556,0.0
F2,Step 5,0.4,boundary_constrained,pchip,SKS02,2,3,44,18.972,2.262,0.000000;0.140312;1.000000,0.000000;0.498735;1.000000,0.14180971599071968,0.05100976434698477,0.0907999516437349,0.08459497458013104,0.0,0.017507999490633655,0.0
F2,Step 6,0.4,boundary_constrained,pchip,SKS02,2,3,44,18.972,2.262,0.000000;0.140312;1.000000,0.000000;0.498735;1.000000,0.08132251383549416,0.04797223099617006,0.0333502828393241,0.031445924731878176,0.0,0.004312016309774238,0.0
F2,Step 7,0.4,boundary_constrained,pchip,SKS02,2,3,44,18.972,2.262,0.000000;0.140312;1.000000,0.000000;0.498735;1.000000,0.046778918386941794,0.04779539498886247,-0.0010164766019206753,-0.0009864784886541161,0.0,-9.613257668921882e-05,0.0
F2,Step 8,0.4,boundary_constrained,pchip,SKS02,2,3,44,18.972,2.262,0.000000;0.140312;1.000000,0.000000;0.498735;1.000000,0.0565416775401264,0.04816099588329501,0.008380681656831389,0.007532008325254899,0.0,0.0008774797745808756,0.0
F2,Step 9,0.4,boundary_constrained,pchip,SKS02,2,3,44,18.972,2.262,0.000000;0.140312;1.000000,0.000000;0.498735;1.000000,0.06580040750506742,0.04714701518669977,0.018653392318367656,0.016501728252211113,0.0,0.002106852586818034,0.0
F2,Step 10,0.4,boundary_constrained,pchip,SKS02,2,3,44,18.972,2.262,0.000000;0.140312;1.000000,0.000000;0.498735;1.000000,0.07264478044373039,0.04712961656021548,0.025515163883514914,0.02260506645730298,0.0,0.0030560633686048566,0.0
F2,Step 11,0.4,boundary_constrained,pchip,SKS02,2,3,44,18.972,2.262,0.000000;0.140312;1.000000,0.000000;0.498735;1.000000,0.07447828317949162,0.0467939500641249,0.02768433311536672,0.023733819689479026,0.0,0.00335734090276073,0.0
F2,Step 12,0.4,boundary_constrained,pchip,SKS02,2,3,44,18.972,2.262,0.000000;0.140312;1.000000,0.000000;0.498735;1.000000,0.06996236606668858,0.05023396965271656,0.019728396413972026,0.015673731804697492,0.0,0.002371280958579289,0.0
F2,Step 1,0.4,boundary_constrained,linear,SKS02,3,4,44,18.972,2.262,0.000000;0.140312;0.435484;1.000000,0.000000;0.330065;0.667405;1.000000,0.04255252164021591,0.07352786303168189,-0.03097534139146598,-0.043806278110831716,0.0,-0.0035956295440647294,0.0
F2,Step 2,0.4,boundary_constrained,linear,SKS02,3,4,44,18.972,2.262,0.000000;0.140312;0.435484;1.000000,0.000000;0.330065;0.667405;1.000000,0.04341595566240583,0.06455734716926359,-0.02114139150685776,-0.029956253467361096,0.0,-0.002282705867452836,0.0
F2,Step 3,0.4,boundary_constrained,linear,SKS02,3,4,44,18.972,2.262,0.000000;0.140312;0.435484;1.000000,0.000000;0.330065;0.667405;1.000000,0.03927425408426085,0.058014966372785325,-0.018740712288524475,-0.026274138705320707,0.0,-0.0018232692893603317,0.0
F2,Step 4,0.4,boundary_constrained,linear,SKS02,3,4,44,18.972,2.262,0.000000;0.140312;0.435484;1.000000,0.000000;0.330065;0.667405;1.000000,0.03934827248736241,0.05257400483899171,-0.013225732351629299,-0.01836223926751259,0.0,-0.0012157394370706015,0.0
F2,Step 5,0.4,boundary_constrained,linear,SKS02,3,4,44,18.972,2.262,0.000000;0.140312;0.435484;1.000000,0.000000;0.330065;0.667405;1.000000,0.04293657764459366,0.05298795032625974,-0.01005137268166608,-0.012847068446541932,0.0,-0.0009641731799479498,0.0
F2,Step 6,0.4,boundary_constrained,linear,SKS02,3,4,44,18.972,2.262,0.000000;0.140312;0.435484;1.000000,0.000000;0.330065;0.667405;1.000000,0.04586513437532894,0.04999280992624421,-0.004127675550915269,-0.004890654593313171,0.0,-0.00039567049305460136,0.0
F2,Step 7,0.4,boundary_constrained,linear,SKS02,3,4,44,18.972,2.262,0.000000;0.140312;0.435484;1.000000,0.000000;0.330065;0.667405;1.000000,0.04772083995841561,0.04863662302459106,-0.0009157830661754504,-0.0008428304405731363,0.0,-8.82425328994645e-05,0.0
F2,Step 8,0.4,boundary_constrained,linear,SKS02,3,4,44,18.972,2.262,0.000000;0.140312;0.435484;1.000000,0.000000;0.330065;0.667405;1.000000,0.04812092446345718,0.04857167149171079,-0.00045074702825360913,-0.000695554167039196,0.0,-4.3583900280918756e-05,0.0
F2,Step 9,0.4,boundary_constrained,linear,SKS02,3,4,44,18.972,2.262,0.000000;0.140312;0.435484;1.000000,0.000000;0.330065;0.667405;1.000000,0.044490032368864174,0.04621657461611039,-0.0017265422472462141,-0.002591444898208825,0.0,-0.0001566087890639171,0.0
F2,Step 10,0.4,boundary_constrained,linear,SKS02,3,4,44,18.972,2.262,0.000000;0.140312;0.435484;1.000000,0.000000;0.330065;0.667405;1.000000,0.042846634751222426,0.044910158323945466,-0.0020635235727230403,-0.0034552047313862536,0.0,-0.00018108821117718719,0.0
F2,Step 11,0.4,boundary_constrained,linear,SKS02,3,4,44,18.972,2.262,0.000000;0.140312;0.435484;1.000000,0.000000;0.330065;0.667405;1.000000,0.04138405760216997,0.0429861121972725,-0.0016020545951025283,-0.004101498731189618,0.0,-0.00013516561821677725,0.0
F2,Step 12,0.4,boundary_constrained,linear,SKS02,3,4,44,18.972,2.262,0.000000;0.140312;0.435484;1.000000,0.000000;0.330065;0.667405;1.000000,0.04377414961069548,0.040947905312795276,0.002826244297900203,-0.0005669921766279298,0.0,0.00023944522463390403,0.0
F2,Step 1,0.4,boundary_constrained,pchip,SKS02,3,4,44,18.972,2.262,0.000000;0.140312;0.435484;1.000000,0.000000;0.330065;0.667405;1.000000,0.06075635069076929,0.07351779036380678,-0.012761439673037486,-0.02658022364755487,0.0,-0.001713531350716898,0.0
F2,Step 2,0.4,boundary_constrained,pchip,SKS02,3,4,44,18.972,2.262,0.000000;0.140312;0.435484;1.000000,0.000000;0.330065;0.667405;1.000000,0.04814176458413333,0.06358378018097545,-0.01544201559684212,-0.02432254960878226,0.0,-0.0017252676048284921,0.0
F2,Step 3,0.4,boundary_constrained,pchip,SKS02,3,4,44,18.972,2.262,0.000000;0.140312;0.435484;1.000000,0.000000;0.330065;0.667405;1.000000,0.045635717583750846,0.05694204858937617,-0.011306331005625322,-0.01901696451626423,0.0,-0.001159778178171011,0.0
F2,Step 4,0.4,boundary_constrained,pchip,SKS02,3,4,44,18.972,2.262,0.000000;0.140312;0.435484;1.000000,0.000000;0.330065;0.667405;1.000000,0.045090469430836035,0.05155576554858619,-0.006465296117750152,-0.01160858748779986,0.0,-0.0006248465278076271,0.0
F2,Step 5,0.4,boundary_constrained,pchip,SKS02,3,4,44,18.972,2.262,0.000000;0.140312;0.435484;1.000000,0.000000;0.330065;0.667405;1.000000,0.048546725739790256,0.05196258570149889,-0.0034158599617086366,-0.006219801035523546,0.0,-0.0003433257327312034,0.0
F2,Step 6,0.4,boundary_constrained,pchip,SKS02,3,4,44,18.972,2.262,0.000000;0.140312;0.435484;1.000000,0.000000;0.330065;0.667405;1.000000,0.046954050860766025,0.049003149691559854,-0.0020490988307938288,-0.0027626992313675297,0.0,-0.00019662578745802,0.0
F2,Step 7,0.4,boundary_constrained,pchip,SKS02,3,4,44,18.972,2.262,0.000000;0.140312;0.435484;1.000000,0.000000;0.330065;0.667405;1.000000,0.046846235646672486,0.04760535568020065,-0.0007591200335281614,-0.0006942744764731126,0.0,-7.170009517484368e-05,0.0
F2,Step 8,0.4,boundary_constrained,pchip,SKS02,3,4,44,18.972,2.262,0.000000;0.140312;0.435484;1.000000,0.000000;0.330065;0.667405;1.000000,0.04711434312840789,0.04746529527093468,-0.0003509521425267906,-0.0006740246647873732,0.0,-3.3192926735658614e-05,0.0
F2,Step 9,0.4,boundary_constrained,pchip,SKS02,3,4,44,18.972,2.262,0.000000;0.140312;0.435484;1.000000,0.000000;0.330065;0.667405;1.000000,0.04534861315144761,0.045528524095673845,-0.00017991094422623727,-0.0012185883250515062,0.0,-1.6349791570706493e-05,0.0
F2,Step 10,0.4,boundary_constrained,pchip,SKS02,3,4,44,18.972,2.262,0.000000;0.140312;0.435484;1.000000,0.000000;0.330065;0.667405;1.000000,0.04600131471062445,0.044698995317505326,0.0013023193931191238,-0.00039568438955037144,0.0,0.00011812077271155033,0.0
F2,Step 11,0.4,boundary_constrained,pchip,SKS02,3,4,44,18.972,2.262,0.000000;0.140312;0.435484;1.000000,0.000000;0.330065;0.667405;1.000000,0.047452822893538575,0.04312237796876977,0.004330444924768806,0.0013584132097475277,0.0,0.0003922309188840989,0.0
F2,Step 12,0.4,boundary_constrained,pchip,SKS02,3,4,44,18.972,2.262,0.000000;0.140312;0.435484;1.000000,0.000000;0.330065;0.667405;1.000000,0.05192778691957424,0.04057137444577316,0.011356412473801078,0.0074167737703069725,0.0,0.0010504586299455694,0.0
F2,Step 1,0.4,boundary_constrained,linear,SKS02,4,5,44,18.972,2.262,0.000000;0.140312;0.709572;0.857158;1.000000,0.000000;0.245731;0.498735;0.751739;1.000000,0.06799180129797103,0.068036969803608,-4.516850563697494e-05,-0.013535898467535876,0.0,-6.144216314293092e-06,0.0
F2,Step 2,0.4,boundary_constrained,linear,SKS02,4,5,44,18.972,2.262,0.000000;0.140312;0.709572;0.857158;1.000000,0.000000;0.245731;0.498735;0.751739;1.000000,0.04400758392290992,0.055268752435420385,-0.011261168512510467,-0.01970832284163057,0.0,-0.0011179675530358266,0.0
F2,Step 3,0.4,boundary_constrained,linear,SKS02,4,5,44,18.972,2.262,0.000000;0.140312;0.709572;0.857158;1.000000,0.000000;0.245731;0.498735;0.751739;1.000000,0.03730366091317179,0.05362683212043545,-0.016323171207263662,-0.023021884261299093,0.0,-0.0014842740057484662,0.0
F2,Step 4,0.4,boundary_constrained,linear,SKS02,4,5,44,18.972,2.262,0.000000;0.140312;0.709572;0.857158;1.000000,0.000000;0.245731;0.498735;0.751739;1.000000,0.0325654726059249,0.05207153042228326,-0.019506057816358363,-0.02352427987861446,0.0,-0.001650934274471526,0.0
F2,Step 5,0.4,boundary_constrained,linear,SKS02,4,5,44,18.972,2.262,0.000000;0.140312;0.709572;0.857158;1.000000,0.000000;0.245731;0.498735;0.751739;1.000000,0.030853971729244534,0.05657306273691224,-0.025719091007667706,-0.027171109026648238,0.0,-0.0022485438559655875,0.0
F2,Step 6,0.4,boundary_constrained,linear,SKS02,4,5,44,18.972,2.262,0.000000;0.140312;0.709572;0.857158;1.000000,0.000000;0.245731;0.498735;0.751739;1.000000,0.03210762837727206,0.056809152572287,-0.024701524195014937,-0.024562233046957788,0.0,-0.0021963800159683767,0.0
F2,Step 7,0.4,boundary_constrained,linear,SKS02,4,5,44,18.972,2.262,0.000000;0.140312;0.709572;0.857158;1.000000,0.000000;0.245731;0.498735;0.751739;1.000000,0.03607495003757209,0.05727554446311738,-0.02120059442554529,-0.020366813828936965,0.0,-0.0019790859733332137,0.0
F2,Step 8,0.4,boundary_constrained,linear,SKS02,4,5,44,18.972,2.262,0.000000;0.140312;0.709572;0.857158;1.000000,0.000000;0.245731;0.498735;0.751739;1.000000,0.03940715201426935,0.05647637665854454,-0.01706922464427519,-0.01642089231919077,0.0,-0.0016366574906020615,0.0
F2,Step 9,0.4,boundary_constrained,linear,SKS02,4,5,44,18.972,2.262,0.000000;0.140312;0.709572;0.857158;1.000000,0.000000;0.245731;0.498735;0.751739;1.000000,0.041940769927550484,0.05331725903083464,-0.011376489103284156,-0.011176373560421116,0.0,-0.0010837019284453948,0.0
F2,Step 10,0.4,boundary_constrained,linear,SKS02,4,5,44,18.972,2.262,0.000000;0.140312;0.709572;0.857158;1.000000,0.000000;0.245731;0.498735;0.751739;1.000000,0.045349228466029796,0.05049377440845906,-0.005144545942429267,-0.0054693939640226424,0.0,-0.0004930687315481881,0.0
F2,Step 11,0.4,boundary_constrained,linear,SKS02,4,5,44,18.972,2.262,0.000000;0.140312;0.709572;0.857158;1.000000,0.000000;0.245731;0.498735;0.751739;1.000000,0.047195996767389885,0.04593877816994368,0.001257218597446208,0.00012423104188325623,0.0,0.00011709077112018311,0.0
F2,Step 12,0.4,boundary_constrained,linear,SKS02,4,5,44,18.972,2.262,0.000000;0.140312;0.709572;0.857158;1.000000,0.000000;0.245731;0.498735;0.751739;1.000000,0.04873304819618895,0.03708943192572136,0.011643616270467588,0.009507289430787144,0.0,0.0009992840259193559,0.0
F2,Step 1,0.4,boundary_constrained,pchip,SKS02,4,5,44,18.972,2.262,0.000000;0.140312;0.709572;0.857158;1.000000,0.000000;0.245731;0.498735;0.751739;1.000000,0.0947541086193726,0.06929966333863316,0.025454445280739438,0.011789667944151025,0.0,0.004175897761403964,0.0
F2,Step 2,0.4,boundary_constrained,pchip,SKS02,4,5,44,18.972,2.262,0.000000;0.140312;0.709572;0.857158;1.000000,0.000000;0.245731;0.498735;0.751739;1.000000,0.06891092090634189,0.05800843843039802,0.010902482475943873,0.002731089694722716,0.0,0.0013837360910268304,0.0
F2,Step 3,0.4,boundary_constrained,pchip,SKS02,4,5,44,18.972,2.262,0.000000;0.140312;0.709572;0.857158;1.000000,0.000000;0.245731;0.498735;0.751739;1.000000,0.057653788610857896,0.056753147434765935,0.0009006411760919611,-0.0055237275336650765,0.0,0.00010303959743320818,0.0
F2,Step 4,0.4,boundary_constrained,pchip,SKS02,4,5,44,18.972,2.262,0.000000;0.140312;0.709572;0.857158;1.000000,0.000000;0.245731;0.498735;0.751739;1.000000,0.05027858312164219,0.056775435199707965,-0.0064968520780657735,-0.010256153535916988,0.0,-0.000695514121396355,0.0
F2,Step 5,0.4,boundary_constrained,pchip,SKS02,4,5,44,18.972,2.262,0.000000;0.140312;0.709572;0.857158;1.000000,0.000000;0.245731;0.498735;0.751739;1.000000,0.04271637226670836,0.06113806228501584,-0.018421690018307478,-0.01967871227636822,0.0,-0.001913174200338465,0.0
F2,Step 6,0.4,boundary_constrained,pchip,SKS02,4,5,44,18.972,2.262,0.000000;0.140312;0.709572;0.857158;1.000000,0.000000;0.245731;0.498735;0.751739;1.000000,0.04033744412798703,0.06157955619119881,-0.021242112063211777,-0.021110939429907258,0.0,-0.0021649323419265366,0.0
F2,Step 7,0.4,boundary_constrained,pchip,SKS02,4,5,44,18.972,2.262,0.000000;0.140312;0.709572;0.857158;1.000000,0.000000;0.245731;0.498735;0.751739;1.000000,0.053368984514221736,0.06244281054309444,-0.009073826028872703,-0.008709287565623683,0.0,-0.001050856080441547,0.0
F2,Step 8,0.4,boundary_constrained,pchip,SKS02,4,5,44,18.972,2.262,0.000000;0.140312;0.709572;0.857158;1.000000,0.000000;0.245731;0.498735;0.751739;1.000000,0.06128256826871118,0.061121751227709166,0.00016081704100201488,0.0002052129263943256,0.0,1.968470046727912e-05,0.0
F2,Step 9,0.4,boundary_constrained,pchip,SKS02,4,5,44,18.972,2.262,0.000000;0.140312;0.709572;0.857158;1.000000,0.000000;0.245731;0.498735;0.751739;1.000000,0.06779420414075162,0.05859552178534797,0.009198682355403644,0.008798403914657534,0.0,0.0011626189417807157,0.0
F2,Step 10,0.4,boundary_constrained,pchip,SKS02,4,5,44,18.972,2.262,0.000000;0.140312;0.709572;0.857158;1.000000,0.000000;0.245731;0.498735;0.751739;1.000000,0.07315389515040271,0.05616851909410181,0.016985376056300905,0.016142593617678294,0.0,0.002196589838451633,0.0
F2,Step 11,0.4,boundary_constrained,pchip,SKS02,4,5,44,18.972,2.262,0.000000;0.140312;0.709572;0.857158;1.000000,0.000000;0.245731;0.498735;0.751739;1.000000,0.07700495084580505,0.05202046160931341,0.024984489236491644,0.023532943806451677,0.0,0.0032236340287188016,0.0
F2,Step 12,0.4,boundary_constrained,pchip,SKS02,4,5,44,18.972,2.262,0.000000;0.140312;0.709572;0.857158;1.000000,0.000000;0.245731;0.498735;0.751739;1.000000,0.07987837161319103,0.04135243545377412,0.03852593615941691,0.03636502461779469,0.0,0.004670530333616488,0.0
F2,Step 1,0.4,boundary_constrained,linear,SKS03,2,3,44,18.972,2.262,0.000000;0.140312;1.000000,0.000000;0.498735;1.000000,0.10204908351920303,0.07333531510646782,0.028713768412735208,0.013018329789300842,0.0,0.005035947005344349,0.0
F2,Step 2,0.4,boundary_constrained,linear,SKS03,2,3,44,18.972,2.262,0.000000;0.140312;1.000000,0.000000;0.498735;1.000000,0.08335396277746059,0.06622522551638851,0.01712873726107207,0.006780065031183211,0.0,0.0025621026160097694,0.0
F2,Step 3,0.4,boundary_constrained,linear,SKS03,2,3,44,18.972,2.262,0.000000;0.140312;1.000000,0.000000;0.498735;1.000000,0.06931119211115801,0.05959253458890724,0.009718657522250769,0.0008022155090255112,0.0,0.0012527711731397466,0.0
F2,Step 4,0.4,boundary_constrained,linear,SKS03,2,3,44,18.972,2.262,0.000000;0.140312;1.000000,0.000000;0.498735;1.000000,0.057481692226095095,0.05392001697961062,0.003561675246484472,-0.0023394849040069346,0.0,0.0003967767100940229,0.0
F2,Step 5,0.4,boundary_constrained,linear,SKS03,2,3,44,18.972,2.262,0.000000;0.140312;1.000000,0.000000;0.498735;1.000000,0.04605114117450964,0.0530159626658184,-0.0069648214913087605,-0.010148367239661324,0.0,-0.0006899846939088336,0.0
F2,Step 6,0.4,boundary_constrained,linear,SKS03,2,3,44,18.972,2.262,0.000000;0.140312;1.000000,0.000000;0.498735;1.000000,0.04587299574489635,0.04954445116552857,-0.0036714554206322206,-0.004590265101369936,0.0,-0.00035032090268216696,0.0
F2,Step 7,0.4,boundary_constrained,linear,SKS03,2,3,44,18.972,2.262,0.000000;0.140312;1.000000,0.000000;0.498735;1.000000,0.05108676324035762,0.048114604207071116,0.0029721590332865075,0.002901515818333561,0.0,0.00029484224037325,0.0
F2,Step 8,0.4,boundary_constrained,linear,SKS03,2,3,44,18.972,2.262,0.000000;0.140312;1.000000,0.000000;0.498735;1.000000,0.055782856135347655,0.048194507422229506,0.00758834871311815,0.007041054982345377,0.0,0.0007890164929455587,0.0
F2,Step 9,0.4,boundary_constrained,linear,SKS03,2,3,44,18.972,2.262,0.000000;0.140312;1.000000,0.000000;0.498735;1.000000,0.05284147705292213,0.04592917497826969,0.006912302074652439,0.0055972860706692135,0.0,0.0006827325829499815,0.0
F2,Step 10,0.4,boundary_constrained,linear,SKS03,2,3,44,18.972,2.262,0.000000;0.140312;1.000000,0.000000;0.498735;1.000000,0.05143111404533794,0.04523072065707881,0.006200393388259132,0.004391105901221118,0.0,0.0005993414007858616,0.0
F2,Step 11,0.4,boundary_constrained,linear,SKS03,2,3,44,18.972,2.262,0.000000;0.140312;1.000000,0.000000;0.498735;1.000000,0.04549717086677593,0.04547020735387316,2.6963512902773712e-05,-0.0025898747386749396,0.0,2.4528000763842572e-06,0.0
F2,Step 12,0.4,boundary_constrained,linear,SKS03,2,3,44,18.972,2.262,0.000000;0.140312;1.000000,0.000000;0.498735;1.000000,0.04229965040841974,0.050193356364371625,-0.007893705955951888,-0.010689356519880656,0.0,-0.0007301125984462811,0.0
F2,Step 1,0.4,boundary_constrained,pchip,SKS03,2,3,44,18.972,2.262,0.000000;0.140312;1.000000,0.000000;0.498735;1.000000,0.28063993284932576,0.0723602384026672,0.20827969444665856,0.1859945449468131,0.0,0.07352276780798324,0.0
F2,Step 2,0.4,boundary_constrained,pchip,SKS03,2,3,44,18.972,2.262,0.000000;0.140312;1.000000,0.000000;0.498735;1.000000,0.23891536891073734,0.06622712350552172,0.1726882454052156,0.15720329576977918,0.0,0.05269452161393808,0.0
F2,Step 3,0.4,boundary_constrained,pchip,SKS03,2,3,44,18.972,2.262,0.000000;0.140312;1.000000,0.000000;0.498735;1.000000,0.20882160027342278,0.05875472678650097,0.15006687348692183,0.1362729162203032,0.0,0.04015434282099679,0.0
F2,Step 4,0.4,boundary_constrained,pchip,SKS03,2,3,44,18.972,2.262,0.000000;0.140312;1.000000,0.000000;0.498735;1.000000,0.17891296161816353,0.05349975648806166,0.12541320513010187,0.11556730715598276,0.0,0.029147623890700556,0.0
F2,Step 5,0.4,boundary_constrained,pchip,SKS03,2,3,44,18.972,2.262,0.000000;0.140312;1.000000,0.000000;0.498735;1.000000,0.14180971599071968,0.05100976434698477,0.0907999516437349,0.08459497458013104,0.0,0.017507999490633655,0.0
F2,Step 6,0.4,boundary_constrained,pchip,SKS03,2,3,44,18.972,2.262,0.000000;0.140312;1.000000,0.000000;0.498735;1.000000,0.08132251383549416,0.04797223099617006,0.0333502828393241,0.031445924731878176,0.0,0.004312016309774238,0.0
F2,Step 7,0.4,boundary_constrained,pchip,SKS03,2,3,44,18.972,2.262,0.000000;0.140312;1.000000,0.000000;0.498735;1.000000,0.046778918386941794,0.04779539498886247,-0.0010164766019206753,-0.0009864784886541161,0.0,-9.613257668921882e-05,0.0
F2,Step 8,0.4,boundary_constrained,pchip,SKS03,2,3,44,18.972,2.262,0.000000;0.140312;1.000000,0.000000;0.498735;1.000000,0.0565416775401264,0.04816099588329501,0.008380681656831389,0.007532008325254899,0.0,0.0008774797745808756,0.0
F2,Step 9,0.4,boundary_constrained,pchip,SKS03,2,3,44,18.972,2.262,0.000000;0.140312;1.000000,0.000000;0.498735;1.000000,0.06580040750506742,0.04714701518669977,0.018653392318367656,0.016501728252211113,0.0,0.002106852586818034,0.0
F2,Step 10,0.4,boundary_constrained,pchip,SKS03,2,3,44,18.972,2.262,0.000000;0.140312;1.000000,0.000000;0.498735;1.000000,0.07264478044373039,0.04712961656021548,0.025515163883514914,0.02260506645730298,0.0,0.0030560633686048566,0.0
F2,Step 11,0.4,boundary_constrained,pchip,SKS03,2,3,44,18.972,2.262,0.000000;0.140312;1.000000,0.000000;0.498735;1.000000,0.07447828317949162,0.0467939500641249,0.02768433311536672,0.023733819689479026,0.0,0.00335734090276073,0.0
F2,Step 12,0.4,boundary_constrained,pchip,SKS03,2,3,44,18.972,2.262,0.000000;0.140312;1.000000,0.000000;0.498735;1.000000,0.06996236606668858,0.05023396965271656,0.019728396413972026,0.015673731804697492,0.0,0.002371280958579289,0.0
F2,Step 1,0.4,boundary_constrained,linear,SKS03,3,4,44,18.972,2.262,0.000000;0.140312;0.435484;1.000000,0.000000;0.330065;0.667405;1.000000,0.04255252164021591,0.07352786303168189,-0.03097534139146598,-0.043806278110831716,0.0,-0.0035956295440647294,0.0
F2,Step 2,0.4,boundary_constrained,linear,SKS03,3,4,44,18.972,2.262,0.000000;0.140312;0.435484;1.000000,0.000000;0.330065;0.667405;1.000000,0.04341595566240583,0.06455734716926359,-0.02114139150685776,-0.029956253467361096,0.0,-0.002282705867452836,0.0
F2,Step 3,0.4,boundary_constrained,linear,SKS03,3,4,44,18.972,2.262,0.000000;0.140312;0.435484;1.000000,0.000000;0.330065;0.667405;1.000000,0.03927425408426085,0.058014966372785325,-0.018740712288524475,-0.026274138705320707,0.0,-0.0018232692893603317,0.0
F2,Step 4,0.4,boundary_constrained,linear,SKS03,3,4,44,18.972,2.262,0.000000;0.140312;0.435484;1.000000,0.000000;0.330065;0.667405;1.000000,0.03934827248736241,0.05257400483899171,-0.013225732351629299,-0.01836223926751259,0.0,-0.0012157394370706015,0.0
F2,Step 5,0.4,boundary_constrained,linear,SKS03,3,4,44,18.972,2.262,0.000000;0.140312;0.435484;1.000000,0.000000;0.330065;0.667405;1.000000,0.04293657764459366,0.05298795032625974,-0.01005137268166608,-0.012847068446541932,0.0,-0.0009641731799479498,0.0
F2,Step 6,0.4,boundary_constrained,linear,SKS03,3,4,44,18.972,2.262,0.000000;0.140312;0.435484;1.000000,0.000000;0.330065;0.667405;1.000000,0.04586513437532894,0.04999280992624421,-0.004127675550915269,-0.004890654593313171,0.0,-0.00039567049305460136,0.0
F2,Step 7,0.4,boundary_constrained,linear,SKS03,3,4,44,18.972,2.262,0.000000;0.140312;0.435484;1.000000,0.000000;0.330065;0.667405;1.000000,0.04772083995841561,0.04863662302459106,-0.0009157830661754504,-0.0008428304405731363,0.0,-8.82425328994645e-05,0.0
F2,Step 8,0.4,boundary_constrained,linear,SKS03,3,4,44,18.972,2.262,0.000000;0.140312;0.435484;1.000000,0.000000;0.330065;0.667405;1.000000,0.04812092446345718,0.04857167149171079,-0.00045074702825360913,-0.000695554167039196,0.0,-4.3583900280918756e-05,0.0
F2,Step 9,0.4,boundary_constrained,linear,SKS03,3,4,44,18.972,2.262,0.000000;0.140312;0.435484;1.000000,0.000000;0.330065;0.667405;1.000000,0.044490032368864174,0.04621657461611039,-0.0017265422472462141,-0.002591444898208825,0.0,-0.0001566087890639171,0.0
F2,Step 10,0.4,boundary_constrained,linear,SKS03,3,4,44,18.972,2.262,0.000000;0.140312;0.435484;1.000000,0.000000;0.330065;0.667405;1.000000,0.042846634751222426,0.044910158323945466,-0.0020635235727230403,-0.0034552047313862536,0.0,-0.00018108821117718719,0.0
F2,Step 11,0.4,boundary_constrained,linear,SKS03,3,4,44,18.972,2.262,0.000000;0.140312;0.435484;1.000000,0.000000;0.330065;0.667405;1.000000,0.04138405760216997,0.0429861121972725,-0.0016020545951025283,-0.004101498731189618,0.0,-0.00013516561821677725,0.0
F2,Step 12,0.4,boundary_constrained,linear,SKS03,3,4,44,18.972,2.262,0.000000;0.140312;0.435484;1.000000,0.000000;0.330065;0.667405;1.000000,0.04377414961069548,0.040947905312795276,0.002826244297900203,-0.0005669921766279298,0.0,0.00023944522463390403,0.0
F2,Step 1,0.4,boundary_constrained,pchip,SKS03,3,4,44,18.972,2.262,0.000000;0.140312;0.435484;1.000000,0.000000;0.330065;0.667405;1.000000,0.06075635069076929,0.07351779036380678,-0.012761439673037486,-0.02658022364755487,0.0,-0.001713531350716898,0.0
F2,Step 2,0.4,boundary_constrained,pchip,SKS03,3,4,44,18.972,2.262,0.000000;0.140312;0.435484;1.000000,0.000000;0.330065;0.667405;1.000000,0.04814176458413333,0.06358378018097545,-0.01544201559684212,-0.02432254960878226,0.0,-0.0017252676048284921,0.0
F2,Step 3,0.4,boundary_constrained,pchip,SKS03,3,4,44,18.972,2.262,0.000000;0.140312;0.435484;1.000000,0.000000;0.330065;0.667405;1.000000,0.045635717583750846,0.05694204858937617,-0.011306331005625322,-0.01901696451626423,0.0,-0.001159778178171011,0.0
F2,Step 4,0.4,boundary_constrained,pchip,SKS03,3,4,44,18.972,2.262,0.000000;0.140312;0.435484;1.000000,0.000000;0.330065;0.667405;1.000000,0.045090469430836035,0.05155576554858619,-0.006465296117750152,-0.01160858748779986,0.0,-0.0006248465278076271,0.0
F2,Step 5,0.4,boundary_constrained,pchip,SKS03,3,4,44,18.972,2.262,0.000000;0.140312;0.435484;1.000000,0.000000;0.330065;0.667405;1.000000,0.048546725739790256,0.05196258570149889,-0.0034158599617086366,-0.006219801035523546,0.0,-0.0003433257327312034,0.0
F2,Step 6,0.4,boundary_constrained,pchip,SKS03,3,4,44,18.972,2.262,0.000000;0.140312;0.435484;1.000000,0.000000;0.330065;0.667405;1.000000,0.046954050860766025,0.049003149691559854,-0.0020490988307938288,-0.0027626992313675297,0.0,-0.00019662578745802,0.0
F2,Step 7,0.4,boundary_constrained,pchip,SKS03,3,4,44,18.972,2.262,0.000000;0.140312;0.435484;1.000000,0.000000;0.330065;0.667405;1.000000,0.046846235646672486,0.04760535568020065,-0.0007591200335281614,-0.0006942744764731126,0.0,-7.170009517484368e-05,0.0
F2,Step 8,0.4,boundary_constrained,pchip,SKS03,3,4,44,18.972,2.262,0.000000;0.140312;0.435484;1.000000,0.000000;0.330065;0.667405;1.000000,0.04711434312840789,0.04746529527093468,-0.0003509521425267906,-0.0006740246647873732,0.0,-3.3192926735658614e-05,0.0
F2,Step 9,0.4,boundary_constrained,pchip,SKS03,3,4,44,18.972,2.262,0.000000;0.140312;0.435484;1.000000,0.000000;0.330065;0.667405;1.000000,0.04534861315144761,0.045528524095673845,-0.00017991094422623727,-0.0012185883250515062,0.0,-1.6349791570706493e-05,0.0
F2,Step 10,0.4,boundary_constrained,pchip,SKS03,3,4,44,18.972,2.262,0.000000;0.140312;0.435484;1.000000,0.000000;0.330065;0.667405;1.000000,0.04600131471062445,0.044698995317505326,0.0013023193931191238,-0.00039568438955037144,0.0,0.00011812077271155033,0.0
F2,Step 11,0.4,boundary_constrained,pchip,SKS03,3,4,44,18.972,2.262,0.000000;0.140312;0.435484;1.000000,0.000000;0.330065;0.667405;1.000000,0.047452822893538575,0.04312237796876977,0.004330444924768806,0.0013584132097475277,0.0,0.0003922309188840989,0.0
F2,Step 12,0.4,boundary_constrained,pchip,SKS03,3,4,44,18.972,2.262,0.000000;0.140312;0.435484;1.000000,0.000000;0.330065;0.667405;1.000000,0.05192778691957424,0.04057137444577316,0.011356412473801078,0.0074167737703069725,0.0,0.0010504586299455694,0.0
F2,Step 1,0.4,boundary_constrained,linear,SKS03,4,5,44,18.972,2.262,0.000000;0.140312;0.561986;0.857158;1.000000,0.000000;0.245731;0.498735;0.751739;1.000000,0.04928343147780291,0.068036969803608,-0.01875353832580509,-0.031429580730363574,0.0,-0.0022001726418297727,0.0
F2,Step 2,0.4,boundary_constrained,linear,SKS03,4,5,44,18.972,2.262,0.000000;0.140312;0.561986;0.857158;1.000000,0.000000;0.245731;0.498735;0.751739;1.000000,0.04141706823176473,0.055268752435420385,-0.013851684203655658,-0.022189832403893245,0.0,-0.0013392614548531315,0.0
F2,Step 3,0.4,boundary_constrained,linear,SKS03,4,5,44,18.972,2.262,0.000000;0.140312;0.561986;0.857158;1.000000,0.000000;0.245731;0.498735;0.751739;1.000000,0.035666356076199134,0.05362683212043545,-0.01796047604423632,-0.024585086557621233,0.0,-0.0016037481675191408,0.0
F2,Step 4,0.4,boundary_constrained,linear,SKS03,4,5,44,18.972,2.262,0.000000;0.140312;0.561986;0.857158;1.000000,0.000000;0.245731;0.498735;0.751739;1.000000,0.03494481695465775,0.05207153042228326,-0.01712671346762551,-0.021241543488763524,0.0,-0.0014903040485242354,0.0
F2,Step 5,0.4,boundary_constrained,linear,SKS03,4,5,44,18.972,2.262,0.000000;0.140312;0.561986;0.857158;1.000000,0.000000;0.245731;0.498735;0.751739;1.000000,0.0367610338639377,0.05657306273691224,-0.019812028872974542,-0.02149127434633632,0.0,-0.0018491378166890344,0.0
F2,Step 6,0.4,boundary_constrained,linear,SKS03,4,5,44,18.972,2.262,0.000000;0.140312;0.561986;0.857158;1.000000,0.000000;0.245731;0.498735;0.751739;1.000000,0.038655503643157715,0.056809152572287,-0.018153648929129282,-0.01825599758906258,0.0,-0.001733031854075203,0.0
F2,Step 7,0.4,boundary_constrained,linear,SKS03,4,5,44,18.972,2.262,0.000000;0.140312;0.561986;0.857158;1.000000,0.000000;0.245731;0.498735;0.751739;1.000000,0.041570121666227804,0.05727554446311738,-0.01570542279688958,-0.0150814937213809,0.0,-0.0015524129782015542,0.0
F2,Step 8,0.4,boundary_constrained,linear,SKS03,4,5,44,18.972,2.262,0.000000;0.140312;0.561986;0.857158;1.000000,0.000000;0.245731;0.498735;0.751739;1.000000,0.04328950244809049,0.05647637665854454,-0.013186874210454051,-0.012689761133180572,0.0,-0.001315600098274562,0.0
F2,Step 9,0.4,boundary_constrained,linear,SKS03,4,5,44,18.972,2.262,0.000000;0.140312;0.561986;0.857158;1.000000,0.000000;0.245731;0.498735;0.751739;1.000000,0.0439700614601624,0.05331725903083464,-0.00934719757067224,-0.009231621059384958,0.0,-0.0009093638057506592,0.0
F2,Step 10,0.4,boundary_constrained,linear,SKS03,4,5,44,18.972,2.262,0.000000;0.140312;0.561986;0.857158;1.000000,0.000000;0.245731;0.498735;0.751739;1.000000,0.0456393174246024,0.05049377440845906,-0.004854456983856663,-0.005190977015169268,0.0,-0.00046667395902873915,0.0
F2,Step 11,0.4,boundary_constrained,linear,SKS03,4,5,44,18.972,2.262,0.000000;0.140312;0.561986;0.857158;1.000000,0.000000;0.245731;0.498735;0.751739;1.000000,0.04627009822018966,0.04593877816994368,0.000331320050245984,-0.0007614078843007008,0.0,3.055064955870457e-05,0.0
F2,Step 12,0.4,boundary_constrained,linear,SKS03,4,5,44,18.972,2.262,0.000000;0.140312;0.561986;0.857158;1.000000,0.000000;0.245731;0.498735;0.751739;1.000000,0.04529263769681566,0.03708943192572136,0.008203205771094298,0.006219346374922462,0.0,0.0006757970689622883,0.0
F2,Step 1,0.4,boundary_constrained,pchip,SKS03,4,5,44,18.972,2.262,0.000000;0.140312;0.561986;0.857158;1.000000,0.000000;0.245731;0.498735;0.751739;1.000000,0.07043341697823392,0.06929966333863316,0.0011337536396007625,-0.011621880127578893,0.0,0.00015842288838187397,0.0
F2,Step 2,0.4,boundary_constrained,pchip,SKS03,4,5,44,18.972,2.262,0.000000;0.140312;0.561986;0.857158;1.000000,0.000000;0.245731;0.498735;0.751739;1.000000,0.06014645106176856,0.05800843843039802,0.002138012631370541,-0.005708401783315782,0.0,0.0002526166461924433,0.0
F2,Step 3,0.4,boundary_constrained,pchip,SKS03,4,5,44,18.972,2.262,0.000000;0.140312;0.561986;0.857158;1.000000,0.000000;0.245731;0.498735;0.751739;1.000000,0.051745513982746016,0.056753147434765935,-0.005007633452019919,-0.011209403808848543,0.0,-0.0005433215264137166,0.0
F2,Step 4,0.4,boundary_constrained,pchip,SKS03,4,5,44,18.972,2.262,0.000000;0.140312;0.561986;0.857158;1.000000,0.000000;0.245731;0.498735;0.751739;1.000000,0.04807056712036741,0.056775435199707965,-0.008704868079340553,-0.012382965186745164,0.0,-0.0009126706188424895,0.0
F2,Step 5,0.4,boundary_constrained,pchip,SKS03,4,5,44,18.972,2.262,0.000000;0.140312;0.561986;0.857158;1.000000,0.000000;0.245731;0.498735;0.751739;1.000000,0.04492154475733018,0.06113806228501584,-0.01621651752768566,-0.017555676811672104,0.0,-0.001719917476581658,0.0
F2,Step 6,0.4,boundary_constrained,pchip,SKS03,4,5,44,18.972,2.262,0.000000;0.140312;0.561986;0.857158;1.000000,0.000000;0.245731;0.498735;0.751739;1.000000,0.04091080706664984,0.06157955619119881,-0.02066874912454897,-0.02055772325736254,0.0,-0.002118347605860365,0.0
F2,Step 7,0.4,boundary_constrained,pchip,SKS03,4,5,44,18.972,2.262,0.000000;0.140312;0.561986;0.857158;1.000000,0.000000;0.245731;0.498735;0.751739;1.000000,0.04379073457118464,0.06244281054309444,-0.0186520759719098,-0.017922481972128486,0.0,-0.001981476154236841,0.0
F2,Step 8,0.4,boundary_constrained,pchip,SKS03,4,5,44,18.972,2.262,0.000000;0.140312;0.561986;0.857158;1.000000,0.000000;0.245731;0.498735;0.751739;1.000000,0.04689932993882235,0.061121751227709166,-0.014222421288886816,-0.013631529846722966,0.0,-0.0015363213244314487,0.0
F2,Step 9,0.4,boundary_constrained,pchip,SKS03,4,5,44,18.972,2.262,0.000000;0.140312;0.561986;0.857158;1.000000,0.000000;0.245731;0.498735;0.751739;1.000000,0.048723274418420275,0.05859552178534797,-0.009872247366927697,-0.00953167171834042,0.0,-0.0010594777032445013,0.0
F2,Step 10,0.4,boundary_constrained,pchip,SKS03,4,5,44,18.972,2.262,0.000000;0.140312;0.561986;0.857158;1.000000,0.000000;0.245731;0.498735;0.751739;1.000000,0.050886627874961794,0.05616851909410181,-0.0052818912191400155,-0.0052817244173060315,0.0,-0.0005654536407396417,0.0
F2,Step 11,0.4,boundary_constrained,pchip,SKS03,4,5,44,18.972,2.262,0.000000;0.140312;0.561986;0.857158;1.000000,0.000000;0.245731;0.498735;0.751739;1.000000,0.05217665914981345,0.05202046160931341,0.00015619754050003737,-0.00032715073913301695,0.0,1.6275333989761292e-05,0.0
F2,Step 12,0.4,boundary_constrained,pchip,SKS03,4,5,44,18.972,2.262,0.000000;0.140312;0.561986;0.857158;1.000000,0.000000;0.245731;0.498735;0.751739;1.000000,0.05079056544442899,0.04135243545377412,0.009438129990654867,0.008413203175686758,0.0,0.000869657620206269,0.0
T1,Step 1,0.2,original,linear,SKS02,2,3,84,20.0825,3.8525,0.000000;0.191834;0.430848,0.000000;0.500560;1.000000,0.1823773822861024,0.07129992048948475,0.11107746179661765,0.07847807794984113,0.9292829679884538,0.0011520918437836498,0.027025739063940638
T1,Step 2,0.2,original,linear,SKS02,2,3,84,20.0825,3.8525,0.000000;0.191834;0.430848,0.000000;0.500560;1.000000,0.22220104049687128,0.06462951649959259,0.1575715239972787,0.13070148048179822,0.9947176450697566,-0.00010179281287529356,0.04529812080779644
T1,Step 3,0.2,original,linear,SKS02,2,3,84,20.0825,3.8525,0.000000;0.191834;0.430848,0.000000;0.500560;1.000000,0.22171717633786672,0.06757203728404676,0.15414513905381996,0.12853970074710092,0.9971408025647696,4.9649156731137866e-05,0.044542876903788955
T1,Step 4,0.2,original,linear,SKS02,2,3,84,20.0825,3.8525,0.000000;0.191834;0.430848,0.000000;0.500560;1.000000,0.21624446054058988,0.0751699412856796,0.14107451925491027,0.11617879980221639,0.9963987316817589,9.302679013473478e-05,0.041018119851463496
T1,Step 5,0.2,original,linear,SKS02,2,3,84,20.0825,3.8525,0.000000;0.191834;0.430848,0.000000;0.500560;1.000000,0.22099654014932596,0.08782666723369509,0.13316987291563087,0.10865658201096998,0.9987456222707479,-4.372758758043443e-06,0.041130320039352485
T1,Step 6,0.2,original,linear,SKS02,2,3,84,20.0825,3.8525,0.000000;0.191834;0.430848,0.000000;0.500560;1.000000,0.21448386239970763,0.09665424285847095,0.11782961954123668,0.09440162790573571,0.9983861482718728,-6.722440694979632e-05,0.03672850897430223
T1,Step 7,0.2,original,linear,SKS02,2,3,84,20.0825,3.8525,0.000000;0.191834;0.430848,0.000000;0.500560;1.000000,0.21244323734179762,0.10110269137397947,0.11134054596781816,0.0880060194100333,0.998606179688524,-1.732244093992667e-05,0.03492769733014115
T1,Step 8,0.2,original,linear,SKS02,2,3,84,20.0825,3.8525,0.000000;0.191834;0.430848,0.000000;0.500560;1.000000,0.2149702394730402,0.1058818143740576,0.1090884250989826,0.08560868438719037,0.9991007767661387,-6.885867925920345e-05,0.03507010392321306
T1,Step 9,0.2,original,linear,SKS02,2,3,84,20.0825,3.8525,0.000000;0.191834;0.430848,0.000000;0.500560;1.000000,0.21537926435998475,0.10109813965723824,0.11428112470274651,0.09081617354823167,0.9992333720810317,-1.988645946434474e-05,0.03618728013355809
T1,Step 10,0.2,original,linear,SKS02,2,3,84,20.0825,3.8525,0.000000;0.191834;0.430848,0.000000;0.500560;1.000000,0.2101480401383241,0.11035923407361654,0.09978880606470757,0.0770604744445789,0.9984060423653922,-3.053151734650939e-05,0.03201356974600991
T1,Step 11,0.2,original,linear,SKS02,2,3,84,20.0825,3.8525,0.000000;0.191834;0.430848,0.000000;0.500560;1.000000,0.21331876682025894,0.11223130166053162,0.10108746515972732,0.07811580437427428,0.9991210073844833,-8.336873020154248e-05,0.03299239993550031
T1,Step 12,0.2,original,linear,SKS02,2,3,84,20.0825,3.8525,0.000000;0.191834;0.430848,0.000000;0.500560;1.000000,0.20836394721939183,0.11591288820713866,0.09245105901225317,0.06998603653813115,0.999069912053269,-7.779331511497839e-05,0.030057530163439868
T1,Step 13,0.2,original,linear,SKS02,2,3,84,20.0825,3.8525,0.000000;0.191834;0.430848,0.000000;0.500560;1.000000,0.21330740861326897,0.12041957763104467,0.09288783098222429,0.07020693511178304,0.9995719321750982,-0.00015940223935487625,0.031158578131823777
T1,Step 14,0.2,original,linear,SKS02,2,3,84,20.0825,3.8525,0.000000;0.191834;0.430848,0.000000;0.500560;1.000000,0.21293454034699455,0.12020080562812359,0.09273373471887096,0.07003643658622366,0.9996584356219315,-0.00010842322116551043,0.031001308020301415
T1,Step 15,0.2,original,linear,SKS02,2,3,84,20.0825,3.8525,0.000000;0.191834;0.430848,0.000000;0.500560;1.000000,0.207747672229733,0.1178542333001281,0.0898934389296049,0.0678535811330199,0.999658200791337,-0.00012850251913398077,0.029397977529245528
T1,Step 1,0.2,original,pchip,SKS02,2,3,84,20.0825,3.8525,0.000000;0.191834;0.430848,0.000000;0.500560;1.000000,0.18359135725170964,0.06479445993207568,0.11879689731963396,0.07889105526422464,0.9170340639136663,0.000806465450154043,0.028700998969481466
T1,Step 2,0.2,original,pchip,SKS02,2,3,84,20.0825,3.8525,0.000000;0.191834;0.430848,0.000000;0.500560;1.000000,0.22232514232996953,0.0458598517189819,0.17646529061098762,0.1425491632402308,0.993607452780802,-0.0005804272154109594,0.04790577012776517
T1,Step 3,0.2,original,pchip,SKS02,2,3,84,20.0825,3.8525,0.000000;0.191834;0.430848,0.000000;0.500560;1.000000,0.22180758494485897,0.041274995396902464,0.1805325895479565,0.14989780933301933,0.9963281005248618,-0.00014979228842691193,0.04764477178248342
T1,Step 4,0.2,original,pchip,SKS02,2,3,84,20.0825,3.8525,0.000000;0.191834;0.430848,0.000000;0.500560;1.000000,0.2164154257899278,0.04595777976071489,0.17045764602921293,0.14000100025346066,0.9948250705616135,1.79872114569126e-05,0.04470553178784447
T1,Step 5,0.2,original,pchip,SKS02,2,3,84,20.0825,3.8525,0.000000;0.191834;0.430848,0.000000;0.500560;1.000000,0.22106580566213127,0.054304157319390936,0.16676164834274032,0.1379514815117855,0.9981198557504681,-5.437328564209674e-06,0.045926586259442244
T1,Step 6,0.2,original,pchip,SKS02,2,3,84,20.0825,3.8525,0.000000;0.191834;0.430848,0.000000;0.500560;1.000000,0.21453331981893894,0.061176666268522036,0.15335665355041692,0.1261320345316384,0.9979258756139848,3.3967217700487054e-05,0.04224799359910453
T1,Step 7,0.2,original,pchip,SKS02,2,3,84,20.0825,3.8525,0.000000;0.191834;0.430848,0.000000;0.500560;1.000000,0.21247398772996456,0.06333511647218405,0.14913887125778053,0.12200502113751843,0.9983171531973345,3.431383442946215e-05,0.04109954464889855
T1,Step 8,0.2,original,pchip,SKS02,2,3,84,20.0825,3.8525,0.000000;0.191834;0.430848,0.000000;0.500560;1.000000,0.21499926355415414,0.06696508626146916,0.14803417729268498,0.1207323122370767,0.9988310453801051,-1.3377378169494247e-06,0.04174169828863957
T1,Step 9,0.2,original,pchip,SKS02,2,3,84,20.0825,3.8525,0.000000;0.191834;0.430848,0.000000;0.500560;1.000000,0.21541085341704286,0.06106966295817558,0.1543411904588673,0.12683147985906443,0.9989403271849026,1.1922587064449976e-05,0.04266040944896911
T1,Step 10,0.2,original,pchip,SKS02,2,3,84,20.0825,3.8525,0.000000;0.191834;0.430848,0.000000;0.500560;1.000000,0.2101951669717263,0.06971026436194382,0.14048490260978247,0.11367395703289741,0.9979583970528356,4.061819039282178e-05,0.03928186907046698
T1,Step 11,0.2,original,pchip,SKS02,2,3,84,20.0825,3.8525,0.000000;0.191834;0.430848,0.000000;0.500560;1.000000,0.2133275403739715,0.06966131718576542,0.1436662231882061,0.11692359982387296,0.9990388270757317,1.0851215524690884e-05,0.04064508915442793
T1,Step 12,0.2,original,pchip,SKS02,2,3,84,20.0825,3.8525,0.000000;0.191834;0.430848,0.000000;0.500560;1.000000,0.208356381549169,0.0712300036058021,0.1371263779433669,0.11083924876209537,0.9991424682251462,7.082510375364981e-06,0.03833158580820495
T1,Step 13,0.2,original,pchip,SKS02,2,3,84,20.0825,3.8525,0.000000;0.191834;0.430848,0.000000;0.500560;1.000000,0.2133004851431105,0.07555439306601448,0.13774609207709604,0.11132224919827809,0.9996368229675833,-3.0999369922153726e-05,0.03981963002063465
T1,Step 14,0.2,original,pchip,SKS02,2,3,84,20.0825,3.8525,0.000000;0.191834;0.430848,0.000000;0.500560;1.000000,0.21293343051174715,0.07497603252115886,0.1379573979905883,0.11145279665235405,0.9996688563346946,-1.8908044998312655e-05,0.0397381484218855
T1,Step 15,0.2,original,pchip,SKS02,2,3,84,20.0825,3.8525,0.000000;0.191834;0.430848,0.000000;0.500560;1.000000,0.20774417913913196,0.07299466076947987,0.1347495183696521,0.10897058666579,0.999691818349595,-3.095696655231892e-05,0.037860380431892625
T1,Step 1,0.2,original,linear,SKS03,2,3,84,20.0825,3.8525,0.000000;0.191834;0.709697,0.000000;0.500560;1.000000,0.13155894493086498,0.07129992048948475,0.06025902444138023,0.03701321420104975,0.33675894837762366,0.008907721373440045,0.003316355956075478
T1,Step 2,0.2,original,linear,SKS03,2,3,84,20.0825,3.8525,0.000000;0.191834;0.709697,0.000000;0.500560;1.000000,0.12713735828005504,0.06462951649959259,0.06250784178046245,0.04566034928589923,0.8575431341878135,0.001104308948461661,0.010882624518998312
T1,Step 3,0.2,original,linear,SKS03,2,3,84,20.0825,3.8525,0.000000;0.191834;0.709697,0.000000;0.500560;1.000000,0.11915522888290173,0.06757203728404676,0.051583191598854966,0.037127419923988485,0.8106196540792567,0.0020512270090226135,0.007580761338397481
T1,Step 4,0.2,original,linear,SKS03,2,3,84,20.0825,3.8525,0.000000;0.191834;0.709697,0.000000;0.500560;1.000000,0.11853195578957923,0.0751699412856796,0.043362014503899635,0.029439037118915837,0.7725074750376719,0.0023955157144153784,0.006003788755994873
T1,Step 5,0.2,original,linear,SKS03,2,3,84,20.0825,3.8525,0.000000;0.191834;0.709697,0.000000;0.500560;1.000000,0.11729005797234504,0.08782666723369509,0.029463390738649953,0.01673972922115073,0.7465385956724223,0.00230437412534832,0.00373906009642953
T1,Step 6,0.2,original,linear,SKS03,2,3,84,20.0825,3.8525,0.000000;0.191834;0.709697,0.000000;0.500560;1.000000,0.11970480408179685,0.09665424285847095,0.023050561223325897,0.009773634616695684,0.8440967711632146,0.0006807294326811699,0.0043064680250359125
T1,Step 7,0.2,original,linear,SKS03,2,3,84,20.0825,3.8525,0.000000;0.191834;0.709697,0.000000;0.500560;1.000000,0.12223626682477579,0.10110269137397947,0.02113357545079632,0.007451401695147936,0.8657556359693575,0.0005965342573973324,0.004123416466798308
T1,Step 8,0.2,original,linear,SKS03,2,3,84,20.0825,3.8525,0.000000;0.191834;0.709697,0.000000;0.500560;1.000000,0.12611394671091963,0.1058818143740576,0.020232132336862038,0.00590976760531646,0.8961867009616731,8.589018930078389e-05,0.004607878750561501
T1,Step 9,0.2,original,linear,SKS03,2,3,84,20.0825,3.8525,0.000000;0.191834;0.709697,0.000000;0.500560;1.000000,0.13392190390934205,0.10109813965723824,0.032823764252103815,0.017697933452092793,0.9284974102014251,-0.00014907298743269226,0.007863315491981293
T1,Step 10,0.2,original,linear,SKS03,2,3,84,20.0825,3.8525,0.000000;0.191834;0.709697,0.000000;0.500560;1.000000,0.13051290396082352,0.11035923407361654,0.020153669887206974,0.005845162645389146,0.9028548637572492,-0.00011825312375446405,0.004972710678726323
T1,Step 11,0.2,original,linear,SKS03,2,3,84,20.0825,3.8525,0.000000;0.191834;0.709697,0.000000;0.500560;1.000000,0.13173200893055884,0.11223130166053162,0.019500707270027215,0.005143756029144575,0.9145550549507074,-0.0003001728895820803,0.005057629994045661
T1,Step 12,0.2,original,linear,SKS03,2,3,84,20.0825,3.8525,0.000000;0.191834;0.709697,0.000000;0.500560;1.000000,0.13652313104658803,0.11591288820713866,0.020610242839449372,0.005578840068032442,0.9428009743396446,-0.0008867950490123556,0.006089562707255576
T1,Step 13,0.2,original,linear,SKS03,2,3,84,20.0825,3.8525,0.000000;0.191834;0.709697,0.000000;0.500560;1.000000,0.13865679003142015,0.12041957763104467,0.01823721240037547,0.0032805067643421892,0.9485192256290765,-0.0012323392402592986,0.005957169985237442
T1,Step 14,0.2,original,linear,SKS03,2,3,84,20.0825,3.8525,0.000000;0.191834;0.709697,0.000000;0.500560;1.000000,0.1361657183291614,0.12020080562812359,0.015964912701037823,0.0012478420923035805,0.9433233541199274,-0.000948786255971185,0.005041655430417759
T1,Step 15,0.2,original,linear,SKS03,2,3,84,20.0825,3.8525,0.000000;0.191834;0.709697,0.000000;0.500560;1.000000,0.13571827721747437,0.1178542333001281,0.017864043917346265,0.003347067384778829,0.9493328167546344,-0.0011318237440854906,0.005661654208203694
T1,Step 1,0.2,original,pchip,SKS03,2,3,84,20.0825,3.8525,0.000000;0.191834;0.709697,0.000000;0.500560;1.000000,0.15368290230765913,0.06479445993207568,0.08888844237558345,0.057119054715218456,0.24677934161404844,0.014867305323868448,0.004552807099947693
T1,Step 2,0.2,original,pchip,SKS03,2,3,84,20.0825,3.8525,0.000000;0.191834;0.709697,0.000000;0.500560;1.000000,0.13084681605305493,0.0458598517189819,0.08498696433407302,0.06106639913772218,0.8096102951399557,0.002194864446494322,0.012822898825040664
T1,Step 3,0.2,original,pchip,SKS03,2,3,84,20.0825,3.8525,0.000000;0.191834;0.709697,0.000000;0.500560;1.000000,0.1171094468266278,0.041274995396902464,0.07583445142972534,0.05634197351780337,0.8391884166486577,0.0018007622860546073,0.010210235004969839
T1,Step 4,0.2,original,pchip,SKS03,2,3,84,20.0825,3.8525,0.000000;0.191834;0.709697,0.000000;0.500560;1.000000,0.11799406457364738,0.04595777976071489,0.07203628481293248,0.052554957507333994,0.779566679223633,0.0027996245687307024,0.00901085718534499
T1,Step 5,0.2,original,pchip,SKS03,2,3,84,20.0825,3.8525,0.000000;0.191834;0.709697,0.000000;0.500560;1.000000,0.11361005258195207,0.054304157319390936,0.05930589526256114,0.04223938474778814,0.7956849536213515,0.0024267890164763706,0.007531513529028384
T1,Step 6,0.2,original,pchip,SKS03,2,3,84,20.0825,3.8525,0.000000;0.191834;0.709697,0.000000;0.500560;1.000000,0.11652263464676099,0.061176666268522036,0.055345968378238956,0.0381992350702038,0.8908299462954659,0.0012801083519052884,0.008554831537387134
T1,Step 7,0.2,original,pchip,SKS03,2,3,84,20.0825,3.8525,0.000000;0.191834;0.709697,0.000000;0.500560;1.000000,0.1188915904135008,0.06333511647218405,0.05555647394131674,0.03798547194783196,0.9151519506049863,0.0010762435233546488,0.009047629769151869
T1,Step 8,0.2,original,pchip,SKS03,2,3,84,20.0825,3.8525,0.000000;0.191834;0.709697,0.000000;0.500560;1.000000,0.12353713531427492,0.06696508626146916,0.05657204905280576,0.03835196592894254,0.9339630104280205,0.0008661786802425946,0.00991092234340887
T1,Step 9,0.2,original,pchip,SKS03,2,3,84,20.0825,3.8525,0.000000;0.191834;0.709697,0.000000;0.500560;1.000000,0.13241032692217222,0.06106966295817558,0.07134066396399665,0.052143394943571585,0.9498175957138305,0.0007864962586916772,0.013016494683119686
T1,Step 10,0.2,original,pchip,SKS03,2,3,84,20.0825,3.8525,0.000000;0.191834;0.709697,0.000000;0.500560;1.000000,0.1288762001902851,0.06971026436194382,0.05916593582834127,0.04073673779434353,0.9259326586173927,0.0010660848343585013,0.01068346918371584
T1,Step 11,0.2,original,pchip,SKS03,2,3,84,20.0825,3.8525,0.000000;0.191834;0.709697,0.000000;0.500560;1.000000,0.1286336396436056,0.06966131718576542,0.05897232245784019,0.040765978669044606,0.959143014901269,0.0005641596922845438,0.01112975444362062
T1,Step 12,0.2,original,pchip,SKS03,2,3,84,20.0825,3.8525,0.000000;0.191834;0.709697,0.000000;0.500560;1.000000,0.13393989322935526,0.0712300036058021,0.06270988962355316,0.043790073117006306,0.9795184161866702,0.00024613703562152304,0.012620044548986983
T1,Step 13,0.2,original,pchip,SKS03,2,3,84,20.0825,3.8525,0.000000;0.191834;0.709697,0.000000;0.500560;1.000000,0.1359641258345219,0.07555439306601448,0.060409732768507404,0.0416442464310897,0.9864606189525759,6.6218365859138e-05,0.012711558836512746
T1,Step 14,0.2,original,pchip,SKS03,2,3,84,20.0825,3.8525,0.000000;0.191834;0.709697,0.000000;0.500560;1.000000,0.13332108163040615,0.07497603252115886,0.05834504910924729,0.039744606251533185,0.9840076904260618,0.00015530607958945676,0.011997799274898096
T1,Step 15,0.2,original,pchip,SKS03,2,3,84,20.0825,3.8525,0.000000;0.191834;0.709697,0.000000;0.500560;1.000000,0.13302175882356923,0.07299466076947987,0.06002709805408936,0.041708283248004574,0.9882112612287166,4.379584552917339e-05,0.012322771974135198
T1,Step 1,0.2,original,linear,SKS02,3,4,84,20.0825,3.8525,0.000000;0.191834;0.709697;0.859081,0.000000;0.331259;0.669862;1.000000,0.12177358141051314,0.07560731447332819,0.04616626693718495,0.024450999484143657,0.14106343746888625,0.00732271409226408,0.0017896250354100505
T1,Step 2,0.2,original,linear,SKS02,3,4,84,20.0825,3.8525,0.000000;0.191834;0.709697;0.859081,0.000000;0.331259;0.669862;1.000000,0.07466579496337078,0.042590497753220456,0.03207529721015032,0.018636146106854483,0.5550855393290162,0.0012591888833301504,0.0025018415553148985
T1,Step 3,0.2,original,linear,SKS02,3,4,84,20.0825,3.8525,0.000000;0.191834;0.709697;0.859081,0.000000;0.331259;0.669862;1.000000,0.08369614853164135,0.045946239869390997,0.03774990866225036,0.02615864229067228,0.5733492166143375,0.0018078610936252302,0.003086127227269726
T1,Step 4,0.2,original,linear,SKS02,3,4,84,20.0825,3.8525,0.000000;0.191834;0.709697;0.859081,0.000000;0.331259;0.669862;1.000000,0.09219737559336554,0.051049160175406484,0.04114821541795905,0.028143387524178935,0.5987329356260843,0.0019394681045295011,0.0039548712071603076
T1,Step 5,0.2,original,linear,SKS02,3,4,84,20.0825,3.8525,0.000000;0.191834;0.709697;0.859081,0.000000;0.331259;0.669862;1.000000,0.09931188465587143,0.05734530216051811,0.041966582495353316,0.029363346553193607,0.623756060505593,0.001996499702351514,0.004577867051668475
T1,Step 6,0.2,original,linear,SKS02,3,4,84,20.0825,3.8525,0.000000;0.191834;0.709697;0.859081,0.000000;0.331259;0.669862;1.000000,0.0954073038363448,0.062416154866888174,0.032991148969456624,0.02012139249260568,0.7368839031156863,0.00042206333331646864,0.004784713903636777
T1,Step 7,0.2,original,linear,SKS02,3,4,84,20.0825,3.8525,0.000000;0.191834;0.709697;0.859081,0.000000;0.331259;0.669862;1.000000,0.10121637040626126,0.06520320702613172,0.03601316338012954,0.02224494276556343,0.789052595483202,-8.108259974755206e-05,0.00607437803147244
T1,Step 8,0.2,original,linear,SKS02,3,4,84,20.0825,3.8525,0.000000;0.191834;0.709697;0.859081,0.000000;0.331259;0.669862;1.000000,0.09955915141391006,0.06874978110237052,0.030809370311539533,0.016652116728887778,0.8205885820374276,-0.0006502086853482563,0.005835700913982263
T1,Step 9,0.2,original,linear,SKS02,3,4,84,20.0825,3.8525,0.000000;0.191834;0.709697;0.859081,0.000000;0.331259;0.669862;1.000000,0.0997389027438381,0.06455828578747284,0.03518061695636526,0.02131074831947078,0.8635598994671747,-0.0009572939015998512,0.00673737035832763
T1,Step 10,0.2,original,linear,SKS02,3,4,84,20.0825,3.8525,0.000000;0.191834;0.709697;0.859081,0.000000;0.331259;0.669862;1.000000,0.10416049151641818,0.06937226425863449,0.03478822725778369,0.020327814973129965,0.8347586398857567,-0.0008336366656511222,0.006870533610223127
T1,Step 11,0.2,original,linear,SKS02,3,4,84,20.0825,3.8525,0.000000;0.191834;0.709697;0.859081,0.000000;0.331259;0.669862;1.000000,0.10628222759689582,0.07174932835298328,0.034532899243912535,0.020230740086695412,0.853941167039633,-0.00125689014872527,0.0074048359325794245
T1,Step 12,0.2,original,linear,SKS02,3,4,84,20.0825,3.8525,0.000000;0.191834;0.709697;0.859081,0.000000;0.331259;0.669862;1.000000,0.1056156246786216,0.07329512373693277,0.032320500941688826,0.01782735835052049,0.8927068678482335,-0.0018045787248802479,0.007587063737523424
T1,Step 13,0.2,original,linear,SKS02,3,4,84,20.0825,3.8525,0.000000;0.191834;0.709697;0.859081,0.000000;0.331259;0.669862;1.000000,0.10961320726867725,0.07661548454968391,0.032997722718993344,0.01833455320302016,0.9057636307820569,-0.0022849510301382416,0.00843007376508139
T1,Step 14,0.2,original,linear,SKS02,3,4,84,20.0825,3.8525,0.000000;0.191834;0.709697;0.859081,0.000000;0.331259;0.669862;1.000000,0.11018578288783878,0.07748953072318529,0.032696252164653494,0.017980360617991686,0.8993482183624104,-0.00230059469853822,0.008436874077444692
T1,Step 15,0.2,original,linear,SKS02,3,4,84,20.0825,3.8525,0.000000;0.191834;0.709697;0.859081,0.000000;0.331259;0.669862;1.000000,0.10854653089353228,0.07489448712832672,0.03365204376520556,0.01926913512017775,0.9070033293628859,-0.0023403205112115886,0.008513485678017048
T1,Step 1,0.2,original,pchip,SKS02,3,4,84,20.0825,3.8525,0.000000;0.191834;0.709697;0.859081,0.000000;0.331259;0.669862;1.000000,0.13010797227219706,0.0870180571077053,0.04308991516449176,0.02425887499720028,0.1235699308718879,0.0075734577555507995,0.001782484430432139
T1,Step 2,0.2,original,pchip,SKS02,3,4,84,20.0825,3.8525,0.000000;0.191834;0.709697;0.859081,0.000000;0.331259;0.669862;1.000000,0.07193334736828967,0.03667092979422555,0.03526241757406412,0.019534047304932432,0.5980572500851999,0.0009293268970647687,0.0029003224745692393
T1,Step 3,0.2,original,pchip,SKS02,3,4,84,20.0825,3.8525,0.000000;0.191834;0.709697;0.859081,0.000000;0.331259;0.669862;1.000000,0.07959920903408643,0.03326299728489157,0.04633621174919486,0.03198370216208072,0.6338881977427315,0.0016347973853164078,0.003594809705161075
T1,Step 4,0.2,original,pchip,SKS02,3,4,84,20.0825,3.8525,0.000000;0.191834;0.709697;0.859081,0.000000;0.331259;0.669862;1.000000,0.09062123000875441,0.03558971842571051,0.0550315115830439,0.03863114889857544,0.6197411899121017,0.002402839064616765,0.004542740206061448
T1,Step 5,0.2,original,pchip,SKS02,3,4,84,20.0825,3.8525,0.000000;0.191834;0.709697;0.859081,0.000000;0.331259;0.669862;1.000000,0.09860388963217175,0.037606410156809225,0.06099747947536252,0.04592076096394684,0.6327455969907638,0.0028771591800658644,0.005431325785645478
T1,Step 6,0.2,original,pchip,SKS02,3,4,84,20.0825,3.8525,0.000000;0.191834;0.709697;0.859081,0.000000;0.331259;0.669862;1.000000,0.09306577880160814,0.04170787211672029,0.05135790668488785,0.035885041122278465,0.7744302058042469,0.0012038912013074287,0.005717801386137733
T1,Step 7,0.2,original,pchip,SKS02,3,4,84,20.0825,3.8525,0.000000;0.191834;0.709697;0.859081,0.000000;0.331259;0.669862;1.000000,0.09939843440825047,0.041772458110192597,0.05762597629805787,0.04138783573074403,0.8181791044137878,0.0009802244383935457,0.0071548860678499315
T1,Step 8,0.2,original,pchip,SKS02,3,4,84,20.0825,3.8525,0.000000;0.191834;0.709697;0.859081,0.000000;0.331259;0.669862;1.000000,0.09714381655108034,0.04611095949707356,0.05103285705400678,0.03423614702729515,0.8619012658206927,0.00035243842367113724,0.006958262084698055
T1,Step 9,0.2,original,pchip,SKS02,3,4,84,20.0825,3.8525,0.000000;0.191834;0.709697;0.859081,0.000000;0.331259;0.669862;1.000000,0.09726757689496673,0.03877767811778622,0.05848989877718051,0.04178981758041284,0.9079991571056085,0.00017519091276490284,0.007782082282046727
T1,Step 10,0.2,original,pchip,SKS02,3,4,84,20.0825,3.8525,0.000000;0.191834;0.709697;0.859081,0.000000;0.331259;0.669862;1.000000,0.10212315292664836,0.04350943349392678,0.05861371943272158,0.04119148608135823,0.8683974403191647,0.00047179648355863494,0.008064271077158534
T1,Step 11,0.2,original,pchip,SKS02,3,4,84,20.0825,3.8525,0.000000;0.191834;0.709697;0.859081,0.000000;0.331259;0.669862;1.000000,0.10350905249003767,0.045555543705359046,0.05795350878467862,0.041070579637524085,0.9003110511469419,2.479427028869778e-05,0.008614022114805796
T1,Step 12,0.2,original,pchip,SKS02,3,4,84,20.0825,3.8525,0.000000;0.191834;0.709697;0.859081,0.000000;0.331259;0.669862;1.000000,0.1026797858338283,0.04513667752186466,0.05754310831196363,0.040414715805189474,0.9444855366807812,-0.00038695536835900104,0.008892774129527044
T1,Step 13,0.2,original,pchip,SKS02,3,4,84,20.0825,3.8525,0.000000;0.191834;0.709697;0.859081,0.000000;0.331259;0.669862;1.000000,0.10678230061842965,0.04805551981809614,0.058726780800333514,0.04147385068203089,0.9544256494752671,-0.0006558732421747272,0.009748999982551979
T1,Step 14,0.2,original,pchip,SKS02,3,4,84,20.0825,3.8525,0.000000;0.191834;0.709697;0.859081,0.000000;0.331259;0.669862;1.000000,0.10743809394657702,0.048086377513599156,0.05935171643297787,0.04198541213180779,0.945937433834662,-0.0005728008600265458,0.009803445188519682
T1,Step 15,0.2,original,pchip,SKS02,3,4,84,20.0825,3.8525,0.000000;0.191834;0.709697;0.859081,0.000000;0.331259;0.669862;1.000000,0.10576473661711125,0.046050802653965085,0.059713933963146164,0.04275172187154022,0.9553422680418584,-0.0006777108488314509,0.009743213935443926
T1,Step 1,0.2,original,linear,SKS03,3,4,84,20.0825,3.8525,0.000000;0.191834;0.430848;1.000000,0.000000;0.331259;0.669862;1.000000,0.11539676073991512,0.07560731447332819,0.039789446266586925,0.02115351197380924,0.0,0.007599946387396472,0.0
T1,Step 2,0.2,original,linear,SKS03,3,4,84,20.0825,3.8525,0.000000;0.191834;0.430848;1.000000,0.000000;0.331259;0.669862;1.000000,0.08050658163324458,0.042590497753220456,0.03791608388002412,0.02994508760100667,0.0,0.004667359187403196,0.0
T1,Step 3,0.2,original,linear,SKS03,3,4,84,20.0825,3.8525,0.000000;0.191834;0.430848;1.000000,0.000000;0.331259;0.669862;1.000000,0.09009930103442954,0.045946239869390997,0.04415306116503854,0.03895052562140395,0.0,0.00600682708875714,0.0
T1,Step 4,0.2,original,linear,SKS03,3,4,84,20.0825,3.8525,0.000000;0.191834;0.430848;1.000000,0.000000;0.331259;0.669862;1.000000,0.09409417823131444,0.051049160175406484,0.043045018055907956,0.03731831161358925,0.0,0.006247697622412061,0.0
T1,Step 5,0.2,original,linear,SKS03,3,4,84,20.0825,3.8525,0.000000;0.191834;0.430848;1.000000,0.000000;0.331259;0.669862;1.000000,0.10166437756607577,0.05734530216051811,0.044319075405557656,0.0400178483553272,0.0,0.007047161986016489,0.0
T1,Step 6,0.2,original,linear,SKS03,3,4,84,20.0825,3.8525,0.000000;0.191834;0.430848;1.000000,0.000000;0.331259;0.669862;1.000000,0.10909234146567448,0.062416154866888174,0.04667618659878631,0.04228711819581904,0.0,0.008005362578095952,0.0
T1,Step 7,0.2,original,linear,SKS03,3,4,84,20.0825,3.8525,0.000000;0.191834;0.430848;1.000000,0.000000;0.331259;0.669862;1.000000,0.11738042352293715,0.06520320702613172,0.05217721649680543,0.04755359834884946,0.0,0.0095267056199315,0.0
T1,Step 8,0.2,original,linear,SKS03,3,4,84,20.0825,3.8525,0.000000;0.191834;0.430848;1.000000,0.000000;0.331259;0.669862;1.000000,0.11937798311268256,0.06874978110237052,0.05062820201031204,0.045907222365136405,0.0,0.009524570450428059,0.0
T1,Step 9,0.2,original,linear,SKS03,3,4,84,20.0825,3.8525,0.000000;0.191834;0.430848;1.000000,0.000000;0.331259;0.669862;1.000000,0.11639115906201217,0.06455828578747284,0.05183287327453932,0.0471756571531067,0.0,0.009379129643981597,0.0
T1,Step 10,0.2,original,linear,SKS03,3,4,84,20.0825,3.8525,0.000000;0.191834;0.430848;1.000000,0.000000;0.331259;0.669862;1.000000,0.12487520631032181,0.06937226425863449,0.05550294205168732,0.050337541758342,0.0,0.01078130610267562,0.0
T1,Step 11,0.2,original,linear,SKS03,3,4,84,20.0825,3.8525,0.000000;0.191834;0.430848;1.000000,0.000000;0.331259;0.669862;1.000000,0.12718565412255742,0.07174932835298328,0.055436325769574135,0.05059507138882005,0.0,0.011028224495478594,0.0
T1,Step 12,0.2,original,linear,SKS03,3,4,84,20.0825,3.8525,0.000000;0.191834;0.430848;1.000000,0.000000;0.331259;0.669862;1.000000,0.13303935673317754,0.07329512373693277,0.059744232996244775,0.05461618880168469,0.0,0.012327295276365386,0.0
T1,Step 13,0.2,original,linear,SKS03,3,4,84,20.0825,3.8525,0.000000;0.191834;0.430848;1.000000,0.000000;0.331259;0.669862;1.000000,0.1340468590821641,0.07661548454968391,0.05743137453248019,0.0525262600458615,0.0,0.012098627957010707,0.0
T1,Step 14,0.2,original,linear,SKS03,3,4,84,20.0825,3.8525,0.000000;0.191834;0.430848;1.000000,0.000000;0.331259;0.669862;1.000000,0.13418109783474721,0.07748953072318529,0.056691567111561925,0.051851301981809,0.0,0.011999939644438531,0.0
T1,Step 15,0.2,original,linear,SKS03,3,4,84,20.0825,3.8525,0.000000;0.191834;0.430848;1.000000,0.000000;0.331259;0.669862;1.000000,0.13152987479637196,0.07489448712832672,0.05663538766804524,0.05180053706370197,0.0,0.01169092376173419,0.0
T1,Step 1,0.2,original,pchip,SKS03,3,4,84,20.0825,3.8525,0.000000;0.191834;0.430848;1.000000,0.000000;0.331259;0.669862;1.000000,0.08708873343415875,0.0870180571077053,7.067632645345323e-05,-0.012719034638072196,0.0,1.2305228366100654e-05,0.0
T1,Step 2,0.2,original,pchip,SKS03,3,4,84,20.0825,3.8525,0.000000;0.191834;0.430848;1.000000,0.000000;0.331259;0.669862;1.000000,0.03424093211587127,0.03667092979422555,-0.0024299976783542787,-0.008724141396099096,0.0,-0.00017231565980931426,0.0
T1,Step 3,0.2,original,pchip,SKS03,3,4,84,20.0825,3.8525,0.000000;0.191834;0.430848;1.000000,0.000000;0.331259;0.669862;1.000000,0.04386040011814719,0.03326299728489157,0.010597402833255616,0.006626528566811854,0.0,0.0008173077101492614,0.0
T1,Step 4,0.2,original,pchip,SKS03,3,4,84,20.0825,3.8525,0.000000;0.191834;0.430848;1.000000,0.000000;0.331259;0.669862;1.000000,0.044655211783369154,0.03558971842571051,0.009065493357658647,0.00417142529426906,0.0,0.0007274598817961936,0.0
T1,Step 5,0.2,original,pchip,SKS03,3,4,84,20.0825,3.8525,0.000000;0.191834;0.430848;1.000000,0.000000;0.331259;0.669862;1.000000,0.049408832129499106,0.037606410156809225,0.01180242197268988,0.009495493310797853,0.0,0.0010269906075188596,0.0
T1,Step 6,0.2,original,pchip,SKS03,3,4,84,20.0825,3.8525,0.000000;0.191834;0.430848;1.000000,0.000000;0.331259;0.669862;1.000000,0.05726508469911795,0.04170787211672029,0.015557212582397659,0.013063789259713347,0.0,0.0015397433290924585,0.0
T1,Step 7,0.2,original,pchip,SKS03,3,4,84,20.0825,3.8525,0.000000;0.191834;0.430848;1.000000,0.000000;0.331259;0.669862;1.000000,0.0642710356279748,0.041772458110192597,0.022498577517782205,0.020001604994181098,0.0,0.002385827764124611,0.0
T1,Step 8,0.2,original,pchip,SKS03,3,4,84,20.0825,3.8525,0.000000;0.191834;0.430848;1.000000,0.000000;0.331259;0.669862;1.000000,0.06336998253152629,0.04611095949707356,0.017259023034452724,0.014790670201793851,0.0,0.0018895341003051884,0.0
T1,Step 9,0.2,original,pchip,SKS03,3,4,84,20.0825,3.8525,0.000000;0.191834;0.430848;1.000000,0.000000;0.331259;0.669862;1.000000,0.058352562443537585,0.03877767811778622,0.019574884325751364,0.017138589236470554,0.0,0.0019013132235203168,0.0
T1,Step 10,0.2,original,pchip,SKS03,3,4,84,20.0825,3.8525,0.000000;0.191834;0.430848;1.000000,0.000000;0.331259;0.669862;1.000000,0.06559067622297808,0.04350943349392678,0.0220812427290513,0.01909180192025397,0.0,0.002409066004425105,0.0
T1,Step 11,0.2,original,pchip,SKS03,3,4,84,20.0825,3.8525,0.000000;0.191834;0.430848;1.000000,0.000000;0.331259;0.669862;1.000000,0.06903555493940663,0.045555543705359046,0.02348001123404759,0.02112801526049149,0.0,0.002690600283500953,0.0
T1,Step 12,0.2,original,pchip,SKS03,3,4,84,20.0825,3.8525,0.000000;0.191834;0.430848;1.000000,0.000000;0.331259;0.669862;1.000000,0.07445686993069867,0.04513667752186466,0.029320192408834003,0.0266906218372351,0.0,0.003506505822164176,0.0
T1,Step 13,0.2,original,pchip,SKS03,3,4,84,20.0825,3.8525,0.000000;0.191834;0.430848;1.000000,0.000000;0.331259;0.669862;1.000000,0.07477314660155038,0.04805551981809614,0.02671762678345424,0.024399296193331248,0.0,0.0032816904677095138,0.0
T1,Step 14,0.2,original,pchip,SKS03,3,4,84,20.0825,3.8525,0.000000;0.191834;0.430848;1.000000,0.000000;0.331259;0.669862;1.000000,0.07385175239340787,0.048086377513599156,0.025765374879808713,0.0235381921131029,0.0,0.003141781629196851,0.0
T1,Step 15,0.2,original,pchip,SKS03,3,4,84,20.0825,3.8525,0.000000;0.191834;0.430848;1.000000,0.000000;0.331259;0.669862;1.000000,0.0724781319545857,0.046050802653965085,0.026427329300620618,0.024161205456717377,0.0,0.0031324031865519,0.0
T1,Step 1,0.2,original,linear,SKS02,4,5,84,20.0825,3.8525,0.000000;0.191834;0.709697;0.859081;1.000000,0.000000;0.251587;0.500560;0.749533;1.000000,0.11456092981464713,0.05696769659531121,0.057593233219335925,0.033471266548976183,0.0,0.009878888184621074,0.0
T1,Step 2,0.2,original,linear,SKS02,4,5,84,20.0825,3.8525,0.000000;0.191834;0.709697;0.859081;1.000000,0.000000;0.251587;0.500560;0.749533;1.000000,0.05225433102115842,0.05080282982481646,0.0014515011963419644,-0.004082469689891351,0.0,0.00014958759225953866,0.0
T1,Step 3,0.2,original,linear,SKS02,4,5,84,20.0825,3.8525,0.000000;0.191834;0.709697;0.859081;1.000000,0.000000;0.251587;0.500560;0.749533;1.000000,0.057198975162420444,0.03771408999722252,0.019484885165197925,0.016388397198931745,0.0,0.0018493701753125914,0.0
T1,Step 4,0.2,original,linear,SKS02,4,5,84,20.0825,3.8525,0.000000;0.191834;0.709697;0.859081;1.000000,0.000000;0.251587;0.500560;0.749533;1.000000,0.060255246438104974,0.042414346716284496,0.01784089972182048,0.014944131371537606,0.0,0.0018317179159475687,0.0
T1,Step 5,0.2,original,linear,SKS02,4,5,84,20.0825,3.8525,0.000000;0.191834;0.709697;0.859081;1.000000,0.000000;0.251587;0.500560;0.749533;1.000000,0.06308343632006434,0.05031832688570228,0.012765109434362064,0.01105885710548838,0.0,0.0014475859173712243,0.0
T1,Step 6,0.2,original,linear,SKS02,4,5,84,20.0825,3.8525,0.000000;0.191834;0.709697;0.859081;1.000000,0.000000;0.251587;0.500560;0.749533;1.000000,0.05172156066763416,0.04815583877966748,0.00356572188796668,0.0030273757622936506,0.0,0.0003561350293224345,0.0
T1,Step 7,0.2,original,linear,SKS02,4,5,84,20.0825,3.8525,0.000000;0.191834;0.709697;0.859081;1.000000,0.000000;0.251587;0.500560;0.749533;1.000000,0.04899334688795462,0.05310569835614859,-0.00411235146819397,-0.0040711482690828985,0.0,-0.0004198671586107902,0.0
T1,Step 8,0.2,original,linear,SKS02,4,5,84,20.0825,3.8525,0.000000;0.191834;0.709697;0.859081;1.000000,0.000000;0.251587;0.500560;0.749533;1.000000,0.04522774050381988,0.050516182616196115,-0.005288442112376238,-0.004877921400441701,0.0,-0.0005063361950320059,0.0
T1,Step 9,0.2,original,linear,SKS02,4,5,84,20.0825,3.8525,0.000000;0.191834;0.709697;0.859081;1.000000,0.000000;0.251587;0.500560;0.749533;1.000000,0.03863930124061324,0.048320226359311,-0.00968092511869776,-0.009118752681517635,0.0,-0.0008418486750521982,0.0
T1,Step 10,0.2,original,linear,SKS02,4,5,84,20.0825,3.8525,0.000000;0.191834;0.709697;0.859081;1.000000,0.000000;0.251587;0.500560;0.749533;1.000000,0.044617916306427294,0.052172063428191646,-0.007554147121764353,-0.007093484883402008,0.0,-0.0007311657468279014,0.0
T1,Step 11,0.2,original,linear,SKS02,4,5,84,20.0825,3.8525,0.000000;0.191834;0.709697;0.859081;1.000000,0.000000;0.251587;0.500560;0.749533;1.000000,0.04273942482790963,0.0537367812639626,-0.010997356436052971,-0.010080551592799532,0.0,-0.001060983225990424,0.0
T1,Step 12,0.2,original,linear,SKS02,4,5,84,20.0825,3.8525,0.000000;0.191834;0.709697;0.859081;1.000000,0.000000;0.251587;0.500560;0.749533;1.000000,0.03734910363145657,0.05357008942910116,-0.01622098579764459,-0.014845120421345503,0.0,-0.001474798939368613,0.0
T1,Step 13,0.2,original,linear,SKS02,4,5,84,20.0825,3.8525,0.000000;0.191834;0.709697;0.859081;1.000000,0.000000;0.251587;0.500560;0.749533;1.000000,0.03631839254086817,0.055714490354368866,-0.0193960978135007,-0.017740024704398144,0.0,-0.0017850787986944724,0.0
T1,Step 14,0.2,original,linear,SKS02,4,5,84,20.0825,3.8525,0.000000;0.191834;0.709697;0.859081;1.000000,0.000000;0.251587;0.500560;0.749533;1.000000,0.037166875629721846,0.05532106837746698,-0.018154192747745136,-0.016604671945524827,0.0,-0.0016790439623491657,0.0
T1,Step 15,0.2,original,linear,SKS02,4,5,84,20.0825,3.8525,0.000000;0.191834;0.709697;0.859081;1.000000,0.000000;0.251587;0.500560;0.749533;1.000000,0.034922130976969376,0.051709368105864455,-0.01678723712889508,-0.015354244343310196,0.0,-0.0014543035179351886,0.0
T1,Step 1,0.2,original,pchip,SKS02,4,5,84,20.0825,3.8525,0.000000;0.191834;0.709697;0.859081;1.000000,0.000000;0.251587;0.500560;0.749533;1.000000,0.1225565183542286,0.05662030476161664,0.06593621359261195,0.040425927049655266,0.0,0.011814241279812022,0.0
T1,Step 2,0.2,original,pchip,SKS02,4,5,84,20.0825,3.8525,0.000000;0.191834;0.709697;0.859081;1.000000,0.000000;0.251587;0.500560;0.749533;1.000000,0.04702585811351238,0.046924384503271195,0.00010147361024118173,-0.006294516387995892,0.0,9.533470301360086e-06,0.0
T1,Step 3,0.2,original,pchip,SKS02,4,5,84,20.0825,3.8525,0.000000;0.191834;0.709697;0.859081;1.000000,0.000000;0.251587;0.500560;0.749533;1.000000,0.04894342858621169,0.030309181563637475,0.018634247022574213,0.015088524408861867,0.0,0.0014768127147160616,0.0
T1,Step 4,0.2,original,pchip,SKS02,4,5,84,20.0825,3.8525,0.000000;0.191834;0.709697;0.859081;1.000000,0.000000;0.251587;0.500560;0.749533;1.000000,0.05612674237419178,0.03205072575141085,0.02407601662278093,0.020172249171852816,0.0,0.002122962188346745,0.0
T1,Step 5,0.2,original,pchip,SKS02,4,5,84,20.0825,3.8525,0.000000;0.191834;0.709697;0.859081;1.000000,0.000000;0.251587;0.500560;0.749533;1.000000,0.06000397483477172,0.03764227302342459,0.022361701811347126,0.019507630946352265,0.0,0.0021835362776018797,0.0
T1,Step 6,0.2,original,pchip,SKS02,4,5,84,20.0825,3.8525,0.000000;0.191834;0.709697;0.859081;1.000000,0.000000;0.251587;0.500560;0.749533;1.000000,0.044462454477493266,0.032115519975134114,0.012346934502359151,0.010840973903261233,0.0,0.0009455032348899223,0.0
T1,Step 7,0.2,original,pchip,SKS02,4,5,84,20.0825,3.8525,0.000000;0.191834;0.709697;0.859081;1.000000,0.000000;0.251587;0.500560;0.749533;1.000000,0.04312788397338879,0.03715965223207087,0.005968231741317921,0.004891874595622882,0.0,0.00047917462201363593,0.0
T1,Step 8,0.2,original,pchip,SKS02,4,5,84,20.0825,3.8525,0.000000;0.191834;0.709697;0.859081;1.000000,0.000000;0.251587;0.500560;0.749533;1.000000,0.03672438149290483,0.0325077242949257,0.004216657197979132,0.0037779180101411187,0.0,0.0002919280572015084,0.0
T1,Step 9,0.2,original,pchip,SKS02,4,5,84,20.0825,3.8525,0.000000;0.191834;0.709697;0.859081;1.000000,0.000000;0.251587;0.500560;0.749533;1.000000,0.030413950174870693,0.031167878582032862,-0.0007539284071621695,-0.0011798896869359768,0.0,-4.6428290064825806e-05,0.0
T1,Step 10,0.2,original,pchip,SKS02,4,5,84,20.0825,3.8525,0.000000;0.191834;0.709697;0.859081;1.000000,0.000000;0.251587;0.500560;0.749533;1.000000,0.03800649446786836,0.03290850647867807,0.0050979879891902835,0.004336179748319069,0.0,0.00036152382307891144,0.0
T1,Step 11,0.2,original,pchip,SKS02,4,5,84,20.0825,3.8525,0.000000;0.191834;0.709697;0.859081;1.000000,0.000000;0.251587;0.500560;0.749533;1.000000,0.03371264758375471,0.034150581054807116,-0.0004379334710524069,-0.000463258878083711,0.0,-2.9719579274508462e-05,0.0
T1,Step 12,0.2,original,pchip,SKS02,4,5,84,20.0825,3.8525,0.000000;0.191834;0.709697;0.859081;1.000000,0.000000;0.251587;0.500560;0.749533;1.000000,0.02573920728388694,0.032791370538353674,-0.007052163254466736,-0.006487335270136188,0.0,-0.0004127671901807108,0.0
T1,Step 13,0.2,original,pchip,SKS02,4,5,84,20.0825,3.8525,0.000000;0.191834;0.709697;0.859081;1.000000,0.000000;0.251587;0.500560;0.749533;1.000000,0.025491678079651078,0.033843305690650395,-0.008351627610999317,-0.007644634808258912,0.0,-0.0004955436887542465,0.0
T1,Step 14,0.2,original,pchip,SKS02,4,5,84,20.0825,3.8525,0.000000;0.191834;0.709697;0.859081;1.000000,0.000000;0.251587;0.500560;0.749533;1.000000,0.02684783576017283,0.03339037594998903,-0.0065425401898162,-0.005993841689851256,0.0,-0.00039411092107639076,0.0
T1,Step 15,0.2,original,pchip,SKS02,4,5,84,20.0825,3.8525,0.000000;0.191834;0.709697;0.859081;1.000000,0.000000;0.251587;0.500560;0.749533;1.000000,0.025318124834684052,0.029709703036914843,-0.004391578202230791,-0.004017722740095486,0.0,-0.00024165900939702173,0.0
T1,Step 1,0.2,original,linear,SKS03,4,5,84,20.0825,3.8525,0.000000;0.191834;0.570273;0.859081;1.000000,0.000000;0.251587;0.500560;0.749533;1.000000,0.0677324865670729,0.05696769659531121,0.010764789971761689,-0.009360364443371419,0.0,0.0013423712811832787,0.0
T1,Step 2,0.2,original,linear,SKS03,4,5,84,20.0825,3.8525,0.000000;0.191834;0.570273;0.859081;1.000000,0.000000;0.251587;0.500560;0.749533;1.000000,0.03053077314992971,0.05080282982481646,-0.020272056674886747,-0.02395171977845113,0.0,-0.0016487994090767916,0.0
T1,Step 3,0.2,original,linear,SKS03,4,5,84,20.0825,3.8525,0.000000;0.191834;0.570273;0.859081;1.000000,0.000000;0.251587;0.500560;0.749533;1.000000,0.027897312612356583,0.03771408999722252,-0.009816777384865936,-0.010412794151631728,0.0,-0.0006440925333270502,0.0
T1,Step 4,0.2,original,linear,SKS03,4,5,84,20.0825,3.8525,0.000000;0.191834;0.570273;0.859081;1.000000,0.000000;0.251587;0.500560;0.749533;1.000000,0.027512900054996247,0.042414346716284496,-0.014901446661288249,-0.015003377933460009,0.0,-0.001042017137932981,0.0
T1,Step 5,0.2,original,linear,SKS03,4,5,84,20.0825,3.8525,0.000000;0.191834;0.570273;0.859081;1.000000,0.000000;0.251587;0.500560;0.749533;1.000000,0.02629146464813407,0.05031832688570228,-0.024026862237568208,-0.022592833708340494,0.0,-0.0018406929072323054,0.0
T1,Step 6,0.2,original,linear,SKS03,4,5,84,20.0825,3.8525,0.000000;0.191834;0.570273;0.859081;1.000000,0.000000;0.251587;0.500560;0.749533;1.000000,0.02428996325961186,0.04815583877966748,-0.023865875520055622,-0.02206284770041972,0.0,-0.0017289824934200327,0.0
T1,Step 7,0.2,original,linear,SKS03,4,5,84,20.0825,3.8525,0.000000;0.191834;0.570273;0.859081;1.000000,0.000000;0.251587;0.500560;0.749533;1.000000,0.02342203122764315,0.05310569835614859,-0.02968366712850544,-0.027460011756965746,0.0,-0.002271623651065552,0.0
T1,Step 8,0.2,original,linear,SKS03,4,5,84,20.0825,3.8525,0.000000;0.191834;0.570273;0.859081;1.000000,0.000000;0.251587;0.500560;0.749533;1.000000,0.02483943407597119,0.050516182616196115,-0.025676748540224923,-0.02352589044865749,0.0,-0.001934887220898356,0.0
T1,Step 9,0.2,original,linear,SKS03,4,5,84,20.0825,3.8525,0.000000;0.191834;0.570273;0.859081;1.000000,0.000000;0.251587;0.500560;0.749533;1.000000,0.020528409921401897,0.048320226359311,-0.027791816437909102,-0.02568385630767191,0.0,-0.001913428661513942,0.0
T1,Step 10,0.2,original,linear,SKS03,4,5,84,20.0825,3.8525,0.000000;0.191834;0.570273;0.859081;1.000000,0.000000;0.251587;0.500560;0.749533;1.000000,0.024138402541991944,0.052172063428191646,-0.028033660886199702,-0.025825105907828803,0.0,-0.0021392617250760087,0.0
T1,Step 11,0.2,original,linear,SKS03,4,5,84,20.0825,3.8525,0.000000;0.191834;0.570273;0.859081;1.000000,0.000000;0.251587;0.500560;0.749533;1.000000,0.021345843486291885,0.0537367812639626,-0.032390937777670714,-0.02964814483915255,0.0,-0.002431996626469692,0.0
T1,Step 12,0.2,original,linear,SKS03,4,5,84,20.0825,3.8525,0.000000;0.191834;0.570273;0.859081;1.000000,0.000000;0.251587;0.500560;0.749533;1.000000,0.021269815763733945,0.05357008942910116,-0.03230027366536721,-0.02955206989234262,0.0,-0.0024173494188187102,0.0
T1,Step 13,0.2,original,linear,SKS03,4,5,84,20.0825,3.8525,0.000000;0.191834;0.570273;0.859081;1.000000,0.000000;0.251587;0.500560;0.749533;1.000000,0.021654566757770662,0.055714490354368866,-0.03405992359659821,-0.031152192027131743,0.0,-0.002635184173980315,0.0
T1,Step 14,0.2,original,linear,SKS03,4,5,84,20.0825,3.8525,0.000000;0.191834;0.570273;0.859081;1.000000,0.000000;0.251587;0.500560;0.749533;1.000000,0.022317455573053993,0.05532106837746698,-0.03300361280441299,-0.03018648853369954,0.0,-0.0025623517831691385,0.0
T1,Step 15,0.2,original,linear,SKS03,4,5,84,20.0825,3.8525,0.000000;0.191834;0.570273;0.859081;1.000000,0.000000;0.251587;0.500560;0.749533;1.000000,0.020903437810694675,0.051709368105864455,-0.03080593029516978,-0.028176346377713563,0.0,-0.0022369050376022125,0.0
T1,Step 1,0.2,original,pchip,SKS03,4,5,84,20.0825,3.8525,0.000000;0.191834;0.570273;0.859081;1.000000,0.000000;0.251587;0.500560;0.749533;1.000000,0.06597855679410544,0.05662030476161664,0.0093582520324888,-0.01132311513185278,0.0,0.0011473110453346488,0.0
T1,Step 2,0.2,original,pchip,SKS03,4,5,84,20.0825,3.8525,0.000000;0.191834;0.570273;0.859081;1.000000,0.000000;0.251587;0.500560;0.749533;1.000000,0.034798907743771104,0.046924384503271195,-0.012125476759500091,-0.01747779116862567,0.0,-0.0009909338808513457,0.0
T1,Step 3,0.2,original,pchip,SKS03,4,5,84,20.0825,3.8525,0.000000;0.191834;0.570273;0.859081;1.000000,0.000000;0.251587;0.500560;0.749533;1.000000,0.026779984544568897,0.030309181563637475,-0.003529197019068578,-0.005183719863579673,0.0,-0.00020147891485019294,0.0
T1,Step 4,0.2,original,pchip,SKS03,4,5,84,20.0825,3.8525,0.000000;0.191834;0.570273;0.859081;1.000000,0.000000;0.251587;0.500560;0.749533;1.000000,0.029191811252200828,0.03205072575141085,-0.0028589144992100246,-0.004463518934900157,0.0,-0.00017508717700803194,0.0
T1,Step 5,0.2,original,pchip,SKS03,4,5,84,20.0825,3.8525,0.000000;0.191834;0.570273;0.859081;1.000000,0.000000;0.251587;0.500560;0.749533;1.000000,0.029941191943815518,0.03764227302342459,-0.007701081079609075,-0.007989121664312815,0.0,-0.0005204657433536353,0.0
T1,Step 6,0.2,original,pchip,SKS03,4,5,84,20.0825,3.8525,0.000000;0.191834;0.570273;0.859081;1.000000,0.000000;0.251587;0.500560;0.749533;1.000000,0.025929262614759314,0.032115519975134114,-0.0061862573603748,-0.006110336107109059,0.0,-0.0003590799635280834,0.0
T1,Step 7,0.2,original,pchip,SKS03,4,5,84,20.0825,3.8525,0.000000;0.191834;0.570273;0.859081;1.000000,0.000000;0.251587;0.500560;0.749533;1.000000,0.025670257236742915,0.03715965223207087,-0.011489394995327955,-0.011075746809249293,0.0,-0.0007218776474078976,0.0
T1,Step 8,0.2,original,pchip,SKS03,4,5,84,20.0825,3.8525,0.000000;0.191834;0.570273;0.859081;1.000000,0.000000;0.251587;0.500560;0.749533;1.000000,0.021427603709441908,0.0325077242949257,-0.011080120585483789,-0.010213112869117639,0.0,-0.0005976099381060137,0.0
T1,Step 9,0.2,original,pchip,SKS03,4,5,84,20.0825,3.8525,0.000000;0.191834;0.570273;0.859081;1.000000,0.000000;0.251587;0.500560;0.749533;1.000000,0.020882092647123318,0.031167878582032862,-0.010285785934909544,-0.009898198108134332,0.0,-0.000535374861981301,0.0
T1,Step 10,0.2,original,pchip,SKS03,4,5,84,20.0825,3.8525,0.000000;0.191834;0.570273;0.859081;1.000000,0.000000;0.251587;0.500560;0.749533;1.000000,0.022988725458566974,0.03290850647867807,-0.0099197810201111,-0.009399836015469922,0.0,-0.0005544883004478316,0.0
T1,Step 11,0.2,original,pchip,SKS03,4,5,84,20.0825,3.8525,0.000000;0.191834;0.570273;0.859081;1.000000,0.000000;0.251587;0.500560;0.749533;1.000000,0.021506371518149107,0.034150581054807116,-0.01264420953665801,-0.01162769517388244,0.0,-0.0007037381705042958,0.0
T1,Step 12,0.2,original,pchip,SKS03,4,5,84,20.0825,3.8525,0.000000;0.191834;0.570273;0.859081;1.000000,0.000000;0.251587;0.500560;0.749533;1.000000,0.018941192020435444,0.032791370538353674,-0.01385017851791823,-0.012705228870638088,0.0,-0.0007165052266286019,0.0
T1,Step 13,0.2,original,pchip,SKS03,4,5,84,20.0825,3.8525,0.000000;0.191834;0.570273;0.859081;1.000000,0.000000;0.251587;0.500560;0.749533;1.000000,0.01888597625756165,0.033843305690650395,-0.014957329433088744,-0.013686507376615673,0.0,-0.0007886892408696273,0.0
T1,Step 14,0.2,original,pchip,SKS03,4,5,84,20.0825,3.8525,0.000000;0.191834;0.570273;0.859081;1.000000,0.000000;0.251587;0.500560;0.749533;1.000000,0.01755174432705352,0.03339037594998903,-0.01583863162293551,-0.014496329121614755,0.0,-0.0008068534771593503,0.0
T1,Step 15,0.2,original,pchip,SKS03,4,5,84,20.0825,3.8525,0.000000;0.191834;0.570273;0.859081;1.000000,0.000000;0.251587;0.500560;0.749533;1.000000,0.017901411379908135,0.029709703036914843,-0.011808291657006708,-0.010801365216643665,0.0,-0.0005622059251489625,0.0
T1,Step 1,0.2,boundary_constrained,linear,SKS02,2,3,84,20.0825,3.8525,0.000000;0.191834;1.000000,0.000000;0.500560;1.000000,0.16471406414495884,0.07129992048948475,0.0934141436554741,0.07160971503532321,0.0,0.02204704426534277,0.0
T1,Step 2,0.2,boundary_constrained,linear,SKS02,2,3,84,20.0825,3.8525,0.000000;0.191834;1.000000,0.000000;0.500560;1.000000,0.14848287344692954,0.06462951649959259,0.08385335694733695,0.07448992697662446,0.0,0.017870189304085782,0.0
T1,Step 3,0.2,boundary_constrained,linear,SKS02,2,3,84,20.0825,3.8525,0.000000;0.191834;1.000000,0.000000;0.500560;1.000000,0.15200319881807237,0.06757203728404676,0.0844311615340256,0.07677733337776657,0.0,0.01853899222820983,0.0
T1,Step 4,0.2,boundary_constrained,linear,SKS02,2,3,84,20.0825,3.8525,0.000000;0.191834;1.000000,0.000000;0.500560;1.000000,0.16149733374859948,0.0751699412856796,0.08632739246291989,0.0782723185526291,0.0,0.020430868735014013,0.0
T1,Step 5,0.2,boundary_constrained,linear,SKS02,2,3,84,20.0825,3.8525,0.000000;0.191834;1.000000,0.000000;0.500560;1.000000,0.17140401374522354,0.08782666723369509,0.08357734651152846,0.07629877139895308,0.0,0.02166581245059457,0.0
T1,Step 6,0.2,boundary_constrained,linear,SKS02,2,3,84,20.0825,3.8525,0.000000;0.191834;1.000000,0.000000;0.500560;1.000000,0.1746071959134439,0.09665424285847095,0.07795295305497295,0.07128666189495315,0.0,0.02114563020221149,0.0
T1,Step 7,0.2,boundary_constrained,linear,SKS02,2,3,84,20.0825,3.8525,0.000000;0.191834;1.000000,0.000000;0.500560;1.000000,0.18276912245279728,0.10110269137397947,0.08166643107881781,0.07468433994733392,0.0,0.02318279791910346,0.0
T1,Step 8,0.2,boundary_constrained,linear,SKS02,2,3,84,20.0825,3.8525,0.000000;0.191834;1.000000,0.000000;0.500560;1.000000,0.18819603387787076,0.1058818143740576,0.08231421950381317,0.07528223856316961,0.0,0.02420678855221829,0.0
T1,Step 9,0.2,boundary_constrained,linear,SKS02,2,3,84,20.0825,3.8525,0.000000;0.191834;1.000000,0.000000;0.500560;1.000000,0.18716745597191678,0.10109813965723824,0.08606931631467854,0.0786878848218467,0.0,0.02481082273284496,0.0
T1,Step 10,0.2,boundary_constrained,linear,SKS02,2,3,84,20.0825,3.8525,0.000000;0.191834;1.000000,0.000000;0.500560;1.000000,0.1965160388285594,0.11035923407361654,0.08615680475494285,0.07875512782016957,0.0,0.026439392971552584,0.0
T1,Step 11,0.2,boundary_constrained,linear,SKS02,2,3,84,20.0825,3.8525,0.000000;0.191834;1.000000,0.000000;0.500560;1.000000,0.19640989342791398,0.11223130166053162,0.08417859176738236,0.07698554106665072,0.0,0.025980981163947283,0.0
T1,Step 12,0.2,boundary_constrained,linear,SKS02,2,3,84,20.0825,3.8525,0.000000;0.191834;1.000000,0.000000;0.500560;1.000000,0.2011223636537106,0.11591288820713866,0.08520947544657195,0.0779066218832172,0.0,0.02701440750913479,0.0
T1,Step 13,0.2,boundary_constrained,linear,SKS02,2,3,84,20.0825,3.8525,0.000000;0.191834;1.000000,0.000000;0.500560;1.000000,0.203064279174005,0.12041957763104467,0.08264470154296032,0.07550113098027082,0.0,0.02673422679961904,0.0
T1,Step 14,0.2,boundary_constrained,linear,SKS02,2,3,84,20.0825,3.8525,0.000000;0.191834;1.000000,0.000000;0.500560;1.000000,0.20435701439172158,0.12020080562812359,0.08415620876359799,0.07691427250341232,0.0,0.027313555657448356,0.0
T1,Step 15,0.2,boundary_constrained,linear,SKS02,2,3,84,20.0825,3.8525,0.000000;0.191834;1.000000,0.000000;0.500560;1.000000,0.1997785347870044,0.1178542333001281,0.08192430148687631,0.07483892825949251,0.0,0.026021842654881316,0.0
T1,Step 1,0.2,boundary_constrained,pchip,SKS02,2,3,84,20.0825,3.8525,0.000000;0.191834;1.000000,0.000000;0.500560;1.000000,0.21720401555875518,0.06479445993207568,0.15240955562667952,0.11885641378409416,0.0,0.042979262336958604,0.0
T1,Step 2,0.2,boundary_constrained,pchip,SKS02,2,3,84,20.0825,3.8525,0.000000;0.191834;1.000000,0.000000;0.500560;1.000000,0.13582148167546032,0.0458598517189819,0.08996162995647841,0.0746369767034826,0.0,0.016344348884830398,0.0
T1,Step 3,0.2,boundary_constrained,pchip,SKS02,2,3,84,20.0825,3.8525,0.000000;0.191834;1.000000,0.000000;0.500560;1.000000,0.10860300153716287,0.041274995396902464,0.06732800614026041,0.05835226859855294,0.0,0.010090986697866684,0.0
T1,Step 4,0.2,boundary_constrained,pchip,SKS02,2,3,84,20.0825,3.8525,0.000000;0.191834;1.000000,0.000000;0.500560;1.000000,0.12569186707329386,0.04595777976071489,0.07973408731257897,0.06917910364029939,0.0,0.0136863279278362,0.0
T1,Step 5,0.2,boundary_constrained,pchip,SKS02,2,3,84,20.0825,3.8525,0.000000;0.191834;1.000000,0.000000;0.500560;1.000000,0.12046554980158065,0.054304157319390936,0.06616139248218972,0.05893600984495481,0.0,0.01156300718682795,0.0
T1,Step 6,0.2,boundary_constrained,pchip,SKS02,2,3,84,20.0825,3.8525,0.000000;0.191834;1.000000,0.000000;0.500560;1.000000,0.11650739393157666,0.061176666268522036,0.05533072766305463,0.049828603728161724,0.0,0.009831388344997466,0.0
T1,Step 7,0.2,boundary_constrained,pchip,SKS02,2,3,84,20.0825,3.8525,0.000000;0.191834;1.000000,0.000000;0.500560;1.000000,0.11923347474926722,0.06333511647218405,0.05589835827708317,0.050541322007729136,0.0,0.010205284522239027,0.0
T1,Step 8,0.2,boundary_constrained,pchip,SKS02,2,3,84,20.0825,3.8525,0.000000;0.191834;1.000000,0.000000;0.500560;1.000000,0.12336161033623219,0.06696508626146916,0.05639652407476303,0.05107767192606454,0.0,0.010733764126742382,0.0
T1,Step 9,0.2,boundary_constrained,pchip,SKS02,2,3,84,20.0825,3.8525,0.000000;0.191834;1.000000,0.000000;0.500560;1.000000,0.12401284419935693,0.06106966295817558,0.06294318124118135,0.05690895240807884,0.0,0.011649681792588813,0.0
T1,Step 10,0.2,boundary_constrained,pchip,SKS02,2,3,84,20.0825,3.8525,0.000000;0.191834;1.000000,0.000000;0.500560;1.000000,0.1351493113053104,0.06971026436194382,0.0654390469433666,0.059194124472527185,0.0,0.013405815388887613,0.0
T1,Step 11,0.2,boundary_constrained,pchip,SKS02,2,3,84,20.0825,3.8525,0.000000;0.191834;1.000000,0.000000;0.500560;1.000000,0.12115973093632953,0.06966131718576542,0.05149841375056412,0.04695850387906933,0.0,0.009826981288507949,0.0
T1,Step 12,0.2,boundary_constrained,pchip,SKS02,2,3,84,20.0825,3.8525,0.000000;0.191834;1.000000,0.000000;0.500560;1.000000,0.1198269356050789,0.0712300036058021,0.048596931999276796,0.04441195759034523,0.0,0.009284781082821145,0.0
T1,Step 13,0.2,boundary_constrained,pchip,SKS02,2,3,84,20.0825,3.8525,0.000000;0.191834;1.000000,0.000000;0.500560;1.000000,0.11778559662711466,0.07555439306601448,0.042231203561100175,0.038624743643052004,0.0,0.008164980461231547,0.0
T1,Step 14,0.2,boundary_constrained,pchip,SKS02,2,3,84,20.0825,3.8525,0.000000;0.191834;1.000000,0.000000;0.500560;1.000000,0.11984459668745434,0.07497603252115886,0.04486856416629548,0.04103406087919449,0.0,0.00874132190256472,0.0
T1,Step 15,0.2,boundary_constrained,pchip,SKS02,2,3,84,20.0825,3.8525,0.000000;0.191834;1.000000,0.000000;0.500560;1.000000,0.11429338230946437,0.07299466076947987,0.0412987215399845,0.03777199540130238,0.0,0.007734756738885938,0.0
T1,Step 1,0.2,boundary_constrained,linear,SKS02,3,4,84,20.0825,3.8525,0.000000;0.191834;0.430848;1.000000,0.000000;0.331259;0.669862;1.000000,0.11539676073991512,0.07560731447332819,0.039789446266586925,0.02115351197380924,0.0,0.007599946387396472,0.0
T1,Step 2,0.2,boundary_constrained,linear,SKS02,3,4,84,20.0825,3.8525,0.000000;0.191834;0.430848;1.000000,0.000000;0.331259;0.669862;1.000000,0.08050658163324458,0.042590497753220456,0.03791608388002412,0.02994508760100667,0.0,0.004667359187403196,0.0
T1,Step 3,0.2,boundary_constrained,linear,SKS02,3,4,84,20.0825,3.8525,0.000000;0.191834;0.430848;1.000000,0.000000;0.331259;0.669862;1.000000,0.09009930103442954,0.045946239869390997,0.04415306116503854,0.03895052562140395,0.0,0.00600682708875714,0.0
T1,Step 4,0.2,boundary_constrained,linear,SKS02,3,4,84,20.0825,3.8525,0.000000;0.191834;0.430848;1.000000,0.000000;0.331259;0.669862;1.000000,0.09409417823131444,0.051049160175406484,0.043045018055907956,0.03731831161358925,0.0,0.006247697622412061,0.0
T1,Step 5,0.2,boundary_constrained,linear,SKS02,3,4,84,20.0825,3.8525,0.000000;0.191834;0.430848;1.000000,0.000000;0.331259;0.669862;1.000000,0.10166437756607577,0.05734530216051811,0.044319075405557656,0.0400178483553272,0.0,0.007047161986016489,0.0
T1,Step 6,0.2,boundary_constrained,linear,SKS02,3,4,84,20.0825,3.8525,0.000000;0.191834;0.430848;1.000000,0.000000;0.331259;0.669862;1.000000,0.10909234146567448,0.062416154866888174,0.04667618659878631,0.04228711819581904,0.0,0.008005362578095952,0.0
T1,Step 7,0.2,boundary_constrained,linear,SKS02,3,4,84,20.0825,3.8525,0.000000;0.191834;0.430848;1.000000,0.000000;0.331259;0.669862;1.000000,0.11738042352293715,0.06520320702613172,0.05217721649680543,0.04755359834884946,0.0,0.0095267056199315,0.0
T1,Step 8,0.2,boundary_constrained,linear,SKS02,3,4,84,20.0825,3.8525,0.000000;0.191834;0.430848;1.000000,0.000000;0.331259;0.669862;1.000000,0.11937798311268256,0.06874978110237052,0.05062820201031204,0.045907222365136405,0.0,0.009524570450428059,0.0
T1,Step 9,0.2,boundary_constrained,linear,SKS02,3,4,84,20.0825,3.8525,0.000000;0.191834;0.430848;1.000000,0.000000;0.331259;0.669862;1.000000,0.11639115906201217,0.06455828578747284,0.05183287327453932,0.0471756571531067,0.0,0.009379129643981597,0.0
T1,Step 10,0.2,boundary_constrained,linear,SKS02,3,4,84,20.0825,3.8525,0.000000;0.191834;0.430848;1.000000,0.000000;0.331259;0.669862;1.000000,0.12487520631032181,0.06937226425863449,0.05550294205168732,0.050337541758342,0.0,0.01078130610267562,0.0
T1,Step 11,0.2,boundary_constrained,linear,SKS02,3,4,84,20.0825,3.8525,0.000000;0.191834;0.430848;1.000000,0.000000;0.331259;0.669862;1.000000,0.12718565412255742,0.07174932835298328,0.055436325769574135,0.05059507138882005,0.0,0.011028224495478594,0.0
T1,Step 12,0.2,boundary_constrained,linear,SKS02,3,4,84,20.0825,3.8525,0.000000;0.191834;0.430848;1.000000,0.000000;0.331259;0.669862;1.000000,0.13303935673317754,0.07329512373693277,0.059744232996244775,0.05461618880168469,0.0,0.012327295276365386,0.0
T1,Step 13,0.2,boundary_constrained,linear,SKS02,3,4,84,20.0825,3.8525,0.000000;0.191834;0.430848;1.000000,0.000000;0.331259;0.669862;1.000000,0.1340468590821641,0.07661548454968391,0.05743137453248019,0.0525262600458615,0.0,0.012098627957010707,0.0
T1,Step 14,0.2,boundary_constrained,linear,SKS02,3,4,84,20.0825,3.8525,0.000000;0.191834;0.430848;1.000000,0.000000;0.331259;0.669862;1.000000,0.13418109783474721,0.07748953072318529,0.056691567111561925,0.051851301981809,0.0,0.011999939644438531,0.0
T1,Step 15,0.2,boundary_constrained,linear,SKS02,3,4,84,20.0825,3.8525,0.000000;0.191834;0.430848;1.000000,0.000000;0.331259;0.669862;1.000000,0.13152987479637196,0.07489448712832672,0.05663538766804524,0.05180053706370197,0.0,0.01169092376173419,0.0
T1,Step 1,0.2,boundary_constrained,pchip,SKS02,3,4,84,20.0825,3.8525,0.000000;0.191834;0.430848;1.000000,0.000000;0.331259;0.669862;1.000000,0.08708873343415875,0.0870180571077053,7.067632645345323e-05,-0.012719034638072196,0.0,1.2305228366100654e-05,0.0
T1,Step 2,0.2,boundary_constrained,pchip,SKS02,3,4,84,20.0825,3.8525,0.000000;0.191834;0.430848;1.000000,0.000000;0.331259;0.669862;1.000000,0.03424093211587127,0.03667092979422555,-0.0024299976783542787,-0.008724141396099096,0.0,-0.00017231565980931426,0.0
T1,Step 3,0.2,boundary_constrained,pchip,SKS02,3,4,84,20.0825,3.8525,0.000000;0.191834;0.430848;1.000000,0.000000;0.331259;0.669862;1.000000,0.04386040011814719,0.03326299728489157,0.010597402833255616,0.006626528566811854,0.0,0.0008173077101492614,0.0
T1,Step 4,0.2,boundary_constrained,pchip,SKS02,3,4,84,20.0825,3.8525,0.000000;0.191834;0.430848;1.000000,0.000000;0.331259;0.669862;1.000000,0.044655211783369154,0.03558971842571051,0.009065493357658647,0.00417142529426906,0.0,0.0007274598817961936,0.0
T1,Step 5,0.2,boundary_constrained,pchip,SKS02,3,4,84,20.0825,3.8525,0.000000;0.191834;0.430848;1.000000,0.000000;0.331259;0.669862;1.000000,0.049408832129499106,0.037606410156809225,0.01180242197268988,0.009495493310797853,0.0,0.0010269906075188596,0.0
T1,Step 6,0.2,boundary_constrained,pchip,SKS02,3,4,84,20.0825,3.8525,0.000000;0.191834;0.430848;1.000000,0.000000;0.331259;0.669862;1.000000,0.05726508469911795,0.04170787211672029,0.015557212582397659,0.013063789259713347,0.0,0.0015397433290924585,0.0
T1,Step 7,0.2,boundary_constrained,pchip,SKS02,3,4,84,20.0825,3.8525,0.000000;0.191834;0.430848;1.000000,0.000000;0.331259;0.669862;1.000000,0.0642710356279748,0.041772458110192597,0.022498577517782205,0.020001604994181098,0.0,0.002385827764124611,0.0
T1,Step 8,0.2,boundary_constrained,pchip,SKS02,3,4,84,20.0825,3.8525,0.000000;0.191834;0.430848;1.000000,0.000000;0.331259;0.669862;1.000000,0.06336998253152629,0.04611095949707356,0.017259023034452724,0.014790670201793851,0.0,0.0018895341003051884,0.0
T1,Step 9,0.2,boundary_constrained,pchip,SKS02,3,4,84,20.0825,3.8525,0.000000;0.191834;0.430848;1.000000,0.000000;0.331259;0.669862;1.000000,0.058352562443537585,0.03877767811778622,0.019574884325751364,0.017138589236470554,0.0,0.0019013132235203168,0.0
T1,Step 10,0.2,boundary_constrained,pchip,SKS02,3,4,84,20.0825,3.8525,0.000000;0.191834;0.430848;1.000000,0.000000;0.331259;0.669862;1.000000,0.06559067622297808,0.04350943349392678,0.0220812427290513,0.01909180192025397,0.0,0.002409066004425105,0.0
T1,Step 11,0.2,boundary_constrained,pchip,SKS02,3,4,84,20.0825,3.8525,0.000000;0.191834;0.430848;1.000000,0.000000;0.331259;0.669862;1.000000,0.06903555493940663,0.045555543705359046,0.02348001123404759,0.02112801526049149,0.0,0.002690600283500953,0.0
T1,Step 12,0.2,boundary_constrained,pchip,SKS02,3,4,84,20.0825,3.8525,0.000000;0.191834;0.430848;1.000000,0.000000;0.331259;0.669862;1.000000,0.07445686993069867,0.04513667752186466,0.029320192408834003,0.0266906218372351,0.0,0.003506505822164176,0.0
T1,Step 13,0.2,boundary_constrained,pchip,SKS02,3,4,84,20.0825,3.8525,0.000000;0.191834;0.430848;1.000000,0.000000;0.331259;0.669862;1.000000,0.07477314660155038,0.04805551981809614,0.02671762678345424,0.024399296193331248,0.0,0.0032816904677095138,0.0
T1,Step 14,0.2,boundary_constrained,pchip,SKS02,3,4,84,20.0825,3.8525,0.000000;0.191834;0.430848;1.000000,0.000000;0.331259;0.669862;1.000000,0.07385175239340787,0.048086377513599156,0.025765374879808713,0.0235381921131029,0.0,0.003141781629196851,0.0
T1,Step 15,0.2,boundary_constrained,pchip,SKS02,3,4,84,20.0825,3.8525,0.000000;0.191834;0.430848;1.000000,0.000000;0.331259;0.669862;1.000000,0.0724781319545857,0.046050802653965085,0.026427329300620618,0.024161205456717377,0.0,0.0031324031865519,0.0
T1,Step 1,0.2,boundary_constrained,linear,SKS02,4,5,84,20.0825,3.8525,0.000000;0.191834;0.709697;0.859081;1.000000,0.000000;0.251587;0.500560;0.749533;1.000000,0.11456092981464713,0.05696769659531121,0.057593233219335925,0.033471266548976183,0.0,0.009878888184621074,0.0
T1,Step 2,0.2,boundary_constrained,linear,SKS02,4,5,84,20.0825,3.8525,0.000000;0.191834;0.709697;0.859081;1.000000,0.000000;0.251587;0.500560;0.749533;1.000000,0.05225433102115842,0.05080282982481646,0.0014515011963419644,-0.004082469689891351,0.0,0.00014958759225953866,0.0
T1,Step 3,0.2,boundary_constrained,linear,SKS02,4,5,84,20.0825,3.8525,0.000000;0.191834;0.709697;0.859081;1.000000,0.000000;0.251587;0.500560;0.749533;1.000000,0.057198975162420444,0.03771408999722252,0.019484885165197925,0.016388397198931745,0.0,0.0018493701753125914,0.0
T1,Step 4,0.2,boundary_constrained,linear,SKS02,4,5,84,20.0825,3.8525,0.000000;0.191834;0.709697;0.859081;1.000000,0.000000;0.251587;0.500560;0.749533;1.000000,0.060255246438104974,0.042414346716284496,0.01784089972182048,0.014944131371537606,0.0,0.0018317179159475687,0.0
T1,Step 5,0.2,boundary_constrained,linear,SKS02,4,5,84,20.0825,3.8525,0.000000;0.191834;0.709697;0.859081;1.000000,0.000000;0.251587;0.500560;0.749533;1.000000,0.06308343632006434,0.05031832688570228,0.012765109434362064,0.01105885710548838,0.0,0.0014475859173712243,0.0
T1,Step 6,0.2,boundary_constrained,linear,SKS02,4,5,84,20.0825,3.8525,0.000000;0.191834;0.709697;0.859081;1.000000,0.000000;0.251587;0.500560;0.749533;1.000000,0.05172156066763416,0.04815583877966748,0.00356572188796668,0.0030273757622936506,0.0,0.0003561350293224345,0.0
T1,Step 7,0.2,boundary_constrained,linear,SKS02,4,5,84,20.0825,3.8525,0.000000;0.191834;0.709697;0.859081;1.000000,0.000000;0.251587;0.500560;0.749533;1.000000,0.04899334688795462,0.05310569835614859,-0.00411235146819397,-0.0040711482690828985,0.0,-0.0004198671586107902,0.0
T1,Step 8,0.2,boundary_constrained,linear,SKS02,4,5,84,20.0825,3.8525,0.000000;0.191834;0.709697;0.859081;1.000000,0.000000;0.251587;0.500560;0.749533;1.000000,0.04522774050381988,0.050516182616196115,-0.005288442112376238,-0.004877921400441701,0.0,-0.0005063361950320059,0.0
T1,Step 9,0.2,boundary_constrained,linear,SKS02,4,5,84,20.0825,3.8525,0.000000;0.191834;0.709697;0.859081;1.000000,0.000000;0.251587;0.500560;0.749533;1.000000,0.03863930124061324,0.048320226359311,-0.00968092511869776,-0.009118752681517635,0.0,-0.0008418486750521982,0.0
T1,Step 10,0.2,boundary_constrained,linear,SKS02,4,5,84,20.0825,3.8525,0.000000;0.191834;0.709697;0.859081;1.000000,0.000000;0.251587;0.500560;0.749533;1.000000,0.044617916306427294,0.052172063428191646,-0.007554147121764353,-0.007093484883402008,0.0,-0.0007311657468279014,0.0
T1,Step 11,0.2,boundary_constrained,linear,SKS02,4,5,84,20.0825,3.8525,0.000000;0.191834;0.709697;0.859081;1.000000,0.000000;0.251587;0.500560;0.749533;1.000000,0.04273942482790963,0.0537367812639626,-0.010997356436052971,-0.010080551592799532,0.0,-0.001060983225990424,0.0
T1,Step 12,0.2,boundary_constrained,linear,SKS02,4,5,84,20.0825,3.8525,0.000000;0.191834;0.709697;0.859081;1.000000,0.000000;0.251587;0.500560;0.749533;1.000000,0.03734910363145657,0.05357008942910116,-0.01622098579764459,-0.014845120421345503,0.0,-0.001474798939368613,0.0
T1,Step 13,0.2,boundary_constrained,linear,SKS02,4,5,84,20.0825,3.8525,0.000000;0.191834;0.709697;0.859081;1.000000,0.000000;0.251587;0.500560;0.749533;1.000000,0.03631839254086817,0.055714490354368866,-0.0193960978135007,-0.017740024704398144,0.0,-0.0017850787986944724,0.0
T1,Step 14,0.2,boundary_constrained,linear,SKS02,4,5,84,20.0825,3.8525,0.000000;0.191834;0.709697;0.859081;1.000000,0.000000;0.251587;0.500560;0.749533;1.000000,0.037166875629721846,0.05532106837746698,-0.018154192747745136,-0.016604671945524827,0.0,-0.0016790439623491657,0.0
T1,Step 15,0.2,boundary_constrained,linear,SKS02,4,5,84,20.0825,3.8525,0.000000;0.191834;0.709697;0.859081;1.000000,0.000000;0.251587;0.500560;0.749533;1.000000,0.034922130976969376,0.051709368105864455,-0.01678723712889508,-0.015354244343310196,0.0,-0.0014543035179351886,0.0
T1,Step 1,0.2,boundary_constrained,pchip,SKS02,4,5,84,20.0825,3.8525,0.000000;0.191834;0.709697;0.859081;1.000000,0.000000;0.251587;0.500560;0.749533;1.000000,0.1225565183542286,0.05662030476161664,0.06593621359261195,0.040425927049655266,0.0,0.011814241279812022,0.0
T1,Step 2,0.2,boundary_constrained,pchip,SKS02,4,5,84,20.0825,3.8525,0.000000;0.191834;0.709697;0.859081;1.000000,0.000000;0.251587;0.500560;0.749533;1.000000,0.04702585811351238,0.046924384503271195,0.00010147361024118173,-0.006294516387995892,0.0,9.533470301360086e-06,0.0
T1,Step 3,0.2,boundary_constrained,pchip,SKS02,4,5,84,20.0825,3.8525,0.000000;0.191834;0.709697;0.859081;1.000000,0.000000;0.251587;0.500560;0.749533;1.000000,0.04894342858621169,0.030309181563637475,0.018634247022574213,0.015088524408861867,0.0,0.0014768127147160616,0.0
T1,Step 4,0.2,boundary_constrained,pchip,SKS02,4,5,84,20.0825,3.8525,0.000000;0.191834;0.709697;0.859081;1.000000,0.000000;0.251587;0.500560;0.749533;1.000000,0.05612674237419178,0.03205072575141085,0.02407601662278093,0.020172249171852816,0.0,0.002122962188346745,0.0
T1,Step 5,0.2,boundary_constrained,pchip,SKS02,4,5,84,20.0825,3.8525,0.000000;0.191834;0.709697;0.859081;1.000000,0.000000;0.251587;0.500560;0.749533;1.000000,0.06000397483477172,0.03764227302342459,0.022361701811347126,0.019507630946352265,0.0,0.0021835362776018797,0.0
T1,Step 6,0.2,boundary_constrained,pchip,SKS02,4,5,84,20.0825,3.8525,0.000000;0.191834;0.709697;0.859081;1.000000,0.000000;0.251587;0.500560;0.749533;1.000000,0.044462454477493266,0.032115519975134114,0.012346934502359151,0.010840973903261233,0.0,0.0009455032348899223,0.0
T1,Step 7,0.2,boundary_constrained,pchip,SKS02,4,5,84,20.0825,3.8525,0.000000;0.191834;0.709697;0.859081;1.000000,0.000000;0.251587;0.500560;0.749533;1.000000,0.04312788397338879,0.03715965223207087,0.005968231741317921,0.004891874595622882,0.0,0.00047917462201363593,0.0
T1,Step 8,0.2,boundary_constrained,pchip,SKS02,4,5,84,20.0825,3.8525,0.000000;0.191834;0.709697;0.859081;1.000000,0.000000;0.251587;0.500560;0.749533;1.000000,0.03672438149290483,0.0325077242949257,0.004216657197979132,0.0037779180101411187,0.0,0.0002919280572015084,0.0
T1,Step 9,0.2,boundary_constrained,pchip,SKS02,4,5,84,20.0825,3.8525,0.000000;0.191834;0.709697;0.859081;1.000000,0.000000;0.251587;0.500560;0.749533;1.000000,0.030413950174870693,0.031167878582032862,-0.0007539284071621695,-0.0011798896869359768,0.0,-4.6428290064825806e-05,0.0
T1,Step 10,0.2,boundary_constrained,pchip,SKS02,4,5,84,20.0825,3.8525,0.000000;0.191834;0.709697;0.859081;1.000000,0.000000;0.251587;0.500560;0.749533;1.000000,0.03800649446786836,0.03290850647867807,0.0050979879891902835,0.004336179748319069,0.0,0.00036152382307891144,0.0
T1,Step 11,0.2,boundary_constrained,pchip,SKS02,4,5,84,20.0825,3.8525,0.000000;0.191834;0.709697;0.859081;1.000000,0.000000;0.251587;0.500560;0.749533;1.000000,0.03371264758375471,0.034150581054807116,-0.0004379334710524069,-0.000463258878083711,0.0,-2.9719579274508462e-05,0.0
T1,Step 12,0.2,boundary_constrained,pchip,SKS02,4,5,84,20.0825,3.8525,0.000000;0.191834;0.709697;0.859081;1.000000,0.000000;0.251587;0.500560;0.749533;1.000000,0.02573920728388694,0.032791370538353674,-0.007052163254466736,-0.006487335270136188,0.0,-0.0004127671901807108,0.0
T1,Step 13,0.2,boundary_constrained,pchip,SKS02,4,5,84,20.0825,3.8525,0.000000;0.191834;0.709697;0.859081;1.000000,0.000000;0.251587;0.500560;0.749533;1.000000,0.025491678079651078,0.033843305690650395,-0.008351627610999317,-0.007644634808258912,0.0,-0.0004955436887542465,0.0
T1,Step 14,0.2,boundary_constrained,pchip,SKS02,4,5,84,20.0825,3.8525,0.000000;0.191834;0.709697;0.859081;1.000000,0.000000;0.251587;0.500560;0.749533;1.000000,0.02684783576017283,0.03339037594998903,-0.0065425401898162,-0.005993841689851256,0.0,-0.00039411092107639076,0.0
T1,Step 15,0.2,boundary_constrained,pchip,SKS02,4,5,84,20.0825,3.8525,0.000000;0.191834;0.709697;0.859081;1.000000,0.000000;0.251587;0.500560;0.749533;1.000000,0.025318124834684052,0.029709703036914843,-0.004391578202230791,-0.004017722740095486,0.0,-0.00024165900939702173,0.0
T1,Step 1,0.2,boundary_constrained,linear,SKS03,2,3,84,20.0825,3.8525,0.000000;0.191834;1.000000,0.000000;0.500560;1.000000,0.16471406414495884,0.07129992048948475,0.0934141436554741,0.07160971503532321,0.0,0.02204704426534277,0.0
T1,Step 2,0.2,boundary_constrained,linear,SKS03,2,3,84,20.0825,3.8525,0.000000;0.191834;1.000000,0.000000;0.500560;1.000000,0.14848287344692954,0.06462951649959259,0.08385335694733695,0.07448992697662446,0.0,0.017870189304085782,0.0
T1,Step 3,0.2,boundary_constrained,linear,SKS03,2,3,84,20.0825,3.8525,0.000000;0.191834;1.000000,0.000000;0.500560;1.000000,0.15200319881807237,0.06757203728404676,0.0844311615340256,0.07677733337776657,0.0,0.01853899222820983,0.0
T1,Step 4,0.2,boundary_constrained,linear,SKS03,2,3,84,20.0825,3.8525,0.000000;0.191834;1.000000,0.000000;0.500560;1.000000,0.16149733374859948,0.0751699412856796,0.08632739246291989,0.0782723185526291,0.0,0.020430868735014013,0.0
T1,Step 5,0.2,boundary_constrained,linear,SKS03,2,3,84,20.0825,3.8525,0.000000;0.191834;1.000000,0.000000;0.500560;1.000000,0.17140401374522354,0.08782666723369509,0.08357734651152846,0.07629877139895308,0.0,0.02166581245059457,0.0
T1,Step 6,0.2,boundary_constrained,linear,SKS03,2,3,84,20.0825,3.8525,0.000000;0.191834;1.000000,0.000000;0.500560;1.000000,0.1746071959134439,0.09665424285847095,0.07795295305497295,0.07128666189495315,0.0,0.02114563020221149,0.0
T1,Step 7,0.2,boundary_constrained,linear,SKS03,2,3,84,20.0825,3.8525,0.000000;0.191834;1.000000,0.000000;0.500560;1.000000,0.18276912245279728,0.10110269137397947,0.08166643107881781,0.07468433994733392,0.0,0.02318279791910346,0.0
T1,Step 8,0.2,boundary_constrained,linear,SKS03,2,3,84,20.0825,3.8525,0.000000;0.191834;1.000000,0.000000;0.500560;1.000000,0.18819603387787076,0.1058818143740576,0.08231421950381317,0.07528223856316961,0.0,0.02420678855221829,0.0
T1,Step 9,0.2,boundary_constrained,linear,SKS03,2,3,84,20.0825,3.8525,0.000000;0.191834;1.000000,0.000000;0.500560;1.000000,0.18716745597191678,0.10109813965723824,0.08606931631467854,0.0786878848218467,0.0,0.02481082273284496,0.0
T1,Step 10,0.2,boundary_constrained,linear,SKS03,2,3,84,20.0825,3.8525,0.000000;0.191834;1.000000,0.000000;0.500560;1.000000,0.1965160388285594,0.11035923407361654,0.08615680475494285,0.07875512782016957,0.0,0.026439392971552584,0.0
T1,Step 11,0.2,boundary_constrained,linear,SKS03,2,3,84,20.0825,3.8525,0.000000;0.191834;1.000000,0.000000;0.500560;1.000000,0.19640989342791398,0.11223130166053162,0.08417859176738236,0.07698554106665072,0.0,0.025980981163947283,0.0
T1,Step 12,0.2,boundary_constrained,linear,SKS03,2,3,84,20.0825,3.8525,0.000000;0.191834;1.000000,0.000000;0.500560;1.000000,0.2011223636537106,0.11591288820713866,0.08520947544657195,0.0779066218832172,0.0,0.02701440750913479,0.0
T1,Step 13,0.2,boundary_constrained,linear,SKS03,2,3,84,20.0825,3.8525,0.000000;0.191834;1.000000,0.000000;0.500560;1.000000,0.203064279174005,0.12041957763104467,0.08264470154296032,0.07550113098027082,0.0,0.02673422679961904,0.0
T1,Step 14,0.2,boundary_constrained,linear,SKS03,2,3,84,20.0825,3.8525,0.000000;0.191834;1.000000,0.000000;0.500560;1.000000,0.20435701439172158,0.12020080562812359,0.08415620876359799,0.07691427250341232,0.0,0.027313555657448356,0.0
T1,Step 15,0.2,boundary_constrained,linear,SKS03,2,3,84,20.0825,3.8525,0.000000;0.191834;1.000000,0.000000;0.500560;1.000000,0.1997785347870044,0.1178542333001281,0.08192430148687631,0.07483892825949251,0.0,0.026021842654881316,0.0
T1,Step 1,0.2,boundary_constrained,pchip,SKS03,2,3,84,20.0825,3.8525,0.000000;0.191834;1.000000,0.000000;0.500560;1.000000,0.21720401555875518,0.06479445993207568,0.15240955562667952,0.11885641378409416,0.0,0.042979262336958604,0.0
T1,Step 2,0.2,boundary_constrained,pchip,SKS03,2,3,84,20.0825,3.8525,0.000000;0.191834;1.000000,0.000000;0.500560;1.000000,0.13582148167546032,0.0458598517189819,0.08996162995647841,0.0746369767034826,0.0,0.016344348884830398,0.0
T1,Step 3,0.2,boundary_constrained,pchip,SKS03,2,3,84,20.0825,3.8525,0.000000;0.191834;1.000000,0.000000;0.500560;1.000000,0.10860300153716287,0.041274995396902464,0.06732800614026041,0.05835226859855294,0.0,0.010090986697866684,0.0
T1,Step 4,0.2,boundary_constrained,pchip,SKS03,2,3,84,20.0825,3.8525,0.000000;0.191834;1.000000,0.000000;0.500560;1.000000,0.12569186707329386,0.04595777976071489,0.07973408731257897,0.06917910364029939,0.0,0.0136863279278362,0.0
T1,Step 5,0.2,boundary_constrained,pchip,SKS03,2,3,84,20.0825,3.8525,0.000000;0.191834;1.000000,0.000000;0.500560;1.000000,0.12046554980158065,0.054304157319390936,0.06616139248218972,0.05893600984495481,0.0,0.01156300718682795,0.0
T1,Step 6,0.2,boundary_constrained,pchip,SKS03,2,3,84,20.0825,3.8525,0.000000;0.191834;1.000000,0.000000;0.500560;1.000000,0.11650739393157666,0.061176666268522036,0.05533072766305463,0.049828603728161724,0.0,0.009831388344997466,0.0
T1,Step 7,0.2,boundary_constrained,pchip,SKS03,2,3,84,20.0825,3.8525,0.000000;0.191834;1.000000,0.000000;0.500560;1.000000,0.11923347474926722,0.06333511647218405,0.05589835827708317,0.050541322007729136,0.0,0.010205284522239027,0.0
T1,Step 8,0.2,boundary_constrained,pchip,SKS03,2,3,84,20.0825,3.8525,0.000000;0.191834;1.000000,0.000000;0.500560;1.000000,0.12336161033623219,0.06696508626146916,0.05639652407476303,0.05107767192606454,0.0,0.010733764126742382,0.0
T1,Step 9,0.2,boundary_constrained,pchip,SKS03,2,3,84,20.0825,3.8525,0.000000;0.191834;1.000000,0.000000;0.500560;1.000000,0.12401284419935693,0.06106966295817558,0.06294318124118135,0.05690895240807884,0.0,0.011649681792588813,0.0
T1,Step 10,0.2,boundary_constrained,pchip,SKS03,2,3,84,20.0825,3.8525,0.000000;0.191834;1.000000,0.000000;0.500560;1.000000,0.1351493113053104,0.06971026436194382,0.0654390469433666,0.059194124472527185,0.0,0.013405815388887613,0.0
T1,Step 11,0.2,boundary_constrained,pchip,SKS03,2,3,84,20.0825,3.8525,0.000000;0.191834;1.000000,0.000000;0.500560;1.000000,0.12115973093632953,0.06966131718576542,0.05149841375056412,0.04695850387906933,0.0,0.009826981288507949,0.0
T1,Step 12,0.2,boundary_constrained,pchip,SKS03,2,3,84,20.0825,3.8525,0.000000;0.191834;1.000000,0.000000;0.500560;1.000000,0.1198269356050789,0.0712300036058021,0.048596931999276796,0.04441195759034523,0.0,0.009284781082821145,0.0
T1,Step 13,0.2,boundary_constrained,pchip,SKS03,2,3,84,20.0825,3.8525,0.000000;0.191834;1.000000,0.000000;0.500560;1.000000,0.11778559662711466,0.07555439306601448,0.042231203561100175,0.038624743643052004,0.0,0.008164980461231547,0.0
T1,Step 14,0.2,boundary_constrained,pchip,SKS03,2,3,84,20.0825,3.8525,0.000000;0.191834;1.000000,0.000000;0.500560;1.000000,0.11984459668745434,0.07497603252115886,0.04486856416629548,0.04103406087919449,0.0,0.00874132190256472,0.0
T1,Step 15,0.2,boundary_constrained,pchip,SKS03,2,3,84,20.0825,3.8525,0.000000;0.191834;1.000000,0.000000;0.500560;1.000000,0.11429338230946437,0.07299466076947987,0.0412987215399845,0.03777199540130238,0.0,0.007734756738885938,0.0
T1,Step 1,0.2,boundary_constrained,linear,SKS03,3,4,84,20.0825,3.8525,0.000000;0.191834;0.430848;1.000000,0.000000;0.331259;0.669862;1.000000,0.11539676073991512,0.07560731447332819,0.039789446266586925,0.02115351197380924,0.0,0.007599946387396472,0.0
T1,Step 2,0.2,boundary_constrained,linear,SKS03,3,4,84,20.0825,3.8525,0.000000;0.191834;0.430848;1.000000,0.000000;0.331259;0.669862;1.000000,0.08050658163324458,0.042590497753220456,0.03791608388002412,0.02994508760100667,0.0,0.004667359187403196,0.0
T1,Step 3,0.2,boundary_constrained,linear,SKS03,3,4,84,20.0825,3.8525,0.000000;0.191834;0.430848;1.000000,0.000000;0.331259;0.669862;1.000000,0.09009930103442954,0.045946239869390997,0.04415306116503854,0.03895052562140395,0.0,0.00600682708875714,0.0
T1,Step 4,0.2,boundary_constrained,linear,SKS03,3,4,84,20.0825,3.8525,0.000000;0.191834;0.430848;1.000000,0.000000;0.331259;0.669862;1.000000,0.09409417823131444,0.051049160175406484,0.043045018055907956,0.03731831161358925,0.0,0.006247697622412061,0.0
T1,Step 5,0.2,boundary_constrained,linear,SKS03,3,4,84,20.0825,3.8525,0.000000;0.191834;0.430848;1.000000,0.000000;0.331259;0.669862;1.000000,0.10166437756607577,0.05734530216051811,0.044319075405557656,0.0400178483553272,0.0,0.007047161986016489,0.0
T1,Step 6,0.2,boundary_constrained,linear,SKS03,3,4,84,20.0825,3.8525,0.000000;0.191834;0.430848;1.000000,0.000000;0.331259;0.669862;1.000000,0.10909234146567448,0.062416154866888174,0.04667618659878631,0.04228711819581904,0.0,0.008005362578095952,0.0
T1,Step 7,0.2,boundary_constrained,linear,SKS03,3,4,84,20.0825,3.8525,0.000000;0.191834;0.430848;1.000000,0.000000;0.331259;0.669862;1.000000,0.11738042352293715,0.06520320702613172,0.05217721649680543,0.04755359834884946,0.0,0.0095267056199315,0.0
T1,Step 8,0.2,boundary_constrained,linear,SKS03,3,4,84,20.0825,3.8525,0.000000;0.191834;0.430848;1.000000,0.000000;0.331259;0.669862;1.000000,0.11937798311268256,0.06874978110237052,0.05062820201031204,0.045907222365136405,0.0,0.009524570450428059,0.0
T1,Step 9,0.2,boundary_constrained,linear,SKS03,3,4,84,20.0825,3.8525,0.000000;0.191834;0.430848;1.000000,0.000000;0.331259;0.669862;1.000000,0.11639115906201217,0.06455828578747284,0.05183287327453932,0.0471756571531067,0.0,0.009379129643981597,0.0
T1,Step 10,0.2,boundary_constrained,linear,SKS03,3,4,84,20.0825,3.8525,0.000000;0.191834;0.430848;1.000000,0.000000;0.331259;0.669862;1.000000,0.12487520631032181,0.06937226425863449,0.05550294205168732,0.050337541758342,0.0,0.01078130610267562,0.0
T1,Step 11,0.2,boundary_constrained,linear,SKS03,3,4,84,20.0825,3.8525,0.000000;0.191834;0.430848;1.000000,0.000000;0.331259;0.669862;1.000000,0.12718565412255742,0.07174932835298328,0.055436325769574135,0.05059507138882005,0.0,0.011028224495478594,0.0
T1,Step 12,0.2,boundary_constrained,linear,SKS03,3,4,84,20.0825,3.8525,0.000000;0.191834;0.430848;1.000000,0.000000;0.331259;0.669862;1.000000,0.13303935673317754,0.07329512373693277,0.059744232996244775,0.05461618880168469,0.0,0.012327295276365386,0.0
T1,Step 13,0.2,boundary_constrained,linear,SKS03,3,4,84,20.0825,3.8525,0.000000;0.191834;0.430848;1.000000,0.000000;0.331259;0.669862;1.000000,0.1340468590821641,0.07661548454968391,0.05743137453248019,0.0525262600458615,0.0,0.012098627957010707,0.0
T1,Step 14,0.2,boundary_constrained,linear,SKS03,3,4,84,20.0825,3.8525,0.000000;0.191834;0.430848;1.000000,0.000000;0.331259;0.669862;1.000000,0.13418109783474721,0.07748953072318529,0.056691567111561925,0.051851301981809,0.0,0.011999939644438531,0.0
T1,Step 15,0.2,boundary_constrained,linear,SKS03,3,4,84,20.0825,3.8525,0.000000;0.191834;0.430848;1.000000,0.000000;0.331259;0.669862;1.000000,0.13152987479637196,0.07489448712832672,0.05663538766804524,0.05180053706370197,0.0,0.01169092376173419,0.0
T1,Step 1,0.2,boundary_constrained,pchip,SKS03,3,4,84,20.0825,3.8525,0.000000;0.191834;0.430848;1.000000,0.000000;0.331259;0.669862;1.000000,0.08708873343415875,0.0870180571077053,7.067632645345323e-05,-0.012719034638072196,0.0,1.2305228366100654e-05,0.0
T1,Step 2,0.2,boundary_constrained,pchip,SKS03,3,4,84,20.0825,3.8525,0.000000;0.191834;0.430848;1.000000,0.000000;0.331259;0.669862;1.000000,0.03424093211587127,0.03667092979422555,-0.0024299976783542787,-0.008724141396099096,0.0,-0.00017231565980931426,0.0
T1,Step 3,0.2,boundary_constrained,pchip,SKS03,3,4,84,20.0825,3.8525,0.000000;0.191834;0.430848;1.000000,0.000000;0.331259;0.669862;1.000000,0.04386040011814719,0.03326299728489157,0.010597402833255616,0.006626528566811854,0.0,0.0008173077101492614,0.0
T1,Step 4,0.2,boundary_constrained,pchip,SKS03,3,4,84,20.0825,3.8525,0.000000;0.191834;0.430848;1.000000,0.000000;0.331259;0.669862;1.000000,0.044655211783369154,0.03558971842571051,0.009065493357658647,0.00417142529426906,0.0,0.0007274598817961936,0.0
T1,Step 5,0.2,boundary_constrained,pchip,SKS03,3,4,84,20.0825,3.8525,0.000000;0.191834;0.430848;1.000000,0.000000;0.331259;0.669862;1.000000,0.049408832129499106,0.037606410156809225,0.01180242197268988,0.009495493310797853,0.0,0.0010269906075188596,0.0
T1,Step 6,0.2,boundary_constrained,pchip,SKS03,3,4,84,20.0825,3.8525,0.000000;0.191834;0.430848;1.000000,0.000000;0.331259;0.669862;1.000000,0.05726508469911795,0.04170787211672029,0.015557212582397659,0.013063789259713347,0.0,0.0015397433290924585,0.0
T1,Step 7,0.2,boundary_constrained,pchip,SKS03,3,4,84,20.0825,3.8525,0.000000;0.191834;0.430848;1.000000,0.000000;0.331259;0.669862;1.000000,0.0642710356279748,0.041772458110192597,0.022498577517782205,0.020001604994181098,0.0,0.002385827764124611,0.0
T1,Step 8,0.2,boundary_constrained,pchip,SKS03,3,4,84,20.0825,3.8525,0.000000;0.191834;0.430848;1.000000,0.000000;0.331259;0.669862;1.000000,0.06336998253152629,0.04611095949707356,0.017259023034452724,0.014790670201793851,0.0,0.0018895341003051884,0.0
T1,Step 9,0.2,boundary_constrained,pchip,SKS03,3,4,84,20.0825,3.8525,0.000000;0.191834;0.430848;1.000000,0.000000;0.331259;0.669862;1.000000,0.058352562443537585,0.03877767811778622,0.019574884325751364,0.017138589236470554,0.0,0.0019013132235203168,0.0
T1,Step 10,0.2,boundary_constrained,pchip,SKS03,3,4,84,20.0825,3.8525,0.000000;0.191834;0.430848;1.000000,0.000000;0.331259;0.669862;1.000000,0.06559067622297808,0.04350943349392678,0.0220812427290513,0.01909180192025397,0.0,0.002409066004425105,0.0
T1,Step 11,0.2,boundary_constrained,pchip,SKS03,3,4,84,20.0825,3.8525,0.000000;0.191834;0.430848;1.000000,0.000000;0.331259;0.669862;1.000000,0.06903555493940663,0.045555543705359046,0.02348001123404759,0.02112801526049149,0.0,0.002690600283500953,0.0
T1,Step 12,0.2,boundary_constrained,pchip,SKS03,3,4,84,20.0825,3.8525,0.000000;0.191834;0.430848;1.000000,0.000000;0.331259;0.669862;1.000000,0.07445686993069867,0.04513667752186466,0.029320192408834003,0.0266906218372351,0.0,0.003506505822164176,0.0
T1,Step 13,0.2,boundary_constrained,pchip,SKS03,3,4,84,20.0825,3.8525,0.000000;0.191834;0.430848;1.000000,0.000000;0.331259;0.669862;1.000000,0.07477314660155038,0.04805551981809614,0.02671762678345424,0.024399296193331248,0.0,0.0032816904677095138,0.0
T1,Step 14,0.2,boundary_constrained,pchip,SKS03,3,4,84,20.0825,3.8525,0.000000;0.191834;0.430848;1.000000,0.000000;0.331259;0.669862;1.000000,0.07385175239340787,0.048086377513599156,0.025765374879808713,0.0235381921131029,0.0,0.003141781629196851,0.0
T1,Step 15,0.2,boundary_constrained,pchip,SKS03,3,4,84,20.0825,3.8525,0.000000;0.191834;0.430848;1.000000,0.000000;0.331259;0.669862;1.000000,0.0724781319545857,0.046050802653965085,0.026427329300620618,0.024161205456717377,0.0,0.0031324031865519,0.0
T1,Step 1,0.2,boundary_constrained,linear,SKS03,4,5,84,20.0825,3.8525,0.000000;0.191834;0.570273;0.859081;1.000000,0.000000;0.251587;0.500560;0.749533;1.000000,0.0677324865670729,0.05696769659531121,0.010764789971761689,-0.009360364443371419,0.0,0.0013423712811832787,0.0
T1,Step 2,0.2,boundary_constrained,linear,SKS03,4,5,84,20.0825,3.8525,0.000000;0.191834;0.570273;0.859081;1.000000,0.000000;0.251587;0.500560;0.749533;1.000000,0.03053077314992971,0.05080282982481646,-0.020272056674886747,-0.02395171977845113,0.0,-0.0016487994090767916,0.0
T1,Step 3,0.2,boundary_constrained,linear,SKS03,4,5,84,20.0825,3.8525,0.000000;0.191834;0.570273;0.859081;1.000000,0.000000;0.251587;0.500560;0.749533;1.000000,0.027897312612356583,0.03771408999722252,-0.009816777384865936,-0.010412794151631728,0.0,-0.0006440925333270502,0.0
T1,Step 4,0.2,boundary_constrained,linear,SKS03,4,5,84,20.0825,3.8525,0.000000;0.191834;0.570273;0.859081;1.000000,0.000000;0.251587;0.500560;0.749533;1.000000,0.027512900054996247,0.042414346716284496,-0.014901446661288249,-0.015003377933460009,0.0,-0.001042017137932981,0.0
T1,Step 5,0.2,boundary_constrained,linear,SKS03,4,5,84,20.0825,3.8525,0.000000;0.191834;0.570273;0.859081;1.000000,0.000000;0.251587;0.500560;0.749533;1.000000,0.02629146464813407,0.05031832688570228,-0.024026862237568208,-0.022592833708340494,0.0,-0.0018406929072323054,0.0
T1,Step 6,0.2,boundary_constrained,linear,SKS03,4,5,84,20.0825,3.8525,0.000000;0.191834;0.570273;0.859081;1.000000,0.000000;0.251587;0.500560;0.749533;1.000000,0.02428996325961186,0.04815583877966748,-0.023865875520055622,-0.02206284770041972,0.0,-0.0017289824934200327,0.0
T1,Step 7,0.2,boundary_constrained,linear,SKS03,4,5,84,20.0825,3.8525,0.000000;0.191834;0.570273;0.859081;1.000000,0.000000;0.251587;0.500560;0.749533;1.000000,0.02342203122764315,0.05310569835614859,-0.02968366712850544,-0.027460011756965746,0.0,-0.002271623651065552,0.0
T1,Step 8,0.2,boundary_constrained,linear,SKS03,4,5,84,20.0825,3.8525,0.000000;0.191834;0.570273;0.859081;1.000000,0.000000;0.251587;0.500560;0.749533;1.000000,0.02483943407597119,0.050516182616196115,-0.025676748540224923,-0.02352589044865749,0.0,-0.001934887220898356,0.0
T1,Step 9,0.2,boundary_constrained,linear,SKS03,4,5,84,20.0825,3.8525,0.000000;0.191834;0.570273;0.859081;1.000000,0.000000;0.251587;0.500560;0.749533;1.000000,0.020528409921401897,0.048320226359311,-0.027791816437909102,-0.02568385630767191,0.0,-0.001913428661513942,0.0
T1,Step 10,0.2,boundary_constrained,linear,SKS03,4,5,84,20.0825,3.8525,0.000000;0.191834;0.570273;0.859081;1.000000,0.000000;0.251587;0.500560;0.749533;1.000000,0.024138402541991944,0.052172063428191646,-0.028033660886199702,-0.025825105907828803,0.0,-0.0021392617250760087,0.0
T1,Step 11,0.2,boundary_constrained,linear,SKS03,4,5,84,20.0825,3.8525,0.000000;0.191834;0.570273;0.859081;1.000000,0.000000;0.251587;0.500560;0.749533;1.000000,0.021345843486291885,0.0537367812639626,-0.032390937777670714,-0.02964814483915255,0.0,-0.002431996626469692,0.0
T1,Step 12,0.2,boundary_constrained,linear,SKS03,4,5,84,20.0825,3.8525,0.000000;0.191834;0.570273;0.859081;1.000000,0.000000;0.251587;0.500560;0.749533;1.000000,0.021269815763733945,0.05357008942910116,-0.03230027366536721,-0.02955206989234262,0.0,-0.0024173494188187102,0.0
T1,Step 13,0.2,boundary_constrained,linear,SKS03,4,5,84,20.0825,3.8525,0.000000;0.191834;0.570273;0.859081;1.000000,0.000000;0.251587;0.500560;0.749533;1.000000,0.021654566757770662,0.055714490354368866,-0.03405992359659821,-0.031152192027131743,0.0,-0.002635184173980315,0.0
T1,Step 14,0.2,boundary_constrained,linear,SKS03,4,5,84,20.0825,3.8525,0.000000;0.191834;0.570273;0.859081;1.000000,0.000000;0.251587;0.500560;0.749533;1.000000,0.022317455573053993,0.05532106837746698,-0.03300361280441299,-0.03018648853369954,0.0,-0.0025623517831691385,0.0
T1,Step 15,0.2,boundary_constrained,linear,SKS03,4,5,84,20.0825,3.8525,0.000000;0.191834;0.570273;0.859081;1.000000,0.000000;0.251587;0.500560;0.749533;1.000000,0.020903437810694675,0.051709368105864455,-0.03080593029516978,-0.028176346377713563,0.0,-0.0022369050376022125,0.0
T1,Step 1,0.2,boundary_constrained,pchip,SKS03,4,5,84,20.0825,3.8525,0.000000;0.191834;0.570273;0.859081;1.000000,0.000000;0.251587;0.500560;0.749533;1.000000,0.06597855679410544,0.05662030476161664,0.0093582520324888,-0.01132311513185278,0.0,0.0011473110453346488,0.0
T1,Step 2,0.2,boundary_constrained,pchip,SKS03,4,5,84,20.0825,3.8525,0.000000;0.191834;0.570273;0.859081;1.000000,0.000000;0.251587;0.500560;0.749533;1.000000,0.034798907743771104,0.046924384503271195,-0.012125476759500091,-0.01747779116862567,0.0,-0.0009909338808513457,0.0
T1,Step 3,0.2,boundary_constrained,pchip,SKS03,4,5,84,20.0825,3.8525,0.000000;0.191834;0.570273;0.859081;1.000000,0.000000;0.251587;0.500560;0.749533;1.000000,0.026779984544568897,0.030309181563637475,-0.003529197019068578,-0.005183719863579673,0.0,-0.00020147891485019294,0.0
T1,Step 4,0.2,boundary_constrained,pchip,SKS03,4,5,84,20.0825,3.8525,0.000000;0.191834;0.570273;0.859081;1.000000,0.000000;0.251587;0.500560;0.749533;1.000000,0.029191811252200828,0.03205072575141085,-0.0028589144992100246,-0.004463518934900157,0.0,-0.00017508717700803194,0.0
T1,Step 5,0.2,boundary_constrained,pchip,SKS03,4,5,84,20.0825,3.8525,0.000000;0.191834;0.570273;0.859081;1.000000,0.000000;0.251587;0.500560;0.749533;1.000000,0.029941191943815518,0.03764227302342459,-0.007701081079609075,-0.007989121664312815,0.0,-0.0005204657433536353,0.0
T1,Step 6,0.2,boundary_constrained,pchip,SKS03,4,5,84,20.0825,3.8525,0.000000;0.191834;0.570273;0.859081;1.000000,0.000000;0.251587;0.500560;0.749533;1.000000,0.025929262614759314,0.032115519975134114,-0.0061862573603748,-0.006110336107109059,0.0,-0.0003590799635280834,0.0
T1,Step 7,0.2,boundary_constrained,pchip,SKS03,4,5,84,20.0825,3.8525,0.000000;0.191834;0.570273;0.859081;1.000000,0.000000;0.251587;0.500560;0.749533;1.000000,0.025670257236742915,0.03715965223207087,-0.011489394995327955,-0.011075746809249293,0.0,-0.0007218776474078976,0.0
T1,Step 8,0.2,boundary_constrained,pchip,SKS03,4,5,84,20.0825,3.8525,0.000000;0.191834;0.570273;0.859081;1.000000,0.000000;0.251587;0.500560;0.749533;1.000000,0.021427603709441908,0.0325077242949257,-0.011080120585483789,-0.010213112869117639,0.0,-0.0005976099381060137,0.0
T1,Step 9,0.2,boundary_constrained,pchip,SKS03,4,5,84,20.0825,3.8525,0.000000;0.191834;0.570273;0.859081;1.000000,0.000000;0.251587;0.500560;0.749533;1.000000,0.020882092647123318,0.031167878582032862,-0.010285785934909544,-0.009898198108134332,0.0,-0.000535374861981301,0.0
T1,Step 10,0.2,boundary_constrained,pchip,SKS03,4,5,84,20.0825,3.8525,0.000000;0.191834;0.570273;0.859081;1.000000,0.000000;0.251587;0.500560;0.749533;1.000000,0.022988725458566974,0.03290850647867807,-0.0099197810201111,-0.009399836015469922,0.0,-0.0005544883004478316,0.0
T1,Step 11,0.2,boundary_constrained,pchip,SKS03,4,5,84,20.0825,3.8525,0.000000;0.191834;0.570273;0.859081;1.000000,0.000000;0.251587;0.500560;0.749533;1.000000,0.021506371518149107,0.034150581054807116,-0.01264420953665801,-0.01162769517388244,0.0,-0.0007037381705042958,0.0
T1,Step 12,0.2,boundary_constrained,pchip,SKS03,4,5,84,20.0825,3.8525,0.000000;0.191834;0.570273;0.859081;1.000000,0.000000;0.251587;0.500560;0.749533;1.000000,0.018941192020435444,0.032791370538353674,-0.01385017851791823,-0.012705228870638088,0.0,-0.0007165052266286019,0.0
T1,Step 13,0.2,boundary_constrained,pchip,SKS03,4,5,84,20.0825,3.8525,0.000000;0.191834;0.570273;0.859081;1.000000,0.000000;0.251587;0.500560;0.749533;1.000000,0.01888597625756165,0.033843305690650395,-0.014957329433088744,-0.013686507376615673,0.0,-0.0007886892408696273,0.0
T1,Step 14,0.2,boundary_constrained,pchip,SKS03,4,5,84,20.0825,3.8525,0.000000;0.191834;0.570273;0.859081;1.000000,0.000000;0.251587;0.500560;0.749533;1.000000,0.01755174432705352,0.03339037594998903,-0.01583863162293551,-0.014496329121614755,0.0,-0.0008068534771593503,0.0
T1,Step 15,0.2,boundary_constrained,pchip,SKS03,4,5,84,20.0825,3.8525,0.000000;0.191834;0.570273;0.859081;1.000000,0.000000;0.251587;0.500560;0.749533;1.000000,0.017901411379908135,0.029709703036914843,-0.011808291657006708,-0.010801365216643665,0.0,-0.0005622059251489625,0.0
T1,Step 1,0.4,original,linear,SKS02,2,3,43,20.0825,3.8525,0.000000;0.191834;0.430848,0.000000;0.490601;1.000000,0.183876872946216,0.07312480643027443,0.11075206651594156,0.07449702446172786,0.9315321291424282,-0.0002628349790408254,0.028726302068054585
T1,Step 2,0.4,original,linear,SKS02,2,3,43,20.0825,3.8525,0.000000;0.191834;0.430848,0.000000;0.490601;1.000000,0.223892597507113,0.060352890699781316,0.16353970680733168,0.13319144391452584,0.9947134406511408,-0.00042361550425194035,0.04690903930691427
T1,Step 3,0.4,original,linear,SKS02,2,3,43,20.0825,3.8525,0.000000;0.191834;0.430848,0.000000;0.490601;1.000000,0.22366567561793843,0.06756826695927262,0.1560974086586658,0.12836523232999264,0.9971522212592876,3.016412702362702e-05,0.045430699622725695
T1,Step 4,0.4,original,linear,SKS02,2,3,43,20.0825,3.8525,0.000000;0.191834;0.430848,0.000000;0.490601;1.000000,0.21833653929293662,0.07513930909606154,0.14319723019687508,0.11584279485755868,0.9965441730120238,9.198883764479156e-05,0.04193293978133778
T1,Step 5,0.4,original,linear,SKS02,2,3,43,20.0825,3.8525,0.000000;0.191834;0.430848,0.000000;0.490601;1.000000,0.22333532490068264,0.08720122609505496,0.13613409880562768,0.10883317056005583,0.9988125665940276,1.7615229113663646e-05,0.04225699828689892
T1,Step 6,0.4,original,linear,SKS02,2,3,43,20.0825,3.8525,0.000000;0.191834;0.430848,0.000000;0.490601;1.000000,0.2170050595154595,0.09619663785090443,0.12080842166455508,0.09432465380085082,0.9984757951100471,-2.7406178219802466e-05,0.03786480889970987
T1,Step 7,0.4,original,linear,SKS02,2,3,43,20.0825,3.8525,0.000000;0.191834;0.430848,0.000000;0.490601;1.000000,0.21516073500208252,0.10001058411866044,0.11515015088342208,0.08853707430812692,0.9986761918651238,2.0370531720129464e-05,0.03627165441916059
T1,Step 8,0.4,original,linear,SKS02,2,3,43,20.0825,3.8525,0.000000;0.191834;0.430848,0.000000;0.490601;1.000000,0.21779513450740365,0.10615220243107644,0.11164293207632721,0.08477906583320922,0.9991716918854777,-4.369206185885056e-05,0.03621012259598867
T1,Step 9,0.4,original,linear,SKS02,2,3,43,20.0825,3.8525,0.000000;0.191834;0.430848,0.000000;0.490601;1.000000,0.21801042468224302,0.10146716635477782,0.1165432583274652,0.0898989691996793,0.9992541267914475,-3.2045312628814438e-06,0.03723616395332668
T1,Step 10,0.4,original,linear,SKS02,2,3,43,20.0825,3.8525,0.000000;0.191834;0.430848,0.000000;0.490601;1.000000,0.2130264746337628,0.10930228263032107,0.10372419200344174,0.07746473615996442,0.998512214081306,1.0205205897449928e-05,0.03342308470079315
T1,Step 11,0.4,original,linear,SKS02,2,3,43,20.0825,3.8525,0.000000;0.191834;0.430848,0.000000;0.490601;1.000000,0.21626993129028466,0.11265267973339864,0.10361725155688602,0.07716374109663202,0.9991885936843258,-5.813058107277415e-05,0.03414018751026153
T1,Step 12,0.4,original,linear,SKS02,2,3,43,20.0825,3.8525,0.000000;0.191834;0.430848,0.000000;0.490601;1.000000,0.21145764105136208,0.11567534993913223,0.09578229111222986,0.06966055451808041,0.9991515876011866,-4.1507934160600024e-05,0.031375055309626594
T1,Step 13,0.4,original,linear,SKS02,2,3,43,20.0825,3.8525,0.000000;0.191834;0.430848,0.000000;0.490601;1.000000,0.2164420816812385,0.11914869542281663,0.09729338625842186,0.07080982795755231,0.9996190454452638,-8.8555137452744e-05,0.03273931823900154
T1,Step 14,0.4,original,linear,SKS02,2,3,43,20.0825,3.8525,0.000000;0.191834;0.430848,0.000000;0.490601;1.000000,0.21609325538371654,0.1200035219461276,0.09608973343758895,0.06958347378427446,0.999707803717762,-7.024035426163658e-05,0.032365690097119044
T1,Step 15,0.4,original,linear,SKS02,2,3,43,20.0825,3.8525,0.000000;0.191834;0.430848,0.000000;0.490601;1.000000,0.21077666079674465,0.11710297015373095,0.0936736906430137,0.06796008878975135,0.9997038794533247,-7.605784003615043e-05,0.03078975295783651
T1,Step 1,0.4,original,pchip,SKS02,2,3,43,20.0825,3.8525,0.000000;0.191834;0.430848,0.000000;0.490601;1.000000,0.18505484494686897,0.07843510967718288,0.10661973526968609,0.06532538966841858,0.9197104850359541,-0.0013479850694640277,0.029441214277702042
T1,Step 2,0.4,original,pchip,SKS02,2,3,43,20.0825,3.8525,0.000000;0.191834;0.430848,0.000000;0.490601;1.000000,0.22401384732162682,0.048540982826733574,0.17547286449489324,0.1396998402009636,0.9936369341652372,-0.0010451725178321518,0.048871149295884035
T1,Step 3,0.4,original,pchip,SKS02,2,3,43,20.0825,3.8525,0.000000;0.191834;0.430848,0.000000;0.490601;1.000000,0.22375374194240158,0.041243834700420944,0.18250990724198063,0.15021356865157126,0.9963674455606495,-0.00019653953938353835,0.04856122267181472
T1,Step 4,0.4,original,pchip,SKS02,2,3,43,20.0825,3.8525,0.000000;0.191834;0.430848,0.000000;0.490601;1.000000,0.21850244192228013,0.045602362812295155,0.17290007910998498,0.14046689698619064,0.9950314527676968,-1.6255631094651892e-05,0.04567999726302985
T1,Step 5,0.4,original,pchip,SKS02,2,3,43,20.0825,3.8525,0.000000;0.191834;0.430848,0.000000;0.490601;1.000000,0.22340270504529744,0.053161573729311865,0.17024113131598556,0.13902176570238955,0.9982101568244444,-2.607950204703225e-05,0.04710869520222614
T1,Step 6,0.4,original,pchip,SKS02,2,3,43,20.0825,3.8525,0.000000;0.191834;0.430848,0.000000;0.490601;1.000000,0.21705297889148037,0.060051548842119946,0.15700143004936043,0.12707898137956614,0.9980349713467889,2.9844338487830075e-05,0.04347596278884008
T1,Step 7,0.4,original,pchip,SKS02,2,3,43,20.0825,3.8525,0.000000;0.191834;0.430848,0.000000;0.490601;1.000000,0.21519050446136356,0.06167331244199418,0.1535171920193694,0.12346760065390792,0.9983998972035616,2.0277447075129378e-05,0.042483078295693165
T1,Step 8,0.4,original,pchip,SKS02,2,3,43,20.0825,3.8525,0.000000;0.191834;0.430848,0.000000;0.490601;1.000000,0.21782332137708693,0.06656064406819917,0.15126267730888776,0.12097494018964247,0.9989131181030373,-4.189422456347802e-06,0.043020869419428544
T1,Step 9,0.4,original,pchip,SKS02,2,3,43,20.0825,3.8525,0.000000;0.191834;0.430848,0.000000;0.490601;1.000000,0.21804110807527474,0.06076026112850186,0.15728084694677288,0.1270133544861167,0.9989729105560077,6.201504251140172e-06,0.04384391397403876
T1,Step 10,0.4,original,pchip,SKS02,2,3,43,20.0825,3.8525,0.000000;0.191834;0.430848,0.000000;0.490601;1.000000,0.2130721017705368,0.06779392614237133,0.14527817562816547,0.11532327480629612,0.9980846182114783,3.3966698218059555e-05,0.04076973743289863
T1,Step 11,0.4,original,pchip,SKS02,2,3,43,20.0825,3.8525,0.000000;0.191834;0.430848,0.000000;0.490601;1.000000,0.21627844768047078,0.06941049527881903,0.14686795240165174,0.11705748411942783,0.9991099051928387,1.3444451358123683e-05,0.041945105624865045
T1,Step 12,0.4,original,pchip,SKS02,2,3,43,20.0825,3.8525,0.000000;0.191834;0.430848,0.000000;0.490601;1.000000,0.2114503040321274,0.07016993542876374,0.14128036860336365,0.11174313875628554,0.9992209270295137,1.3666765812919864e-05,0.03977374447138931
T1,Step 13,0.4,original,pchip,SKS02,2,3,43,20.0825,3.8525,0.000000;0.191834;0.430848,0.000000;0.490601;1.000000,0.2164353165588128,0.07325668039384108,0.14317863616497173,0.1133207650285346,0.9996815366414098,-9.76310690371069e-06,0.04148746813849183
T1,Step 14,0.4,original,pchip,SKS02,2,3,43,20.0825,3.8525,0.000000;0.191834;0.430848,0.000000;0.490601;1.000000,0.21609215509209637,0.07397563574724383,0.14211651934485253,0.1122087271585916,0.9997179843087138,-9.133230963211076e-06,0.04123255803910094
T1,Step 15,0.4,original,pchip,SKS02,2,3,43,20.0825,3.8525,0.000000;0.191834;0.430848,0.000000;0.490601;1.000000,0.2107732184716105,0.07132399996818997,0.13944921850342054,0.11038167773688454,0.9997365338286519,-1.422656803272869e-05,0.039352463221451625
T1,Step 1,0.4,original,linear,SKS03,2,3,43,20.0825,3.8525,0.000000;0.191834;0.709697,0.000000;0.490601;1.000000,0.1317598597888931,0.07312480643027443,0.05863505335861867,0.032848901546947765,0.3501944645376486,0.007678348549678725,0.004335074786444935
T1,Step 2,0.4,original,linear,SKS03,2,3,43,20.0825,3.8525,0.000000;0.191834;0.709697,0.000000;0.490601;1.000000,0.1291903398034077,0.060352890699781316,0.06883744910362638,0.04827888334846897,0.8645036631373957,0.0010593520196798011,0.011988320463020393
T1,Step 3,0.4,original,linear,SKS03,2,3,43,20.0825,3.8525,0.000000;0.191834;0.709697,0.000000;0.490601;1.000000,0.12132587956245884,0.06756826695927262,0.05375761260318622,0.03709344327414485,0.8208294021957055,0.0019318980759137992,0.008222600275810935
T1,Step 4,0.4,original,linear,SKS03,2,3,43,20.0825,3.8525,0.000000;0.191834;0.709697,0.000000;0.490601;1.000000,0.12065035478073073,0.07513930909606154,0.045511045684669196,0.029153857749757733,0.7856254934406502,0.002263936584463827,0.006646655752818888
T1,Step 5,0.4,original,linear,SKS03,2,3,43,20.0825,3.8525,0.000000;0.191834;0.709697,0.000000;0.490601;1.000000,0.11961202899543373,0.08720122609505496,0.032410802900378774,0.017003418856490107,0.7618419683907474,0.0022150431346413453,0.00448794051328224
T1,Step 6,0.4,original,linear,SKS03,2,3,43,20.0825,3.8525,0.000000;0.191834;0.709697,0.000000;0.490601;1.000000,0.12242262283770564,0.09619663785090443,0.026225984986801204,0.00980893538646363,0.8544473773015968,0.0005871023551224436,0.005146403093522624
T1,Step 7,0.4,original,linear,SKS03,2,3,43,20.0825,3.8525,0.000000;0.191834;0.709697,0.000000;0.490601;1.000000,0.12514392352958806,0.10001058411866044,0.025133339410927616,0.008113048127765948,0.8746963319864749,0.0005511360616580775,0.005107748598965652
T1,Step 8,0.4,original,linear,SKS03,2,3,43,20.0825,3.8525,0.000000;0.191834;0.709697,0.000000;0.490601;1.000000,0.12926825228440209,0.10615220243107644,0.023116049853325646,0.005233187547311502,0.9034413613354312,-0.00012822874991574087,0.005570219717611336
T1,Step 9,0.4,original,linear,SKS03,2,3,43,20.0825,3.8525,0.000000;0.191834;0.709697,0.000000;0.490601;1.000000,0.13687023968115677,0.10146716635477782,0.03540307332637896,0.016888994203610785,0.9330003094718522,-0.000373238612591624,0.008811115274900772
T1,Step 10,0.4,original,linear,SKS03,2,3,43,20.0825,3.8525,0.000000;0.191834;0.709697,0.000000;0.490601;1.000000,0.1335970864144697,0.10930228263032107,0.02429480378414864,0.006372617605515954,0.9094288889693068,-0.0002094886568011373,0.006110681167037834
T1,Step 11,0.4,original,linear,SKS03,2,3,43,20.0825,3.8525,0.000000;0.191834;0.709697,0.000000;0.490601;1.000000,0.13488963501211992,0.11265267973339864,0.022236955278721285,0.004302830135212404,0.9203616325426008,-0.0005450771434007521,0.006049664525987994
T1,Step 12,0.4,original,linear,SKS03,2,3,43,20.0825,3.8525,0.000000;0.191834;0.709697,0.000000;0.490601;1.000000,0.13984561042835975,0.11567534993913223,0.02417026048922752,0.005359646448457461,0.9468127901577552,-0.001078938103606273,0.007254946276146135
T1,Step 13,0.4,original,linear,SKS03,2,3,43,20.0825,3.8525,0.000000;0.191834;0.709697,0.000000;0.490601;1.000000,0.14204291477457942,0.11914869542281663,0.022894219351762793,0.0039963663466758,0.9521388518401196,-0.001302753630316385,0.0072825316470156885
T1,Step 14,0.4,original,linear,SKS03,2,3,43,20.0825,3.8525,0.000000;0.191834;0.709697,0.000000;0.490601;1.000000,0.1395686651622624,0.1200035219461276,0.01956514321613481,0.0009060586386047259,0.9474066087032486,-0.0011474664867648769,0.006226033502465866
T1,Step 15,0.4,original,linear,SKS03,2,3,43,20.0825,3.8525,0.000000;0.191834;0.709697,0.000000;0.490601;1.000000,0.13896697507384767,0.11710297015373095,0.021864004920116725,0.0035597819444629225,0.9529013390463547,-0.0012531643525610797,0.006851878894910882
T1,Step 1,0.4,original,pchip,SKS03,2,3,43,20.0825,3.8525,0.000000;0.191834;0.709697,0.000000;0.490601;1.000000,0.1533503850778691,0.07843510967718288,0.07491527540068622,0.04325745350831217,0.258526926591213,0.01190681749765876,0.005457456675800272
T1,Step 2,0.4,original,pchip,SKS03,2,3,43,20.0825,3.8525,0.000000;0.191834;0.709697,0.000000;0.490601;1.000000,0.13275789197568644,0.048540982826733574,0.08421690914895286,0.058327391863416,0.8186649996444754,0.0014810777201185873,0.013787353147924203
T1,Step 3,0.4,original,pchip,SKS03,2,3,43,20.0825,3.8525,0.000000;0.191834;0.709697,0.000000;0.490601;1.000000,0.11936289012184968,0.041243834700420944,0.07811905542142875,0.056810718181488654,0.8480493973372357,0.001689598873386504,0.010856846764058608
T1,Step 4,0.4,original,pchip,SKS03,2,3,43,20.0825,3.8525,0.000000;0.191834;0.709697,0.000000;0.490601;1.000000,0.12013442709794697,0.045602362812295155,0.07453206428565182,0.053074513402681954,0.7923878563007345,0.0026989431627213786,0.009653761917366355
T1,Step 5,0.4,original,pchip,SKS03,2,3,43,20.0825,3.8525,0.000000;0.191834;0.709697,0.000000;0.490601;1.000000,0.1160900086279662,0.053161573729311865,0.06292843489865434,0.04342066436481279,0.8087697912807129,0.00236585470559056,0.008284882476273646
T1,Step 6,0.4,original,pchip,SKS03,2,3,43,20.0825,3.8525,0.000000;0.191834;0.709697,0.000000;0.490601;1.000000,0.1193877333848829,0.060051548842119946,0.05933618454276295,0.03928162767681203,0.8984403875766362,0.0012675011322649163,0.009379741232177451
T1,Step 7,0.4,original,pchip,SKS03,2,3,43,20.0825,3.8525,0.000000;0.191834;0.709697,0.000000;0.490601;1.000000,0.12195567962719198,0.06167331244199418,0.0602823671851978,0.03960378402699807,0.921027881980376,0.0010427563684488233,0.010026833957313628
T1,Step 8,0.4,original,pchip,SKS03,2,3,43,20.0825,3.8525,0.000000;0.191834;0.709697,0.000000;0.490601;1.000000,0.12681220542756683,0.06656064406819917,0.060251561359367656,0.038763232016417036,0.9387752099417633,0.0008371949241139878,0.01081382118251592
T1,Step 9,0.4,original,pchip,SKS03,2,3,43,20.0825,3.8525,0.000000;0.191834;0.709697,0.000000;0.490601;1.000000,0.13542594261780694,0.06076026112850186,0.07466568148930508,0.05244174974132515,0.9530070405302654,0.0007511907433113758,0.013897185858206427
T1,Step 10,0.4,original,pchip,SKS03,2,3,43,20.0825,3.8525,0.000000;0.191834;0.709697,0.000000;0.490601;1.000000,0.13203554706792078,0.06779392614237133,0.06424162092554946,0.04252029920721363,0.9310671007524002,0.0010541848063026103,0.011783184461425216
T1,Step 11,0.4,original,pchip,SKS03,2,3,43,20.0825,3.8525,0.000000;0.191834;0.709697,0.000000;0.490601;1.000000,0.13193627223068402,0.06941049527881903,0.062525776951865,0.0410325595493983,0.9620269676991818,0.0005419624267199686,0.012047400648558236
T1,Step 12,0.4,original,pchip,SKS03,2,3,43,20.0825,3.8525,0.000000;0.191834;0.709697,0.000000;0.490601;1.000000,0.13738455469509603,0.07016993542876374,0.06721461926633229,0.04481937294341072,0.9810383237529912,0.00024038496373072465,0.01371031106696224
T1,Step 13,0.4,original,pchip,SKS03,2,3,43,20.0825,3.8525,0.000000;0.191834;0.709697,0.000000;0.490601;1.000000,0.13947641510623082,0.07325668039384108,0.06621973471238975,0.04377405142354003,0.9875017757502011,0.00010474122565669803,0.013982387922903534
T1,Step 14,0.4,original,pchip,SKS03,2,3,43,20.0825,3.8525,0.000000;0.191834;0.709697,0.000000;0.490601;1.000000,0.13686035654021156,0.07397563574724383,0.06288472079296772,0.04063181567495547,0.9852737800518698,0.0001521053491760558,0.013106257158928875
T1,Step 15,0.4,original,pchip,SKS03,2,3,43,20.0825,3.8525,0.000000;0.191834;0.709697,0.000000;0.490601;1.000000,0.13639710835656219,0.07132399996818997,0.06507310838837221,0.043244764667301455,0.9891469566044259,6.280984463210514e-05,0.013454248351937299
T1,Step 1,0.4,original,linear,SKS02,3,4,43,20.0825,3.8525,0.000000;0.191834;0.709697;0.849122,0.000000;0.331259;0.669862;1.000000,0.12259318533574903,0.07570619741443753,0.046886987921311504,0.02577230005964183,0.17301799065686516,0.006957760174203263,0.0023399005896082626
T1,Step 2,0.4,original,linear,SKS02,3,4,43,20.0825,3.8525,0.000000;0.191834;0.709697;0.849122,0.000000;0.331259;0.669862;1.000000,0.08375700618079117,0.04223413416138045,0.04152287201941072,0.025285687147448978,0.6632955238734474,0.00116467119169936,0.004066842804308247
T1,Step 3,0.4,original,linear,SKS02,3,4,43,20.0825,3.8525,0.000000;0.191834;0.709697;0.849122,0.000000;0.331259;0.669862;1.000000,0.09163668512521711,0.04543576524600598,0.04620091987921113,0.031918919724331585,0.6624790532652501,0.0017028248673872878,0.004630048429860734
T1,Step 4,0.4,original,linear,SKS02,3,4,43,20.0825,3.8525,0.000000;0.191834;0.709697;0.849122,0.000000;0.331259;0.669862;1.000000,0.09795706645434643,0.05057223696220165,0.04738482949214478,0.031923791435237936,0.6585588053348465,0.0018928586435309573,0.005145177073449212
T1,Step 5,0.4,original,linear,SKS02,3,4,43,20.0825,3.8525,0.000000;0.191834;0.709697;0.849122,0.000000;0.331259;0.669862;1.000000,0.10540273386531371,0.05673969545492332,0.04866303841039039,0.03327461143931934,0.6788639175354353,0.0019776367347393038,0.005912706531225398
T1,Step 6,0.4,original,linear,SKS02,3,4,43,20.0825,3.8525,0.000000;0.191834;0.709697;0.849122,0.000000;0.331259;0.669862;1.000000,0.10013503791526449,0.061745980966773244,0.03838905694849124,0.02269734690782569,0.7680753331553886,0.0005141158100039642,0.0057003438427383705
T1,Step 7,0.4,original,linear,SKS02,3,4,43,20.0825,3.8525,0.000000;0.191834;0.709697;0.849122,0.000000;0.331259;0.669862;1.000000,0.10629465865943084,0.06449253237208678,0.04180212628734406,0.025014281612982546,0.8144218589659198,4.73309008964761e-05,0.007091936826863776
T1,Step 8,0.4,original,linear,SKS02,3,4,43,20.0825,3.8525,0.000000;0.191834;0.709697;0.849122,0.000000;0.331259;0.669862;1.000000,0.10396849016152987,0.06796756291020223,0.03600092725132764,0.018698435373234706,0.8390572684813781,-0.00047346061182819616,0.006663317950344033
T1,Step 9,0.4,original,linear,SKS02,3,4,43,20.0825,3.8525,0.000000;0.191834;0.709697;0.849122,0.000000;0.331259;0.669862;1.000000,0.1039851631393709,0.06381027075079279,0.040174892388578104,0.02332795474278071,0.8767446737151865,-0.0007786558771081733,0.007519819376940272
T1,Step 10,0.4,original,linear,SKS02,3,4,43,20.0825,3.8525,0.000000;0.191834;0.709697;0.849122,0.000000;0.331259;0.669862;1.000000,0.10949741098584939,0.06855731129441825,0.04094009969143114,0.023273500604338762,0.8548843700404838,-0.0006580935027216809,0.007947671583405924
T1,Step 11,0.4,original,linear,SKS02,3,4,43,20.0825,3.8525,0.000000;0.191834;0.709697;0.849122,0.000000;0.331259;0.669862;1.000000,0.11317210134576261,0.07091273431486864,0.042259367030893974,0.02435833043097875,0.8768269387628125,-0.0010877546082009976,0.00886706324320541
T1,Step 12,0.4,original,linear,SKS02,3,4,43,20.0825,3.8525,0.000000;0.191834;0.709697;0.849122,0.000000;0.331259;0.669862;1.000000,0.11191431289245554,0.07241212677263988,0.039502186119815666,0.02142436609713662,0.9081027503478932,-0.0015954198178221406,0.008876717144275714
T1,Step 13,0.4,original,linear,SKS02,3,4,43,20.0825,3.8525,0.000000;0.191834;0.709697;0.849122,0.000000;0.331259;0.669862;1.000000,0.11656520828406047,0.07570944564120853,0.04085576264285194,0.022398691704257928,0.9206602261475203,-0.0020556123488972124,0.009911139971904502
T1,Step 14,0.4,original,linear,SKS02,3,4,43,20.0825,3.8525,0.000000;0.191834;0.709697;0.849122,0.000000;0.331259;0.669862;1.000000,0.11785185610735166,0.07658782848189502,0.04126402762545664,0.022544503586020045,0.9171794982517895,-0.0020866482892087073,0.010110012805584458
T1,Step 15,0.4,original,linear,SKS02,3,4,43,20.0825,3.8525,0.000000;0.191834;0.709697;0.849122,0.000000;0.331259;0.669862;1.000000,0.11718418551218719,0.07403341732764078,0.04315076818454641,0.024783953769974415,0.9260299143775741,-0.002150912855012275,0.010402099307958353
T1,Step 1,0.4,original,pchip,SKS02,3,4,43,20.0825,3.8525,0.000000;0.191834;0.709697;0.849122,0.000000;0.331259;0.669862;1.000000,0.13155254680988415,0.08688739358023731,0.04466515322964684,0.02622638515599432,0.1502537785533892,0.007456315248171194,0.0023003381608285023
T1,Step 2,0.4,original,pchip,SKS02,3,4,43,20.0825,3.8525,0.000000;0.191834;0.709697;0.849122,0.000000;0.331259;0.669862;1.000000,0.08210723487641051,0.036496067930289984,0.04561116694612053,0.02720057803188658,0.6902183548364672,0.0009447148764070936,0.004464920168270608
T1,Step 3,0.4,original,pchip,SKS02,3,4,43,20.0825,3.8525,0.000000;0.191834;0.709697;0.849122,0.000000;0.331259;0.669862;1.000000,0.08914431358460766,0.03301064056493887,0.05613367301966879,0.039270540930133636,0.7000412017709652,0.0017052891429116463,0.005151717111051631
T1,Step 4,0.4,original,pchip,SKS02,3,4,43,20.0825,3.8525,0.000000;0.191834;0.709697;0.849122,0.000000;0.331259;0.669862;1.000000,0.0972929797966862,0.03543412185424346,0.061858857942442745,0.043295975589707596,0.667579655132566,0.0024493511897654987,0.005760995736371516
T1,Step 5,0.4,original,pchip,SKS02,3,4,43,20.0825,3.8525,0.000000;0.191834;0.709697;0.849122,0.000000;0.331259;0.669862;1.000000,0.1059992692845955,0.037310928404804725,0.06868834087979077,0.05114692341199743,0.6712444904692147,0.0030369687638560614,0.006806770946583662
T1,Step 6,0.4,original,pchip,SKS02,3,4,43,20.0825,3.8525,0.000000;0.191834;0.709697;0.849122,0.000000;0.331259;0.669862;1.000000,0.09815411725638104,0.04134263832290032,0.05681147893348072,0.038738083109752054,0.7993903621655369,0.0012447135760834751,0.006680303414797777
T1,Step 7,0.4,original,pchip,SKS02,3,4,43,20.0825,3.8525,0.000000;0.191834;0.709697;0.849122,0.000000;0.331259;0.669862;1.000000,0.10484334704139235,0.04138402695271208,0.06345932008868027,0.04445898495864076,0.837125460425521,0.0010449172547976227,0.00823457247722141
T1,Step 8,0.4,original,pchip,SKS02,3,4,43,20.0825,3.8525,0.000000;0.191834;0.709697;0.849122,0.000000;0.331259;0.669862;1.000000,0.10168827916414527,0.04562718578342964,0.05606109338071563,0.03632097568085539,0.8771084242881106,0.0004109387972072381,0.0078477272396423
T1,Step 9,0.4,original,pchip,SKS02,3,4,43,20.0825,3.8525,0.000000;0.191834;0.709697;0.849122,0.000000;0.331259;0.669862;1.000000,0.10162602360472353,0.03837213716447507,0.06325388644024846,0.04381299645625822,0.9179225210012112,0.00022602471585363547,0.008629403047284899
T1,Step 10,0.4,original,pchip,SKS02,3,4,43,20.0825,3.8525,0.000000;0.191834;0.709697;0.849122,0.000000;0.331259;0.669862;1.000000,0.10771693112395542,0.04303679634892446,0.06468013477503096,0.04433167499685076,0.883379129585579,0.0005385029437967684,0.009212268466987389
T1,Step 11,0.4,original,pchip,SKS02,3,4,43,20.0825,3.8525,0.000000;0.191834;0.709697;0.849122,0.000000;0.331259;0.669862;1.000000,0.11092773155795259,0.04506575846533255,0.06586197309262004,0.045629402842247535,0.9126670680000194,0.00012631682458351132,0.010147722217953988
T1,Step 12,0.4,original,pchip,SKS02,3,4,43,20.0825,3.8525,0.000000;0.191834;0.709697;0.849122,0.000000;0.331259;0.669862;1.000000,0.10930946965159402,0.04459043864799528,0.06471903100359874,0.044244425009277284,0.9518985865675695,-0.00029962437257186866,0.010259877309263993
T1,Step 13,0.4,original,pchip,SKS02,3,4,43,20.0825,3.8525,0.000000;0.191834;0.709697;0.849122,0.000000;0.331259;0.669862;1.000000,0.11410440027370239,0.0475041179919308,0.06660028228177159,0.04579914885603316,0.9607988710551562,-0.0005488859829735663,0.011312058918603578
T1,Step 14,0.4,original,pchip,SKS02,3,4,43,20.0825,3.8525,0.000000;0.191834;0.709697;0.849122,0.000000;0.331259;0.669862;1.000000,0.1155762655293833,0.047548699551541174,0.06802756597784212,0.04692281635889296,0.9536518968507282,-0.00046361624210663517,0.011560610566782417
T1,Step 15,0.4,original,pchip,SKS02,3,4,43,20.0825,3.8525,0.000000;0.191834;0.709697;0.849122,0.000000;0.331259;0.669862;1.000000,0.11493459312701329,0.0455527839869103,0.06938180914010299,0.0487023067308097,0.9626346775032184,-0.0005767428982307514,0.011711647466544732
T1,Step 1,0.4,original,linear,SKS03,3,4,43,20.0825,3.8525,0.000000;0.191834;0.430848;1.000000,0.000000;0.331259;0.669862;1.000000,0.11418351462604913,0.07570619741443753,0.0384773172116116,0.02128378424016525,0.0,0.007306446685403388,0.0
T1,Step 2,0.4,original,linear,SKS03,3,4,43,20.0825,3.8525,0.000000;0.191834;0.430848;1.000000,0.000000;0.331259;0.669862;1.000000,0.07968449187982513,0.04223413416138045,0.037450357718444675,0.03018865595758132,0.0,0.004565896157784435,0.0
T1,Step 3,0.4,original,linear,SKS03,3,4,43,20.0825,3.8525,0.000000;0.191834;0.430848;1.000000,0.000000;0.331259;0.669862;1.000000,0.08907284425120461,0.04543576524600598,0.04363707900519863,0.039062106487261786,0.0,0.005869562819509189,0.0
T1,Step 4,0.4,original,linear,SKS03,3,4,43,20.0825,3.8525,0.000000;0.191834;0.430848;1.000000,0.000000;0.331259;0.669862;1.000000,0.09297657732999313,0.05057223696220165,0.04240434036779148,0.03731698438601963,0.0,0.00608709278063912,0.0
T1,Step 5,0.4,original,linear,SKS03,3,4,43,20.0825,3.8525,0.000000;0.191834;0.430848;1.000000,0.000000;0.331259;0.669862;1.000000,0.10047575900286417,0.05673969545492332,0.043736063547940844,0.04000300222494153,0.0,0.006875985106884192,0.0
T1,Step 6,0.4,original,linear,SKS03,3,4,43,20.0825,3.8525,0.000000;0.191834;0.430848;1.000000,0.000000;0.331259;0.669862;1.000000,0.10783741866067088,0.061745980966773244,0.04609143769389764,0.04228591157399194,0.0,0.007816342697847685,0.0
T1,Step 7,0.4,original,linear,SKS03,3,4,43,20.0825,3.8525,0.000000;0.191834;0.430848;1.000000,0.000000;0.331259;0.669862;1.000000,0.11602303333138632,0.06449253237208678,0.051530500959299536,0.047544553224183876,0.0,0.009302057531651317,0.0
T1,Step 8,0.4,original,linear,SKS03,3,4,43,20.0825,3.8525,0.000000;0.191834;0.430848;1.000000,0.000000;0.331259;0.669862;1.000000,0.11800386786419682,0.06796756291020223,0.050036304953994595,0.04593766438864097,0.0,0.009305323222958527,0.0
T1,Step 9,0.4,original,linear,SKS03,3,4,43,20.0825,3.8525,0.000000;0.191834;0.430848;1.000000,0.000000;0.331259;0.669862;1.000000,0.11504085454293177,0.06381027075079279,0.051230583792138976,0.04720137554279183,0.0,0.009162647560678501,0.0
T1,Step 10,0.4,original,linear,SKS03,3,4,43,20.0825,3.8525,0.000000;0.191834;0.430848;1.000000,0.000000;0.331259;0.669862;1.000000,0.12341172268295386,0.06855731129441825,0.05485441138853561,0.050374651996732356,0.0,0.01053034836365454,0.0
T1,Step 11,0.4,original,linear,SKS03,3,4,43,20.0825,3.8525,0.000000;0.191834;0.430848;1.000000,0.000000;0.331259;0.669862;1.000000,0.12568592647755916,0.07091273431486864,0.054773192162690526,0.050596885852689635,0.0,0.010768336226511258,0.0
T1,Step 12,0.4,original,linear,SKS03,3,4,43,20.0825,3.8525,0.000000;0.191834;0.430848;1.000000,0.000000;0.331259;0.669862;1.000000,0.13145246147793416,0.07241212677263988,0.05904033470529428,0.054623396929603676,0.0,0.012036233524870895,0.0
T1,Step 13,0.4,original,linear,SKS03,3,4,43,20.0825,3.8525,0.000000;0.191834;0.430848;1.000000,0.000000;0.331259;0.669862;1.000000,0.13245350709934725,0.07570944564120853,0.05674406145813872,0.05251846686261209,0.0,0.011812011383617723,0.0
T1,Step 14,0.4,original,linear,SKS03,3,4,43,20.0825,3.8525,0.000000;0.191834;0.430848;1.000000,0.000000;0.331259;0.669862;1.000000,0.132595951644574,0.07658782848189502,0.056008123162678974,0.05183642162412401,0.0,0.011715990920958033,0.0
T1,Step 15,0.4,original,linear,SKS03,3,4,43,20.0825,3.8525,0.000000;0.191834;0.430848;1.000000,0.000000;0.331259;0.669862;1.000000,0.12998502813463567,0.07403341732764078,0.055951610806994886,0.05178709894516857,0.0,0.011415160657953406,0.0
T1,Step 1,0.4,original,pchip,SKS03,3,4,43,20.0825,3.8525,0.000000;0.191834;0.430848;1.000000,0.000000;0.331259;0.669862;1.000000,0.086239869756453,0.08688739358023731,-0.0006475238237843156,-0.012664425316299313,0.0,-0.00011210402755708758,0.0
T1,Step 2,0.4,original,pchip,SKS03,3,4,43,20.0825,3.8525,0.000000;0.191834;0.430848;1.000000,0.000000;0.331259;0.669862;1.000000,0.03399481345002984,0.036496067930289984,-0.0025012544802601455,-0.008464487752327651,0.0,-0.0001763156328700113,0.0
T1,Step 3,0.4,original,pchip,SKS03,3,4,43,20.0825,3.8525,0.000000;0.191834;0.430848;1.000000,0.000000;0.331259;0.669862;1.000000,0.043370168475546304,0.03301064056493887,0.010359527910607437,0.006695479654626434,0.0,0.0007912691230896829,0.0
T1,Step 4,0.4,original,pchip,SKS03,3,4,43,20.0825,3.8525,0.000000;0.191834;0.430848;1.000000,0.000000;0.331259;0.669862;1.000000,0.04416875473827697,0.03543412185424346,0.008734632884033512,0.0042002612586497165,0.0,0.00069530190354869,0.0
T1,Step 5,0.4,original,pchip,SKS03,3,4,43,20.0825,3.8525,0.000000;0.191834;0.430848;1.000000,0.000000;0.331259;0.669862;1.000000,0.04889090629141019,0.037310928404804725,0.011579977886605468,0.009494959048683603,0.0,0.000998215339566989,0.0
T1,Step 6,0.4,original,pchip,SKS03,3,4,43,20.0825,3.8525,0.000000;0.191834;0.430848;1.000000,0.000000;0.331259;0.669862;1.000000,0.056654325458433887,0.04134263832290032,0.015311687135533568,0.01307522680249959,0.0,0.0015004988496520042,0.0
T1,Step 7,0.4,original,pchip,SKS03,3,4,43,20.0825,3.8525,0.000000;0.191834;0.430848;1.000000,0.000000;0.331259;0.669862;1.000000,0.06356688161427843,0.04138402695271208,0.022182854661566345,0.019994162203848947,0.0,0.0023281107513408892,0.0
T1,Step 8,0.4,original,pchip,SKS03,3,4,43,20.0825,3.8525,0.000000;0.191834;0.430848;1.000000,0.000000;0.331259;0.669862;1.000000,0.06264282296145351,0.04562718578342964,0.017015637178023874,0.014808967524445146,0.0,0.0018422831860644042,0.0
T1,Step 9,0.4,original,pchip,SKS03,3,4,43,20.0825,3.8525,0.000000;0.191834;0.430848;1.000000,0.000000;0.331259;0.669862;1.000000,0.057687551041358184,0.03837213716447507,0.01931541387688311,0.01715703606713327,0.0,0.0018554326345800167,0.0
T1,Step 10,0.4,original,pchip,SKS03,3,4,43,20.0825,3.8525,0.000000;0.191834;0.430848;1.000000,0.000000;0.331259;0.669862;1.000000,0.0648182112673913,0.04303679634892446,0.021781414918466843,0.019120367994103257,0.0,0.002349234671925375,0.0
T1,Step 11,0.4,original,pchip,SKS03,3,4,43,20.0825,3.8525,0.000000;0.191834;0.430848;1.000000,0.000000;0.331259;0.669862;1.000000,0.06824051789913967,0.04506575846533255,0.02317475943380712,0.02112342130917058,0.0,0.002625845697087108,0.0
T1,Step 12,0.4,original,pchip,SKS03,3,4,43,20.0825,3.8525,0.000000;0.191834;0.430848;1.000000,0.000000;0.331259;0.669862;1.000000,0.07356618855260094,0.04459043864799528,0.028975749904605663,0.026702784423037647,0.0,0.0034236768793362016,0.0
T1,Step 13,0.4,original,pchip,SKS03,3,4,43,20.0825,3.8525,0.000000;0.191834;0.430848;1.000000,0.000000;0.331259;0.669862;1.000000,0.07389125249586943,0.0475041179919308,0.026387134503938633,0.02438749249142931,0.0,0.003203275969217048,0.0
T1,Step 14,0.4,original,pchip,SKS03,3,4,43,20.0825,3.8525,0.000000;0.191834;0.430848;1.000000,0.000000;0.331259;0.669862;1.000000,0.07299615713415163,0.047548699551541174,0.025447457582610453,0.023525007973058787,0.0,0.003067560127311024,0.0
T1,Step 15,0.4,original,pchip,SKS03,3,4,43,20.0825,3.8525,0.000000;0.191834;0.430848;1.000000,0.000000;0.331259;0.669862;1.000000,0.07164776528504381,0.0455527839869103,0.026094981298133507,0.024143178722684226,0.0,0.0030583461413826174,0.0
T1,Step 1,0.4,original,linear,SKS02,4,5,43,20.0825,3.8525,0.000000;0.191834;0.709697;0.849122;1.000000,0.000000;0.251587;0.490601;0.749533;1.000000,0.11310448132896901,0.06452976133305838,0.048574719995910634,0.028497190772077657,0.0,0.008628533598993621,0.0
T1,Step 2,0.4,original,linear,SKS02,4,5,43,20.0825,3.8525,0.000000;0.191834;0.709697;0.849122;1.000000,0.000000;0.251587;0.490601;0.749533;1.000000,0.050476099638437535,0.05125289965890735,-0.0007768000204698144,-0.005744783153367343,0.0,-7.902308873655083e-05,0.0
T1,Step 3,0.4,original,linear,SKS02,4,5,43,20.0825,3.8525,0.000000;0.191834;0.709697;0.849122;1.000000,0.000000;0.251587;0.490601;0.749533;1.000000,0.055543813966327536,0.037521817171800205,0.01802199679452733,0.015378108227127402,0.0,0.0016772285060520007,0.0
T1,Step 4,0.4,original,linear,SKS02,4,5,43,20.0825,3.8525,0.000000;0.191834;0.709697;0.849122;1.000000,0.000000;0.251587;0.490601;0.749533;1.000000,0.059299997758654514,0.04188494772923038,0.01741505002942413,0.014841506166533812,0.0,0.0017621408878960693,0.0
T1,Step 5,0.4,original,linear,SKS02,4,5,43,20.0825,3.8525,0.000000;0.191834;0.709697;0.849122;1.000000,0.000000;0.251587;0.490601;0.749533;1.000000,0.062216392715192644,0.04955304461641401,0.012663348098778636,0.011165496068147235,0.0,0.0014153752917347594,0.0
T1,Step 6,0.4,original,linear,SKS02,4,5,43,20.0825,3.8525,0.000000;0.191834;0.709697;0.849122;1.000000,0.000000;0.251587;0.490601;0.749533;1.000000,0.05194774122573814,0.047362927319111764,0.004584813906626378,0.004043478775136521,0.0,0.00045532093422079084,0.0
T1,Step 7,0.4,original,linear,SKS02,4,5,43,20.0825,3.8525,0.000000;0.191834;0.709697;0.849122;1.000000,0.000000;0.251587;0.490601;0.749533;1.000000,0.049207802763953146,0.05245051540209676,-0.003242712638143616,-0.0032719302508381065,0.0,-0.00032964871308947466,0.0
T1,Step 8,0.4,original,linear,SKS02,4,5,43,20.0825,3.8525,0.000000;0.191834;0.709697;0.849122;1.000000,0.000000;0.251587;0.490601;0.749533;1.000000,0.04614733772240203,0.04977264799333595,-0.0036253102709339208,-0.0033770455244827163,0.0,-0.00034773970940310024,0.0
T1,Step 9,0.4,original,linear,SKS02,4,5,43,20.0825,3.8525,0.000000;0.191834;0.709697;0.849122;1.000000,0.000000;0.251587;0.490601;0.749533;1.000000,0.03953428334992174,0.04769439567577178,-0.008160112325850039,-0.007787112905805103,0.0,-0.0007117958188851785,0.0
T1,Step 10,0.4,original,linear,SKS02,4,5,43,20.0825,3.8525,0.000000;0.191834;0.709697;0.849122;1.000000,0.000000;0.251587;0.490601;0.749533;1.000000,0.04503436350652528,0.051248104983403764,-0.006213741476878483,-0.005906373822245806,0.0,-0.0005982743679521178,0.0
T1,Step 11,0.4,original,linear,SKS02,4,5,43,20.0825,3.8525,0.000000;0.191834;0.709697;0.849122;1.000000,0.000000;0.251587;0.490601;0.749533;1.000000,0.04268124486974394,0.05304152494752294,-0.010360280077779005,-0.009592407845498106,0.0,-0.0009917147051276556,0.0
T1,Step 12,0.4,original,linear,SKS02,4,5,43,20.0825,3.8525,0.000000;0.191834;0.709697;0.849122;1.000000,0.000000;0.251587;0.490601;0.749533;1.000000,0.037884346682336575,0.05280247536377696,-0.014918128681440386,-0.013802041772468597,0.0,-0.001352877680994806,0.0
T1,Step 13,0.4,original,linear,SKS02,4,5,43,20.0825,3.8525,0.000000;0.191834;0.709697;0.849122;1.000000,0.000000;0.251587;0.490601;0.749533;1.000000,0.03659886875802796,0.05478899189710022,-0.018190123139072263,-0.016822127514892538,0.0,-0.0016623564387331592,0.0
T1,Step 14,0.4,original,linear,SKS02,4,5,43,20.0825,3.8525,0.000000;0.191834;0.709697;0.849122;1.000000,0.000000;0.251587;0.490601;0.749533;1.000000,0.03709163393877515,0.05459397284516661,-0.01750233890639146,-0.016185965765881008,0.0,-0.0016047125627706928,0.0
T1,Step 15,0.4,original,linear,SKS02,4,5,43,20.0825,3.8525,0.000000;0.191834;0.709697;0.849122;1.000000,0.000000;0.251587;0.490601;0.749533;1.000000,0.03432902999525431,0.050984650781555806,-0.0166556207863015,-0.01540150373281815,0.0,-0.0014209523149021292,0.0
T1,Step 1,0.4,original,pchip,SKS02,4,5,43,20.0825,3.8525,0.000000;0.191834;0.709697;0.849122;1.000000,0.000000;0.251587;0.490601;0.749533;1.000000,0.1218891156692264,0.06631371585652446,0.055575399812701945,0.03570208244267213,0.0,0.010459447607926189,0.0
T1,Step 2,0.4,original,pchip,SKS02,4,5,43,20.0825,3.8525,0.000000;0.191834;0.709697;0.849122;1.000000,0.000000;0.251587;0.490601;0.749533;1.000000,0.04637152262166514,0.049738941275200094,-0.0033674186535349523,-0.008532593591402314,0.0,-0.00032364416892620234,0.0
T1,Step 3,0.4,original,pchip,SKS02,4,5,43,20.0825,3.8525,0.000000;0.191834;0.709697;0.849122;1.000000,0.000000;0.251587;0.490601;0.749533;1.000000,0.049467308882255104,0.030745688682032316,0.018721620200222788,0.015626119821882164,0.0,0.001501717275519985,0.0
T1,Step 4,0.4,original,pchip,SKS02,4,5,43,20.0825,3.8525,0.000000;0.191834;0.709697;0.849122;1.000000,0.000000;0.251587;0.490601;0.749533;1.000000,0.05647594253192852,0.031975906908071755,0.024500035623856768,0.021021527843786428,0.0,0.0021670734622760224,0.0
T1,Step 5,0.4,original,pchip,SKS02,4,5,43,20.0825,3.8525,0.000000;0.191834;0.709697;0.849122;1.000000,0.000000;0.251587;0.490601;0.749533;1.000000,0.06120017637779212,0.0374348821548669,0.02376529422292522,0.02118550738878204,0.0,0.0023440911867240915,0.0
T1,Step 6,0.4,original,pchip,SKS02,4,5,43,20.0825,3.8525,0.000000;0.191834;0.709697;0.849122;1.000000,0.000000;0.251587;0.490601;0.749533;1.000000,0.04440256446936593,0.03195829153831259,0.012444272931053338,0.011148327786738285,0.0,0.0009502553334084159,0.0
T1,Step 7,0.4,original,pchip,SKS02,4,5,43,20.0825,3.8525,0.000000;0.191834;0.709697;0.849122;1.000000,0.000000;0.251587;0.490601;0.749533;1.000000,0.043005232821039546,0.037633639775225436,0.00537159304581411,0.004514606807700092,0.0,0.0004331592072603868,0.0
T1,Step 8,0.4,original,pchip,SKS02,4,5,43,20.0825,3.8525,0.000000;0.191834;0.709697;0.849122;1.000000,0.000000;0.251587;0.490601;0.749533;1.000000,0.03630001907503646,0.03230791386656207,0.003992105208474386,0.003656921354523914,0.0,0.0002738900864388173,0.0
T1,Step 9,0.4,original,pchip,SKS02,4,5,43,20.0825,3.8525,0.000000;0.191834;0.709697;0.849122;1.000000,0.000000;0.251587;0.490601;0.749533;1.000000,0.029723869716294083,0.031041742026516623,-0.0013178723102225398,-0.0016374275586775976,0.0,-8.008131712958383e-05,0.0
T1,Step 10,0.4,original,pchip,SKS02,4,5,43,20.0825,3.8525,0.000000;0.191834;0.709697;0.849122;1.000000,0.000000;0.251587;0.490601;0.749533;1.000000,0.03757191579346985,0.033165642135399895,0.004406273658069955,0.003845299705153526,0.0,0.00031168903813817575,0.0
T1,Step 11,0.4,original,pchip,SKS02,4,5,43,20.0825,3.8525,0.000000;0.191834;0.709697;0.849122;1.000000,0.000000;0.251587;0.490601;0.749533;1.000000,0.033833224868818505,0.03398681620330606,-0.00015359133448755724,-0.00016303251975997163,0.0,-1.0416570613268533e-05,0.0
T1,Step 12,0.4,original,pchip,SKS02,4,5,43,20.0825,3.8525,0.000000;0.191834;0.709697;0.849122;1.000000,0.000000;0.251587;0.490601;0.749533;1.000000,0.025339237719352016,0.032942068523618,-0.007602830804265985,-0.00703486872098949,0.0,-0.00044310291041691196,0.0
T1,Step 13,0.4,original,pchip,SKS02,4,5,43,20.0825,3.8525,0.000000;0.191834;0.709697;0.849122;1.000000,0.000000;0.251587;0.490601;0.749533;1.000000,0.025155574609000236,0.0342344401578828,-0.009078865548882566,-0.008379930510379358,0.0,-0.0005391939590146812,0.0
T1,Step 14,0.4,original,pchip,SKS02,4,5,43,20.0825,3.8525,0.000000;0.191834;0.709697;0.849122;1.000000,0.000000;0.251587;0.490601;0.749533;1.000000,0.02683680210746148,0.03365922819634807,-0.0068224260888865886,-0.006302760901906981,0.0,-0.00041272969541878427,0.0
T1,Step 15,0.4,original,pchip,SKS02,4,5,43,20.0825,3.8525,0.000000;0.191834;0.709697;0.849122;1.000000,0.000000;0.251587;0.490601;0.749533;1.000000,0.025674818414075262,0.030300867752611472,-0.00462604933853621,-0.00425462815758771,0.0,-0.0002589462859655117,0.0
T1,Step 1,0.4,original,linear,SKS03,4,5,43,20.0825,3.8525,0.000000;0.191834;0.570273;0.849122;1.000000,0.000000;0.251587;0.490601;0.749533;1.000000,0.0671701973024229,0.06452976133305838,0.0026404359693645157,-0.01406385280113906,0.0,0.0003477453079449429,0.0
T1,Step 2,0.4,original,linear,SKS03,4,5,43,20.0825,3.8525,0.000000;0.191834;0.570273;0.849122;1.000000,0.000000;0.251587;0.490601;0.749533;1.000000,0.028695523927423056,0.05125289965890735,-0.022557375731484294,-0.025915597360461062,0.0,-0.0018034266299767157,0.0
T1,Step 3,0.4,original,linear,SKS03,4,5,43,20.0825,3.8525,0.000000;0.191834;0.570273;0.849122;1.000000,0.000000;0.251587;0.490601;0.749533;1.000000,0.026203869358102493,0.037521817171800205,-0.011317947813697712,-0.011839483988557546,0.0,-0.0007212439945374981,0.0
T1,Step 4,0.4,original,linear,SKS03,4,5,43,20.0825,3.8525,0.000000;0.191834;0.570273;0.849122;1.000000,0.000000;0.251587;0.490601;0.749533;1.000000,0.027466648435202624,0.04188494772923038,-0.01441829929402776,-0.014643639834412275,0.0,-0.0009999320700173429,0.0
T1,Step 5,0.4,original,linear,SKS03,4,5,43,20.0825,3.8525,0.000000;0.191834;0.570273;0.849122;1.000000,0.000000;0.251587;0.490601;0.749533;1.000000,0.027006549237881566,0.04955304461641401,-0.02254649537853244,-0.021460595086439636,0.0,-0.0017261505290181954,0.0
T1,Step 6,0.4,original,linear,SKS03,4,5,43,20.0825,3.8525,0.000000;0.191834;0.570273;0.849122;1.000000,0.000000;0.251587;0.490601;0.749533;1.000000,0.026043784962771974,0.047362927319111764,-0.02131914235633979,-0.0199596545486565,0.0,-0.0015649681490483556,0.0
T1,Step 7,0.4,original,linear,SKS03,4,5,43,20.0825,3.8525,0.000000;0.191834;0.570273;0.849122;1.000000,0.000000;0.251587;0.490601;0.749533;1.000000,0.025114076425769623,0.05245051540209676,-0.02733643897632714,-0.02560663514497766,0.0,-0.0021203397312261913,0.0
T1,Step 8,0.4,original,linear,SKS03,4,5,43,20.0825,3.8525,0.000000;0.191834;0.570273;0.849122;1.000000,0.000000;0.251587;0.490601;0.749533;1.000000,0.027133906910353882,0.04977264799333595,-0.02263874108298207,-0.020990331790860878,0.0,-0.0017410675840487796,0.0
T1,Step 9,0.4,original,linear,SKS03,4,5,43,20.0825,3.8525,0.000000;0.191834;0.570273;0.849122;1.000000,0.000000;0.251587;0.490601;0.749533;1.000000,0.02274391106274815,0.04769439567577178,-0.02495048461302363,-0.023346341796640475,0.0,-0.0017574698884468805,0.0
T1,Step 10,0.4,original,linear,SKS03,4,5,43,20.0825,3.8525,0.000000;0.191834;0.570273;0.849122;1.000000,0.000000;0.251587;0.490601;0.749533;1.000000,0.02568694115893174,0.051248104983403764,-0.025561163824472023,-0.02384007688123167,0.0,-0.0019665493182875527,0.0
T1,Step 11,0.4,original,linear,SKS03,4,5,43,20.0825,3.8525,0.000000;0.191834;0.570273;0.849122;1.000000,0.000000;0.251587;0.490601;0.749533;1.000000,0.022474945299286817,0.05304152494752294,-0.030566579648236124,-0.02831772951127161,0.0,-0.002308280202552764,0.0
T1,Step 12,0.4,original,linear,SKS03,4,5,43,20.0825,3.8525,0.000000;0.191834;0.570273;0.849122;1.000000,0.000000;0.251587;0.490601;0.749533;1.000000,0.022803542545306647,0.05280247536377696,-0.029998932818470315,-0.027781630641909565,0.0,-0.002268099851926662,0.0
T1,Step 13,0.4,original,linear,SKS03,4,5,43,20.0825,3.8525,0.000000;0.191834;0.570273;0.849122;1.000000,0.000000;0.251587;0.490601;0.749533;1.000000,0.022663749607593764,0.05478899189710022,-0.03212524228950646,-0.029732662270231462,0.0,-0.002488188086824808,0.0
T1,Step 14,0.4,original,linear,SKS03,4,5,43,20.0825,3.8525,0.000000;0.191834;0.570273;0.849122;1.000000,0.000000;0.251587;0.490601;0.749533;1.000000,0.02272553381119674,0.05459397284516661,-0.03186843903396987,-0.029489828616118652,0.0,-0.002464051984014943,0.0
T1,Step 15,0.4,original,linear,SKS03,4,5,43,20.0825,3.8525,0.000000;0.191834;0.570273;0.849122;1.000000,0.000000;0.251587;0.490601;0.749533;1.000000,0.020364210675611172,0.050984650781555806,-0.030620440105944634,-0.028340371030798915,0.0,-0.0021847335388765227,0.0
T1,Step 1,0.4,original,pchip,SKS03,4,5,43,20.0825,3.8525,0.000000;0.191834;0.570273;0.849122;1.000000,0.000000;0.251587;0.490601;0.749533;1.000000,0.0655713647308318,0.06631371585652446,-0.0007423511256926529,-0.016480755477647775,0.0,-9.790503803609063e-05,0.0
T1,Step 2,0.4,original,pchip,SKS03,4,5,43,20.0825,3.8525,0.000000;0.191834;0.570273;0.849122;1.000000,0.000000;0.251587;0.490601;0.749533;1.000000,0.03438490528395937,0.049738941275200094,-0.015354035991240723,-0.019633691625130484,0.0,-0.001291640567790947,0.0
T1,Step 3,0.4,original,pchip,SKS03,4,5,43,20.0825,3.8525,0.000000;0.191834;0.570273;0.849122;1.000000,0.000000;0.251587;0.490601;0.749533;1.000000,0.026483757551882016,0.030745688682032316,-0.0042619311301503,-0.005697741305018007,0.0,-0.00024390795846558218,0.0
T1,Step 4,0.4,original,pchip,SKS03,4,5,43,20.0825,3.8525,0.000000;0.191834;0.570273;0.849122;1.000000,0.000000;0.251587;0.490601;0.749533;1.000000,0.029151887603355953,0.031975906908071755,-0.0028240193047158017,-0.004283968925766962,0.0,-0.00017262607175497246,0.0
T1,Step 5,0.4,original,pchip,SKS03,4,5,43,20.0825,3.8525,0.000000;0.191834;0.570273;0.849122;1.000000,0.000000;0.251587;0.490601;0.749533;1.000000,0.030073349544093395,0.0374348821548669,-0.007361532610773505,-0.0076498811866952815,0.0,-0.00049696404914755,0.0
T1,Step 6,0.4,original,pchip,SKS03,4,5,43,20.0825,3.8525,0.000000;0.191834;0.570273;0.849122;1.000000,0.000000;0.251587;0.490601;0.749533;1.000000,0.02591272206490885,0.03195829153831259,-0.0060455694734037405,-0.00598605506995592,0.0,-0.00034986323323456795,0.0
T1,Step 7,0.4,original,pchip,SKS03,4,5,43,20.0825,3.8525,0.000000;0.191834;0.570273;0.849122;1.000000,0.000000;0.251587;0.490601;0.749533;1.000000,0.02531896058878624,0.037633639775225436,-0.012314679186439196,-0.011880595506393463,0.0,-0.0007752410774349191,0.0
T1,Step 8,0.4,original,pchip,SKS03,4,5,43,20.0825,3.8525,0.000000;0.191834;0.570273;0.849122;1.000000,0.000000;0.251587;0.490601;0.749533;1.000000,0.021357480511198717,0.03230791386656207,-0.010950433355363356,-0.010187894389947497,0.0,-0.0005876593246229606,0.0
T1,Step 9,0.4,original,pchip,SKS03,4,5,43,20.0825,3.8525,0.000000;0.191834;0.570273;0.849122;1.000000,0.000000;0.251587;0.490601;0.749533;1.000000,0.0201636916561923,0.031041742026516623,-0.010878050370324324,-0.010499600876541847,0.0,-0.0005570152868348093,0.0
T1,Step 10,0.4,original,pchip,SKS03,4,5,43,20.0825,3.8525,0.000000;0.191834;0.570273;0.849122;1.000000,0.000000;0.251587;0.490601;0.749533;1.000000,0.022535173126511352,0.033165642135399895,-0.010630469008888543,-0.010094633938825814,0.0,-0.0005921257904115735,0.0
T1,Step 11,0.4,original,pchip,SKS03,4,5,43,20.0825,3.8525,0.000000;0.191834;0.570273;0.849122;1.000000,0.000000;0.251587;0.490601;0.749533;1.000000,0.021330746754762986,0.03398681620330606,-0.012656069448543077,-0.011749899068338121,0.0,-0.000700102918521476,0.0
T1,Step 12,0.4,original,pchip,SKS03,4,5,43,20.0825,3.8525,0.000000;0.191834;0.570273;0.849122;1.000000,0.000000;0.251587;0.490601;0.749533;1.000000,0.018570554095889667,0.032942068523618,-0.014371514427728334,-0.013316941033940911,0.0,-0.0007403143991863793,0.0
T1,Step 13,0.4,original,pchip,SKS03,4,5,43,20.0825,3.8525,0.000000;0.191834;0.570273;0.849122;1.000000,0.000000;0.251587;0.490601;0.749533;1.000000,0.01843097360721487,0.0342344401578828,-0.015803466550667934,-0.014613119201359919,0.0,-0.0008322961048138076,0.0
T1,Step 14,0.4,original,pchip,SKS03,4,5,43,20.0825,3.8525,0.000000;0.191834;0.570273;0.849122;1.000000,0.000000;0.251587;0.490601;0.749533;1.000000,0.017163902496024817,0.03365922819634807,-0.016495325700323252,-0.015258731732623019,0.0,-0.0008383440938807863,0.0
T1,Step 15,0.4,original,pchip,SKS03,4,5,43,20.0825,3.8525,0.000000;0.191834;0.570273;0.849122;1.000000,0.000000;0.251587;0.490601;0.749533;1.000000,0.017686283720690664,0.030300867752611472,-0.012614584031920808,-0.011656259722806487,0.0,-0.0006053379547124822,0.0
T1,Step 1,0.4,boundary_constrained,linear,SKS02,2,3,43,20.0825,3.8525,0.000000;0.191834;1.000000,0.000000;0.490601;1.000000,0.16283315056750705,0.07312480643027443,0.08970834413723262,0.06682104506920299,0.0,0.021167397608275317,0.0
T1,Step 2,0.4,boundary_constrained,linear,SKS02,2,3,43,20.0825,3.8525,0.000000;0.191834;1.000000,0.000000;0.490601;1.000000,0.14682326350206368,0.060352890699781316,0.08647037280228237,0.07665858778892051,0.0,0.01791459928957667,0.0
T1,Step 3,0.4,boundary_constrained,linear,SKS02,2,3,43,20.0825,3.8525,0.000000;0.191834;1.000000,0.000000;0.490601;1.000000,0.15026167705483853,0.06756826695927262,0.08269341009556591,0.07605315462223326,0.0,0.018013100891453058,0.0
T1,Step 4,0.4,boundary_constrained,linear,SKS02,2,3,43,20.0825,3.8525,0.000000;0.191834;1.000000,0.000000;0.490601;1.000000,0.15957852692962887,0.07513930909606154,0.08443921783356734,0.07743121075869423,0.0,0.019819390485596812,0.0
T1,Step 5,0.4,boundary_constrained,linear,SKS02,2,3,43,20.0825,3.8525,0.000000;0.191834;1.000000,0.000000;0.490601;1.000000,0.16939418480055202,0.08720122609505496,0.08219295870549706,0.0758972657460595,0.0,0.021090336011762675,0.0
T1,Step 6,0.4,boundary_constrained,linear,SKS02,2,3,43,20.0825,3.8525,0.000000;0.191834;1.000000,0.000000;0.490601;1.000000,0.17256424393079983,0.09619663785090443,0.0763676060798954,0.07066325178019457,0.0,0.020524625149590525,0.0
T1,Step 7,0.4,boundary_constrained,linear,SKS02,2,3,43,20.0825,3.8525,0.000000;0.191834;1.000000,0.000000;0.490601;1.000000,0.18064018037163954,0.10001058411866044,0.0806295962529791,0.07460360190427491,0.0,0.022628757828942813,0.0
T1,Step 8,0.4,boundary_constrained,linear,SKS02,2,3,43,20.0825,3.8525,0.000000;0.191834;1.000000,0.000000;0.490601;1.000000,0.18602594967375072,0.10615220243107644,0.07987374724267428,0.07391843241014089,0.0,0.023337363871052598,0.0
T1,Step 9,0.4,boundary_constrained,linear,SKS02,2,3,43,20.0825,3.8525,0.000000;0.191834;1.000000,0.000000;0.490601;1.000000,0.1849861324737669,0.10146716635477782,0.0835189661189891,0.07725774056513571,0.0,0.023924283359533883,0.0
T1,Step 10,0.4,boundary_constrained,linear,SKS02,2,3,43,20.0825,3.8525,0.000000;0.191834;1.000000,0.000000;0.490601;1.000000,0.19421948194400396,0.10930228263032107,0.08491719931368288,0.07852302020937406,0.0,0.025774218178398697,0.0
T1,Step 11,0.4,boundary_constrained,linear,SKS02,2,3,43,20.0825,3.8525,0.000000;0.191834;1.000000,0.000000;0.490601;1.000000,0.19409688857620294,0.11265267973339864,0.0814442088428043,0.07537958539321787,0.0,0.02498297590384725,0.0
T1,Step 12,0.4,boundary_constrained,linear,SKS02,2,3,43,20.0825,3.8525,0.000000;0.191834;1.000000,0.000000;0.490601;1.000000,0.19873998967785164,0.11567534993913223,0.08306463973871941,0.07686833109111553,0.0,0.02611679691361188,0.0
T1,Step 13,0.4,boundary_constrained,linear,SKS02,2,3,43,20.0825,3.8525,0.000000;0.191834;1.000000,0.000000;0.490601;1.000000,0.200666592290426,0.11914869542281663,0.08151789686760937,0.07539943014954917,0.0,0.026070669640492934,0.0
T1,Step 14,0.4,boundary_constrained,linear,SKS02,2,3,43,20.0825,3.8525,0.000000;0.191834;1.000000,0.000000;0.490601;1.000000,0.2019475717398534,0.1200035219461276,0.0819440497937258,0.07580527410860224,0.0,0.026381976452148504,0.0
T1,Step 15,0.4,boundary_constrained,linear,SKS02,2,3,43,20.0825,3.8525,0.000000;0.191834;1.000000,0.000000;0.490601;1.000000,0.1974291315713238,0.11710297015373095,0.08032616141759286,0.07428932700242397,0.0,0.025265156374181478,0.0
T1,Step 1,0.4,boundary_constrained,pchip,SKS02,2,3,43,20.0825,3.8525,0.000000;0.191834;1.000000,0.000000;0.490601;1.000000,0.21468035386369017,0.07843510967718288,0.1362452441865073,0.10446839732728291,0.0,0.03993558790496752,0.0
T1,Step 2,0.4,boundary_constrained,pchip,SKS02,2,3,43,20.0825,3.8525,0.000000;0.191834;1.000000,0.000000;0.490601;1.000000,0.13431242804165255,0.048540982826733574,0.08577144521491897,0.07146763032214565,0.0,0.015683601312658856,0.0
T1,Step 3,0.4,boundary_constrained,pchip,SKS02,2,3,43,20.0825,3.8525,0.000000;0.191834;1.000000,0.000000;0.490601;1.000000,0.10736739268357949,0.041243834700420944,0.06612355798315855,0.05810835040830559,0.0,0.00982670311087431,0.0
T1,Step 4,0.4,boundary_constrained,pchip,SKS02,2,3,43,20.0825,3.8525,0.000000;0.191834;1.000000,0.000000;0.490601;1.000000,0.12419623585522467,0.045602362812295155,0.07859387304292952,0.06914192262970675,0.0,0.013345129506542394,0.0
T1,Step 5,0.4,boundary_constrained,pchip,SKS02,2,3,43,20.0825,3.8525,0.000000;0.191834;1.000000,0.000000;0.490601;1.000000,0.1190590227771583,0.053161573729311865,0.06589744904784643,0.05942987964987467,0.0,0.011348897983274837,0.0
T1,Step 6,0.4,boundary_constrained,pchip,SKS02,2,3,43,20.0825,3.8525,0.000000;0.191834;1.000000,0.000000;0.490601;1.000000,0.11515580394897806,0.060051548842119946,0.05510425510685812,0.0502353131670674,0.0,0.009654670664797955,0.0
T1,Step 7,0.4,boundary_constrained,pchip,SKS02,2,3,43,20.0825,3.8525,0.000000;0.191834;1.000000,0.000000;0.490601;1.000000,0.11785660312063305,0.06167331244199418,0.05618329067863887,0.05139408778270271,0.0,0.010086581431566577,0.0
T1,Step 8,0.4,boundary_constrained,pchip,SKS02,2,3,43,20.0825,3.8525,0.000000;0.191834;1.000000,0.000000;0.490601;1.000000,0.12194611719520089,0.06656064406819917,0.05538547312700172,0.050779113513902276,0.0,0.010440536160212174,0.0
T1,Step 9,0.4,boundary_constrained,pchip,SKS02,2,3,43,20.0825,3.8525,0.000000;0.191834;1.000000,0.000000;0.490601;1.000000,0.12257156519304284,0.06076026112850186,0.06181130406454098,0.056575840099868616,0.0,0.011331979261468617,0.0
T1,Step 10,0.4,boundary_constrained,pchip,SKS02,2,3,43,20.0825,3.8525,0.000000;0.191834;1.000000,0.000000;0.490601;1.000000,0.13356802548383936,0.06779392614237133,0.06577409934146804,0.06020030589619134,0.0,0.013244401009854266,0.0
T1,Step 11,0.4,boundary_constrained,pchip,SKS02,2,3,43,20.0825,3.8525,0.000000;0.191834;1.000000,0.000000;0.490601;1.000000,0.11973253408206923,0.06941049527881903,0.0503220388032502,0.04643906607252758,0.0,0.009518062862862909,0.0
T1,Step 12,0.4,boundary_constrained,pchip,SKS02,2,3,43,20.0825,3.8525,0.000000;0.191834;1.000000,0.000000;0.490601;1.000000,0.11839549670363948,0.07016993542876374,0.04822556127487575,0.044597716516655894,0.0,0.009093673801624636,0.0
T1,Step 13,0.4,boundary_constrained,pchip,SKS02,2,3,43,20.0825,3.8525,0.000000;0.191834;1.000000,0.000000;0.490601;1.000000,0.11638724219595363,0.07325668039384108,0.043130561802112555,0.039916601844975516,0.0,0.008179448923654188,0.0
T1,Step 14,0.4,boundary_constrained,pchip,SKS02,2,3,43,20.0825,3.8525,0.000000;0.191834;1.000000,0.000000;0.490601;1.000000,0.11842999039855205,0.07397563574724383,0.04445435465130822,0.041137594190175916,0.0,0.008553267941592231,0.0
T1,Step 15,0.4,boundary_constrained,pchip,SKS02,2,3,43,20.0825,3.8525,0.000000;0.191834;1.000000,0.000000;0.490601;1.000000,0.11295321981847832,0.07132399996818997,0.04162921985028835,0.0385318276488448,0.0,0.0076713168958991215,0.0
T1,Step 1,0.4,boundary_constrained,linear,SKS02,3,4,43,20.0825,3.8525,0.000000;0.191834;0.430848;1.000000,0.000000;0.331259;0.669862;1.000000,0.11418351462604913,0.07570619741443753,0.0384773172116116,0.02128378424016525,0.0,0.007306446685403388,0.0
T1,Step 2,0.4,boundary_constrained,linear,SKS02,3,4,43,20.0825,3.8525,0.000000;0.191834;0.430848;1.000000,0.000000;0.331259;0.669862;1.000000,0.07968449187982513,0.04223413416138045,0.037450357718444675,0.03018865595758132,0.0,0.004565896157784435,0.0
T1,Step 3,0.4,boundary_constrained,linear,SKS02,3,4,43,20.0825,3.8525,0.000000;0.191834;0.430848;1.000000,0.000000;0.331259;0.669862;1.000000,0.08907284425120461,0.04543576524600598,0.04363707900519863,0.039062106487261786,0.0,0.005869562819509189,0.0
T1,Step 4,0.4,boundary_constrained,linear,SKS02,3,4,43,20.0825,3.8525,0.000000;0.191834;0.430848;1.000000,0.000000;0.331259;0.669862;1.000000,0.09297657732999313,0.05057223696220165,0.04240434036779148,0.03731698438601963,0.0,0.00608709278063912,0.0
T1,Step 5,0.4,boundary_constrained,linear,SKS02,3,4,43,20.0825,3.8525,0.000000;0.191834;0.430848;1.000000,0.000000;0.331259;0.669862;1.000000,0.10047575900286417,0.05673969545492332,0.043736063547940844,0.04000300222494153,0.0,0.006875985106884192,0.0
T1,Step 6,0.4,boundary_constrained,linear,SKS02,3,4,43,20.0825,3.8525,0.000000;0.191834;0.430848;1.000000,0.000000;0.331259;0.669862;1.000000,0.10783741866067088,0.061745980966773244,0.04609143769389764,0.04228591157399194,0.0,0.007816342697847685,0.0
T1,Step 7,0.4,boundary_constrained,linear,SKS02,3,4,43,20.0825,3.8525,0.000000;0.191834;0.430848;1.000000,0.000000;0.331259;0.669862;1.000000,0.11602303333138632,0.06449253237208678,0.051530500959299536,0.047544553224183876,0.0,0.009302057531651317,0.0
T1,Step 8,0.4,boundary_constrained,linear,SKS02,3,4,43,20.0825,3.8525,0.000000;0.191834;0.430848;1.000000,0.000000;0.331259;0.669862;1.000000,0.11800386786419682,0.06796756291020223,0.050036304953994595,0.04593766438864097,0.0,0.009305323222958527,0.0
T1,Step 9,0.4,boundary_constrained,linear,SKS02,3,4,43,20.0825,3.8525,0.000000;0.191834;0.430848;1.000000,0.000000;0.331259;0.669862;1.000000,0.11504085454293177,0.06381027075079279,0.051230583792138976,0.04720137554279183,0.0,0.009162647560678501,0.0
T1,Step 10,0.4,boundary_constrained,linear,SKS02,3,4,43,20.0825,3.8525,0.000000;0.191834;0.430848;1.000000,0.000000;0.331259;0.669862;1.000000,0.12341172268295386,0.06855731129441825,0.05485441138853561,0.050374651996732356,0.0,0.01053034836365454,0.0
T1,Step 11,0.4,boundary_constrained,linear,SKS02,3,4,43,20.0825,3.8525,0.000000;0.191834;0.430848;1.000000,0.000000;0.331259;0.669862;1.000000,0.12568592647755916,0.07091273431486864,0.054773192162690526,0.050596885852689635,0.0,0.010768336226511258,0.0
T1,Step 12,0.4,boundary_constrained,linear,SKS02,3,4,43,20.0825,3.8525,0.000000;0.191834;0.430848;1.000000,0.000000;0.331259;0.669862;1.000000,0.13145246147793416,0.07241212677263988,0.05904033470529428,0.054623396929603676,0.0,0.012036233524870895,0.0
T1,Step 13,0.4,boundary_constrained,linear,SKS02,3,4,43,20.0825,3.8525,0.000000;0.191834;0.430848;1.000000,0.000000;0.331259;0.669862;1.000000,0.13245350709934725,0.07570944564120853,0.05674406145813872,0.05251846686261209,0.0,0.011812011383617723,0.0
T1,Step 14,0.4,boundary_constrained,linear,SKS02,3,4,43,20.0825,3.8525,0.000000;0.191834;0.430848;1.000000,0.000000;0.331259;0.669862;1.000000,0.132595951644574,0.07658782848189502,0.056008123162678974,0.05183642162412401,0.0,0.011715990920958033,0.0
T1,Step 15,0.4,boundary_constrained,linear,SKS02,3,4,43,20.0825,3.8525,0.000000;0.191834;0.430848;1.000000,0.000000;0.331259;0.669862;1.000000,0.12998502813463567,0.07403341732764078,0.055951610806994886,0.05178709894516857,0.0,0.011415160657953406,0.0
T1,Step 1,0.4,boundary_constrained,pchip,SKS02,3,4,43,20.0825,3.8525,0.000000;0.191834;0.430848;1.000000,0.000000;0.331259;0.669862;1.000000,0.086239869756453,0.08688739358023731,-0.0006475238237843156,-0.012664425316299313,0.0,-0.00011210402755708758,0.0
T1,Step 2,0.4,boundary_constrained,pchip,SKS02,3,4,43,20.0825,3.8525,0.000000;0.191834;0.430848;1.000000,0.000000;0.331259;0.669862;1.000000,0.03399481345002984,0.036496067930289984,-0.0025012544802601455,-0.008464487752327651,0.0,-0.0001763156328700113,0.0
T1,Step 3,0.4,boundary_constrained,pchip,SKS02,3,4,43,20.0825,3.8525,0.000000;0.191834;0.430848;1.000000,0.000000;0.331259;0.669862;1.000000,0.043370168475546304,0.03301064056493887,0.010359527910607437,0.006695479654626434,0.0,0.0007912691230896829,0.0
T1,Step 4,0.4,boundary_constrained,pchip,SKS02,3,4,43,20.0825,3.8525,0.000000;0.191834;0.430848;1.000000,0.000000;0.331259;0.669862;1.000000,0.04416875473827697,0.03543412185424346,0.008734632884033512,0.0042002612586497165,0.0,0.00069530190354869,0.0
T1,Step 5,0.4,boundary_constrained,pchip,SKS02,3,4,43,20.0825,3.8525,0.000000;0.191834;0.430848;1.000000,0.000000;0.331259;0.669862;1.000000,0.04889090629141019,0.037310928404804725,0.011579977886605468,0.009494959048683603,0.0,0.000998215339566989,0.0
T1,Step 6,0.4,boundary_constrained,pchip,SKS02,3,4,43,20.0825,3.8525,0.000000;0.191834;0.430848;1.000000,0.000000;0.331259;0.669862;1.000000,0.056654325458433887,0.04134263832290032,0.015311687135533568,0.01307522680249959,0.0,0.0015004988496520042,0.0
T1,Step 7,0.4,boundary_constrained,pchip,SKS02,3,4,43,20.0825,3.8525,0.000000;0.191834;0.430848;1.000000,0.000000;0.331259;0.669862;1.000000,0.06356688161427843,0.04138402695271208,0.022182854661566345,0.019994162203848947,0.0,0.0023281107513408892,0.0
T1,Step 8,0.4,boundary_constrained,pchip,SKS02,3,4,43,20.0825,3.8525,0.000000;0.191834;0.430848;1.000000,0.000000;0.331259;0.669862;1.000000,0.06264282296145351,0.04562718578342964,0.017015637178023874,0.014808967524445146,0.0,0.0018422831860644042,0.0
T1,Step 9,0.4,boundary_constrained,pchip,SKS02,3,4,43,20.0825,3.8525,0.000000;0.191834;0.430848;1.000000,0.000000;0.331259;0.669862;1.000000,0.057687551041358184,0.03837213716447507,0.01931541387688311,0.01715703606713327,0.0,0.0018554326345800167,0.0
T1,Step 10,0.4,boundary_constrained,pchip,SKS02,3,4,43,20.0825,3.8525,0.000000;0.191834;0.430848;1.000000,0.000000;0.331259;0.669862;1.000000,0.0648182112673913,0.04303679634892446,0.021781414918466843,0.019120367994103257,0.0,0.002349234671925375,0.0
T1,Step 11,0.4,boundary_constrained,pchip,SKS02,3,4,43,20.0825,3.8525,0.000000;0.191834;0.430848;1.000000,0.000000;0.331259;0.669862;1.000000,0.06824051789913967,0.04506575846533255,0.02317475943380712,0.02112342130917058,0.0,0.002625845697087108,0.0
T1,Step 12,0.4,boundary_constrained,pchip,SKS02,3,4,43,20.0825,3.8525,0.000000;0.191834;0.430848;1.000000,0.000000;0.331259;0.669862;1.000000,0.07356618855260094,0.04459043864799528,0.028975749904605663,0.026702784423037647,0.0,0.0034236768793362016,0.0
T1,Step 13,0.4,boundary_constrained,pchip,SKS02,3,4,43,20.0825,3.8525,0.000000;0.191834;0.430848;1.000000,0.000000;0.331259;0.669862;1.000000,0.07389125249586943,0.0475041179919308,0.026387134503938633,0.02438749249142931,0.0,0.003203275969217048,0.0
T1,Step 14,0.4,boundary_constrained,pchip,SKS02,3,4,43,20.0825,3.8525,0.000000;0.191834;0.430848;1.000000,0.000000;0.331259;0.669862;1.000000,0.07299615713415163,0.047548699551541174,0.025447457582610453,0.023525007973058787,0.0,0.003067560127311024,0.0
T1,Step 15,0.4,boundary_constrained,pchip,SKS02,3,4,43,20.0825,3.8525,0.000000;0.191834;0.430848;1.000000,0.000000;0.331259;0.669862;1.000000,0.07164776528504381,0.0455527839869103,0.026094981298133507,0.024143178722684226,0.0,0.0030583461413826174,0.0
T1,Step 1,0.4,boundary_constrained,linear,SKS02,4,5,43,20.0825,3.8525,0.000000;0.191834;0.709697;0.849122;1.000000,0.000000;0.251587;0.490601;0.749533;1.000000,0.11310448132896901,0.06452976133305838,0.048574719995910634,0.028497190772077657,0.0,0.008628533598993621,0.0
T1,Step 2,0.4,boundary_constrained,linear,SKS02,4,5,43,20.0825,3.8525,0.000000;0.191834;0.709697;0.849122;1.000000,0.000000;0.251587;0.490601;0.749533;1.000000,0.050476099638437535,0.05125289965890735,-0.0007768000204698144,-0.005744783153367343,0.0,-7.902308873655083e-05,0.0
T1,Step 3,0.4,boundary_constrained,linear,SKS02,4,5,43,20.0825,3.8525,0.000000;0.191834;0.709697;0.849122;1.000000,0.000000;0.251587;0.490601;0.749533;1.000000,0.055543813966327536,0.037521817171800205,0.01802199679452733,0.015378108227127402,0.0,0.0016772285060520007,0.0
T1,Step 4,0.4,boundary_constrained,linear,SKS02,4,5,43,20.0825,3.8525,0.000000;0.191834;0.709697;0.849122;1.000000,0.000000;0.251587;0.490601;0.749533;1.000000,0.059299997758654514,0.04188494772923038,0.01741505002942413,0.014841506166533812,0.0,0.0017621408878960693,0.0
T1,Step 5,0.4,boundary_constrained,linear,SKS02,4,5,43,20.0825,3.8525,0.000000;0.191834;0.709697;0.849122;1.000000,0.000000;0.251587;0.490601;0.749533;1.000000,0.062216392715192644,0.04955304461641401,0.012663348098778636,0.011165496068147235,0.0,0.0014153752917347594,0.0
T1,Step 6,0.4,boundary_constrained,linear,SKS02,4,5,43,20.0825,3.8525,0.000000;0.191834;0.709697;0.849122;1.000000,0.000000;0.251587;0.490601;0.749533;1.000000,0.05194774122573814,0.047362927319111764,0.004584813906626378,0.004043478775136521,0.0,0.00045532093422079084,0.0
T1,Step 7,0.4,boundary_constrained,linear,SKS02,4,5,43,20.0825,3.8525,0.000000;0.191834;0.709697;0.849122;1.000000,0.000000;0.251587;0.490601;0.749533;1.000000,0.049207802763953146,0.05245051540209676,-0.003242712638143616,-0.0032719302508381065,0.0,-0.00032964871308947466,0.0
T1,Step 8,0.4,boundary_constrained,linear,SKS02,4,5,43,20.0825,3.8525,0.000000;0.191834;0.709697;0.849122;1.000000,0.000000;0.251587;0.490601;0.749533;1.000000,0.04614733772240203,0.04977264799333595,-0.0036253102709339208,-0.0033770455244827163,0.0,-0.00034773970940310024,0.0
T1,Step 9,0.4,boundary_constrained,linear,SKS02,4,5,43,20.0825,3.8525,0.000000;0.191834;0.709697;0.849122;1.000000,0.000000;0.251587;0.490601;0.749533;1.000000,0.03953428334992174,0.04769439567577178,-0.008160112325850039,-0.007787112905805103,0.0,-0.0007117958188851785,0.0
T1,Step 10,0.4,boundary_constrained,linear,SKS02,4,5,43,20.0825,3.8525,0.000000;0.191834;0.709697;0.849122;1.000000,0.000000;0.251587;0.490601;0.749533;1.000000,0.04503436350652528,0.051248104983403764,-0.006213741476878483,-0.005906373822245806,0.0,-0.0005982743679521178,0.0
T1,Step 11,0.4,boundary_constrained,linear,SKS02,4,5,43,20.0825,3.8525,0.000000;0.191834;0.709697;0.849122;1.000000,0.000000;0.251587;0.490601;0.749533;1.000000,0.04268124486974394,0.05304152494752294,-0.010360280077779005,-0.009592407845498106,0.0,-0.0009917147051276556,0.0
T1,Step 12,0.4,boundary_constrained,linear,SKS02,4,5,43,20.0825,3.8525,0.000000;0.191834;0.709697;0.849122;1.000000,0.000000;0.251587;0.490601;0.749533;1.000000,0.037884346682336575,0.05280247536377696,-0.014918128681440386,-0.013802041772468597,0.0,-0.001352877680994806,0.0
T1,Step 13,0.4,boundary_constrained,linear,SKS02,4,5,43,20.0825,3.8525,0.000000;0.191834;0.709697;0.849122;1.000000,0.000000;0.251587;0.490601;0.749533;1.000000,0.03659886875802796,0.05478899189710022,-0.018190123139072263,-0.016822127514892538,0.0,-0.0016623564387331592,0.0
T1,Step 14,0.4,boundary_constrained,linear,SKS02,4,5,43,20.0825,3.8525,0.000000;0.191834;0.709697;0.849122;1.000000,0.000000;0.251587;0.490601;0.749533;1.000000,0.03709163393877515,0.05459397284516661,-0.01750233890639146,-0.016185965765881008,0.0,-0.0016047125627706928,0.0
T1,Step 15,0.4,boundary_constrained,linear,SKS02,4,5,43,20.0825,3.8525,0.000000;0.191834;0.709697;0.849122;1.000000,0.000000;0.251587;0.490601;0.749533;1.000000,0.03432902999525431,0.050984650781555806,-0.0166556207863015,-0.01540150373281815,0.0,-0.0014209523149021292,0.0
T1,Step 1,0.4,boundary_constrained,pchip,SKS02,4,5,43,20.0825,3.8525,0.000000;0.191834;0.709697;0.849122;1.000000,0.000000;0.251587;0.490601;0.749533;1.000000,0.1218891156692264,0.06631371585652446,0.055575399812701945,0.03570208244267213,0.0,0.010459447607926189,0.0
T1,Step 2,0.4,boundary_constrained,pchip,SKS02,4,5,43,20.0825,3.8525,0.000000;0.191834;0.709697;0.849122;1.000000,0.000000;0.251587;0.490601;0.749533;1.000000,0.04637152262166514,0.049738941275200094,-0.0033674186535349523,-0.008532593591402314,0.0,-0.00032364416892620234,0.0
T1,Step 3,0.4,boundary_constrained,pchip,SKS02,4,5,43,20.0825,3.8525,0.000000;0.191834;0.709697;0.849122;1.000000,0.000000;0.251587;0.490601;0.749533;1.000000,0.049467308882255104,0.030745688682032316,0.018721620200222788,0.015626119821882164,0.0,0.001501717275519985,0.0
T1,Step 4,0.4,boundary_constrained,pchip,SKS02,4,5,43,20.0825,3.8525,0.000000;0.191834;0.709697;0.849122;1.000000,0.000000;0.251587;0.490601;0.749533;1.000000,0.05647594253192852,0.031975906908071755,0.024500035623856768,0.021021527843786428,0.0,0.0021670734622760224,0.0
T1,Step 5,0.4,boundary_constrained,pchip,SKS02,4,5,43,20.0825,3.8525,0.000000;0.191834;0.709697;0.849122;1.000000,0.000000;0.251587;0.490601;0.749533;1.000000,0.06120017637779212,0.0374348821548669,0.02376529422292522,0.02118550738878204,0.0,0.0023440911867240915,0.0
T1,Step 6,0.4,boundary_constrained,pchip,SKS02,4,5,43,20.0825,3.8525,0.000000;0.191834;0.709697;0.849122;1.000000,0.000000;0.251587;0.490601;0.749533;1.000000,0.04440256446936593,0.03195829153831259,0.012444272931053338,0.011148327786738285,0.0,0.0009502553334084159,0.0
T1,Step 7,0.4,boundary_constrained,pchip,SKS02,4,5,43,20.0825,3.8525,0.000000;0.191834;0.709697;0.849122;1.000000,0.000000;0.251587;0.490601;0.749533;1.000000,0.043005232821039546,0.037633639775225436,0.00537159304581411,0.004514606807700092,0.0,0.0004331592072603868,0.0
T1,Step 8,0.4,boundary_constrained,pchip,SKS02,4,5,43,20.0825,3.8525,0.000000;0.191834;0.709697;0.849122;1.000000,0.000000;0.251587;0.490601;0.749533;1.000000,0.03630001907503646,0.03230791386656207,0.003992105208474386,0.003656921354523914,0.0,0.0002738900864388173,0.0
T1,Step 9,0.4,boundary_constrained,pchip,SKS02,4,5,43,20.0825,3.8525,0.000000;0.191834;0.709697;0.849122;1.000000,0.000000;0.251587;0.490601;0.749533;1.000000,0.029723869716294083,0.031041742026516623,-0.0013178723102225398,-0.0016374275586775976,0.0,-8.008131712958383e-05,0.0
T1,Step 10,0.4,boundary_constrained,pchip,SKS02,4,5,43,20.0825,3.8525,0.000000;0.191834;0.709697;0.849122;1.000000,0.000000;0.251587;0.490601;0.749533;1.000000,0.03757191579346985,0.033165642135399895,0.004406273658069955,0.003845299705153526,0.0,0.00031168903813817575,0.0
T1,Step 11,0.4,boundary_constrained,pchip,SKS02,4,5,43,20.0825,3.8525,0.000000;0.191834;0.709697;0.849122;1.000000,0.000000;0.251587;0.490601;0.749533;1.000000,0.033833224868818505,0.03398681620330606,-0.00015359133448755724,-0.00016303251975997163,0.0,-1.0416570613268533e-05,0.0
T1,Step 12,0.4,boundary_constrained,pchip,SKS02,4,5,43,20.0825,3.8525,0.000000;0.191834;0.709697;0.849122;1.000000,0.000000;0.251587;0.490601;0.749533;1.000000,0.025339237719352016,0.032942068523618,-0.007602830804265985,-0.00703486872098949,0.0,-0.00044310291041691196,0.0
T1,Step 13,0.4,boundary_constrained,pchip,SKS02,4,5,43,20.0825,3.8525,0.000000;0.191834;0.709697;0.849122;1.000000,0.000000;0.251587;0.490601;0.749533;1.000000,0.025155574609000236,0.0342344401578828,-0.009078865548882566,-0.008379930510379358,0.0,-0.0005391939590146812,0.0
T1,Step 14,0.4,boundary_constrained,pchip,SKS02,4,5,43,20.0825,3.8525,0.000000;0.191834;0.709697;0.849122;1.000000,0.000000;0.251587;0.490601;0.749533;1.000000,0.02683680210746148,0.03365922819634807,-0.0068224260888865886,-0.006302760901906981,0.0,-0.00041272969541878427,0.0
T1,Step 15,0.4,boundary_constrained,pchip,SKS02,4,5,43,20.0825,3.8525,0.000000;0.191834;0.709697;0.849122;1.000000,0.000000;0.251587;0.490601;0.749533;1.000000,0.025674818414075262,0.030300867752611472,-0.00462604933853621,-0.00425462815758771,0.0,-0.0002589462859655117,0.0
T1,Step 1,0.4,boundary_constrained,linear,SKS03,2,3,43,20.0825,3.8525,0.000000;0.191834;1.000000,0.000000;0.490601;1.000000,0.16283315056750705,0.07312480643027443,0.08970834413723262,0.06682104506920299,0.0,0.021167397608275317,0.0
T1,Step 2,0.4,boundary_constrained,linear,SKS03,2,3,43,20.0825,3.8525,0.000000;0.191834;1.000000,0.000000;0.490601;1.000000,0.14682326350206368,0.060352890699781316,0.08647037280228237,0.07665858778892051,0.0,0.01791459928957667,0.0
T1,Step 3,0.4,boundary_constrained,linear,SKS03,2,3,43,20.0825,3.8525,0.000000;0.191834;1.000000,0.000000;0.490601;1.000000,0.15026167705483853,0.06756826695927262,0.08269341009556591,0.07605315462223326,0.0,0.018013100891453058,0.0
T1,Step 4,0.4,boundary_constrained,linear,SKS03,2,3,43,20.0825,3.8525,0.000000;0.191834;1.000000,0.000000;0.490601;1.000000,0.15957852692962887,0.07513930909606154,0.08443921783356734,0.07743121075869423,0.0,0.019819390485596812,0.0
T1,Step 5,0.4,boundary_constrained,linear,SKS03,2,3,43,20.0825,3.8525,0.000000;0.191834;1.000000,0.000000;0.490601;1.000000,0.16939418480055202,0.08720122609505496,0.08219295870549706,0.0758972657460595,0.0,0.021090336011762675,0.0
T1,Step 6,0.4,boundary_constrained,linear,SKS03,2,3,43,20.0825,3.8525,0.000000;0.191834;1.000000,0.000000;0.490601;1.000000,0.17256424393079983,0.09619663785090443,0.0763676060798954,0.07066325178019457,0.0,0.020524625149590525,0.0
T1,Step 7,0.4,boundary_constrained,linear,SKS03,2,3,43,20.0825,3.8525,0.000000;0.191834;1.000000,0.000000;0.490601;1.000000,0.18064018037163954,0.10001058411866044,0.0806295962529791,0.07460360190427491,0.0,0.022628757828942813,0.0
T1,Step 8,0.4,boundary_constrained,linear,SKS03,2,3,43,20.0825,3.8525,0.000000;0.191834;1.000000,0.000000;0.490601;1.000000,0.18602594967375072,0.10615220243107644,0.07987374724267428,0.07391843241014089,0.0,0.023337363871052598,0.0
T1,Step 9,0.4,boundary_constrained,linear,SKS03,2,3,43,20.0825,3.8525,0.000000;0.191834;1.000000,0.000000;0.490601;1.000000,0.1849861324737669,0.10146716635477782,0.0835189661189891,0.07725774056513571,0.0,0.023924283359533883,0.0
T1,Step 10,0.4,boundary_constrained,linear,SKS03,2,3,43,20.0825,3.8525,0.000000;0.191834;1.000000,0.000000;0.490601;1.000000,0.19421948194400396,0.10930228263032107,0.08491719931368288,0.07852302020937406,0.0,0.025774218178398697,0.0
T1,Step 11,0.4,boundary_constrained,linear,SKS03,2,3,43,20.0825,3.8525,0.000000;0.191834;1.000000,0.000000;0.490601;1.000000,0.19409688857620294,0.11265267973339864,0.0814442088428043,0.07537958539321787,0.0,0.02498297590384725,0.0
T1,Step 12,0.4,boundary_constrained,linear,SKS03,2,3,43,20.0825,3.8525,0.000000;0.191834;1.000000,0.000000;0.490601;1.000000,0.19873998967785164,0.11567534993913223,0.08306463973871941,0.07686833109111553,0.0,0.02611679691361188,0.0
T1,Step 13,0.4,boundary_constrained,linear,SKS03,2,3,43,20.0825,3.8525,0.000000;0.191834;1.000000,0.000000;0.490601;1.000000,0.200666592290426,0.11914869542281663,0.08151789686760937,0.07539943014954917,0.0,0.026070669640492934,0.0
T1,Step 14,0.4,boundary_constrained,linear,SKS03,2,3,43,20.0825,3.8525,0.000000;0.191834;1.000000,0.000000;0.490601;1.000000,0.2019475717398534,0.1200035219461276,0.0819440497937258,0.07580527410860224,0.0,0.026381976452148504,0.0
T1,Step 15,0.4,boundary_constrained,linear,SKS03,2,3,43,20.0825,3.8525,0.000000;0.191834;1.000000,0.000000;0.490601;1.000000,0.1974291315713238,0.11710297015373095,0.08032616141759286,0.07428932700242397,0.0,0.025265156374181478,0.0
T1,Step 1,0.4,boundary_constrained,pchip,SKS03,2,3,43,20.0825,3.8525,0.000000;0.191834;1.000000,0.000000;0.490601;1.000000,0.21468035386369017,0.07843510967718288,0.1362452441865073,0.10446839732728291,0.0,0.03993558790496752,0.0
T1,Step 2,0.4,boundary_constrained,pchip,SKS03,2,3,43,20.0825,3.8525,0.000000;0.191834;1.000000,0.000000;0.490601;1.000000,0.13431242804165255,0.048540982826733574,0.08577144521491897,0.07146763032214565,0.0,0.015683601312658856,0.0
T1,Step 3,0.4,boundary_constrained,pchip,SKS03,2,3,43,20.0825,3.8525,0.000000;0.191834;1.000000,0.000000;0.490601;1.000000,0.10736739268357949,0.041243834700420944,0.06612355798315855,0.05810835040830559,0.0,0.00982670311087431,0.0
T1,Step 4,0.4,boundary_constrained,pchip,SKS03,2,3,43,20.0825,3.8525,0.000000;0.191834;1.000000,0.000000;0.490601;1.000000,0.12419623585522467,0.045602362812295155,0.07859387304292952,0.06914192262970675,0.0,0.013345129506542394,0.0
T1,Step 5,0.4,boundary_constrained,pchip,SKS03,2,3,43,20.0825,3.8525,0.000000;0.191834;1.000000,0.000000;0.490601;1.000000,0.1190590227771583,0.053161573729311865,0.06589744904784643,0.05942987964987467,0.0,0.011348897983274837,0.0
T1,Step 6,0.4,boundary_constrained,pchip,SKS03,2,3,43,20.0825,3.8525,0.000000;0.191834;1.000000,0.000000;0.490601;1.000000,0.11515580394897806,0.060051548842119946,0.05510425510685812,0.0502353131670674,0.0,0.009654670664797955,0.0
T1,Step 7,0.4,boundary_constrained,pchip,SKS03,2,3,43,20.0825,3.8525,0.000000;0.191834;1.000000,0.000000;0.490601;1.000000,0.11785660312063305,0.06167331244199418,0.05618329067863887,0.05139408778270271,0.0,0.010086581431566577,0.0
T1,Step 8,0.4,boundary_constrained,pchip,SKS03,2,3,43,20.0825,3.8525,0.000000;0.191834;1.000000,0.000000;0.490601;1.000000,0.12194611719520089,0.06656064406819917,0.05538547312700172,0.050779113513902276,0.0,0.010440536160212174,0.0
T1,Step 9,0.4,boundary_constrained,pchip,SKS03,2,3,43,20.0825,3.8525,0.000000;0.191834;1.000000,0.000000;0.490601;1.000000,0.12257156519304284,0.06076026112850186,0.06181130406454098,0.056575840099868616,0.0,0.011331979261468617,0.0
T1,Step 10,0.4,boundary_constrained,pchip,SKS03,2,3,43,20.0825,3.8525,0.000000;0.191834;1.000000,0.000000;0.490601;1.000000,0.13356802548383936,0.06779392614237133,0.06577409934146804,0.06020030589619134,0.0,0.013244401009854266,0.0
T1,Step 11,0.4,boundary_constrained,pchip,SKS03,2,3,43,20.0825,3.8525,0.000000;0.191834;1.000000,0.000000;0.490601;1.000000,0.11973253408206923,0.06941049527881903,0.0503220388032502,0.04643906607252758,0.0,0.009518062862862909,0.0
T1,Step 12,0.4,boundary_constrained,pchip,SKS03,2,3,43,20.0825,3.8525,0.000000;0.191834;1.000000,0.000000;0.490601;1.000000,0.11839549670363948,0.07016993542876374,0.04822556127487575,0.044597716516655894,0.0,0.009093673801624636,0.0
T1,Step 13,0.4,boundary_constrained,pchip,SKS03,2,3,43,20.0825,3.8525,0.000000;0.191834;1.000000,0.000000;0.490601;1.000000,0.11638724219595363,0.07325668039384108,0.043130561802112555,0.039916601844975516,0.0,0.008179448923654188,0.0
T1,Step 14,0.4,boundary_constrained,pchip,SKS03,2,3,43,20.0825,3.8525,0.000000;0.191834;1.000000,0.000000;0.490601;1.000000,0.11842999039855205,0.07397563574724383,0.04445435465130822,0.041137594190175916,0.0,0.008553267941592231,0.0
T1,Step 15,0.4,boundary_constrained,pchip,SKS03,2,3,43,20.0825,3.8525,0.000000;0.191834;1.000000,0.000000;0.490601;1.000000,0.11295321981847832,0.07132399996818997,0.04162921985028835,0.0385318276488448,0.0,0.0076713168958991215,0.0
T1,Step 1,0.4,boundary_constrained,linear,SKS03,3,4,43,20.0825,3.8525,0.000000;0.191834;0.430848;1.000000,0.000000;0.331259;0.669862;1.000000,0.11418351462604913,0.07570619741443753,0.0384773172116116,0.02128378424016525,0.0,0.007306446685403388,0.0
T1,Step 2,0.4,boundary_constrained,linear,SKS03,3,4,43,20.0825,3.8525,0.000000;0.191834;0.430848;1.000000,0.000000;0.331259;0.669862;1.000000,0.07968449187982513,0.04223413416138045,0.037450357718444675,0.03018865595758132,0.0,0.004565896157784435,0.0
T1,Step 3,0.4,boundary_constrained,linear,SKS03,3,4,43,20.0825,3.8525,0.000000;0.191834;0.430848;1.000000,0.000000;0.331259;0.669862;1.000000,0.08907284425120461,0.04543576524600598,0.04363707900519863,0.039062106487261786,0.0,0.005869562819509189,0.0
T1,Step 4,0.4,boundary_constrained,linear,SKS03,3,4,43,20.0825,3.8525,0.000000;0.191834;0.430848;1.000000,0.000000;0.331259;0.669862;1.000000,0.09297657732999313,0.05057223696220165,0.04240434036779148,0.03731698438601963,0.0,0.00608709278063912,0.0
T1,Step 5,0.4,boundary_constrained,linear,SKS03,3,4,43,20.0825,3.8525,0.000000;0.191834;0.430848;1.000000,0.000000;0.331259;0.669862;1.000000,0.10047575900286417,0.05673969545492332,0.043736063547940844,0.04000300222494153,0.0,0.006875985106884192,0.0
T1,Step 6,0.4,boundary_constrained,linear,SKS03,3,4,43,20.0825,3.8525,0.000000;0.191834;0.430848;1.000000,0.000000;0.331259;0.669862;1.000000,0.10783741866067088,0.061745980966773244,0.04609143769389764,0.04228591157399194,0.0,0.007816342697847685,0.0
T1,Step 7,0.4,boundary_constrained,linear,SKS03,3,4,43,20.0825,3.8525,0.000000;0.191834;0.430848;1.000000,0.000000;0.331259;0.669862;1.000000,0.11602303333138632,0.06449253237208678,0.051530500959299536,0.047544553224183876,0.0,0.009302057531651317,0.0
T1,Step 8,0.4,boundary_constrained,linear,SKS03,3,4,43,20.0825,3.8525,0.000000;0.191834;0.430848;1.000000,0.000000;0.331259;0.669862;1.000000,0.11800386786419682,0.06796756291020223,0.050036304953994595,0.04593766438864097,0.0,0.009305323222958527,0.0
T1,Step 9,0.4,boundary_constrained,linear,SKS03,3,4,43,20.0825,3.8525,0.000000;0.191834;0.430848;1.000000,0.000000;0.331259;0.669862;1.000000,0.11504085454293177,0.06381027075079279,0.051230583792138976,0.04720137554279183,0.0,0.009162647560678501,0.0
T1,Step 10,0.4,boundary_constrained,linear,SKS03,3,4,43,20.0825,3.8525,0.000000;0.191834;0.430848;1.000000,0.000000;0.331259;0.669862;1.000000,0.12341172268295386,0.06855731129441825,0.05485441138853561,0.050374651996732356,0.0,0.01053034836365454,0.0
T1,Step 11,0.4,boundary_constrained,linear,SKS03,3,4,43,20.0825,3.8525,0.000000;0.191834;0.430848;1.000000,0.000000;0.331259;0.669862;1.000000,0.12568592647755916,0.07091273431486864,0.054773192162690526,0.050596885852689635,0.0,0.010768336226511258,0.0
T1,Step 12,0.4,boundary_constrained,linear,SKS03,3,4,43,20.0825,3.8525,0.000000;0.191834;0.430848;1.000000,0.000000;0.331259;0.669862;1.000000,0.13145246147793416,0.07241212677263988,0.05904033470529428,0.054623396929603676,0.0,0.012036233524870895,0.0
T1,Step 13,0.4,boundary_constrained,linear,SKS03,3,4,43,20.0825,3.8525,0.000000;0.191834;0.430848;1.000000,0.000000;0.331259;0.669862;1.000000,0.13245350709934725,0.07570944564120853,0.05674406145813872,0.05251846686261209,0.0,0.011812011383617723,0.0
T1,Step 14,0.4,boundary_constrained,linear,SKS03,3,4,43,20.0825,3.8525,0.000000;0.191834;0.430848;1.000000,0.000000;0.331259;0.669862;1.000000,0.132595951644574,0.07658782848189502,0.056008123162678974,0.05183642162412401,0.0,0.011715990920958033,0.0
T1,Step 15,0.4,boundary_constrained,linear,SKS03,3,4,43,20.0825,3.8525,0.000000;0.191834;0.430848;1.000000,0.000000;0.331259;0.669862;1.000000,0.12998502813463567,0.07403341732764078,0.055951610806994886,0.05178709894516857,0.0,0.011415160657953406,0.0
T1,Step 1,0.4,boundary_constrained,pchip,SKS03,3,4,43,20.0825,3.8525,0.000000;0.191834;0.430848;1.000000,0.000000;0.331259;0.669862;1.000000,0.086239869756453,0.08688739358023731,-0.0006475238237843156,-0.012664425316299313,0.0,-0.00011210402755708758,0.0
T1,Step 2,0.4,boundary_constrained,pchip,SKS03,3,4,43,20.0825,3.8525,0.000000;0.191834;0.430848;1.000000,0.000000;0.331259;0.669862;1.000000,0.03399481345002984,0.036496067930289984,-0.0025012544802601455,-0.008464487752327651,0.0,-0.0001763156328700113,0.0
T1,Step 3,0.4,boundary_constrained,pchip,SKS03,3,4,43,20.0825,3.8525,0.000000;0.191834;0.430848;1.000000,0.000000;0.331259;0.669862;1.000000,0.043370168475546304,0.03301064056493887,0.010359527910607437,0.006695479654626434,0.0,0.0007912691230896829,0.0
T1,Step 4,0.4,boundary_constrained,pchip,SKS03,3,4,43,20.0825,3.8525,0.000000;0.191834;0.430848;1.000000,0.000000;0.331259;0.669862;1.000000,0.04416875473827697,0.03543412185424346,0.008734632884033512,0.0042002612586497165,0.0,0.00069530190354869,0.0
T1,Step 5,0.4,boundary_constrained,pchip,SKS03,3,4,43,20.0825,3.8525,0.000000;0.191834;0.430848;1.000000,0.000000;0.331259;0.669862;1.000000,0.04889090629141019,0.037310928404804725,0.011579977886605468,0.009494959048683603,0.0,0.000998215339566989,0.0
T1,Step 6,0.4,boundary_constrained,pchip,SKS03,3,4,43,20.0825,3.8525,0.000000;0.191834;0.430848;1.000000,0.000000;0.331259;0.669862;1.000000,0.056654325458433887,0.04134263832290032,0.015311687135533568,0.01307522680249959,0.0,0.0015004988496520042,0.0
T1,Step 7,0.4,boundary_constrained,pchip,SKS03,3,4,43,20.0825,3.8525,0.000000;0.191834;0.430848;1.000000,0.000000;0.331259;0.669862;1.000000,0.06356688161427843,0.04138402695271208,0.022182854661566345,0.019994162203848947,0.0,0.0023281107513408892,0.0
T1,Step 8,0.4,boundary_constrained,pchip,SKS03,3,4,43,20.0825,3.8525,0.000000;0.191834;0.430848;1.000000,0.000000;0.331259;0.669862;1.000000,0.06264282296145351,0.04562718578342964,0.017015637178023874,0.014808967524445146,0.0,0.0018422831860644042,0.0
T1,Step 9,0.4,boundary_constrained,pchip,SKS03,3,4,43,20.0825,3.8525,0.000000;0.191834;0.430848;1.000000,0.000000;0.331259;0.669862;1.000000,0.057687551041358184,0.03837213716447507,0.01931541387688311,0.01715703606713327,0.0,0.0018554326345800167,0.0
T1,Step 10,0.4,boundary_constrained,pchip,SKS03,3,4,43,20.0825,3.8525,0.000000;0.191834;0.430848;1.000000,0.000000;0.331259;0.669862;1.000000,0.0648182112673913,0.04303679634892446,0.021781414918466843,0.019120367994103257,0.0,0.002349234671925375,0.0
T1,Step 11,0.4,boundary_constrained,pchip,SKS03,3,4,43,20.0825,3.8525,0.000000;0.191834;0.430848;1.000000,0.000000;0.331259;0.669862;1.000000,0.06824051789913967,0.04506575846533255,0.02317475943380712,0.02112342130917058,0.0,0.002625845697087108,0.0
T1,Step 12,0.4,boundary_constrained,pchip,SKS03,3,4,43,20.0825,3.8525,0.000000;0.191834;0.430848;1.000000,0.000000;0.331259;0.669862;1.000000,0.07356618855260094,0.04459043864799528,0.028975749904605663,0.026702784423037647,0.0,0.0034236768793362016,0.0
T1,Step 13,0.4,boundary_constrained,pchip,SKS03,3,4,43,20.0825,3.8525,0.000000;0.191834;0.430848;1.000000,0.000000;0.331259;0.669862;1.000000,0.07389125249586943,0.0475041179919308,0.026387134503938633,0.02438749249142931,0.0,0.003203275969217048,0.0
T1,Step 14,0.4,boundary_constrained,pchip,SKS03,3,4,43,20.0825,3.8525,0.000000;0.191834;0.430848;1.000000,0.000000;0.331259;0.669862;1.000000,0.07299615713415163,0.047548699551541174,0.025447457582610453,0.023525007973058787,0.0,0.003067560127311024,0.0
T1,Step 15,0.4,boundary_constrained,pchip,SKS03,3,4,43,20.0825,3.8525,0.000000;0.191834;0.430848;1.000000,0.000000;0.331259;0.669862;1.000000,0.07164776528504381,0.0455527839869103,0.026094981298133507,0.024143178722684226,0.0,0.0030583461413826174,0.0
T1,Step 1,0.4,boundary_constrained,linear,SKS03,4,5,43,20.0825,3.8525,0.000000;0.191834;0.570273;0.849122;1.000000,0.000000;0.251587;0.490601;0.749533;1.000000,0.0671701973024229,0.06452976133305838,0.0026404359693645157,-0.01406385280113906,0.0,0.0003477453079449429,0.0
T1,Step 2,0.4,boundary_constrained,linear,SKS03,4,5,43,20.0825,3.8525,0.000000;0.191834;0.570273;0.849122;1.000000,0.000000;0.251587;0.490601;0.749533;1.000000,0.028695523927423056,0.05125289965890735,-0.022557375731484294,-0.025915597360461062,0.0,-0.0018034266299767157,0.0
T1,Step 3,0.4,boundary_constrained,linear,SKS03,4,5,43,20.0825,3.8525,0.000000;0.191834;0.570273;0.849122;1.000000,0.000000;0.251587;0.490601;0.749533;1.000000,0.026203869358102493,0.037521817171800205,-0.011317947813697712,-0.011839483988557546,0.0,-0.0007212439945374981,0.0
T1,Step 4,0.4,boundary_constrained,linear,SKS03,4,5,43,20.0825,3.8525,0.000000;0.191834;0.570273;0.849122;1.000000,0.000000;0.251587;0.490601;0.749533;1.000000,0.027466648435202624,0.04188494772923038,-0.01441829929402776,-0.014643639834412275,0.0,-0.0009999320700173429,0.0
T1,Step 5,0.4,boundary_constrained,linear,SKS03,4,5,43,20.0825,3.8525,0.000000;0.191834;0.570273;0.849122;1.000000,0.000000;0.251587;0.490601;0.749533;1.000000,0.027006549237881566,0.04955304461641401,-0.02254649537853244,-0.021460595086439636,0.0,-0.0017261505290181954,0.0
T1,Step 6,0.4,boundary_constrained,linear,SKS03,4,5,43,20.0825,3.8525,0.000000;0.191834;0.570273;0.849122;1.000000,0.000000;0.251587;0.490601;0.749533;1.000000,0.026043784962771974,0.047362927319111764,-0.02131914235633979,-0.0199596545486565,0.0,-0.0015649681490483556,0.0
T1,Step 7,0.4,boundary_constrained,linear,SKS03,4,5,43,20.0825,3.8525,0.000000;0.191834;0.570273;0.849122;1.000000,0.000000;0.251587;0.490601;0.749533;1.000000,0.025114076425769623,0.05245051540209676,-0.02733643897632714,-0.02560663514497766,0.0,-0.0021203397312261913,0.0
T1,Step 8,0.4,boundary_constrained,linear,SKS03,4,5,43,20.0825,3.8525,0.000000;0.191834;0.570273;0.849122;1.000000,0.000000;0.251587;0.490601;0.749533;1.000000,0.027133906910353882,0.04977264799333595,-0.02263874108298207,-0.020990331790860878,0.0,-0.0017410675840487796,0.0
T1,Step 9,0.4,boundary_constrained,linear,SKS03,4,5,43,20.0825,3.8525,0.000000;0.191834;0.570273;0.849122;1.000000,0.000000;0.251587;0.490601;0.749533;1.000000,0.02274391106274815,0.04769439567577178,-0.02495048461302363,-0.023346341796640475,0.0,-0.0017574698884468805,0.0
T1,Step 10,0.4,boundary_constrained,linear,SKS03,4,5,43,20.0825,3.8525,0.000000;0.191834;0.570273;0.849122;1.000000,0.000000;0.251587;0.490601;0.749533;1.000000,0.02568694115893174,0.051248104983403764,-0.025561163824472023,-0.02384007688123167,0.0,-0.0019665493182875527,0.0
T1,Step 11,0.4,boundary_constrained,linear,SKS03,4,5,43,20.0825,3.8525,0.000000;0.191834;0.570273;0.849122;1.000000,0.000000;0.251587;0.490601;0.749533;1.000000,0.022474945299286817,0.05304152494752294,-0.030566579648236124,-0.02831772951127161,0.0,-0.002308280202552764,0.0
T1,Step 12,0.4,boundary_constrained,linear,SKS03,4,5,43,20.0825,3.8525,0.000000;0.191834;0.570273;0.849122;1.000000,0.000000;0.251587;0.490601;0.749533;1.000000,0.022803542545306647,0.05280247536377696,-0.029998932818470315,-0.027781630641909565,0.0,-0.002268099851926662,0.0
T1,Step 13,0.4,boundary_constrained,linear,SKS03,4,5,43,20.0825,3.8525,0.000000;0.191834;0.570273;0.849122;1.000000,0.000000;0.251587;0.490601;0.749533;1.000000,0.022663749607593764,0.05478899189710022,-0.03212524228950646,-0.029732662270231462,0.0,-0.002488188086824808,0.0
T1,Step 14,0.4,boundary_constrained,linear,SKS03,4,5,43,20.0825,3.8525,0.000000;0.191834;0.570273;0.849122;1.000000,0.000000;0.251587;0.490601;0.749533;1.000000,0.02272553381119674,0.05459397284516661,-0.03186843903396987,-0.029489828616118652,0.0,-0.002464051984014943,0.0
T1,Step 15,0.4,boundary_constrained,linear,SKS03,4,5,43,20.0825,3.8525,0.000000;0.191834;0.570273;0.849122;1.000000,0.000000;0.251587;0.490601;0.749533;1.000000,0.020364210675611172,0.050984650781555806,-0.030620440105944634,-0.028340371030798915,0.0,-0.0021847335388765227,0.0
T1,Step 1,0.4,boundary_constrained,pchip,SKS03,4,5,43,20.0825,3.8525,0.000000;0.191834;0.570273;0.849122;1.000000,0.000000;0.251587;0.490601;0.749533;1.000000,0.0655713647308318,0.06631371585652446,-0.0007423511256926529,-0.016480755477647775,0.0,-9.790503803609063e-05,0.0
T1,Step 2,0.4,boundary_constrained,pchip,SKS03,4,5,43,20.0825,3.8525,0.000000;0.191834;0.570273;0.849122;1.000000,0.000000;0.251587;0.490601;0.749533;1.000000,0.03438490528395937,0.049738941275200094,-0.015354035991240723,-0.019633691625130484,0.0,-0.001291640567790947,0.0
T1,Step 3,0.4,boundary_constrained,pchip,SKS03,4,5,43,20.0825,3.8525,0.000000;0.191834;0.570273;0.849122;1.000000,0.000000;0.251587;0.490601;0.749533;1.000000,0.026483757551882016,0.030745688682032316,-0.0042619311301503,-0.005697741305018007,0.0,-0.00024390795846558218,0.0
T1,Step 4,0.4,boundary_constrained,pchip,SKS03,4,5,43,20.0825,3.8525,0.000000;0.191834;0.570273;0.849122;1.000000,0.000000;0.251587;0.490601;0.749533;1.000000,0.029151887603355953,0.031975906908071755,-0.0028240193047158017,-0.004283968925766962,0.0,-0.00017262607175497246,0.0
T1,Step 5,0.4,boundary_constrained,pchip,SKS03,4,5,43,20.0825,3.8525,0.000000;0.191834;0.570273;0.849122;1.000000,0.000000;0.251587;0.490601;0.749533;1.000000,0.030073349544093395,0.0374348821548669,-0.007361532610773505,-0.0076498811866952815,0.0,-0.00049696404914755,0.0
T1,Step 6,0.4,boundary_constrained,pchip,SKS03,4,5,43,20.0825,3.8525,0.000000;0.191834;0.570273;0.849122;1.000000,0.000000;0.251587;0.490601;0.749533;1.000000,0.02591272206490885,0.03195829153831259,-0.0060455694734037405,-0.00598605506995592,0.0,-0.00034986323323456795,0.0
T1,Step 7,0.4,boundary_constrained,pchip,SKS03,4,5,43,20.0825,3.8525,0.000000;0.191834;0.570273;0.849122;1.000000,0.000000;0.251587;0.490601;0.749533;1.000000,0.02531896058878624,0.037633639775225436,-0.012314679186439196,-0.011880595506393463,0.0,-0.0007752410774349191,0.0
T1,Step 8,0.4,boundary_constrained,pchip,SKS03,4,5,43,20.0825,3.8525,0.000000;0.191834;0.570273;0.849122;1.000000,0.000000;0.251587;0.490601;0.749533;1.000000,0.021357480511198717,0.03230791386656207,-0.010950433355363356,-0.010187894389947497,0.0,-0.0005876593246229606,0.0
T1,Step 9,0.4,boundary_constrained,pchip,SKS03,4,5,43,20.0825,3.8525,0.000000;0.191834;0.570273;0.849122;1.000000,0.000000;0.251587;0.490601;0.749533;1.000000,0.0201636916561923,0.031041742026516623,-0.010878050370324324,-0.010499600876541847,0.0,-0.0005570152868348093,0.0
T1,Step 10,0.4,boundary_constrained,pchip,SKS03,4,5,43,20.0825,3.8525,0.000000;0.191834;0.570273;0.849122;1.000000,0.000000;0.251587;0.490601;0.749533;1.000000,0.022535173126511352,0.033165642135399895,-0.010630469008888543,-0.010094633938825814,0.0,-0.0005921257904115735,0.0
T1,Step 11,0.4,boundary_constrained,pchip,SKS03,4,5,43,20.0825,3.8525,0.000000;0.191834;0.570273;0.849122;1.000000,0.000000;0.251587;0.490601;0.749533;1.000000,0.021330746754762986,0.03398681620330606,-0.012656069448543077,-0.011749899068338121,0.0,-0.000700102918521476,0.0
T1,Step 12,0.4,boundary_constrained,pchip,SKS03,4,5,43,20.0825,3.8525,0.000000;0.191834;0.570273;0.849122;1.000000,0.000000;0.251587;0.490601;0.749533;1.000000,0.018570554095889667,0.032942068523618,-0.014371514427728334,-0.013316941033940911,0.0,-0.0007403143991863793,0.0
T1,Step 13,0.4,boundary_constrained,pchip,SKS03,4,5,43,20.0825,3.8525,0.000000;0.191834;0.570273;0.849122;1.000000,0.000000;0.251587;0.490601;0.749533;1.000000,0.01843097360721487,0.0342344401578828,-0.015803466550667934,-0.014613119201359919,0.0,-0.0008322961048138076,0.0
T1,Step 14,0.4,boundary_constrained,pchip,SKS03,4,5,43,20.0825,3.8525,0.000000;0.191834;0.570273;0.849122;1.000000,0.000000;0.251587;0.490601;0.749533;1.000000,0.017163902496024817,0.03365922819634807,-0.016495325700323252,-0.015258731732623019,0.0,-0.0008383440938807863,0.0
T1,Step 15,0.4,boundary_constrained,pchip,SKS03,4,5,43,20.0825,3.8525,0.000000;0.191834;0.570273;0.849122;1.000000,0.000000;0.251587;0.490601;0.749533;1.000000,0.017686283720690664,0.030300867752611472,-0.012614584031920808,-0.011656259722806487,0.0,-0.0006053379547124822,0.0
T2,Step 1,0.2,original,linear,SKS02,2,3,86,19.8765,3.0964999999999994,0.000000;0.155787;0.427465,0.000000;0.497900;1.000000,0.24792285292382973,0.04242024276302768,0.20550261016080207,0.18485051808089045,0.9966620287921877,-0.0003939785507473281,0.060060242556564045
T2,Step 2,0.2,original,linear,SKS02,2,3,86,19.8765,3.0964999999999994,0.000000;0.155787;0.427465,0.000000;0.497900;1.000000,0.2581481064748519,0.042141804786914976,0.21600630168793694,0.19501834731657097,0.9988892819416765,-5.8546815747040844e-05,0.06492305998160006
T2,Step 3,0.2,original,linear,SKS02,2,3,86,19.8765,3.0964999999999994,0.000000;0.155787;0.427465,0.000000;0.497900;1.000000,0.2618817823335062,0.04591050602491797,0.2159712763085882,0.19524985942227024,0.9990171175189531,-8.144741210523966e-05,0.0665557407668151
T2,Step 4,0.2,original,linear,SKS02,2,3,86,19.8765,3.0964999999999994,0.000000;0.155787;0.427465,0.000000;0.497900;1.000000,0.25071642206292405,0.04990782141644139,0.20080860064648265,0.182029886001822,0.9991388903870756,-0.00016828151291414393,0.06053621516641301
T2,Step 5,0.2,original,linear,SKS02,2,3,86,19.8765,3.0964999999999994,0.000000;0.155787;0.427465,0.000000;0.497900;1.000000,0.24140245369682112,0.04809985189603688,0.19330260180078424,0.1750745727753995,0.9988242189437923,-8.414523713390624e-05,0.056045694135559085
T2,Step 6,0.2,original,linear,SKS02,2,3,86,19.8765,3.0964999999999994,0.000000;0.155787;0.427465,0.000000;0.497900;1.000000,0.23179319380524682,0.05274936211289812,0.1790438316923487,0.16167374967681508,0.9981158115940794,-4.6076079483937245e-05,0.05099166557060301
T2,Step 7,0.2,original,linear,SKS02,2,3,86,19.8765,3.0964999999999994,0.000000;0.155787;0.427465,0.000000;0.497900;1.000000,0.21525178553143523,0.055762964602833705,0.15948882092860153,0.14343366297752796,0.9962927276919384,4.339386558530946e-05,0.0431804290875888
T2,Step 8,0.2,original,linear,SKS02,2,3,86,19.8765,3.0964999999999994,0.000000;0.155787;0.427465,0.000000;0.497900;1.000000,0.2179416779360603,0.05340778732725316,0.16453389060880716,0.14840532684748656,0.9966411129173969,-3.800283751580898e-05,0.04468418607190814
T2,Step 1,0.2,original,pchip,SKS02,2,3,86,19.8765,3.0964999999999994,0.000000;0.155787;0.427465,0.000000;0.497900;1.000000,0.24785227868865967,0.0418127413387178,0.20603953734994188,0.1828256369022056,0.997229694943999,-0.0010422045292437178,0.060724651242146224
T2,Step 2,0.2,original,pchip,SKS02,2,3,86,19.8765,3.0964999999999994,0.000000;0.155787;0.427465,0.000000;0.497900;1.000000,0.25825103286996043,0.028330264023421807,0.22992076884653861,0.20346743216827654,0.9980932225122453,-0.00033280388302464224,0.06622379600178924
T2,Step 3,0.2,original,pchip,SKS02,2,3,86,19.8765,3.0964999999999994,0.000000;0.155787;0.427465,0.000000;0.497900;1.000000,0.26193457106555074,0.025337842891960283,0.23659672817359045,0.20991980571774901,0.9986144861856758,-0.00016159298521427773,0.06812930622209065
T2,Step 4,0.2,original,pchip,SKS02,2,3,86,19.8765,3.0964999999999994,0.000000;0.155787;0.427465,0.000000;0.497900;1.000000,0.25078773101762264,0.025968677133315406,0.22481905388430723,0.20237967753608083,0.9985707810914329,-2.9441019617068794e-05,0.06224955485653014
T2,Step 5,0.2,original,pchip,SKS02,2,3,86,19.8765,3.0964999999999994,0.000000;0.155787;0.427465,0.000000;0.497900;1.000000,0.2414843413991597,0.023672774851569305,0.2178115665475904,0.19562591329377066,0.9981469282171226,2.466973749188492e-05,0.05772961713432093
T2,Step 6,0.2,original,pchip,SKS02,2,3,86,19.8765,3.0964999999999994,0.000000;0.155787;0.427465,0.000000;0.497900;1.000000,0.23192775356581247,0.029442945675480673,0.2024848078903318,0.18126799964832466,0.9969579746237982,6.355445328684278e-05,0.052860041370748095
T2,Step 7,0.2,original,pchip,SKS02,2,3,86,19.8765,3.0964999999999994,0.000000;0.155787;0.427465,0.000000;0.497900;1.000000,0.2154670973287967,0.03557493896208374,0.17989215836671296,0.16031839252191393,0.9943025732686137,0.00013639861086258063,0.04502409513827859
T2,Step 8,0.2,original,pchip,SKS02,2,3,86,19.8765,3.0964999999999994,0.000000;0.155787;0.427465,0.000000;0.497900;1.000000,0.21816792461683185,0.03574964926409747,0.1824182753527344,0.16336137528586986,0.9945750912888189,0.00014508390656868328,0.046174122002540965
T2,Step 1,0.2,original,linear,SKS03,2,3,86,19.8765,3.0964999999999994,0.000000;0.155787;0.719266,0.000000;0.497900;1.000000,0.13554383530089384,0.04242024276302768,0.09312359253786616,0.0811988136234844,0.9689519982961806,-0.0004580460469903126,0.017030700338991945
T2,Step 2,0.2,original,linear,SKS03,2,3,86,19.8765,3.0964999999999994,0.000000;0.155787;0.719266,0.000000;0.497900;1.000000,0.13280581929151897,0.042141804786914976,0.09066401450460398,0.07936647249968652,0.9301890956595454,0.0006614666160827146,0.015199987310910427
T2,Step 3,0.2,original,linear,SKS03,2,3,86,19.8765,3.0964999999999994,0.000000;0.155787;0.719266,0.000000;0.497900;1.000000,0.13217650977255815,0.04591050602491797,0.08626600374764018,0.07554004989171824,0.9213919234452701,0.0006920020556986734,0.014670853116492459
T2,Step 4,0.2,original,linear,SKS03,2,3,86,19.8765,3.0964999999999994,0.000000;0.155787;0.719266,0.000000;0.497900;1.000000,0.13353815793693338,0.04990782141644139,0.08363033652049198,0.07385666208747925,0.9586471521538471,-0.00018144261409255152,0.015523091600746504
T2,Step 5,0.2,original,linear,SKS03,2,3,86,19.8765,3.0964999999999994,0.000000;0.155787;0.719266,0.000000;0.497900;1.000000,0.13138592159485837,0.04809985189603688,0.08328606969882149,0.07351610649740668,0.958539262196937,-1.4651731599059568e-05,0.014963316372508648
T2,Step 6,0.2,original,linear,SKS03,2,3,86,19.8765,3.0964999999999994,0.000000;0.155787;0.719266,0.000000;0.497900;1.000000,0.1260512436742748,0.05274936211289812,0.07330188156137668,0.06404172567878554,0.9524268862384885,-3.950756015392873e-06,0.01311037158452915
T2,Step 7,0.2,original,linear,SKS03,2,3,86,19.8765,3.0964999999999994,0.000000;0.155787;0.719266,0.000000;0.497900;1.000000,0.11937082993227352,0.055762964602833705,0.06360786532943982,0.05490255060691631,0.9499680311689982,-2.1364058618121717e-05,0.011161250876041006
T2,Step 8,0.2,original,linear,SKS03,2,3,86,19.8765,3.0964999999999994,0.000000;0.155787;0.719266,0.000000;0.497900;1.000000,0.11637793209614479,0.05340778732725316,0.06297014476889162,0.054673333897569835,0.946796978670116,-5.856987524717488e-05,0.010750001207028959
T2,Step 1,0.2,original,pchip,SKS03,2,3,86,19.8765,3.0964999999999994,0.000000;0.155787;0.719266,0.000000;0.497900;1.000000,0.1388378114946576,0.0418127413387178,0.09702507015593981,0.08238265216502835,0.9235199561398602,0.00011816795790302525,0.01740946460446453
T2,Step 2,0.2,original,pchip,SKS03,2,3,86,19.8765,3.0964999999999994,0.000000;0.155787;0.719266,0.000000;0.497900;1.000000,0.13501208428264322,0.028330264023421807,0.1066818202592214,0.0898350976708521,0.9000366016233895,0.00123354474185694,0.016192114300849825
T2,Step 3,0.2,original,pchip,SKS03,2,3,86,19.8765,3.0964999999999994,0.000000;0.155787;0.719266,0.000000;0.497900;1.000000,0.1345380003543933,0.025337842891960283,0.10920015746243303,0.09242677497373002,0.8893301659170699,0.0016831698442646478,0.01577529741267643
T2,Step 4,0.2,original,pchip,SKS03,2,3,86,19.8765,3.0964999999999994,0.000000;0.155787;0.719266,0.000000;0.497900;1.000000,0.13358850193332286,0.025968677133315406,0.10761982480000745,0.09418709346396953,0.9579247391607278,0.0005257583829923378,0.01664575727374269
T2,Step 5,0.2,original,pchip,SKS03,2,3,86,19.8765,3.0964999999999994,0.000000;0.155787;0.719266,0.000000;0.497900;1.000000,0.13115532645455794,0.023672774851569305,0.10748255160298863,0.09376804045739205,0.9619128012096424,0.0005061639075737727,0.0161351554806548
T2,Step 6,0.2,original,pchip,SKS03,2,3,86,19.8765,3.0964999999999994,0.000000;0.155787;0.719266,0.000000;0.497900;1.000000,0.12641308830734865,0.029442945675480673,0.09697014263186798,0.08385646731924742,0.9469822392198081,0.0006666749559865913,0.014446706889365632
T2,Step 7,0.2,original,pchip,SKS03,2,3,86,19.8765,3.0964999999999994,0.000000;0.155787;0.719266,0.000000;0.497900;1.000000,0.12054247284531716,0.03557493896208374,0.08496753388323341,0.07271225483460189,0.9315908711515201,0.0007597598056530596,0.012505151671854984
T2,Step 8,0.2,original,pchip,SKS03,2,3,86,19.8765,3.0964999999999994,0.000000;0.155787;0.719266,0.000000;0.497900;1.000000,0.1177353173769703,0.03574964926409747,0.08198566811287283,0.07072025587625344,0.9250913447471006,0.0007853343139970552,0.011798233221352882
T2,Step 1,0.2,original,linear,SKS02,3,4,86,19.8765,3.0964999999999994,0.000000;0.155787;0.719266;0.860136,0.000000;0.336905;0.668956;1.000000,0.046926647678539705,0.03383715289760979,0.013089494780929918,0.010097472073780943,0.6340934562413326,-0.0001573874163582169,0.00121454476248779
T2,Step 2,0.2,original,linear,SKS02,3,4,86,19.8765,3.0964999999999994,0.000000;0.155787;0.719266;0.860136,0.000000;0.336905;0.668956;1.000000,0.05856583022383346,0.026593153384668555,0.0319726768391649,0.02592741663092826,0.6121220944161045,0.0007474728792343444,0.001975287783632032
T2,Step 3,0.2,original,linear,SKS02,3,4,86,19.8765,3.0964999999999994,0.000000;0.155787;0.719266;0.860136,0.000000;0.336905;0.668956;1.000000,0.05973085575652583,0.0277125548657052,0.032018300890820625,0.026212113313074922,0.5909034696525736,0.0008381649232212327,0.001961624509000941
T2,Step 4,0.2,original,linear,SKS02,3,4,86,19.8765,3.0964999999999994,0.000000;0.155787;0.719266;0.860136,0.000000;0.336905;0.668956;1.000000,0.05512763090368849,0.026025028239576167,0.029102602664112322,0.02460039750487204,0.7191433635448865,0.0002745264949491037,0.002087227099233469
T2,Step 5,0.2,original,linear,SKS02,3,4,86,19.8765,3.0964999999999994,0.000000;0.155787;0.719266;0.860136,0.000000;0.336905;0.668956;1.000000,0.05684753553563974,0.026523889242916352,0.030323646292723386,0.025562153727126804,0.7550426689497148,0.00028553468438209293,0.0022425909115232363
T2,Step 6,0.2,original,linear,SKS02,3,4,86,19.8765,3.0964999999999994,0.000000;0.155787;0.719266;0.860136,0.000000;0.336905;0.668956;1.000000,0.06231900045865734,0.031359241923934744,0.030959758534722596,0.025628297771290283,0.7888081004472827,0.00014668256234557972,0.0027535732017766883
T2,Step 7,0.2,original,linear,SKS02,3,4,86,19.8765,3.0964999999999994,0.000000;0.155787;0.719266;0.860136,0.000000;0.336905;0.668956;1.000000,0.06685663075110405,0.034944172684089926,0.03191245806701413,0.026048319091300877,0.8250044785299115,3.777032858692845e-05,0.003210943542227047
T2,Step 8,0.2,original,linear,SKS02,3,4,86,19.8765,3.0964999999999994,0.000000;0.155787;0.719266;0.860136,0.000000;0.336905;0.668956;1.000000,0.06957181683513039,0.03266133121106759,0.0369104856240628,0.030861859036381365,0.8347727278896896,0.00014648686320811675,0.0036269882780537565
T2,Step 1,0.2,original,pchip,SKS02,3,4,86,19.8765,3.0964999999999994,0.000000;0.155787;0.719266;0.860136,0.000000;0.336905;0.668956;1.000000,0.04587236792162604,0.03380615538501172,0.012066212536614315,0.009570357994309144,0.6635749979389243,-0.00012879612503608886,0.0010902141218575576
T2,Step 2,0.2,original,pchip,SKS02,3,4,86,19.8765,3.0964999999999994,0.000000;0.155787;0.719266;0.860136,0.000000;0.336905;0.668956;1.000000,0.054849941807698005,0.01889161947642874,0.03595832233126926,0.027926547490170206,0.6978696662695273,0.0006004996790632996,0.0020511231508023764
T2,Step 3,0.2,original,pchip,SKS02,3,4,86,19.8765,3.0964999999999994,0.000000;0.155787;0.719266;0.860136,0.000000;0.336905;0.668956;1.000000,0.05613567176464392,0.017988513072955646,0.03814715869168828,0.03028777497112553,0.6690154780866077,0.0007501359615545314,0.0020774910803374133
T2,Step 4,0.2,original,pchip,SKS02,3,4,86,19.8765,3.0964999999999994,0.000000;0.155787;0.719266;0.860136,0.000000;0.336905;0.668956;1.000000,0.05189896233194754,0.016349017755308375,0.03554994457663917,0.029859409121345305,0.8114033306824379,0.0002639162851955555,0.0021622956243739656
T2,Step 5,0.2,original,pchip,SKS02,3,4,86,19.8765,3.0964999999999994,0.000000;0.155787;0.719266;0.860136,0.000000;0.336905;0.668956;1.000000,0.053668333033840554,0.015231924197492494,0.03843640883634806,0.03194620310023295,0.847146589232873,0.0002753804341313625,0.0023728980217417018
T2,Step 6,0.2,original,pchip,SKS02,3,4,86,19.8765,3.0964999999999994,0.000000;0.155787;0.719266;0.860136,0.000000;0.336905;0.668956;1.000000,0.06000743561297639,0.019059442834235156,0.040947992778741234,0.033751044893753884,0.8507504436593503,0.0002875290580530122,0.0029501009096410177
T2,Step 7,0.2,original,pchip,SKS02,3,4,86,19.8765,3.0964999999999994,0.000000;0.155787;0.719266;0.860136,0.000000;0.336905;0.668956;1.000000,0.0657989939421371,0.02388409461971635,0.041914899322420755,0.034331709287112516,0.8517394685103608,0.0002954337930639669,0.003463623834929864
T2,Step 8,0.2,original,pchip,SKS02,3,4,86,19.8765,3.0964999999999994,0.000000;0.155787;0.719266;0.860136,0.000000;0.336905;0.668956;1.000000,0.0689949279481415,0.024201403925785896,0.0447935240223556,0.0373370631201152,0.8487906973286787,0.0003610336070694662,0.003813558523520724
T2,Step 1,0.2,original,linear,SKS03,3,4,86,19.8765,3.0964999999999994,0.000000;0.155787;0.427465;1.000000,0.000000;0.336905;0.668956;1.000000,0.04085751679280514,0.03383715289760979,0.00702036389519535,0.005635020021226005,0.0,0.0005243837622581313,0.0
T2,Step 2,0.2,original,linear,SKS03,3,4,86,19.8765,3.0964999999999994,0.000000;0.155787;0.427465;1.000000,0.000000;0.336905;0.668956;1.000000,0.04829223084301898,0.026593153384668555,0.021699077458350424,0.018493448688034656,0.0,0.001624943752854925,0.0
T2,Step 3,0.2,original,linear,SKS03,3,4,86,19.8765,3.0964999999999994,0.000000;0.155787;0.427465;1.000000,0.000000;0.336905;0.668956;1.000000,0.045560007209182934,0.0277125548657052,0.017847452343477736,0.015176318907083583,0.0,0.0013077285597160803,0.0
T2,Step 4,0.2,original,linear,SKS03,3,4,86,19.8765,3.0964999999999994,0.000000;0.155787;0.427465;1.000000,0.000000;0.336905;0.668956;1.000000,0.04986647724387867,0.026025028239576167,0.0238414490043025,0.021921285475590458,0.0,0.0018093634578435324,0.0
T2,Step 5,0.2,original,linear,SKS03,3,4,86,19.8765,3.0964999999999994,0.000000;0.155787;0.427465;1.000000,0.000000;0.336905;0.668956;1.000000,0.05385212631396358,0.026523889242916352,0.027328237071047225,0.02510590392227204,0.0,0.0021965348079645945,0.0
T2,Step 6,0.2,original,linear,SKS03,3,4,86,19.8765,3.0964999999999994,0.000000;0.155787;0.427465;1.000000,0.000000;0.336905;0.668956;1.000000,0.059226302412344174,0.031359241923934744,0.02786706048840943,0.025422034831015163,0.0,0.0025243528433945787,0.0
T2,Step 7,0.2,original,linear,SKS03,3,4,86,19.8765,3.0964999999999994,0.000000;0.155787;0.427465;1.000000,0.000000;0.336905;0.668956;1.000000,0.06478753233028522,0.034944172684089926,0.0298433596461953,0.02698910420874579,0.0,0.0029763291408722555,0.0
T2,Step 8,0.2,original,linear,SKS03,3,4,86,19.8765,3.0964999999999994,0.000000;0.155787;0.427465;1.000000,0.000000;0.336905;0.668956;1.000000,0.056785475008424346,0.03266133121106759,0.024124143797356758,0.0215781290968803,0.0,0.002157827615453328,0.0
T2,Step 1,0.2,original,pchip,SKS03,3,4,86,19.8765,3.0964999999999994,0.000000;0.155787;0.427465;1.000000,0.000000;0.336905;0.668956;1.000000,0.0313370290880406,0.03380615538501172,-0.0024691262969711233,-0.0027421392962588553,0.0,-0.00016084674985085407,0.0
T2,Step 2,0.2,original,pchip,SKS03,3,4,86,19.8765,3.0964999999999994,0.000000;0.155787;0.427465;1.000000,0.000000;0.336905;0.668956;1.000000,0.025662757220122803,0.01889161947642874,0.006771137743694065,0.003048519201485328,0.0,0.00030168382169678344,0.0
T2,Step 3,0.2,original,pchip,SKS03,3,4,86,19.8765,3.0964999999999994,0.000000;0.155787;0.427465;1.000000,0.000000;0.336905;0.668956;1.000000,0.03238872839789454,0.017988513072955646,0.014400215324938896,0.01048821882946899,0.0,0.0007254431246566844,0.0
T2,Step 4,0.2,original,pchip,SKS03,3,4,86,19.8765,3.0964999999999994,0.000000;0.155787;0.427465;1.000000,0.000000;0.336905;0.668956;1.000000,0.021254081225164565,0.016349017755308375,0.00490506346985619,0.003712216973241051,0.0,0.0001844455871625043,0.0
T2,Step 5,0.2,original,pchip,SKS03,3,4,86,19.8765,3.0964999999999994,0.000000;0.155787;0.427465;1.000000,0.000000;0.336905;0.668956;1.000000,0.019959726021683853,0.015231924197492494,0.0047278018241913595,0.003064535696766277,0.0,0.00016637914810252623,0.0
T2,Step 6,0.2,original,pchip,SKS03,3,4,86,19.8765,3.0964999999999994,0.000000;0.155787;0.427465;1.000000,0.000000;0.336905;0.668956;1.000000,0.024752580245240203,0.019059442834235156,0.005693137411005047,0.0037345808689609288,0.0,0.00024942786764557765,0.0
T2,Step 7,0.2,original,pchip,SKS03,3,4,86,19.8765,3.0964999999999994,0.000000;0.155787;0.427465;1.000000,0.000000;0.336905;0.668956;1.000000,0.03321948178200272,0.02388409461971635,0.009335387162286372,0.006938854276365029,0.0,0.0005330839940612474,0.0
T2,Step 8,0.2,original,pchip,SKS03,3,4,86,19.8765,3.0964999999999994,0.000000;0.155787;0.427465;1.000000,0.000000;0.336905;0.668956;1.000000,0.0299490890751677,0.024201403925785896,0.0057476851493818044,0.003648218814943996,0.0,0.0003112399844532842,0.0
T2,Step 1,0.2,original,linear,SKS02,4,5,86,19.8765,3.0964999999999994,0.000000;0.155787;0.719266;0.860136;1.000000,0.000000;0.246346;0.497900;0.749453;1.000000,0.03147658003204664,0.030274960922017456,0.0012016191100291847,0.0004859618424109466,0.0,7.420183168415307e-05,0.0
T2,Step 2,0.2,original,linear,SKS02,4,5,86,19.8765,3.0964999999999994,0.000000;0.155787;0.719266;0.860136;1.000000,0.000000;0.246346;0.497900;0.749453;1.000000,0.03760876032046375,0.023034869656805318,0.014573890663658433,0.012310457590973906,0.0,0.0008838136327360784,0.0
T2,Step 3,0.2,original,linear,SKS02,4,5,86,19.8765,3.0964999999999994,0.000000;0.155787;0.719266;0.860136;1.000000,0.000000;0.246346;0.497900;0.749453;1.000000,0.03919202399015707,0.023486938547300402,0.015705085442856665,0.013002500713915167,0.0,0.0009843784621203812,0.0
T2,Step 4,0.2,original,linear,SKS02,4,5,86,19.8765,3.0964999999999994,0.000000;0.155787;0.719266;0.860136;1.000000,0.000000;0.246346;0.497900;0.749453;1.000000,0.030143475883970202,0.022495568446468012,0.00764790743750219,0.0063822091447674235,0.0,0.0004025785386377658,0.0
T2,Step 5,0.2,original,linear,SKS02,4,5,86,19.8765,3.0964999999999994,0.000000;0.155787;0.719266;0.860136;1.000000,0.000000;0.246346;0.497900;0.749453;1.000000,0.02977242308396713,0.022442301161688313,0.007330121922278818,0.0062314563726660055,0.0,0.0003827402948588224,0.0
T2,Step 6,0.2,original,linear,SKS02,4,5,86,19.8765,3.0964999999999994,0.000000;0.155787;0.719266;0.860136;1.000000,0.000000;0.246346;0.497900;0.749453;1.000000,0.02974451222171598,0.027581462433637162,0.0021630497880788177,0.0010216306285206304,0.0,0.00012399893732967335,0.0
T2,Step 7,0.2,original,linear,SKS02,4,5,86,19.8765,3.0964999999999994,0.000000;0.155787;0.719266;0.860136;1.000000,0.000000;0.246346;0.497900;0.749453;1.000000,0.029339504218008586,0.033839013424701095,-0.004499509206692509,-0.005672448825857549,0.0,-0.00028427232179855744,0.0
T2,Step 8,0.2,original,linear,SKS02,4,5,86,19.8765,3.0964999999999994,0.000000;0.155787;0.719266;0.860136;1.000000,0.000000;0.246346;0.497900;0.749453;1.000000,0.0302369825165601,0.03379082928657536,-0.0035538467700152628,-0.00505583051248339,0.0,-0.00022754503216771828,0.0
T2,Step 1,0.2,original,pchip,SKS02,4,5,86,19.8765,3.0964999999999994,0.000000;0.155787;0.719266;0.860136;1.000000,0.000000;0.246346;0.497900;0.749453;1.000000,0.03128692615306201,0.028855977133014694,0.0024309490200473127,0.002127594072478752,0.0,0.00014620433180608848,0.0
T2,Step 2,0.2,original,pchip,SKS02,4,5,86,19.8765,3.0964999999999994,0.000000;0.155787;0.719266;0.860136;1.000000,0.000000;0.246346;0.497900;0.749453;1.000000,0.03174514685352121,0.020422089372569042,0.011323057480952164,0.009410809781230274,0.0,0.0005906926144104301,0.0
T2,Step 3,0.2,original,pchip,SKS02,4,5,86,19.8765,3.0964999999999994,0.000000;0.155787;0.719266;0.860136;1.000000,0.000000;0.246346;0.497900;0.749453;1.000000,0.03356456100672227,0.018300720934462843,0.015263840072259425,0.012173338172596825,0.0,0.0007916633688528944,0.0
T2,Step 4,0.2,original,pchip,SKS02,4,5,86,19.8765,3.0964999999999994,0.000000;0.155787;0.719266;0.860136;1.000000,0.000000;0.246346;0.497900;0.749453;1.000000,0.024104294601498898,0.01691379031972212,0.007190504281776779,0.0053535178230415745,0.0,0.0002949407152563232,0.0
T2,Step 5,0.2,original,pchip,SKS02,4,5,86,19.8765,3.0964999999999994,0.000000;0.155787;0.719266;0.860136;1.000000,0.000000;0.246346;0.497900;0.749453;1.000000,0.023202505613059997,0.01658048443482169,0.006622021178238308,0.005068803096696325,0.0,0.00026344380263071637,0.0
T2,Step 6,0.2,original,pchip,SKS02,4,5,86,19.8765,3.0964999999999994,0.000000;0.155787;0.719266;0.860136;1.000000,0.000000;0.246346;0.497900;0.749453;1.000000,0.024251433159205773,0.0211292296911949,0.0031222034680108736,0.0012212195876669975,0.0,0.0001416876629321533,0.0
T2,Step 7,0.2,original,pchip,SKS02,4,5,86,19.8765,3.0964999999999994,0.000000;0.155787;0.719266;0.860136;1.000000,0.000000;0.246346;0.497900;0.749453;1.000000,0.026691260856130546,0.028124533657665776,-0.0014332728015352299,-0.003599087862250685,0.0,-7.856598737116835e-05,0.0
T2,Step 8,0.2,original,pchip,SKS02,4,5,86,19.8765,3.0964999999999994,0.000000;0.155787;0.719266;0.860136;1.000000,0.000000;0.246346;0.497900;0.749453;1.000000,0.029593587882621,0.029145482105023626,0.0004481057775973761,-0.0022244918537370553,0.0,2.6321316632160105e-05,0.0
T2,Step 1,0.2,original,linear,SKS03,4,5,86,19.8765,3.0964999999999994,0.000000;0.155787;0.568334;0.860136;1.000000,0.000000;0.246346;0.497900;0.749453;1.000000,0.04579092551615515,0.030274960922017456,0.015515964594137694,0.013802770018011206,0.0,0.0011802356007963844,0.0
T2,Step 2,0.2,original,linear,SKS03,4,5,86,19.8765,3.0964999999999994,0.000000;0.155787;0.568334;0.860136;1.000000,0.000000;0.246346;0.497900;0.749453;1.000000,0.031980432826891315,0.023034869656805318,0.008945563170085997,0.007074765446553999,0.0,0.0004921428636892974,0.0
T2,Step 3,0.2,original,linear,SKS03,4,5,86,19.8765,3.0964999999999994,0.000000;0.155787;0.568334;0.860136;1.000000,0.000000;0.246346;0.497900;0.749453;1.000000,0.02939296681048219,0.023486938547300402,0.0059060282631817895,0.0038866928342753786,0.0,0.00031231021559744197,0.0
T2,Step 4,0.2,original,linear,SKS03,4,5,86,19.8765,3.0964999999999994,0.000000;0.155787;0.568334;0.860136;1.000000,0.000000;0.246346;0.497900;0.749453;1.000000,0.026760540114198983,0.022495568446468012,0.0042649716677309706,0.0032352623132954547,0.0,0.0002100759074739256,0.0
T2,Step 5,0.2,original,linear,SKS03,4,5,86,19.8765,3.0964999999999994,0.000000;0.155787;0.568334;0.860136;1.000000,0.000000;0.246346;0.497900;0.749453;1.000000,0.02478940280048617,0.022442301161688313,0.0023471016387978556,0.001596018735520545,0.0,0.000110857609772835,0.0
T2,Step 6,0.2,original,linear,SKS03,4,5,86,19.8765,3.0964999999999994,0.000000;0.155787;0.568334;0.860136;1.000000,0.000000;0.246346;0.497900;0.749453;1.000000,0.022167692512252108,0.027581462433637162,-0.005413769921385054,-0.006026618459649788,0.0,-0.00026933047866037986,0.0
T2,Step 7,0.2,original,linear,SKS03,4,5,86,19.8765,3.0964999999999994,0.000000;0.155787;0.568334;0.860136;1.000000,0.000000;0.246346;0.497900;0.749453;1.000000,0.022031128358275826,0.033839013424701095,-0.011807885066425269,-0.012471061888942776,0.0,-0.0006597082128182755,0.0
T2,Step 8,0.2,original,linear,SKS03,4,5,86,19.8765,3.0964999999999994,0.000000;0.155787;0.568334;0.860136;1.000000,0.000000;0.246346;0.497900;0.749453;1.000000,0.023875426656036862,0.03379082928657536,-0.0099154026305385,-0.010973773644439022,0.0,-0.000571784145866684,0.0
T2,Step 1,0.2,original,pchip,SKS03,4,5,86,19.8765,3.0964999999999994,0.000000;0.155787;0.568334;0.860136;1.000000,0.000000;0.246346;0.497900;0.749453;1.000000,0.04218494826460397,0.028855977133014694,0.013328971131589276,0.012265336807097092,0.0,0.0009469024437862466,0.0
T2,Step 2,0.2,original,pchip,SKS03,4,5,86,19.8765,3.0964999999999994,0.000000;0.155787;0.568334;0.860136;1.000000,0.000000;0.246346;0.497900;0.749453;1.000000,0.027425351827303938,0.020422089372569042,0.007003262454734895,0.005392314027670413,0.0,0.000335088188510206,0.0
T2,Step 3,0.2,original,pchip,SKS03,4,5,86,19.8765,3.0964999999999994,0.000000;0.155787;0.568334;0.860136;1.000000,0.000000;0.246346;0.497900;0.749453;1.000000,0.02685865660884343,0.018300720934462843,0.008557935674380585,0.005935151776986988,0.0,0.00038647104811068226,0.0
T2,Step 4,0.2,original,pchip,SKS03,4,5,86,19.8765,3.0964999999999994,0.000000;0.155787;0.568334;0.860136;1.000000,0.000000;0.246346;0.497900;0.749453;1.000000,0.023673428742981232,0.01691379031972212,0.006759638423259114,0.004952776112680437,0.0,0.0002743549254694843,0.0
T2,Step 5,0.2,original,pchip,SKS03,4,5,86,19.8765,3.0964999999999994,0.000000;0.155787;0.568334;0.860136;1.000000,0.000000;0.246346;0.497900;0.749453;1.000000,0.021775773898224556,0.01658048443482169,0.005195289463402867,0.0037416724184892343,0.0,0.00019927186477323357,0.0
T2,Step 6,0.2,original,pchip,SKS03,4,5,86,19.8765,3.0964999999999994,0.000000;0.155787;0.568334;0.860136;1.000000,0.000000;0.246346;0.497900;0.749453;1.000000,0.022002388116592476,0.0211292296911949,0.0008731584253975772,-0.0008709359592166434,0.0,3.766073548989767e-05,0.0
T2,Step 7,0.2,original,pchip,SKS03,4,5,86,19.8765,3.0964999999999994,0.000000;0.155787;0.568334;0.860136;1.000000,0.000000;0.246346;0.497900;0.749453;1.000000,0.02420156184887137,0.028124533657665776,-0.003922971808794407,-0.005915060255167411,0.0,-0.00020527379753642895,0.0
T2,Step 8,0.2,original,pchip,SKS03,4,5,86,19.8765,3.0964999999999994,0.000000;0.155787;0.568334;0.860136;1.000000,0.000000;0.246346;0.497900;0.749453;1.000000,0.02822491987605232,0.029145482105023626,-0.000920562228971307,-0.003497534551563042,0.0,-5.281302512467922e-05,0.0
T2,Step 1,0.2,boundary_constrained,linear,SKS02,2,3,86,19.8765,3.0964999999999994,0.000000;0.155787;1.000000,0.000000;0.497900;1.000000,0.09681579903803714,0.04242024276302768,0.05439555627500946,0.048366622951399305,0.0,0.007573821947299389,0.0
T2,Step 2,0.2,boundary_constrained,linear,SKS02,2,3,86,19.8765,3.0964999999999994,0.000000;0.155787;1.000000,0.000000;0.497900;1.000000,0.122551253637456,0.042141804786914976,0.08040944885054102,0.07367716556133869,0.0,0.013242878057413626,0.0
T2,Step 3,0.2,boundary_constrained,linear,SKS02,2,3,86,19.8765,3.0964999999999994,0.000000;0.155787;1.000000,0.000000;0.497900;1.000000,0.12573790589433753,0.04591050602491797,0.07982739986941956,0.07342262854519671,0.0,0.013702246415229255,0.0
T2,Step 4,0.2,boundary_constrained,linear,SKS02,2,3,86,19.8765,3.0964999999999994,0.000000;0.155787;1.000000,0.000000;0.497900;1.000000,0.11562358468087344,0.04990782141644139,0.06571576326443204,0.06107076287847768,0.0,0.010878022695919705,0.0
T2,Step 5,0.2,boundary_constrained,linear,SKS02,2,3,86,19.8765,3.0964999999999994,0.000000;0.155787;1.000000,0.000000;0.497900;1.000000,0.11625011515007513,0.04809985189603688,0.06815026325403825,0.06334382957238192,0.0,0.011200493519985045,0.0
T2,Step 6,0.2,boundary_constrained,linear,SKS02,2,3,86,19.8765,3.0964999999999994,0.000000;0.155787;1.000000,0.000000;0.497900;1.000000,0.11909432383597984,0.05274936211289812,0.06634496172308171,0.06157736535522569,0.0,0.011400962766631583,0.0
T2,Step 7,0.2,boundary_constrained,linear,SKS02,2,3,86,19.8765,3.0964999999999994,0.000000;0.155787;1.000000,0.000000;0.497900;1.000000,0.11723417386200313,0.055762964602833705,0.06147120925916943,0.05689551290435415,0.0,0.010634343299809496,0.0
T2,Step 8,0.2,boundary_constrained,linear,SKS02,2,3,86,19.8765,3.0964999999999994,0.000000;0.155787;1.000000,0.000000;0.497900;1.000000,0.10708402433904914,0.05340778732725316,0.053676237011795976,0.049658404107113925,0.0,0.008614596521452965,0.0
T2,Step 1,0.2,boundary_constrained,pchip,SKS02,2,3,86,19.8765,3.0964999999999994,0.000000;0.155787;1.000000,0.000000;0.497900;1.000000,0.1060067462283053,0.0418127413387178,0.06419400488958751,0.05495848768498451,0.0,0.0094891249076538,0.0
T2,Step 2,0.2,boundary_constrained,pchip,SKS02,2,3,86,19.8765,3.0964999999999994,0.000000;0.155787;1.000000,0.000000;0.497900;1.000000,0.10542410488819004,0.028330264023421807,0.07709384086476823,0.06609623418486338,0.0,0.010311638031839309,0.0
T2,Step 3,0.2,boundary_constrained,pchip,SKS02,2,3,86,19.8765,3.0964999999999994,0.000000;0.155787;1.000000,0.000000;0.497900;1.000000,0.10785516642434426,0.025337842891960283,0.08251732353238397,0.07140725396051223,0.0,0.010990730642005335,0.0
T2,Step 4,0.2,boundary_constrained,pchip,SKS02,2,3,86,19.8765,3.0964999999999994,0.000000;0.155787;1.000000,0.000000;0.497900;1.000000,0.08016201471690203,0.025968677133315406,0.05419333758358662,0.04836517812569338,0.0,0.005751576411418439,0.0
T2,Step 5,0.2,boundary_constrained,pchip,SKS02,2,3,86,19.8765,3.0964999999999994,0.000000;0.155787;1.000000,0.000000;0.497900;1.000000,0.07718421112063371,0.023672774851569305,0.053511436269064405,0.04747679769717887,0.0,0.005397002177141466,0.0
T2,Step 6,0.2,boundary_constrained,pchip,SKS02,2,3,86,19.8765,3.0964999999999994,0.000000;0.155787;1.000000,0.000000;0.497900;1.000000,0.08751442710993841,0.029442945675480673,0.05807148143445774,0.05166683357777059,0.0,0.006791887902331418,0.0
T2,Step 7,0.2,boundary_constrained,pchip,SKS02,2,3,86,19.8765,3.0964999999999994,0.000000;0.155787;1.000000,0.000000;0.497900;1.000000,0.0956039584243902,0.03557493896208374,0.06002901946230647,0.053453962367660625,0.0,0.007874540584256545,0.0
T2,Step 8,0.2,boundary_constrained,pchip,SKS02,2,3,86,19.8765,3.0964999999999994,0.000000;0.155787;1.000000,0.000000;0.497900;1.000000,0.09068839095087924,0.03574964926409747,0.05493874168678178,0.04914749687029754,0.0,0.006946346830753533,0.0
T2,Step 1,0.2,boundary_constrained,linear,SKS02,3,4,86,19.8765,3.0964999999999994,0.000000;0.155787;0.427465;1.000000,0.000000;0.336905;0.668956;1.000000,0.04085751679280514,0.03383715289760979,0.00702036389519535,0.005635020021226005,0.0,0.0005243837622581313,0.0
T2,Step 2,0.2,boundary_constrained,linear,SKS02,3,4,86,19.8765,3.0964999999999994,0.000000;0.155787;0.427465;1.000000,0.000000;0.336905;0.668956;1.000000,0.04829223084301898,0.026593153384668555,0.021699077458350424,0.018493448688034656,0.0,0.001624943752854925,0.0
T2,Step 3,0.2,boundary_constrained,linear,SKS02,3,4,86,19.8765,3.0964999999999994,0.000000;0.155787;0.427465;1.000000,0.000000;0.336905;0.668956;1.000000,0.045560007209182934,0.0277125548657052,0.017847452343477736,0.015176318907083583,0.0,0.0013077285597160803,0.0
T2,Step 4,0.2,boundary_constrained,linear,SKS02,3,4,86,19.8765,3.0964999999999994,0.000000;0.155787;0.427465;1.000000,0.000000;0.336905;0.668956;1.000000,0.04986647724387867,0.026025028239576167,0.0238414490043025,0.021921285475590458,0.0,0.0018093634578435324,0.0
T2,Step 5,0.2,boundary_constrained,linear,SKS02,3,4,86,19.8765,3.0964999999999994,0.000000;0.155787;0.427465;1.000000,0.000000;0.336905;0.668956;1.000000,0.05385212631396358,0.026523889242916352,0.027328237071047225,0.02510590392227204,0.0,0.0021965348079645945,0.0
T2,Step 6,0.2,boundary_constrained,linear,SKS02,3,4,86,19.8765,3.0964999999999994,0.000000;0.155787;0.427465;1.000000,0.000000;0.336905;0.668956;1.000000,0.059226302412344174,0.031359241923934744,0.02786706048840943,0.025422034831015163,0.0,0.0025243528433945787,0.0
T2,Step 7,0.2,boundary_constrained,linear,SKS02,3,4,86,19.8765,3.0964999999999994,0.000000;0.155787;0.427465;1.000000,0.000000;0.336905;0.668956;1.000000,0.06478753233028522,0.034944172684089926,0.0298433596461953,0.02698910420874579,0.0,0.0029763291408722555,0.0
T2,Step 8,0.2,boundary_constrained,linear,SKS02,3,4,86,19.8765,3.0964999999999994,0.000000;0.155787;0.427465;1.000000,0.000000;0.336905;0.668956;1.000000,0.056785475008424346,0.03266133121106759,0.024124143797356758,0.0215781290968803,0.0,0.002157827615453328,0.0
T2,Step 1,0.2,boundary_constrained,pchip,SKS02,3,4,86,19.8765,3.0964999999999994,0.000000;0.155787;0.427465;1.000000,0.000000;0.336905;0.668956;1.000000,0.0313370290880406,0.03380615538501172,-0.0024691262969711233,-0.0027421392962588553,0.0,-0.00016084674985085407,0.0
T2,Step 2,0.2,boundary_constrained,pchip,SKS02,3,4,86,19.8765,3.0964999999999994,0.000000;0.155787;0.427465;1.000000,0.000000;0.336905;0.668956;1.000000,0.025662757220122803,0.01889161947642874,0.006771137743694065,0.003048519201485328,0.0,0.00030168382169678344,0.0
T2,Step 3,0.2,boundary_constrained,pchip,SKS02,3,4,86,19.8765,3.0964999999999994,0.000000;0.155787;0.427465;1.000000,0.000000;0.336905;0.668956;1.000000,0.03238872839789454,0.017988513072955646,0.014400215324938896,0.01048821882946899,0.0,0.0007254431246566844,0.0
T2,Step 4,0.2,boundary_constrained,pchip,SKS02,3,4,86,19.8765,3.0964999999999994,0.000000;0.155787;0.427465;1.000000,0.000000;0.336905;0.668956;1.000000,0.021254081225164565,0.016349017755308375,0.00490506346985619,0.003712216973241051,0.0,0.0001844455871625043,0.0
T2,Step 5,0.2,boundary_constrained,pchip,SKS02,3,4,86,19.8765,3.0964999999999994,0.000000;0.155787;0.427465;1.000000,0.000000;0.336905;0.668956;1.000000,0.019959726021683853,0.015231924197492494,0.0047278018241913595,0.003064535696766277,0.0,0.00016637914810252623,0.0
T2,Step 6,0.2,boundary_constrained,pchip,SKS02,3,4,86,19.8765,3.0964999999999994,0.000000;0.155787;0.427465;1.000000,0.000000;0.336905;0.668956;1.000000,0.024752580245240203,0.019059442834235156,0.005693137411005047,0.0037345808689609288,0.0,0.00024942786764557765,0.0
T2,Step 7,0.2,boundary_constrained,pchip,SKS02,3,4,86,19.8765,3.0964999999999994,0.000000;0.155787;0.427465;1.000000,0.000000;0.336905;0.668956;1.000000,0.03321948178200272,0.02388409461971635,0.009335387162286372,0.006938854276365029,0.0,0.0005330839940612474,0.0
T2,Step 8,0.2,boundary_constrained,pchip,SKS02,3,4,86,19.8765,3.0964999999999994,0.000000;0.155787;0.427465;1.000000,0.000000;0.336905;0.668956;1.000000,0.0299490890751677,0.024201403925785896,0.0057476851493818044,0.003648218814943996,0.0,0.0003112399844532842,0.0
T2,Step 1,0.2,boundary_constrained,linear,SKS02,4,5,86,19.8765,3.0964999999999994,0.000000;0.155787;0.719266;0.860136;1.000000,0.000000;0.246346;0.497900;0.749453;1.000000,0.03147658003204664,0.030274960922017456,0.0012016191100291847,0.0004859618424109466,0.0,7.420183168415307e-05,0.0
T2,Step 2,0.2,boundary_constrained,linear,SKS02,4,5,86,19.8765,3.0964999999999994,0.000000;0.155787;0.719266;0.860136;1.000000,0.000000;0.246346;0.497900;0.749453;1.000000,0.03760876032046375,0.023034869656805318,0.014573890663658433,0.012310457590973906,0.0,0.0008838136327360784,0.0
T2,Step 3,0.2,boundary_constrained,linear,SKS02,4,5,86,19.8765,3.0964999999999994,0.000000;0.155787;0.719266;0.860136;1.000000,0.000000;0.246346;0.497900;0.749453;1.000000,0.03919202399015707,0.023486938547300402,0.015705085442856665,0.013002500713915167,0.0,0.0009843784621203812,0.0
T2,Step 4,0.2,boundary_constrained,linear,SKS02,4,5,86,19.8765,3.0964999999999994,0.000000;0.155787;0.719266;0.860136;1.000000,0.000000;0.246346;0.497900;0.749453;1.000000,0.030143475883970202,0.022495568446468012,0.00764790743750219,0.0063822091447674235,0.0,0.0004025785386377658,0.0
T2,Step 5,0.2,boundary_constrained,linear,SKS02,4,5,86,19.8765,3.0964999999999994,0.000000;0.155787;0.719266;0.860136;1.000000,0.000000;0.246346;0.497900;0.749453;1.000000,0.02977242308396713,0.022442301161688313,0.007330121922278818,0.0062314563726660055,0.0,0.0003827402948588224,0.0
T2,Step 6,0.2,boundary_constrained,linear,SKS02,4,5,86,19.8765,3.0964999999999994,0.000000;0.155787;0.719266;0.860136;1.000000,0.000000;0.246346;0.497900;0.749453;1.000000,0.02974451222171598,0.027581462433637162,0.0021630497880788177,0.0010216306285206304,0.0,0.00012399893732967335,0.0
T2,Step 7,0.2,boundary_constrained,linear,SKS02,4,5,86,19.8765,3.0964999999999994,0.000000;0.155787;0.719266;0.860136;1.000000,0.000000;0.246346;0.497900;0.749453;1.000000,0.029339504218008586,0.033839013424701095,-0.004499509206692509,-0.005672448825857549,0.0,-0.00028427232179855744,0.0
T2,Step 8,0.2,boundary_constrained,linear,SKS02,4,5,86,19.8765,3.0964999999999994,0.000000;0.155787;0.719266;0.860136;1.000000,0.000000;0.246346;0.497900;0.749453;1.000000,0.0302369825165601,0.03379082928657536,-0.0035538467700152628,-0.00505583051248339,0.0,-0.00022754503216771828,0.0
T2,Step 1,0.2,boundary_constrained,pchip,SKS02,4,5,86,19.8765,3.0964999999999994,0.000000;0.155787;0.719266;0.860136;1.000000,0.000000;0.246346;0.497900;0.749453;1.000000,0.03128692615306201,0.028855977133014694,0.0024309490200473127,0.002127594072478752,0.0,0.00014620433180608848,0.0
T2,Step 2,0.2,boundary_constrained,pchip,SKS02,4,5,86,19.8765,3.0964999999999994,0.000000;0.155787;0.719266;0.860136;1.000000,0.000000;0.246346;0.497900;0.749453;1.000000,0.03174514685352121,0.020422089372569042,0.011323057480952164,0.009410809781230274,0.0,0.0005906926144104301,0.0
T2,Step 3,0.2,boundary_constrained,pchip,SKS02,4,5,86,19.8765,3.0964999999999994,0.000000;0.155787;0.719266;0.860136;1.000000,0.000000;0.246346;0.497900;0.749453;1.000000,0.03356456100672227,0.018300720934462843,0.015263840072259425,0.012173338172596825,0.0,0.0007916633688528944,0.0
T2,Step 4,0.2,boundary_constrained,pchip,SKS02,4,5,86,19.8765,3.0964999999999994,0.000000;0.155787;0.719266;0.860136;1.000000,0.000000;0.246346;0.497900;0.749453;1.000000,0.024104294601498898,0.01691379031972212,0.007190504281776779,0.0053535178230415745,0.0,0.0002949407152563232,0.0
T2,Step 5,0.2,boundary_constrained,pchip,SKS02,4,5,86,19.8765,3.0964999999999994,0.000000;0.155787;0.719266;0.860136;1.000000,0.000000;0.246346;0.497900;0.749453;1.000000,0.023202505613059997,0.01658048443482169,0.006622021178238308,0.005068803096696325,0.0,0.00026344380263071637,0.0
T2,Step 6,0.2,boundary_constrained,pchip,SKS02,4,5,86,19.8765,3.0964999999999994,0.000000;0.155787;0.719266;0.860136;1.000000,0.000000;0.246346;0.497900;0.749453;1.000000,0.024251433159205773,0.0211292296911949,0.0031222034680108736,0.0012212195876669975,0.0,0.0001416876629321533,0.0
T2,Step 7,0.2,boundary_constrained,pchip,SKS02,4,5,86,19.8765,3.0964999999999994,0.000000;0.155787;0.719266;0.860136;1.000000,0.000000;0.246346;0.497900;0.749453;1.000000,0.026691260856130546,0.028124533657665776,-0.0014332728015352299,-0.003599087862250685,0.0,-7.856598737116835e-05,0.0
T2,Step 8,0.2,boundary_constrained,pchip,SKS02,4,5,86,19.8765,3.0964999999999994,0.000000;0.155787;0.719266;0.860136;1.000000,0.000000;0.246346;0.497900;0.749453;1.000000,0.029593587882621,0.029145482105023626,0.0004481057775973761,-0.0022244918537370553,0.0,2.6321316632160105e-05,0.0
T2,Step 1,0.2,boundary_constrained,linear,SKS03,2,3,86,19.8765,3.0964999999999994,0.000000;0.155787;1.000000,0.000000;0.497900;1.000000,0.09681579903803714,0.04242024276302768,0.05439555627500946,0.048366622951399305,0.0,0.007573821947299389,0.0
T2,Step 2,0.2,boundary_constrained,linear,SKS03,2,3,86,19.8765,3.0964999999999994,0.000000;0.155787;1.000000,0.000000;0.497900;1.000000,0.122551253637456,0.042141804786914976,0.08040944885054102,0.07367716556133869,0.0,0.013242878057413626,0.0
T2,Step 3,0.2,boundary_constrained,linear,SKS03,2,3,86,19.8765,3.0964999999999994,0.000000;0.155787;1.000000,0.000000;0.497900;1.000000,0.12573790589433753,0.04591050602491797,0.07982739986941956,0.07342262854519671,0.0,0.013702246415229255,0.0
T2,Step 4,0.2,boundary_constrained,linear,SKS03,2,3,86,19.8765,3.0964999999999994,0.000000;0.155787;1.000000,0.000000;0.497900;1.000000,0.11562358468087344,0.04990782141644139,0.06571576326443204,0.06107076287847768,0.0,0.010878022695919705,0.0
T2,Step 5,0.2,boundary_constrained,linear,SKS03,2,3,86,19.8765,3.0964999999999994,0.000000;0.155787;1.000000,0.000000;0.497900;1.000000,0.11625011515007513,0.04809985189603688,0.06815026325403825,0.06334382957238192,0.0,0.011200493519985045,0.0
T2,Step 6,0.2,boundary_constrained,linear,SKS03,2,3,86,19.8765,3.0964999999999994,0.000000;0.155787;1.000000,0.000000;0.497900;1.000000,0.11909432383597984,0.05274936211289812,0.06634496172308171,0.06157736535522569,0.0,0.011400962766631583,0.0
T2,Step 7,0.2,boundary_constrained,linear,SKS03,2,3,86,19.8765,3.0964999999999994,0.000000;0.155787;1.000000,0.000000;0.497900;1.000000,0.11723417386200313,0.055762964602833705,0.06147120925916943,0.05689551290435415,0.0,0.010634343299809496,0.0
T2,Step 8,0.2,boundary_constrained,linear,SKS03,2,3,86,19.8765,3.0964999999999994,0.000000;0.155787;1.000000,0.000000;0.497900;1.000000,0.10708402433904914,0.05340778732725316,0.053676237011795976,0.049658404107113925,0.0,0.008614596521452965,0.0
T2,Step 1,0.2,boundary_constrained,pchip,SKS03,2,3,86,19.8765,3.0964999999999994,0.000000;0.155787;1.000000,0.000000;0.497900;1.000000,0.1060067462283053,0.0418127413387178,0.06419400488958751,0.05495848768498451,0.0,0.0094891249076538,0.0
T2,Step 2,0.2,boundary_constrained,pchip,SKS03,2,3,86,19.8765,3.0964999999999994,0.000000;0.155787;1.000000,0.000000;0.497900;1.000000,0.10542410488819004,0.028330264023421807,0.07709384086476823,0.06609623418486338,0.0,0.010311638031839309,0.0
T2,Step 3,0.2,boundary_constrained,pchip,SKS03,2,3,86,19.8765,3.0964999999999994,0.000000;0.155787;1.000000,0.000000;0.497900;1.000000,0.10785516642434426,0.025337842891960283,0.08251732353238397,0.07140725396051223,0.0,0.010990730642005335,0.0
T2,Step 4,0.2,boundary_constrained,pchip,SKS03,2,3,86,19.8765,3.0964999999999994,0.000000;0.155787;1.000000,0.000000;0.497900;1.000000,0.08016201471690203,0.025968677133315406,0.05419333758358662,0.04836517812569338,0.0,0.005751576411418439,0.0
T2,Step 5,0.2,boundary_constrained,pchip,SKS03,2,3,86,19.8765,3.0964999999999994,0.000000;0.155787;1.000000,0.000000;0.497900;1.000000,0.07718421112063371,0.023672774851569305,0.053511436269064405,0.04747679769717887,0.0,0.005397002177141466,0.0
T2,Step 6,0.2,boundary_constrained,pchip,SKS03,2,3,86,19.8765,3.0964999999999994,0.000000;0.155787;1.000000,0.000000;0.497900;1.000000,0.08751442710993841,0.029442945675480673,0.05807148143445774,0.05166683357777059,0.0,0.006791887902331418,0.0
T2,Step 7,0.2,boundary_constrained,pchip,SKS03,2,3,86,19.8765,3.0964999999999994,0.000000;0.155787;1.000000,0.000000;0.497900;1.000000,0.0956039584243902,0.03557493896208374,0.06002901946230647,0.053453962367660625,0.0,0.007874540584256545,0.0
T2,Step 8,0.2,boundary_constrained,pchip,SKS03,2,3,86,19.8765,3.0964999999999994,0.000000;0.155787;1.000000,0.000000;0.497900;1.000000,0.09068839095087924,0.03574964926409747,0.05493874168678178,0.04914749687029754,0.0,0.006946346830753533,0.0
T2,Step 1,0.2,boundary_constrained,linear,SKS03,3,4,86,19.8765,3.0964999999999994,0.000000;0.155787;0.427465;1.000000,0.000000;0.336905;0.668956;1.000000,0.04085751679280514,0.03383715289760979,0.00702036389519535,0.005635020021226005,0.0,0.0005243837622581313,0.0
T2,Step 2,0.2,boundary_constrained,linear,SKS03,3,4,86,19.8765,3.0964999999999994,0.000000;0.155787;0.427465;1.000000,0.000000;0.336905;0.668956;1.000000,0.04829223084301898,0.026593153384668555,0.021699077458350424,0.018493448688034656,0.0,0.001624943752854925,0.0
T2,Step 3,0.2,boundary_constrained,linear,SKS03,3,4,86,19.8765,3.0964999999999994,0.000000;0.155787;0.427465;1.000000,0.000000;0.336905;0.668956;1.000000,0.045560007209182934,0.0277125548657052,0.017847452343477736,0.015176318907083583,0.0,0.0013077285597160803,0.0
T2,Step 4,0.2,boundary_constrained,linear,SKS03,3,4,86,19.8765,3.0964999999999994,0.000000;0.155787;0.427465;1.000000,0.000000;0.336905;0.668956;1.000000,0.04986647724387867,0.026025028239576167,0.0238414490043025,0.021921285475590458,0.0,0.0018093634578435324,0.0
T2,Step 5,0.2,boundary_constrained,linear,SKS03,3,4,86,19.8765,3.0964999999999994,0.000000;0.155787;0.427465;1.000000,0.000000;0.336905;0.668956;1.000000,0.05385212631396358,0.026523889242916352,0.027328237071047225,0.02510590392227204,0.0,0.0021965348079645945,0.0
T2,Step 6,0.2,boundary_constrained,linear,SKS03,3,4,86,19.8765,3.0964999999999994,0.000000;0.155787;0.427465;1.000000,0.000000;0.336905;0.668956;1.000000,0.059226302412344174,0.031359241923934744,0.02786706048840943,0.025422034831015163,0.0,0.0025243528433945787,0.0
T2,Step 7,0.2,boundary_constrained,linear,SKS03,3,4,86,19.8765,3.0964999999999994,0.000000;0.155787;0.427465;1.000000,0.000000;0.336905;0.668956;1.000000,0.06478753233028522,0.034944172684089926,0.0298433596461953,0.02698910420874579,0.0,0.0029763291408722555,0.0
T2,Step 8,0.2,boundary_constrained,linear,SKS03,3,4,86,19.8765,3.0964999999999994,0.000000;0.155787;0.427465;1.000000,0.000000;0.336905;0.668956;1.000000,0.056785475008424346,0.03266133121106759,0.024124143797356758,0.0215781290968803,0.0,0.002157827615453328,0.0
T2,Step 1,0.2,boundary_constrained,pchip,SKS03,3,4,86,19.8765,3.0964999999999994,0.000000;0.155787;0.427465;1.000000,0.000000;0.336905;0.668956;1.000000,0.0313370290880406,0.03380615538501172,-0.0024691262969711233,-0.0027421392962588553,0.0,-0.00016084674985085407,0.0
T2,Step 2,0.2,boundary_constrained,pchip,SKS03,3,4,86,19.8765,3.0964999999999994,0.000000;0.155787;0.427465;1.000000,0.000000;0.336905;0.668956;1.000000,0.025662757220122803,0.01889161947642874,0.006771137743694065,0.003048519201485328,0.0,0.00030168382169678344,0.0
T2,Step 3,0.2,boundary_constrained,pchip,SKS03,3,4,86,19.8765,3.0964999999999994,0.000000;0.155787;0.427465;1.000000,0.000000;0.336905;0.668956;1.000000,0.03238872839789454,0.017988513072955646,0.014400215324938896,0.01048821882946899,0.0,0.0007254431246566844,0.0
T2,Step 4,0.2,boundary_constrained,pchip,SKS03,3,4,86,19.8765,3.0964999999999994,0.000000;0.155787;0.427465;1.000000,0.000000;0.336905;0.668956;1.000000,0.021254081225164565,0.016349017755308375,0.00490506346985619,0.003712216973241051,0.0,0.0001844455871625043,0.0
T2,Step 5,0.2,boundary_constrained,pchip,SKS03,3,4,86,19.8765,3.0964999999999994,0.000000;0.155787;0.427465;1.000000,0.000000;0.336905;0.668956;1.000000,0.019959726021683853,0.015231924197492494,0.0047278018241913595,0.003064535696766277,0.0,0.00016637914810252623,0.0
T2,Step 6,0.2,boundary_constrained,pchip,SKS03,3,4,86,19.8765,3.0964999999999994,0.000000;0.155787;0.427465;1.000000,0.000000;0.336905;0.668956;1.000000,0.024752580245240203,0.019059442834235156,0.005693137411005047,0.0037345808689609288,0.0,0.00024942786764557765,0.0
T2,Step 7,0.2,boundary_constrained,pchip,SKS03,3,4,86,19.8765,3.0964999999999994,0.000000;0.155787;0.427465;1.000000,0.000000;0.336905;0.668956;1.000000,0.03321948178200272,0.02388409461971635,0.009335387162286372,0.006938854276365029,0.0,0.0005330839940612474,0.0
T2,Step 8,0.2,boundary_constrained,pchip,SKS03,3,4,86,19.8765,3.0964999999999994,0.000000;0.155787;0.427465;1.000000,0.000000;0.336905;0.668956;1.000000,0.0299490890751677,0.024201403925785896,0.0057476851493818044,0.003648218814943996,0.0,0.0003112399844532842,0.0
T2,Step 1,0.2,boundary_constrained,linear,SKS03,4,5,86,19.8765,3.0964999999999994,0.000000;0.155787;0.568334;0.860136;1.000000,0.000000;0.246346;0.497900;0.749453;1.000000,0.04579092551615515,0.030274960922017456,0.015515964594137694,0.013802770018011206,0.0,0.0011802356007963844,0.0
T2,Step 2,0.2,boundary_constrained,linear,SKS03,4,5,86,19.8765,3.0964999999999994,0.000000;0.155787;0.568334;0.860136;1.000000,0.000000;0.246346;0.497900;0.749453;1.000000,0.031980432826891315,0.023034869656805318,0.008945563170085997,0.007074765446553999,0.0,0.0004921428636892974,0.0
T2,Step 3,0.2,boundary_constrained,linear,SKS03,4,5,86,19.8765,3.0964999999999994,0.000000;0.155787;0.568334;0.860136;1.000000,0.000000;0.246346;0.497900;0.749453;1.000000,0.02939296681048219,0.023486938547300402,0.0059060282631817895,0.0038866928342753786,0.0,0.00031231021559744197,0.0
T2,Step 4,0.2,boundary_constrained,linear,SKS03,4,5,86,19.8765,3.0964999999999994,0.000000;0.155787;0.568334;0.860136;1.000000,0.000000;0.246346;0.497900;0.749453;1.000000,0.026760540114198983,0.022495568446468012,0.0042649716677309706,0.0032352623132954547,0.0,0.0002100759074739256,0.0
T2,Step 5,0.2,boundary_constrained,linear,SKS03,4,5,86,19.8765,3.0964999999999994,0.000000;0.155787;0.568334;0.860136;1.000000,0.000000;0.246346;0.497900;0.749453;1.000000,0.02478940280048617,0.022442301161688313,0.0023471016387978556,0.001596018735520545,0.0,0.000110857609772835,0.0
T2,Step 6,0.2,boundary_constrained,linear,SKS03,4,5,86,19.8765,3.0964999999999994,0.000000;0.155787;0.568334;0.860136;1.000000,0.000000;0.246346;0.497900;0.749453;1.000000,0.022167692512252108,0.027581462433637162,-0.005413769921385054,-0.006026618459649788,0.0,-0.00026933047866037986,0.0
T2,Step 7,0.2,boundary_constrained,linear,SKS03,4,5,86,19.8765,3.0964999999999994,0.000000;0.155787;0.568334;0.860136;1.000000,0.000000;0.246346;0.497900;0.749453;1.000000,0.022031128358275826,0.033839013424701095,-0.011807885066425269,-0.012471061888942776,0.0,-0.0006597082128182755,0.0
T2,Step 8,0.2,boundary_constrained,linear,SKS03,4,5,86,19.8765,3.0964999999999994,0.000000;0.155787;0.568334;0.860136;1.000000,0.000000;0.246346;0.497900;0.749453;1.000000,0.023875426656036862,0.03379082928657536,-0.0099154026305385,-0.010973773644439022,0.0,-0.000571784145866684,0.0
T2,Step 1,0.2,boundary_constrained,pchip,SKS03,4,5,86,19.8765,3.0964999999999994,0.000000;0.155787;0.568334;0.860136;1.000000,0.000000;0.246346;0.497900;0.749453;1.000000,0.04218494826460397,0.028855977133014694,0.013328971131589276,0.012265336807097092,0.0,0.0009469024437862466,0.0
T2,Step 2,0.2,boundary_constrained,pchip,SKS03,4,5,86,19.8765,3.0964999999999994,0.000000;0.155787;0.568334;0.860136;1.000000,0.000000;0.246346;0.497900;0.749453;1.000000,0.027425351827303938,0.020422089372569042,0.007003262454734895,0.005392314027670413,0.0,0.000335088188510206,0.0
T2,Step 3,0.2,boundary_constrained,pchip,SKS03,4,5,86,19.8765,3.0964999999999994,0.000000;0.155787;0.568334;0.860136;1.000000,0.000000;0.246346;0.497900;0.749453;1.000000,0.02685865660884343,0.018300720934462843,0.008557935674380585,0.005935151776986988,0.0,0.00038647104811068226,0.0
T2,Step 4,0.2,boundary_constrained,pchip,SKS03,4,5,86,19.8765,3.0964999999999994,0.000000;0.155787;0.568334;0.860136;1.000000,0.000000;0.246346;0.497900;0.749453;1.000000,0.023673428742981232,0.01691379031972212,0.006759638423259114,0.004952776112680437,0.0,0.0002743549254694843,0.0
T2,Step 5,0.2,boundary_constrained,pchip,SKS03,4,5,86,19.8765,3.0964999999999994,0.000000;0.155787;0.568334;0.860136;1.000000,0.000000;0.246346;0.497900;0.749453;1.000000,0.021775773898224556,0.01658048443482169,0.005195289463402867,0.0037416724184892343,0.0,0.00019927186477323357,0.0
T2,Step 6,0.2,boundary_constrained,pchip,SKS03,4,5,86,19.8765,3.0964999999999994,0.000000;0.155787;0.568334;0.860136;1.000000,0.000000;0.246346;0.497900;0.749453;1.000000,0.022002388116592476,0.0211292296911949,0.0008731584253975772,-0.0008709359592166434,0.0,3.766073548989767e-05,0.0
T2,Step 7,0.2,boundary_constrained,pchip,SKS03,4,5,86,19.8765,3.0964999999999994,0.000000;0.155787;0.568334;0.860136;1.000000,0.000000;0.246346;0.497900;0.749453;1.000000,0.02420156184887137,0.028124533657665776,-0.003922971808794407,-0.005915060255167411,0.0,-0.00020527379753642895,0.0
T2,Step 8,0.2,boundary_constrained,pchip,SKS03,4,5,86,19.8765,3.0964999999999994,0.000000;0.155787;0.568334;0.860136;1.000000,0.000000;0.246346;0.497900;0.749453;1.000000,0.02822491987605232,0.029145482105023626,-0.000920562228971307,-0.003497534551563042,0.0,-5.281302512467922e-05,0.0
T2,Step 1,0.4,original,linear,SKS02,2,3,44,19.8765,3.0964999999999994,0.000000;0.155787;0.437527,0.000000;0.497900;1.000000,0.2470857971461286,0.04207218026754934,0.20501361687857927,0.18342652321978714,0.9966819733811908,-0.00040637969004319647,0.05968770248891584
T2,Step 2,0.4,original,linear,SKS02,2,3,44,19.8765,3.0964999999999994,0.000000;0.155787;0.437527,0.000000;0.497900;1.000000,0.2469359039478398,0.04178657108752978,0.20514933286031,0.18337965621220023,0.9979040313799058,-1.2778076263293447e-05,0.05924400121154687
T2,Step 3,0.4,original,linear,SKS02,2,3,44,19.8765,3.0964999999999994,0.000000;0.155787;0.437527,0.000000;0.497900;1.000000,0.248860183664419,0.045520738858325575,0.20333944480609342,0.18190757694665383,0.9982880281823151,-5.9204864942115466e-05,0.05991845821222261
T2,Step 4,0.4,original,linear,SKS02,2,3,44,19.8765,3.0964999999999994,0.000000;0.155787;0.437527,0.000000;0.497900;1.000000,0.2365543318691393,0.04938713937670782,0.18716719249243147,0.16762758228475916,0.9976660314554798,-9.29466146996543e-05,0.05361180900494018
T2,Step 5,0.4,original,linear,SKS02,2,3,44,19.8765,3.0964999999999994,0.000000;0.155787;0.437527,0.000000;0.497900;1.000000,0.23020519579335377,0.047562517015885736,0.18264267877746804,0.16338574794697747,0.9972677771987917,-5.725814793386766e-06,0.05073796496016332
T2,Step 6,0.4,original,linear,SKS02,2,3,44,19.8765,3.0964999999999994,0.000000;0.155787;0.437527,0.000000;0.497900;1.000000,0.22079529867488257,0.052137914589402784,0.16865738408547978,0.15006450794790283,0.9960319089275576,4.7862619717879305e-05,0.045984339159480865
T2,Step 7,0.4,original,linear,SKS02,2,3,44,19.8765,3.0964999999999994,0.000000;0.155787;0.437527,0.000000;0.497900;1.000000,0.20775529701256304,0.055129090492200813,0.15262620652036224,0.1349934122679195,0.9943097763176997,0.00011729647375689353,0.040005750344524124
T2,Step 8,0.4,original,linear,SKS02,2,3,44,19.8765,3.0964999999999994,0.000000;0.155787;0.437527,0.000000;0.497900;1.000000,0.20554464620066118,0.052832270768896634,0.15271237543176455,0.1355999030243211,0.9932819501029224,8.793489601392994e-05,0.039369417851143035
T2,Step 1,0.4,original,pchip,SKS02,2,3,44,19.8765,3.0964999999999994,0.000000;0.155787;0.437527,0.000000;0.497900;1.000000,0.24701579932842346,0.04171561625417506,0.2053001830742484,0.18136391496883286,0.997246920628618,-0.0010502778814439348,0.06032689035983831
T2,Step 2,0.4,original,pchip,SKS02,2,3,44,19.8765,3.0964999999999994,0.000000;0.155787;0.437527,0.000000;0.497900;1.000000,0.24716656940428666,0.02846947205443926,0.2186970973498474,0.19198887934364048,0.9960423347754638,-0.00023421218494902292,0.06051501437697457
T2,Step 3,0.4,original,pchip,SKS02,2,3,44,19.8765,3.0964999999999994,0.000000;0.155787;0.437527,0.000000;0.497900;1.000000,0.24904949245432628,0.0256607557398157,0.2233887367145106,0.19663967999822918,0.9967709572522075,-8.332514345321634e-05,0.061450500450072255
T2,Step 4,0.4,original,pchip,SKS02,2,3,44,19.8765,3.0964999999999994,0.000000;0.155787;0.437527,0.000000;0.497900;1.000000,0.23666370950083276,0.025918704781052956,0.2107450047197798,0.18798052012282618,0.9967440723454943,5.4657396266070205e-05,0.05528327474090111
T2,Step 5,0.4,original,pchip,SKS02,2,3,44,19.8765,3.0964999999999994,0.000000;0.155787;0.437527,0.000000;0.497900;1.000000,0.2302951750344859,0.023614439566147182,0.20668073546833873,0.18392627277129597,0.9964886391400198,9.42064528534727e-05,0.05238401943528781
T2,Step 6,0.4,original,pchip,SKS02,2,3,44,19.8765,3.0964999999999994,0.000000;0.155787;0.437527,0.000000;0.497900;1.000000,0.22095012071433132,0.029290614754222597,0.19165950596010872,0.16966155851153522,0.9946365382119045,0.00015133494104538884,0.04780968078995191
T2,Step 7,0.4,original,pchip,SKS02,2,3,44,19.8765,3.0964999999999994,0.000000;0.155787;0.437527,0.000000;0.497900;1.000000,0.20799585990712738,0.03531845949489632,0.17267740041223106,0.15192146067857326,0.9920111179211191,0.0002059557119897518,0.04180892844542297
T2,Step 8,0.4,original,pchip,SKS02,2,3,44,19.8765,3.0964999999999994,0.000000;0.155787;0.437527,0.000000;0.497900;1.000000,0.20581435609876608,0.035527105721467916,0.17028725037729817,0.1505876415189026,0.9906803586020432,0.00027206410975500535,0.04082530982565033
T2,Step 1,0.4,original,linear,SKS03,2,3,44,19.8765,3.0964999999999994,0.000000;0.155787;0.719266,0.000000;0.497900;1.000000,0.1368858145817661,0.04207218026754934,0.09481363431421677,0.08134450757839305,0.9701252716164528,-0.0004971060965430089,0.01746476397779149
T2,Step 2,0.4,original,linear,SKS03,2,3,44,19.8765,3.0964999999999994,0.000000;0.155787;0.719266,0.000000;0.497900;1.000000,0.13478651526553184,0.04178657108752978,0.09299994417800206,0.0795010496891419,0.9334523064364031,0.0005977907111998974,0.015823496462972368
T2,Step 3,0.4,original,linear,SKS03,2,3,44,19.8765,3.0964999999999994,0.000000;0.155787;0.719266,0.000000;0.497900;1.000000,0.13431570129415743,0.045520738858325575,0.08879496243583185,0.07576987793043205,0.9257870228730934,0.000606117196510817,0.015362452751422638
T2,Step 4,0.4,original,linear,SKS03,2,3,44,19.8765,3.0964999999999994,0.000000;0.155787;0.719266,0.000000;0.497900;1.000000,0.1355545829191783,0.04938713937670782,0.08616744354247047,0.0740019066812049,0.9606274125553708,-0.0002447911769819325,0.016180746591559957
T2,Step 5,0.4,original,linear,SKS03,2,3,44,19.8765,3.0964999999999994,0.000000;0.155787;0.719266,0.000000;0.497900;1.000000,0.13351515779249967,0.047562517015885736,0.08595264077661394,0.07374990210551716,0.9606683662966484,-7.960820168064278e-05,0.015643712537150314
T2,Step 6,0.4,original,linear,SKS03,2,3,44,19.8765,3.0964999999999994,0.000000;0.155787;0.719266,0.000000;0.497900;1.000000,0.12829586761561498,0.052137914589402784,0.0761579530262122,0.06429108045866969,0.9550519694755268,-7.00606167474359e-05,0.013811528126258977
T2,Step 7,0.4,original,linear,SKS03,2,3,44,19.8765,3.0964999999999994,0.000000;0.155787;0.719266,0.000000;0.497900;1.000000,0.12163449626226883,0.055129090492200813,0.06650540577006801,0.05511920305977422,0.9527373448056439,-8.519193934326835e-05,0.011840926001821893
T2,Step 8,0.4,original,linear,SKS03,2,3,44,19.8765,3.0964999999999994,0.000000;0.155787;0.719266,0.000000;0.497900;1.000000,0.11836840243134167,0.052832270768896634,0.06553613166244504,0.05483520618210464,0.9496390615409691,-0.00011475210620720513,0.01133458196575725
T2,Step 1,0.4,original,pchip,SKS03,2,3,44,19.8765,3.0964999999999994,0.000000;0.155787;0.719266,0.000000;0.497900;1.000000,0.1400858413539113,0.04171561625417506,0.09837022509973625,0.08249997249298702,0.9263097212067255,8.058356504061807e-05,0.017803266743326995
T2,Step 2,0.4,original,pchip,SKS03,2,3,44,19.8765,3.0964999999999994,0.000000;0.155787;0.719266,0.000000;0.497900;1.000000,0.13691246809555835,0.02846947205443926,0.1084429960411191,0.08999970851488888,0.9046884063277146,0.0011792619091090058,0.01675525117184978
T2,Step 3,0.4,original,pchip,SKS03,2,3,44,19.8765,3.0964999999999994,0.000000;0.155787;0.719266,0.000000;0.497900;1.000000,0.13658442754950725,0.0256607557398157,0.11092367180969155,0.09257495451244864,0.8952870099147329,0.001598692739588962,0.01639813872429915
T2,Step 4,0.4,original,pchip,SKS03,2,3,44,19.8765,3.0964999999999994,0.000000;0.155787;0.719266,0.000000;0.497900;1.000000,0.1356030572416949,0.025918704781052956,0.10968435246064195,0.09429613851021303,0.9599407401310351,0.00048373171262132924,0.01723267816314568
T2,Step 5,0.4,original,pchip,SKS03,2,3,44,19.8765,3.0964999999999994,0.000000;0.155787;0.719266,0.000000;0.497900;1.000000,0.13329336071053466,0.023614439566147182,0.10967892114438747,0.09398112931647132,0.9638680862810856,0.0004679175168734118,0.016741560736612076
T2,Step 6,0.4,original,pchip,SKS03,2,3,44,19.8765,3.0964999999999994,0.000000;0.155787;0.719266,0.000000;0.497900;1.000000,0.12864309708682742,0.029290614754222597,0.09935248233260482,0.08408376013763999,0.9499032340103798,0.0006209090815988312,0.015070197233811793
T2,Step 7,0.4,original,pchip,SKS03,2,3,44,19.8765,3.0964999999999994,0.000000;0.155787;0.719266,0.000000;0.497900;1.000000,0.12275856926658989,0.03531845949489632,0.08744010977169356,0.07293876330608925,0.9353692192757782,0.0007107949410826022,0.013111477806204913
T2,Step 8,0.4,original,pchip,SKS03,2,3,44,19.8765,3.0964999999999994,0.000000;0.155787;0.719266,0.000000;0.497900;1.000000,0.11967243108674133,0.035527105721467916,0.08414532536527342,0.07086165971067707,0.9290560489272288,0.0007350437952223632,0.012324271726044134
T2,Step 1,0.4,original,linear,SKS02,3,4,44,19.8765,3.0964999999999994,0.000000;0.155787;0.719266;0.860136,0.000000;0.336905;0.658894;1.000000,0.047521965052792686,0.03481649600868677,0.012705469044105917,0.009004823759282292,0.6491321070788981,-0.0002564058468928055,0.001302554615048754
T2,Step 2,0.4,original,linear,SKS02,3,4,44,19.8765,3.0964999999999994,0.000000;0.155787;0.719266;0.860136,0.000000;0.336905;0.658894;1.000000,0.05994192095807227,0.03411032509819548,0.025831595859876787,0.019250402057854027,0.6366414275485434,0.0003082464126511661,0.002121273197188033
T2,Step 3,0.4,original,linear,SKS02,3,4,44,19.8765,3.0964999999999994,0.000000;0.155787;0.719266;0.860136,0.000000;0.336905;0.658894;1.000000,0.06122275786398285,0.03325187511305241,0.027970882750930445,0.021342964801566063,0.6199251002319917,0.0005047282133427564,0.002137810668595084
T2,Step 4,0.4,original,linear,SKS02,3,4,44,19.8765,3.0964999999999994,0.000000;0.155787;0.719266;0.860136,0.000000;0.336905;0.658894;1.000000,0.05664586569940309,0.030134694965424133,0.026511170733978955,0.02075477734417149,0.7389252582868587,5.135727530834602e-05,0.0022492969848673067
T2,Step 5,0.4,original,linear,SKS02,3,4,44,19.8765,3.0964999999999994,0.000000;0.155787;0.719266;0.860136,0.000000;0.336905;0.658894;1.000000,0.05849252273556749,0.03100746406339938,0.027485058672168106,0.021411547982683132,0.7735551319368779,3.945437147141471e-05,0.002420458016856461
T2,Step 6,0.4,original,linear,SKS02,3,4,44,19.8765,3.0964999999999994,0.000000;0.155787;0.719266;0.860136,0.000000;0.336905;0.658894;1.000000,0.06412966744638943,0.03582910781732036,0.028300559629069064,0.021425852596734782,0.8050426313466778,-0.0001426708224696901,0.0029715601022690234
T2,Step 7,0.4,original,linear,SKS02,3,4,44,19.8765,3.0964999999999994,0.000000;0.155787;0.719266;0.860136,0.000000;0.336905;0.658894;1.000000,0.06875089442859021,0.03867600640443705,0.03007488802415316,0.022500410053954853,0.837616483213808,-0.00023142081020180243,0.0034622728235369025
T2,Step 8,0.4,original,linear,SKS02,3,4,44,19.8765,3.0964999999999994,0.000000;0.155787;0.719266;0.860136,0.000000;0.336905;0.658894;1.000000,0.07121607619653933,0.03629261360722973,0.034923462589309597,0.02742545495916262,0.8447382262020292,-0.00010238758466314841,0.003856963291050768
T2,Step 1,0.4,original,pchip,SKS02,3,4,44,19.8765,3.0964999999999994,0.000000;0.155787;0.719266;0.860136,0.000000;0.336905;0.658894;1.000000,0.046507624156340424,0.033299021922380975,0.013208602233959449,0.009806779300517217,0.677756300436334,-0.00016940225278143885,0.0012235364964616497
T2,Step 2,0.4,original,pchip,SKS02,3,4,44,19.8765,3.0964999999999994,0.000000;0.155787;0.719266;0.860136,0.000000;0.336905;0.658894;1.000000,0.056402349597952525,0.024184969174301713,0.03221738042365081,0.023545391812336138,0.7190545135581354,0.0003749001336084591,0.0022214121725992724
T2,Step 3,0.4,original,pchip,SKS02,3,4,44,19.8765,3.0964999999999994,0.000000;0.155787;0.719266;0.860136,0.000000;0.336905;0.658894;1.000000,0.05781060504954142,0.02157167372446517,0.036238931325076246,0.027489974196226074,0.6952643632887449,0.00060683789234959,0.0022698910565696925
T2,Step 4,0.4,original,pchip,SKS02,3,4,44,19.8765,3.0964999999999994,0.000000;0.155787;0.719266;0.860136,0.000000;0.336905;0.658894;1.000000,0.05358337507020851,0.018363289214126853,0.035220085856081655,0.02811874696858359,0.825803688744257,0.0001907056297997823,0.002343262063353193
T2,Step 5,0.4,original,pchip,SKS02,3,4,44,19.8765,3.0964999999999994,0.000000;0.155787;0.719266;0.860136,0.000000;0.336905;0.658894;1.000000,0.05548162308909628,0.01880139485492133,0.03668022823417495,0.028950425095823178,0.859792517789013,0.0001687707551932758,0.0025559472969166035
T2,Step 6,0.4,original,pchip,SKS02,3,4,44,19.8765,3.0964999999999994,0.000000;0.155787;0.719266;0.860136,0.000000;0.336905;0.658894;1.000000,0.06194448644868159,0.023472348390562496,0.038472138058119096,0.02992606024092538,0.862842525501058,0.0001295757233456621,0.003156592539077294
T2,Step 7,0.4,original,pchip,SKS02,3,4,44,19.8765,3.0964999999999994,0.000000;0.155787;0.719266;0.860136,0.000000;0.336905;0.658894;1.000000,0.06774924085911097,0.027454536239382158,0.04029470461972881,0.03116331444350689,0.8625674267537112,0.00014618578496579753,0.003690022291900483
T2,Step 8,0.4,original,pchip,SKS02,3,4,44,19.8765,3.0964999999999994,0.000000;0.155787;0.719266;0.860136,0.000000;0.336905;0.658894;1.000000,0.07066776076870743,0.027267458221638848,0.04340030254706858,0.034564270962495966,0.85789783192051,0.00022800074964575109,0.0040224173845486945
T2,Step 1,0.4,original,linear,SKS03,3,4,44,19.8765,3.0964999999999994,0.000000;0.155787;0.437527;1.000000,0.000000;0.336905;0.658894;1.000000,0.038792264364057354,0.03481649600868677,0.003975768355370585,0.0029415379933689714,0.0,0.0002926513801680124,0.0
T2,Step 2,0.4,original,linear,SKS03,3,4,44,19.8765,3.0964999999999994,0.000000;0.155787;0.437527;1.000000,0.000000;0.336905;0.658894;1.000000,0.050561058614654604,0.03411032509819548,0.01645073351645912,0.014248730045054878,0.0,0.0013929063699299536,0.0
T2,Step 3,0.4,original,linear,SKS03,3,4,44,19.8765,3.0964999999999994,0.000000;0.155787;0.437527;1.000000,0.000000;0.336905;0.658894;1.000000,0.04830848667018878,0.03325187511305241,0.01505661155713637,0.01306324857400569,0.0,0.0012280226858297728,0.0
T2,Step 4,0.4,original,linear,SKS03,3,4,44,19.8765,3.0964999999999994,0.000000;0.155787;0.437527;1.000000,0.000000;0.336905;0.658894;1.000000,0.05379987700396166,0.030134694965424133,0.023665182038537527,0.022064372328594355,0.0,0.001986326924982244,0.0
T2,Step 5,0.4,original,linear,SKS03,3,4,44,19.8765,3.0964999999999994,0.000000;0.155787;0.437527;1.000000,0.000000;0.336905;0.658894;1.000000,0.05674089878678709,0.03100746406339938,0.02573343472338771,0.02396608741284051,0.0,0.0022580667674894127,0.0
T2,Step 6,0.4,original,linear,SKS03,3,4,44,19.8765,3.0964999999999994,0.000000;0.155787;0.437527;1.000000,0.000000;0.336905;0.658894;1.000000,0.06214407274891789,0.03582910781732036,0.026314964931597525,0.024357806933161995,0.0,0.0025781608108376318,0.0
T2,Step 7,0.4,original,linear,SKS03,3,4,44,19.8765,3.0964999999999994,0.000000;0.155787;0.437527;1.000000,0.000000;0.336905;0.658894;1.000000,0.06605918292674011,0.03867600640443705,0.027383176522303057,0.02512405223072297,0.0,0.0028679821775524565,0.0
T2,Step 8,0.4,original,linear,SKS03,3,4,44,19.8765,3.0964999999999994,0.000000;0.155787;0.437527;1.000000,0.000000;0.336905;0.658894;1.000000,0.06061513822680538,0.03629261360722973,0.024322524619575646,0.022172495004840108,0.0,0.0023570411798110457,0.0
T2,Step 1,0.4,original,pchip,SKS03,3,4,44,19.8765,3.0964999999999994,0.000000;0.155787;0.437527;1.000000,0.000000;0.336905;0.658894;1.000000,0.03219405642820685,0.033299021922380975,-0.0011049654941741247,-0.00147360685899001,0.0,-7.236759168464204e-05,0.0
T2,Step 2,0.4,original,pchip,SKS03,3,4,44,19.8765,3.0964999999999994,0.000000;0.155787;0.437527;1.000000,0.000000;0.336905;0.658894;1.000000,0.020600621818787714,0.024184969174301713,-0.0035843473555139983,-0.006062118870826843,0.0,-0.00016052711464121158,0.0
T2,Step 3,0.4,original,pchip,SKS03,3,4,44,19.8765,3.0964999999999994,0.000000;0.155787;0.437527;1.000000,0.000000;0.336905;0.658894;1.000000,0.022372406077074712,0.02157167372446517,0.0008007323526095407,-0.0017368138353329489,0.0,3.518744640274831e-05,0.0
T2,Step 4,0.4,original,pchip,SKS03,3,4,44,19.8765,3.0964999999999994,0.000000;0.155787;0.437527;1.000000,0.000000;0.336905;0.658894;1.000000,0.02105152423075464,0.018363289214126853,0.0026882350166277866,0.0017413842705282095,0.0,0.00010595628167638212,0.0
T2,Step 5,0.4,original,pchip,SKS03,3,4,44,19.8765,3.0964999999999994,0.000000;0.155787;0.437527;1.000000,0.000000;0.336905;0.658894;1.000000,0.023635547796240747,0.01880139485492133,0.004834152941319416,0.0034337127188420608,0.0,0.00020514667113771855,0.0
T2,Step 6,0.4,original,pchip,SKS03,3,4,44,19.8765,3.0964999999999994,0.000000;0.155787;0.437527;1.000000,0.000000;0.336905;0.658894;1.000000,0.0300103735933519,0.023472348390562496,0.006538025202789403,0.004860907035866075,0.0,0.0003496713842446113,0.0
T2,Step 7,0.4,original,pchip,SKS03,3,4,44,19.8765,3.0964999999999994,0.000000;0.155787;0.437527;1.000000,0.000000;0.336905;0.658894;1.000000,0.037274377518895875,0.027454536239382158,0.009819841279513717,0.007724732159313838,0.0,0.000635627659301622,0.0
T2,Step 8,0.4,original,pchip,SKS03,3,4,44,19.8765,3.0964999999999994,0.000000;0.155787;0.437527;1.000000,0.000000;0.336905;0.658894;1.000000,0.035951737199420825,0.027267458221638848,0.008684278977781977,0.006654665554769769,0.0,0.0005490131297873989,0.0
T2,Step 1,0.4,original,linear,SKS02,4,5,44,19.8765,3.0964999999999994,0.000000;0.155787;0.719266;0.860136;1.000000,0.000000;0.256408;0.497900;0.759515;1.000000,0.031219091330710626,0.02928084856281414,0.0019382427678964857,1.2989933689463995e-07,0.0,0.00011726357095679639,0.0
T2,Step 2,0.4,original,linear,SKS02,4,5,44,19.8765,3.0964999999999994,0.000000;0.155787;0.719266;0.860136;1.000000,0.000000;0.256408;0.497900;0.759515;1.000000,0.03725678053374491,0.020333391077481076,0.016923389456263836,0.013648162158676102,0.0,0.0009746209030298468,0.0
T2,Step 3,0.4,original,linear,SKS02,4,5,44,19.8765,3.0964999999999994,0.000000;0.155787;0.719266;0.860136;1.000000,0.000000;0.256408;0.497900;0.759515;1.000000,0.03872616135746044,0.023187798038255616,0.015538363319204822,0.012091535203182829,0.0,0.0009620415956211309,0.0
T2,Step 4,0.4,original,linear,SKS02,4,5,44,19.8765,3.0964999999999994,0.000000;0.155787;0.719266;0.860136;1.000000,0.000000;0.256408;0.497900;0.759515;1.000000,0.029853146935745742,0.018741089199018613,0.011112057736727129,0.008817561032886462,0.0,0.0005399819576016534,0.0
T2,Step 5,0.4,original,linear,SKS02,4,5,44,19.8765,3.0964999999999994,0.000000;0.155787;0.719266;0.860136;1.000000,0.000000;0.256408;0.497900;0.759515;1.000000,0.029436726786602887,0.02060077132189926,0.008835955464703626,0.007393931262785772,0.0,0.0004421291048519169,0.0
T2,Step 6,0.4,original,linear,SKS02,4,5,44,19.8765,3.0964999999999994,0.000000;0.155787;0.719266;0.860136;1.000000,0.000000;0.256408;0.497900;0.759515;1.000000,0.029409168535494485,0.025434687721138452,0.003974480814356033,0.0021200850093243614,0.0,0.00021797585447728754,0.0
T2,Step 7,0.4,original,linear,SKS02,4,5,44,19.8765,3.0964999999999994,0.000000;0.155787;0.719266;0.860136;1.000000,0.000000;0.256408;0.497900;0.759515;1.000000,0.029026427566329904,0.03179420011712598,-0.0027677725507960736,-0.004598003931045057,0.0,-0.00016833766382445684,0.0
T2,Step 8,0.4,original,linear,SKS02,4,5,44,19.8765,3.0964999999999994,0.000000;0.155787;0.719266;0.860136;1.000000,0.000000;0.256408;0.497900;0.759515;1.000000,0.029968172423859085,0.032494737869979695,-0.0025265654461206107,-0.004487022729288765,0.0,-0.00015781663081254442,0.0
T2,Step 1,0.4,original,pchip,SKS02,4,5,44,19.8765,3.0964999999999994,0.000000;0.155787;0.719266;0.860136;1.000000,0.000000;0.256408;0.497900;0.759515;1.000000,0.031019620214542357,0.02929752459763141,0.0017220956169109458,0.00021542421870949374,0.0,0.00010387189070562732,0.0
T2,Step 2,0.4,original,pchip,SKS02,4,5,44,19.8765,3.0964999999999994,0.000000;0.155787;0.719266;0.860136;1.000000,0.000000;0.256408;0.497900;0.759515;1.000000,0.03147687920816474,0.01915812843243649,0.012318750775728252,0.00909887075563159,0.0,0.0006237600396516624,0.0
T2,Step 3,0.4,original,pchip,SKS02,4,5,44,19.8765,3.0964999999999994,0.000000;0.155787;0.719266;0.860136;1.000000,0.000000;0.256408;0.497900;0.759515;1.000000,0.03317594413172385,0.01878144209170655,0.014394502040017302,0.009976058367717859,0.0,0.0007479007019871356,0.0
T2,Step 4,0.4,original,pchip,SKS02,4,5,44,19.8765,3.0964999999999994,0.000000;0.155787;0.719266;0.860136;1.000000,0.000000;0.256408;0.497900;0.759515;1.000000,0.02390538405604278,0.015970883298236743,0.007934500757806037,0.004656624725767684,0.0,0.00031639827354100714,0.0
T2,Step 5,0.4,original,pchip,SKS02,4,5,44,19.8765,3.0964999999999994,0.000000;0.155787;0.719266;0.860136;1.000000,0.000000;0.256408;0.497900;0.759515;1.000000,0.02295083289550396,0.015675222412073326,0.007275610483430634,0.005078621705755369,0.0,0.00028102813292938067,0.0
T2,Step 6,0.4,original,pchip,SKS02,4,5,44,19.8765,3.0964999999999994,0.000000;0.155787;0.719266;0.860136;1.000000,0.000000;0.256408;0.497900;0.759515;1.000000,0.02399878757699986,0.0204244873838402,0.003574300193159661,0.0005637516585152783,0.0,0.00015878212027331537,0.0
T2,Step 7,0.4,original,pchip,SKS02,4,5,44,19.8765,3.0964999999999994,0.000000;0.155787;0.719266;0.860136;1.000000,0.000000;0.256408;0.497900;0.759515;1.000000,0.026420242927365115,0.027167221083396892,-0.0007469781560317766,-0.0038292286059419083,0.0,-4.002866505317812e-05,0.0
T2,Step 8,0.4,original,pchip,SKS02,4,5,44,19.8765,3.0964999999999994,0.000000;0.155787;0.719266;0.860136;1.000000,0.000000;0.256408;0.497900;0.759515;1.000000,0.029343473471019548,0.028866676345645943,0.0004767971253736049,-0.0028004552342119,0.0,2.775443210015295e-05,0.0
T2,Step 1,0.4,original,linear,SKS03,4,5,44,19.8765,3.0964999999999994,0.000000;0.155787;0.578397;0.860136;1.000000,0.000000;0.256408;0.497900;0.759515;1.000000,0.04917740933721142,0.02928084856281414,0.019896560774397276,0.016907150779194507,0.0,0.001561049496561194,0.0
T2,Step 2,0.4,original,linear,SKS03,4,5,44,19.8765,3.0964999999999994,0.000000;0.155787;0.578397;0.860136;1.000000,0.000000;0.256408;0.497900;0.759515;1.000000,0.037135954865079576,0.020333391077481076,0.0168025637875985,0.013534461909218008,0.0,0.0009656323510314404,0.0
T2,Step 3,0.4,original,linear,SKS03,4,5,44,19.8765,3.0964999999999994,0.000000;0.155787;0.578397;0.860136;1.000000,0.000000;0.256408;0.497900;0.759515;1.000000,0.031543375105909814,0.023187798038255616,0.008355577067654198,0.005332476575363575,0.0,0.0004573105352091999,0.0
T2,Step 4,0.4,original,linear,SKS03,4,5,44,19.8765,3.0964999999999994,0.000000;0.155787;0.578397;0.860136;1.000000,0.000000;0.256408;0.497900;0.759515;1.000000,0.028712931412352805,0.018741089199018613,0.009971842213334192,0.007744609987575087,0.0,0.00047320400592490425,0.0
T2,Step 5,0.4,original,linear,SKS03,4,5,44,19.8765,3.0964999999999994,0.000000;0.155787;0.578397;0.860136;1.000000,0.000000;0.256408;0.497900;0.759515;1.000000,0.02623384096550251,0.02060077132189926,0.005633069643603248,0.00437990897361468,0.0,0.00026382263274609075,0.0
T2,Step 6,0.4,original,linear,SKS03,4,5,44,19.8765,3.0964999999999994,0.000000;0.155787;0.578397;0.860136;1.000000,0.000000;0.256408;0.497900;0.759515;1.000000,0.023948160261850752,0.025434687721138452,-0.0014865274592876995,-0.0030189937862204093,0.0,-7.340895954454376e-05,0.0
T2,Step 7,0.4,original,linear,SKS03,4,5,44,19.8765,3.0964999999999994,0.000000;0.155787;0.578397;0.860136;1.000000,0.000000;0.256408;0.497900;0.759515;1.000000,0.02386163851053381,0.03179420011712598,-0.007932561606592167,-0.009459108278424395,0.0,-0.000441493368680463,0.0
T2,Step 8,0.4,original,linear,SKS03,4,5,44,19.8765,3.0964999999999994,0.000000;0.155787;0.578397;0.860136;1.000000,0.000000;0.256408;0.497900;0.759515;1.000000,0.024859623365074083,0.032494737869979695,-0.007635114504905612,-0.009296611045930315,0.0,-0.00043790711538535526,0.0
T2,Step 1,0.4,original,pchip,SKS03,4,5,44,19.8765,3.0964999999999994,0.000000;0.155787;0.578397;0.860136;1.000000,0.000000;0.256408;0.497900;0.759515;1.000000,0.045772543915154784,0.02929752459763141,0.016475019317523373,0.01410060382530888,0.0,0.0012367808289159557,0.0
T2,Step 2,0.4,original,pchip,SKS03,4,5,44,19.8765,3.0964999999999994,0.000000;0.155787;0.578397;0.860136;1.000000,0.000000;0.256408;0.497900;0.759515;1.000000,0.031476232472069036,0.01915812843243649,0.012318104039632547,0.009097681030254316,0.0,0.0006237193256020018,0.0
T2,Step 3,0.4,original,pchip,SKS03,4,5,44,19.8765,3.0964999999999994,0.000000;0.155787;0.578397;0.860136;1.000000,0.000000;0.256408;0.497900;0.759515;1.000000,0.02780260502729625,0.01878144209170655,0.009021162935589699,0.004919941750080554,0.0,0.00042024227925971223,0.0
T2,Step 4,0.4,original,pchip,SKS03,4,5,44,19.8765,3.0964999999999994,0.000000;0.155787;0.578397;0.860136;1.000000,0.000000;0.256408;0.497900;0.759515;1.000000,0.023543730351917216,0.015970883298236743,0.007572847053680474,0.004315900637136296,0.0,0.0002992381255578907,0.0
T2,Step 5,0.4,original,pchip,SKS03,4,5,44,19.8765,3.0964999999999994,0.000000;0.155787;0.578397;0.860136;1.000000,0.000000;0.256408;0.497900;0.759515;1.000000,0.02138870040178949,0.015675222412073326,0.005713477989716165,0.0036079778792969253,0.0,0.00021176390720954402,0.0
T2,Step 6,0.4,original,pchip,SKS03,4,5,44,19.8765,3.0964999999999994,0.000000;0.155787;0.578397;0.860136;1.000000,0.000000;0.256408;0.497900;0.759515;1.000000,0.02099727391507973,0.0204244873838402,0.0005727865312395303,-0.002261256797125275,0.0,2.372582697224014e-05,0.0
T2,Step 7,0.4,original,pchip,SKS03,4,5,44,19.8765,3.0964999999999994,0.000000;0.155787;0.578397;0.860136;1.000000,0.000000;0.256408;0.497900;0.759515;1.000000,0.02324783753666199,0.027167221083396892,-0.003919383546734902,-0.0068152040603039615,0.0,-0.00019759595126313446,0.0
T2,Step 8,0.4,original,pchip,SKS03,4,5,44,19.8765,3.0964999999999994,0.000000;0.155787;0.578397;0.860136;1.000000,0.000000;0.256408;0.497900;0.759515;1.000000,0.026489455200565185,0.028866676345645943,-0.0023772211450807587,-0.005486885503986769,0.0,-0.0001315937664215252,0.0
T2,Step 1,0.4,boundary_constrained,linear,SKS02,2,3,44,19.8765,3.0964999999999994,0.000000;0.155787;1.000000,0.000000;0.497900;1.000000,0.09572012207373008,0.04207218026754934,0.053647941806180745,0.04841402873709459,0.0,0.007392273417344621,0.0
T2,Step 2,0.4,boundary_constrained,linear,SKS02,2,3,44,19.8765,3.0964999999999994,0.000000;0.155787;1.000000,0.000000;0.497900;1.000000,0.12118400173890767,0.04178657108752978,0.07939743065137789,0.07366966293890373,0.0,0.0129394447542024,0.0
T2,Step 3,0.4,boundary_constrained,linear,SKS02,2,3,44,19.8765,3.0964999999999994,0.000000;0.155787;1.000000,0.000000;0.497900;1.000000,0.1242846932415033,0.045520738858325575,0.07876395438317774,0.07333963230537813,0.0,0.013374547307926704,0.0
T2,Step 4,0.4,boundary_constrained,linear,SKS02,2,3,44,19.8765,3.0964999999999994,0.000000;0.155787;1.000000,0.000000;0.497900;1.000000,0.11432485925702171,0.04938713937670782,0.06493771988031388,0.061049541670438724,0.0,0.01063108390832346,0.0
T2,Step 5,0.4,boundary_constrained,linear,SKS02,2,3,44,19.8765,3.0964999999999994,0.000000;0.155787;1.000000,0.000000;0.497900;1.000000,0.11492651214016295,0.047562517015885736,0.06736399512427721,0.06334047070136598,0.0,0.010945910167816602,0.0
T2,Step 6,0.4,boundary_constrained,linear,SKS02,2,3,44,19.8765,3.0964999999999994,0.000000;0.155787;1.000000,0.000000;0.497900;1.000000,0.11770606960748978,0.052137914589402784,0.065568155018087,0.06156947799493123,0.0,0.01113635668471137,0.0
T2,Step 7,0.4,boundary_constrained,linear,SKS02,2,3,44,19.8765,3.0964999999999994,0.000000;0.155787;1.000000,0.000000;0.497900;1.000000,0.11588266871750501,0.055129090492200813,0.060753578225304194,0.0569015606606022,0.0,0.010389576290593746,0.0
T2,Step 8,0.4,boundary_constrained,linear,SKS02,2,3,44,19.8765,3.0964999999999994,0.000000;0.155787;1.000000,0.000000;0.497900;1.000000,0.10585433457819697,0.052832270768896634,0.053022063809300336,0.049640865425080706,0.0,0.008413891314394857,0.0
T2,Step 1,0.4,boundary_constrained,pchip,SKS02,2,3,44,19.8765,3.0964999999999994,0.000000;0.155787;1.000000,0.000000;0.497900;1.000000,0.10480313447257122,0.04171561625417506,0.06308751821839617,0.05496740673816925,0.0,0.009243504355810252,0.0
T2,Step 2,0.4,boundary_constrained,pchip,SKS02,2,3,44,19.8765,3.0964999999999994,0.000000;0.155787;1.000000,0.000000;0.497900;1.000000,0.10425600138115683,0.02846947205443926,0.07578652932671756,0.06612430742682038,0.0,0.010058802984929277,0.0
T2,Step 3,0.4,boundary_constrained,pchip,SKS02,2,3,44,19.8765,3.0964999999999994,0.000000;0.155787;1.000000,0.000000;0.497900;1.000000,0.1066083367096109,0.0256607557398157,0.0809475809697952,0.07125352499857052,0.0,0.010706863070851285,0.0
T2,Step 4,0.4,boundary_constrained,pchip,SKS02,2,3,44,19.8765,3.0964999999999994,0.000000;0.155787;1.000000,0.000000;0.497900;1.000000,0.07927425290380667,0.025918704781052956,0.05335554812275371,0.04831317204475133,0.0,0.005612627915929323,0.0
T2,Step 5,0.4,boundary_constrained,pchip,SKS02,2,3,44,19.8765,3.0964999999999994,0.000000;0.155787;1.000000,0.000000;0.497900;1.000000,0.07630725198675409,0.023614439566147182,0.0526928124206069,0.04745240434959877,0.0,0.0052651549497467675,0.0
T2,Step 6,0.4,boundary_constrained,pchip,SKS02,2,3,44,19.8765,3.0964999999999994,0.000000;0.155787;1.000000,0.000000;0.497900;1.000000,0.08648837197683676,0.029290614754222597,0.057197757222614165,0.0516390171973305,0.0,0.0066222983745234006,0.0
T2,Step 7,0.4,boundary_constrained,pchip,SKS02,2,3,44,19.8765,3.0964999999999994,0.000000;0.155787;1.000000,0.000000;0.497900;1.000000,0.09449979848424432,0.03531845949489632,0.059181338989348,0.05347189060694596,0.0,0.007682818332470153,0.0
T2,Step 8,0.4,boundary_constrained,pchip,SKS02,2,3,44,19.8765,3.0964999999999994,0.000000;0.155787;1.000000,0.000000;0.497900;1.000000,0.08964960598884994,0.035527105721467916,0.05412250026738202,0.049115111624547576,0.0,0.006774876613011681,0.0
T2,Step 1,0.4,boundary_constrained,linear,SKS02,3,4,44,19.8765,3.0964999999999994,0.000000;0.155787;0.437527;1.000000,0.000000;0.336905;0.658894;1.000000,0.038792264364057354,0.03481649600868677,0.003975768355370585,0.0029415379933689714,0.0,0.0002926513801680124,0.0
T2,Step 2,0.4,boundary_constrained,linear,SKS02,3,4,44,19.8765,3.0964999999999994,0.000000;0.155787;0.437527;1.000000,0.000000;0.336905;0.658894;1.000000,0.050561058614654604,0.03411032509819548,0.01645073351645912,0.014248730045054878,0.0,0.0013929063699299536,0.0
T2,Step 3,0.4,boundary_constrained,linear,SKS02,3,4,44,19.8765,3.0964999999999994,0.000000;0.155787;0.437527;1.000000,0.000000;0.336905;0.658894;1.000000,0.04830848667018878,0.03325187511305241,0.01505661155713637,0.01306324857400569,0.0,0.0012280226858297728,0.0
T2,Step 4,0.4,boundary_constrained,linear,SKS02,3,4,44,19.8765,3.0964999999999994,0.000000;0.155787;0.437527;1.000000,0.000000;0.336905;0.658894;1.000000,0.05379987700396166,0.030134694965424133,0.023665182038537527,0.022064372328594355,0.0,0.001986326924982244,0.0
T2,Step 5,0.4,boundary_constrained,linear,SKS02,3,4,44,19.8765,3.0964999999999994,0.000000;0.155787;0.437527;1.000000,0.000000;0.336905;0.658894;1.000000,0.05674089878678709,0.03100746406339938,0.02573343472338771,0.02396608741284051,0.0,0.0022580667674894127,0.0
T2,Step 6,0.4,boundary_constrained,linear,SKS02,3,4,44,19.8765,3.0964999999999994,0.000000;0.155787;0.437527;1.000000,0.000000;0.336905;0.658894;1.000000,0.06214407274891789,0.03582910781732036,0.026314964931597525,0.024357806933161995,0.0,0.0025781608108376318,0.0
T2,Step 7,0.4,boundary_constrained,linear,SKS02,3,4,44,19.8765,3.0964999999999994,0.000000;0.155787;0.437527;1.000000,0.000000;0.336905;0.658894;1.000000,0.06605918292674011,0.03867600640443705,0.027383176522303057,0.02512405223072297,0.0,0.0028679821775524565,0.0
T2,Step 8,0.4,boundary_constrained,linear,SKS02,3,4,44,19.8765,3.0964999999999994,0.000000;0.155787;0.437527;1.000000,0.000000;0.336905;0.658894;1.000000,0.06061513822680538,0.03629261360722973,0.024322524619575646,0.022172495004840108,0.0,0.0023570411798110457,0.0
T2,Step 1,0.4,boundary_constrained,pchip,SKS02,3,4,44,19.8765,3.0964999999999994,0.000000;0.155787;0.437527;1.000000,0.000000;0.336905;0.658894;1.000000,0.03219405642820685,0.033299021922380975,-0.0011049654941741247,-0.00147360685899001,0.0,-7.236759168464204e-05,0.0
T2,Step 2,0.4,boundary_constrained,pchip,SKS02,3,4,44,19.8765,3.0964999999999994,0.000000;0.155787;0.437527;1.000000,0.000000;0.336905;0.658894;1.000000,0.020600621818787714,0.024184969174301713,-0.0035843473555139983,-0.006062118870826843,0.0,-0.00016052711464121158,0.0
T2,Step 3,0.4,boundary_constrained,pchip,SKS02,3,4,44,19.8765,3.0964999999999994,0.000000;0.155787;0.437527;1.000000,0.000000;0.336905;0.658894;1.000000,0.022372406077074712,0.02157167372446517,0.0008007323526095407,-0.0017368138353329489,0.0,3.518744640274831e-05,0.0
T2,Step 4,0.4,boundary_constrained,pchip,SKS02,3,4,44,19.8765,3.0964999999999994,0.000000;0.155787;0.437527;1.000000,0.000000;0.336905;0.658894;1.000000,0.02105152423075464,0.018363289214126853,0.0026882350166277866,0.0017413842705282095,0.0,0.00010595628167638212,0.0
T2,Step 5,0.4,boundary_constrained,pchip,SKS02,3,4,44,19.8765,3.0964999999999994,0.000000;0.155787;0.437527;1.000000,0.000000;0.336905;0.658894;1.000000,0.023635547796240747,0.01880139485492133,0.004834152941319416,0.0034337127188420608,0.0,0.00020514667113771855,0.0
T2,Step 6,0.4,boundary_constrained,pchip,SKS02,3,4,44,19.8765,3.0964999999999994,0.000000;0.155787;0.437527;1.000000,0.000000;0.336905;0.658894;1.000000,0.0300103735933519,0.023472348390562496,0.006538025202789403,0.004860907035866075,0.0,0.0003496713842446113,0.0
T2,Step 7,0.4,boundary_constrained,pchip,SKS02,3,4,44,19.8765,3.0964999999999994,0.000000;0.155787;0.437527;1.000000,0.000000;0.336905;0.658894;1.000000,0.037274377518895875,0.027454536239382158,0.009819841279513717,0.007724732159313838,0.0,0.000635627659301622,0.0
T2,Step 8,0.4,boundary_constrained,pchip,SKS02,3,4,44,19.8765,3.0964999999999994,0.000000;0.155787;0.437527;1.000000,0.000000;0.336905;0.658894;1.000000,0.035951737199420825,0.027267458221638848,0.008684278977781977,0.006654665554769769,0.0,0.0005490131297873989,0.0
T2,Step 1,0.4,boundary_constrained,linear,SKS02,4,5,44,19.8765,3.0964999999999994,0.000000;0.155787;0.719266;0.860136;1.000000,0.000000;0.256408;0.497900;0.759515;1.000000,0.031219091330710626,0.02928084856281414,0.0019382427678964857,1.2989933689463995e-07,0.0,0.00011726357095679639,0.0
T2,Step 2,0.4,boundary_constrained,linear,SKS02,4,5,44,19.8765,3.0964999999999994,0.000000;0.155787;0.719266;0.860136;1.000000,0.000000;0.256408;0.497900;0.759515;1.000000,0.03725678053374491,0.020333391077481076,0.016923389456263836,0.013648162158676102,0.0,0.0009746209030298468,0.0
T2,Step 3,0.4,boundary_constrained,linear,SKS02,4,5,44,19.8765,3.0964999999999994,0.000000;0.155787;0.719266;0.860136;1.000000,0.000000;0.256408;0.497900;0.759515;1.000000,0.03872616135746044,0.023187798038255616,0.015538363319204822,0.012091535203182829,0.0,0.0009620415956211309,0.0
T2,Step 4,0.4,boundary_constrained,linear,SKS02,4,5,44,19.8765,3.0964999999999994,0.000000;0.155787;0.719266;0.860136;1.000000,0.000000;0.256408;0.497900;0.759515;1.000000,0.029853146935745742,0.018741089199018613,0.011112057736727129,0.008817561032886462,0.0,0.0005399819576016534,0.0
T2,Step 5,0.4,boundary_constrained,linear,SKS02,4,5,44,19.8765,3.0964999999999994,0.000000;0.155787;0.719266;0.860136;1.000000,0.000000;0.256408;0.497900;0.759515;1.000000,0.029436726786602887,0.02060077132189926,0.008835955464703626,0.007393931262785772,0.0,0.0004421291048519169,0.0
T2,Step 6,0.4,boundary_constrained,linear,SKS02,4,5,44,19.8765,3.0964999999999994,0.000000;0.155787;0.719266;0.860136;1.000000,0.000000;0.256408;0.497900;0.759515;1.000000,0.029409168535494485,0.025434687721138452,0.003974480814356033,0.0021200850093243614,0.0,0.00021797585447728754,0.0
T2,Step 7,0.4,boundary_constrained,linear,SKS02,4,5,44,19.8765,3.0964999999999994,0.000000;0.155787;0.719266;0.860136;1.000000,0.000000;0.256408;0.497900;0.759515;1.000000,0.029026427566329904,0.03179420011712598,-0.0027677725507960736,-0.004598003931045057,0.0,-0.00016833766382445684,0.0
T2,Step 8,0.4,boundary_constrained,linear,SKS02,4,5,44,19.8765,3.0964999999999994,0.000000;0.155787;0.719266;0.860136;1.000000,0.000000;0.256408;0.497900;0.759515;1.000000,0.029968172423859085,0.032494737869979695,-0.0025265654461206107,-0.004487022729288765,0.0,-0.00015781663081254442,0.0
T2,Step 1,0.4,boundary_constrained,pchip,SKS02,4,5,44,19.8765,3.0964999999999994,0.000000;0.155787;0.719266;0.860136;1.000000,0.000000;0.256408;0.497900;0.759515;1.000000,0.031019620214542357,0.02929752459763141,0.0017220956169109458,0.00021542421870949374,0.0,0.00010387189070562732,0.0
T2,Step 2,0.4,boundary_constrained,pchip,SKS02,4,5,44,19.8765,3.0964999999999994,0.000000;0.155787;0.719266;0.860136;1.000000,0.000000;0.256408;0.497900;0.759515;1.000000,0.03147687920816474,0.01915812843243649,0.012318750775728252,0.00909887075563159,0.0,0.0006237600396516624,0.0
T2,Step 3,0.4,boundary_constrained,pchip,SKS02,4,5,44,19.8765,3.0964999999999994,0.000000;0.155787;0.719266;0.860136;1.000000,0.000000;0.256408;0.497900;0.759515;1.000000,0.03317594413172385,0.01878144209170655,0.014394502040017302,0.009976058367717859,0.0,0.0007479007019871356,0.0
T2,Step 4,0.4,boundary_constrained,pchip,SKS02,4,5,44,19.8765,3.0964999999999994,0.000000;0.155787;0.719266;0.860136;1.000000,0.000000;0.256408;0.497900;0.759515;1.000000,0.02390538405604278,0.015970883298236743,0.007934500757806037,0.004656624725767684,0.0,0.00031639827354100714,0.0
T2,Step 5,0.4,boundary_constrained,pchip,SKS02,4,5,44,19.8765,3.0964999999999994,0.000000;0.155787;0.719266;0.860136;1.000000,0.000000;0.256408;0.497900;0.759515;1.000000,0.02295083289550396,0.015675222412073326,0.007275610483430634,0.005078621705755369,0.0,0.00028102813292938067,0.0
T2,Step 6,0.4,boundary_constrained,pchip,SKS02,4,5,44,19.8765,3.0964999999999994,0.000000;0.155787;0.719266;0.860136;1.000000,0.000000;0.256408;0.497900;0.759515;1.000000,0.02399878757699986,0.0204244873838402,0.003574300193159661,0.0005637516585152783,0.0,0.00015878212027331537,0.0
T2,Step 7,0.4,boundary_constrained,pchip,SKS02,4,5,44,19.8765,3.0964999999999994,0.000000;0.155787;0.719266;0.860136;1.000000,0.000000;0.256408;0.497900;0.759515;1.000000,0.026420242927365115,0.027167221083396892,-0.0007469781560317766,-0.0038292286059419083,0.0,-4.002866505317812e-05,0.0
T2,Step 8,0.4,boundary_constrained,pchip,SKS02,4,5,44,19.8765,3.0964999999999994,0.000000;0.155787;0.719266;0.860136;1.000000,0.000000;0.256408;0.497900;0.759515;1.000000,0.029343473471019548,0.028866676345645943,0.0004767971253736049,-0.0028004552342119,0.0,2.775443210015295e-05,0.0
T2,Step 1,0.4,boundary_constrained,linear,SKS03,2,3,44,19.8765,3.0964999999999994,0.000000;0.155787;1.000000,0.000000;0.497900;1.000000,0.09572012207373008,0.04207218026754934,0.053647941806180745,0.04841402873709459,0.0,0.007392273417344621,0.0
T2,Step 2,0.4,boundary_constrained,linear,SKS03,2,3,44,19.8765,3.0964999999999994,0.000000;0.155787;1.000000,0.000000;0.497900;1.000000,0.12118400173890767,0.04178657108752978,0.07939743065137789,0.07366966293890373,0.0,0.0129394447542024,0.0
T2,Step 3,0.4,boundary_constrained,linear,SKS03,2,3,44,19.8765,3.0964999999999994,0.000000;0.155787;1.000000,0.000000;0.497900;1.000000,0.1242846932415033,0.045520738858325575,0.07876395438317774,0.07333963230537813,0.0,0.013374547307926704,0.0
T2,Step 4,0.4,boundary_constrained,linear,SKS03,2,3,44,19.8765,3.0964999999999994,0.000000;0.155787;1.000000,0.000000;0.497900;1.000000,0.11432485925702171,0.04938713937670782,0.06493771988031388,0.061049541670438724,0.0,0.01063108390832346,0.0
T2,Step 5,0.4,boundary_constrained,linear,SKS03,2,3,44,19.8765,3.0964999999999994,0.000000;0.155787;1.000000,0.000000;0.497900;1.000000,0.11492651214016295,0.047562517015885736,0.06736399512427721,0.06334047070136598,0.0,0.010945910167816602,0.0
T2,Step 6,0.4,boundary_constrained,linear,SKS03,2,3,44,19.8765,3.0964999999999994,0.000000;0.155787;1.000000,0.000000;0.497900;1.000000,0.11770606960748978,0.052137914589402784,0.065568155018087,0.06156947799493123,0.0,0.01113635668471137,0.0
T2,Step 7,0.4,boundary_constrained,linear,SKS03,2,3,44,19.8765,3.0964999999999994,0.000000;0.155787;1.000000,0.000000;0.497900;1.000000,0.11588266871750501,0.055129090492200813,0.060753578225304194,0.0569015606606022,0.0,0.010389576290593746,0.0
T2,Step 8,0.4,boundary_constrained,linear,SKS03,2,3,44,19.8765,3.0964999999999994,0.000000;0.155787;1.000000,0.000000;0.497900;1.000000,0.10585433457819697,0.052832270768896634,0.053022063809300336,0.049640865425080706,0.0,0.008413891314394857,0.0
T2,Step 1,0.4,boundary_constrained,pchip,SKS03,2,3,44,19.8765,3.0964999999999994,0.000000;0.155787;1.000000,0.000000;0.497900;1.000000,0.10480313447257122,0.04171561625417506,0.06308751821839617,0.05496740673816925,0.0,0.009243504355810252,0.0
T2,Step 2,0.4,boundary_constrained,pchip,SKS03,2,3,44,19.8765,3.0964999999999994,0.000000;0.155787;1.000000,0.000000;0.497900;1.000000,0.10425600138115683,0.02846947205443926,0.07578652932671756,0.06612430742682038,0.0,0.010058802984929277,0.0
T2,Step 3,0.4,boundary_constrained,pchip,SKS03,2,3,44,19.8765,3.0964999999999994,0.000000;0.155787;1.000000,0.000000;0.497900;1.000000,0.1066083367096109,0.0256607557398157,0.0809475809697952,0.07125352499857052,0.0,0.010706863070851285,0.0
T2,Step 4,0.4,boundary_constrained,pchip,SKS03,2,3,44,19.8765,3.0964999999999994,0.000000;0.155787;1.000000,0.000000;0.497900;1.000000,0.07927425290380667,0.025918704781052956,0.05335554812275371,0.04831317204475133,0.0,0.005612627915929323,0.0
T2,Step 5,0.4,boundary_constrained,pchip,SKS03,2,3,44,19.8765,3.0964999999999994,0.000000;0.155787;1.000000,0.000000;0.497900;1.000000,0.07630725198675409,0.023614439566147182,0.0526928124206069,0.04745240434959877,0.0,0.0052651549497467675,0.0
T2,Step 6,0.4,boundary_constrained,pchip,SKS03,2,3,44,19.8765,3.0964999999999994,0.000000;0.155787;1.000000,0.000000;0.497900;1.000000,0.08648837197683676,0.029290614754222597,0.057197757222614165,0.0516390171973305,0.0,0.0066222983745234006,0.0
T2,Step 7,0.4,boundary_constrained,pchip,SKS03,2,3,44,19.8765,3.0964999999999994,0.000000;0.155787;1.000000,0.000000;0.497900;1.000000,0.09449979848424432,0.03531845949489632,0.059181338989348,0.05347189060694596,0.0,0.007682818332470153,0.0
T2,Step 8,0.4,boundary_constrained,pchip,SKS03,2,3,44,19.8765,3.0964999999999994,0.000000;0.155787;1.000000,0.000000;0.497900;1.000000,0.08964960598884994,0.035527105721467916,0.05412250026738202,0.049115111624547576,0.0,0.006774876613011681,0.0
T2,Step 1,0.4,boundary_constrained,linear,SKS03,3,4,44,19.8765,3.0964999999999994,0.000000;0.155787;0.437527;1.000000,0.000000;0.336905;0.658894;1.000000,0.038792264364057354,0.03481649600868677,0.003975768355370585,0.0029415379933689714,0.0,0.0002926513801680124,0.0
T2,Step 2,0.4,boundary_constrained,linear,SKS03,3,4,44,19.8765,3.0964999999999994,0.000000;0.155787;0.437527;1.000000,0.000000;0.336905;0.658894;1.000000,0.050561058614654604,0.03411032509819548,0.01645073351645912,0.014248730045054878,0.0,0.0013929063699299536,0.0
T2,Step 3,0.4,boundary_constrained,linear,SKS03,3,4,44,19.8765,3.0964999999999994,0.000000;0.155787;0.437527;1.000000,0.000000;0.336905;0.658894;1.000000,0.04830848667018878,0.03325187511305241,0.01505661155713637,0.01306324857400569,0.0,0.0012280226858297728,0.0
T2,Step 4,0.4,boundary_constrained,linear,SKS03,3,4,44,19.8765,3.0964999999999994,0.000000;0.155787;0.437527;1.000000,0.000000;0.336905;0.658894;1.000000,0.05379987700396166,0.030134694965424133,0.023665182038537527,0.022064372328594355,0.0,0.001986326924982244,0.0
T2,Step 5,0.4,boundary_constrained,linear,SKS03,3,4,44,19.8765,3.0964999999999994,0.000000;0.155787;0.437527;1.000000,0.000000;0.336905;0.658894;1.000000,0.05674089878678709,0.03100746406339938,0.02573343472338771,0.02396608741284051,0.0,0.0022580667674894127,0.0
T2,Step 6,0.4,boundary_constrained,linear,SKS03,3,4,44,19.8765,3.0964999999999994,0.000000;0.155787;0.437527;1.000000,0.000000;0.336905;0.658894;1.000000,0.06214407274891789,0.03582910781732036,0.026314964931597525,0.024357806933161995,0.0,0.0025781608108376318,0.0
T2,Step 7,0.4,boundary_constrained,linear,SKS03,3,4,44,19.8765,3.0964999999999994,0.000000;0.155787;0.437527;1.000000,0.000000;0.336905;0.658894;1.000000,0.06605918292674011,0.03867600640443705,0.027383176522303057,0.02512405223072297,0.0,0.0028679821775524565,0.0
T2,Step 8,0.4,boundary_constrained,linear,SKS03,3,4,44,19.8765,3.0964999999999994,0.000000;0.155787;0.437527;1.000000,0.000000;0.336905;0.658894;1.000000,0.06061513822680538,0.03629261360722973,0.024322524619575646,0.022172495004840108,0.0,0.0023570411798110457,0.0
T2,Step 1,0.4,boundary_constrained,pchip,SKS03,3,4,44,19.8765,3.0964999999999994,0.000000;0.155787;0.437527;1.000000,0.000000;0.336905;0.658894;1.000000,0.03219405642820685,0.033299021922380975,-0.0011049654941741247,-0.00147360685899001,0.0,-7.236759168464204e-05,0.0
T2,Step 2,0.4,boundary_constrained,pchip,SKS03,3,4,44,19.8765,3.0964999999999994,0.000000;0.155787;0.437527;1.000000,0.000000;0.336905;0.658894;1.000000,0.020600621818787714,0.024184969174301713,-0.0035843473555139983,-0.006062118870826843,0.0,-0.00016052711464121158,0.0
T2,Step 3,0.4,boundary_constrained,pchip,SKS03,3,4,44,19.8765,3.0964999999999994,0.000000;0.155787;0.437527;1.000000,0.000000;0.336905;0.658894;1.000000,0.022372406077074712,0.02157167372446517,0.0008007323526095407,-0.0017368138353329489,0.0,3.518744640274831e-05,0.0
T2,Step 4,0.4,boundary_constrained,pchip,SKS03,3,4,44,19.8765,3.0964999999999994,0.000000;0.155787;0.437527;1.000000,0.000000;0.336905;0.658894;1.000000,0.02105152423075464,0.018363289214126853,0.0026882350166277866,0.0017413842705282095,0.0,0.00010595628167638212,0.0
T2,Step 5,0.4,boundary_constrained,pchip,SKS03,3,4,44,19.8765,3.0964999999999994,0.000000;0.155787;0.437527;1.000000,0.000000;0.336905;0.658894;1.000000,0.023635547796240747,0.01880139485492133,0.004834152941319416,0.0034337127188420608,0.0,0.00020514667113771855,0.0
T2,Step 6,0.4,boundary_constrained,pchip,SKS03,3,4,44,19.8765,3.0964999999999994,0.000000;0.155787;0.437527;1.000000,0.000000;0.336905;0.658894;1.000000,0.0300103735933519,0.023472348390562496,0.006538025202789403,0.004860907035866075,0.0,0.0003496713842446113,0.0
T2,Step 7,0.4,boundary_constrained,pchip,SKS03,3,4,44,19.8765,3.0964999999999994,0.000000;0.155787;0.437527;1.000000,0.000000;0.336905;0.658894;1.000000,0.037274377518895875,0.027454536239382158,0.009819841279513717,0.007724732159313838,0.0,0.000635627659301622,0.0
T2,Step 8,0.4,boundary_constrained,pchip,SKS03,3,4,44,19.8765,3.0964999999999994,0.000000;0.155787;0.437527;1.000000,0.000000;0.336905;0.658894;1.000000,0.035951737199420825,0.027267458221638848,0.008684278977781977,0.006654665554769769,0.0,0.0005490131297873989,0.0
T2,Step 1,0.4,boundary_constrained,linear,SKS03,4,5,44,19.8765,3.0964999999999994,0.000000;0.155787;0.578397;0.860136;1.000000,0.000000;0.256408;0.497900;0.759515;1.000000,0.04917740933721142,0.02928084856281414,0.019896560774397276,0.016907150779194507,0.0,0.001561049496561194,0.0
T2,Step 2,0.4,boundary_constrained,linear,SKS03,4,5,44,19.8765,3.0964999999999994,0.000000;0.155787;0.578397;0.860136;1.000000,0.000000;0.256408;0.497900;0.759515;1.000000,0.037135954865079576,0.020333391077481076,0.0168025637875985,0.013534461909218008,0.0,0.0009656323510314404,0.0
T2,Step 3,0.4,boundary_constrained,linear,SKS03,4,5,44,19.8765,3.0964999999999994,0.000000;0.155787;0.578397;0.860136;1.000000,0.000000;0.256408;0.497900;0.759515;1.000000,0.031543375105909814,0.023187798038255616,0.008355577067654198,0.005332476575363575,0.0,0.0004573105352091999,0.0
T2,Step 4,0.4,boundary_constrained,linear,SKS03,4,5,44,19.8765,3.0964999999999994,0.000000;0.155787;0.578397;0.860136;1.000000,0.000000;0.256408;0.497900;0.759515;1.000000,0.028712931412352805,0.018741089199018613,0.009971842213334192,0.007744609987575087,0.0,0.00047320400592490425,0.0
T2,Step 5,0.4,boundary_constrained,linear,SKS03,4,5,44,19.8765,3.0964999999999994,0.000000;0.155787;0.578397;0.860136;1.000000,0.000000;0.256408;0.497900;0.759515;1.000000,0.02623384096550251,0.02060077132189926,0.005633069643603248,0.00437990897361468,0.0,0.00026382263274609075,0.0
T2,Step 6,0.4,boundary_constrained,linear,SKS03,4,5,44,19.8765,3.0964999999999994,0.000000;0.155787;0.578397;0.860136;1.000000,0.000000;0.256408;0.497900;0.759515;1.000000,0.023948160261850752,0.025434687721138452,-0.0014865274592876995,-0.0030189937862204093,0.0,-7.340895954454376e-05,0.0
T2,Step 7,0.4,boundary_constrained,linear,SKS03,4,5,44,19.8765,3.0964999999999994,0.000000;0.155787;0.578397;0.860136;1.000000,0.000000;0.256408;0.497900;0.759515;1.000000,0.02386163851053381,0.03179420011712598,-0.007932561606592167,-0.009459108278424395,0.0,-0.000441493368680463,0.0
T2,Step 8,0.4,boundary_constrained,linear,SKS03,4,5,44,19.8765,3.0964999999999994,0.000000;0.155787;0.578397;0.860136;1.000000,0.000000;0.256408;0.497900;0.759515;1.000000,0.024859623365074083,0.032494737869979695,-0.007635114504905612,-0.009296611045930315,0.0,-0.00043790711538535526,0.0
T2,Step 1,0.4,boundary_constrained,pchip,SKS03,4,5,44,19.8765,3.0964999999999994,0.000000;0.155787;0.578397;0.860136;1.000000,0.000000;0.256408;0.497900;0.759515;1.000000,0.045772543915154784,0.02929752459763141,0.016475019317523373,0.01410060382530888,0.0,0.0012367808289159557,0.0
T2,Step 2,0.4,boundary_constrained,pchip,SKS03,4,5,44,19.8765,3.0964999999999994,0.000000;0.155787;0.578397;0.860136;1.000000,0.000000;0.256408;0.497900;0.759515;1.000000,0.031476232472069036,0.01915812843243649,0.012318104039632547,0.009097681030254316,0.0,0.0006237193256020018,0.0
T2,Step 3,0.4,boundary_constrained,pchip,SKS03,4,5,44,19.8765,3.0964999999999994,0.000000;0.155787;0.578397;0.860136;1.000000,0.000000;0.256408;0.497900;0.759515;1.000000,0.02780260502729625,0.01878144209170655,0.009021162935589699,0.004919941750080554,0.0,0.00042024227925971223,0.0
T2,Step 4,0.4,boundary_constrained,pchip,SKS03,4,5,44,19.8765,3.0964999999999994,0.000000;0.155787;0.578397;0.860136;1.000000,0.000000;0.256408;0.497900;0.759515;1.000000,0.023543730351917216,0.015970883298236743,0.007572847053680474,0.004315900637136296,0.0,0.0002992381255578907,0.0
T2,Step 5,0.4,boundary_constrained,pchip,SKS03,4,5,44,19.8765,3.0964999999999994,0.000000;0.155787;0.578397;0.860136;1.000000,0.000000;0.256408;0.497900;0.759515;1.000000,0.02138870040178949,0.015675222412073326,0.005713477989716165,0.0036079778792969253,0.0,0.00021176390720954402,0.0
T2,Step 6,0.4,boundary_constrained,pchip,SKS03,4,5,44,19.8765,3.0964999999999994,0.000000;0.155787;0.578397;0.860136;1.000000,0.000000;0.256408;0.497900;0.759515;1.000000,0.02099727391507973,0.0204244873838402,0.0005727865312395303,-0.002261256797125275,0.0,2.372582697224014e-05,0.0
T2,Step 7,0.4,boundary_constrained,pchip,SKS03,4,5,44,19.8765,3.0964999999999994,0.000000;0.155787;0.578397;0.860136;1.000000,0.000000;0.256408;0.497900;0.759515;1.000000,0.02324783753666199,0.027167221083396892,-0.003919383546734902,-0.0068152040603039615,0.0,-0.00019759595126313446,0.0
T2,Step 8,0.4,boundary_constrained,pchip,SKS03,4,5,44,19.8765,3.0964999999999994,0.000000;0.155787;0.578397;0.860136;1.000000,0.000000;0.256408;0.497900;0.759515;1.000000,0.026489455200565185,0.028866676345645943,-0.0023772211450807587,-0.005486885503986769,0.0,-0.0001315937664215252,0.0
T3,Step 1,0.2,original,linear,SKS02,2,3,102,20.453500000000002,0.4934999999999996,0.000000;0.141467;0.425037,0.000000;0.503264;1.000000,0.20434800956854354,0.049812200468621684,0.15453580909992187,0.1490936814490551,0.987605844606075,-0.0001713146479246094,0.039448168347024026
T3,Step 2,0.2,original,linear,SKS02,2,3,102,20.453500000000002,0.4934999999999996,0.000000;0.141467;0.425037,0.000000;0.503264;1.000000,0.21006276991802794,0.03670677812050548,0.17335599179752245,0.16825060376848952,0.9935119162394233,-3.41662240277823e-05,0.0428131459696741
T3,Step 3,0.2,original,linear,SKS02,2,3,102,20.453500000000002,0.4934999999999996,0.000000;0.141467;0.425037,0.000000;0.503264;1.000000,0.20723327357711288,0.032744293241721734,0.17448898033539115,0.17028642558764828,0.993490151140467,-0.0001962771465832333,0.04206971808416988
T3,Step 4,0.2,original,linear,SKS02,2,3,102,20.453500000000002,0.4934999999999996,0.000000;0.141467;0.425037,0.000000;0.503264;1.000000,0.21367931654090247,0.03972665266033758,0.1739526638805649,0.16989763709475642,0.9931093988814829,-0.00029511808149957865,0.04437576146729167
T3,Step 5,0.2,original,linear,SKS02,2,3,102,20.453500000000002,0.4934999999999996,0.000000;0.141467;0.425037,0.000000;0.503264;1.000000,0.18144963026516128,0.047068809645703494,0.13438082061945777,0.13142379608232677,0.9811180179695261,-0.00018895255578890672,0.03089744803768918
T3,Step 6,0.2,original,linear,SKS02,2,3,102,20.453500000000002,0.4934999999999996,0.000000;0.141467;0.425037,0.000000;0.503264;1.000000,0.17553784070253006,0.04751489262970624,0.12802294807282383,0.1252251212734948,0.9857809050147261,-0.00012869829153728472,0.02868456678843159
T3,Step 1,0.2,original,pchip,SKS02,2,3,102,20.453500000000002,0.4934999999999996,0.000000;0.141467;0.425037,0.000000;0.503264;1.000000,0.20434257234117972,0.036623795129841555,0.16771877721133815,0.162235044321274,0.9876584025131505,5.078204987567497e-06,0.0404095062963101
T3,Step 2,0.2,original,pchip,SKS02,2,3,102,20.453500000000002,0.4934999999999996,0.000000;0.141467;0.425037,0.000000;0.503264;1.000000,0.21007568034029453,0.03218980110819267,0.17788587923210186,0.1728043572900277,0.9933898053486541,-9.402937154748004e-05,0.04318963754660008
T3,Step 3,0.2,original,pchip,SKS02,2,3,102,20.453500000000002,0.4934999999999996,0.000000;0.141467;0.425037,0.000000;0.503264;1.000000,0.2073405379970032,0.0322635079896219,0.17507703000738128,0.17085916533199846,0.9924624835113117,-8.581422030966154e-08,0.041949250563310635
T3,Step 4,0.2,original,pchip,SKS02,2,3,102,20.453500000000002,0.4934999999999996,0.000000;0.141467;0.425037,0.000000;0.503264;1.000000,0.21365825928891172,0.045362631356838844,0.16829562793207287,0.16422753097570808,0.993305161829687,-4.3588007206831814e-05,0.0436356714459582
T3,Step 5,0.2,original,pchip,SKS02,2,3,102,20.453500000000002,0.4934999999999996,0.000000;0.141467;0.425037,0.000000;0.503264;1.000000,0.1814801916212014,0.05071034924406825,0.13076984237713316,0.12781588524723403,0.9807876042520696,-9.561474387835691e-05,0.030459135174290972
T3,Step 6,0.2,original,pchip,SKS02,2,3,102,20.453500000000002,0.4934999999999996,0.000000;0.141467;0.425037,0.000000;0.503264;1.000000,0.17558466788042557,0.05243577294104315,0.12314889493938241,0.12036290374060102,0.9852551736634346,-5.2359291296733924e-05,0.028132824602051444
T3,Step 1,0.2,original,linear,SKS03,2,3,102,20.453500000000002,0.4934999999999996,0.000000;0.141467;0.718386,0.000000;0.503264;1.000000,0.08534195768484756,0.049812200468621684,0.03552975721622588,0.03151566886868762,0.7889095726527098,0.0005504757927330997,0.0042515186332230575
T3,Step 2,0.2,original,linear,SKS03,2,3,102,20.453500000000002,0.4934999999999996,0.000000;0.141467;0.718386,0.000000;0.503264;1.000000,0.08247763845040441,0.03670677812050548,0.04577086032989893,0.042050303025464815,0.7461524049687094,0.0013673399884372875,0.004087833295930324
T3,Step 3,0.2,original,linear,SKS03,2,3,102,20.453500000000002,0.4934999999999996,0.000000;0.141467;0.718386,0.000000;0.503264;1.000000,0.07394157692221082,0.032744293241721734,0.04119728368048908,0.038501533581053626,0.6604097798526057,0.0013363745510637337,0.003058793506779621
T3,Step 4,0.2,original,linear,SKS03,2,3,102,20.453500000000002,0.4934999999999996,0.000000;0.141467;0.718386,0.000000;0.503264;1.000000,0.06650784853999034,0.03972665266033758,0.02678119587965276,0.02475578991313869,0.41442393198189276,0.0017339789483553744,0.0011111080374678148
T3,Step 5,0.2,original,linear,SKS03,2,3,102,20.453500000000002,0.4934999999999996,0.000000;0.141467;0.718386,0.000000;0.503264;1.000000,0.053671486948432226,0.047068809645703494,0.006602677302728732,0.005752998160961226,0.269741782706588,0.0008512242694971086,-0.00018606859970484707
T3,Step 6,0.2,original,linear,SKS03,2,3,102,20.453500000000002,0.4934999999999996,0.000000;0.141467;0.718386,0.000000;0.503264;1.000000,0.05083920787908479,0.04751489262970624,0.003324315249378547,0.002671981511663833,0.2051621824005716,0.0008499464643952146,-0.0005229864282349292
T3,Step 1,0.2,original,pchip,SKS03,2,3,102,20.453500000000002,0.4934999999999996,0.000000;0.141467;0.718386,0.000000;0.503264;1.000000,0.08023910476008496,0.036623795129841555,0.043615309630243404,0.03931357703550188,0.8924425713218171,3.1624144368076705e-05,0.0050653874186192055
T3,Step 2,0.2,original,pchip,SKS03,2,3,102,20.453500000000002,0.4934999999999996,0.000000;0.141467;0.718386,0.000000;0.503264;1.000000,0.07790296654350619,0.03218980110819267,0.04571316543531352,0.04179826245853973,0.8363575586703424,0.0003776854928854707,0.004655003408008174
T3,Step 3,0.2,original,pchip,SKS03,2,3,102,20.453500000000002,0.4934999999999996,0.000000;0.141467;0.718386,0.000000;0.503264;1.000000,0.07101637865664219,0.0322635079896219,0.03875287066702029,0.03593211883790208,0.7159354505980977,0.0009238578552518368,0.0030785342344553514
T3,Step 4,0.2,original,pchip,SKS03,2,3,102,20.453500000000002,0.4934999999999996,0.000000;0.141467;0.718386,0.000000;0.503264;1.000000,0.05257331768071644,0.045362631356838844,0.007210686323877599,0.004673913690627057,0.6632234238848125,-0.00014333725877863012,0.0008495226671197047
T3,Step 5,0.2,original,pchip,SKS03,2,3,102,20.453500000000002,0.4934999999999996,0.000000;0.141467;0.718386,0.000000;0.503264;1.000000,0.04615234778778486,0.05071034924406825,-0.004558001456283385,-0.005462665060622027,0.36479416324091585,-3.5849178171089646e-05,-0.0004056511359596329
T3,Step 6,0.2,original,pchip,SKS03,2,3,102,20.453500000000002,0.4934999999999996,0.000000;0.141467;0.718386,0.000000;0.503264;1.000000,0.042992172215503284,0.05243577294104315,-0.009443600725539868,-0.010112970968762673,0.28689044434078814,-0.00011578083498892492,-0.000785402577128215
T3,Step 1,0.2,original,linear,SKS02,3,4,102,20.453500000000002,0.4934999999999996,0.000000;0.141467;0.718386;0.855281,0.000000;0.337033;0.669494;1.000000,0.06579768211164168,0.04811975685498932,0.017677925256652356,0.01444145258504246,0.6253642942394602,-0.00011282337775148415,0.0021266473492328425
T3,Step 2,0.2,original,linear,SKS02,3,4,102,20.453500000000002,0.4934999999999996,0.000000;0.141467;0.718386;0.855281,0.000000;0.337033;0.669494;1.000000,0.06019042510396841,0.035887177763427695,0.024303247340540714,0.021468021385446005,0.5120996859148842,0.0010983874109889659,0.001236610335383605
T3,Step 3,0.2,original,linear,SKS02,3,4,102,20.453500000000002,0.4934999999999996,0.000000;0.141467;0.718386;0.855281,0.000000;0.337033;0.669494;1.000000,0.05199173049033243,0.03439035951394618,0.017601370976386248,0.015967102957777764,0.2733771320832552,0.0013418022167800624,0.00017864099510083144
T3,Step 4,0.2,original,linear,SKS02,3,4,102,20.453500000000002,0.4934999999999996,0.000000;0.141467;0.718386;0.855281,0.000000;0.337033;0.669494;1.000000,0.05592699626091416,0.03498474999243234,0.020942246268481818,0.019653775458402564,0.14183655242346477,0.002090502293211909,-0.00018660611447659714
T3,Step 5,0.2,original,linear,SKS02,3,4,102,20.453500000000002,0.4934999999999996,0.000000;0.141467;0.718386;0.855281,0.000000;0.337033;0.669494;1.000000,0.04862129374238626,0.03778590955301604,0.010835384189370217,0.010403288964027604,0.07085253517383516,0.0013213453068890582,-0.00038509006245435765
T3,Step 6,0.2,original,linear,SKS02,3,4,102,20.453500000000002,0.4934999999999996,0.000000;0.141467;0.718386;0.855281,0.000000;0.337033;0.669494;1.000000,0.04803521641581354,0.03546125376171246,0.01257396265410108,0.012156554169033662,0.06833409586645292,0.0014351322683193103,-0.0003852507705578343
T3,Step 1,0.2,original,pchip,SKS02,3,4,102,20.453500000000002,0.4934999999999996,0.000000;0.141467;0.718386;0.855281,0.000000;0.337033;0.669494;1.000000,0.06342491328366308,0.042854761644489314,0.020570151639173764,0.01720990336641802,0.6730301291639456,-6.017144960553873e-05,0.002246360479039728
T3,Step 2,0.2,original,pchip,SKS02,3,4,102,20.453500000000002,0.4934999999999996,0.000000;0.141467;0.718386;0.855281,0.000000;0.337033;0.669494;1.000000,0.05753084762144594,0.029998214442527107,0.027532633178918832,0.024565041230142505,0.5605415180278955,0.0009958370793598222,0.0014140684789423674
T3,Step 3,0.2,original,pchip,SKS02,3,4,102,20.453500000000002,0.4934999999999996,0.000000;0.141467;0.718386;0.855281,0.000000;0.337033;0.669494;1.000000,0.0496172051941418,0.03324200966263728,0.016375195531504516,0.014647140356105169,0.3001692033700439,0.0011784189771622082,0.00017841686770449323
T3,Step 4,0.2,original,pchip,SKS02,3,4,102,20.453500000000002,0.4934999999999996,0.000000;0.141467;0.718386;0.855281,0.000000;0.337033;0.669494;1.000000,0.05287846026357301,0.03420394625448512,0.018674514009087893,0.017278253289720158,0.15866223022002893,0.0018525855960743517,-0.0002263639756077883
T3,Step 5,0.2,original,pchip,SKS02,3,4,102,20.453500000000002,0.4934999999999996,0.000000;0.141467;0.718386;0.855281,0.000000;0.337033;0.669494;1.000000,0.04926572326818772,0.04028900082877729,0.008976722439410431,0.008515104333989512,0.06901105862437237,0.0012898258885331365,-0.0004859179871767014
T3,Step 6,0.2,original,pchip,SKS02,3,4,102,20.453500000000002,0.4934999999999996,0.000000;0.141467;0.718386;0.855281,0.000000;0.337033;0.669494;1.000000,0.05071859785110264,0.03824152298574031,0.012477074865362328,0.012022116023463501,0.06129463717328978,0.0016127976193869402,-0.0005028355316739715
T3,Step 1,0.2,original,linear,SKS03,3,4,102,20.453500000000002,0.4934999999999996,0.000000;0.141467;0.425037;1.000000,0.000000;0.337033;0.669494;1.000000,0.05439026238312572,0.04811975685498932,0.006270505528136398,0.006203907358115497,0.0,0.0006427896423219683,0.0
T3,Step 2,0.2,original,linear,SKS03,3,4,102,20.453500000000002,0.4934999999999996,0.000000;0.141467;0.425037;1.000000,0.000000;0.337033;0.669494;1.000000,0.040876602046885625,0.035887177763427695,0.00498942428345793,0.0049789189673211595,0.0,0.00038300706707559485,0.0
T3,Step 3,0.2,original,linear,SKS03,3,4,102,20.453500000000002,0.4934999999999996,0.000000;0.141467;0.425037;1.000000,0.000000;0.337033;0.669494;1.000000,0.02953849535236774,0.03439035951394618,-0.004851864161578439,-0.00485151616739574,0.0,-0.00031017411981661803,0.0
T3,Step 4,0.2,original,linear,SKS03,3,4,102,20.453500000000002,0.4934999999999996,0.000000;0.141467;0.425037;1.000000,0.000000;0.337033;0.669494;1.000000,0.03479635700881828,0.03498474999243234,-0.00018839298361406076,-0.00018815688668184782,0.0,-1.3146270947857523e-05,0.0
T3,Step 5,0.2,original,linear,SKS03,3,4,102,20.453500000000002,0.4934999999999996,0.000000;0.141467;0.425037;1.000000,0.000000;0.337033;0.669494;1.000000,0.047215735908584494,0.03778590955301604,0.009429826355568452,0.009302185488634256,0.0,0.0008015507566404861,0.0
T3,Step 6,0.2,original,linear,SKS03,3,4,102,20.453500000000002,0.4934999999999996,0.000000;0.141467;0.425037;1.000000,0.000000;0.337033;0.669494;1.000000,0.047372867194195555,0.03546125376171246,0.011911613432483092,0.01173735306502656,0.0,0.0009866880278463232,0.0
T3,Step 1,0.2,original,pchip,SKS03,3,4,102,20.453500000000002,0.4934999999999996,0.000000;0.141467;0.425037;1.000000,0.000000;0.337033;0.669494;1.000000,0.03854609818164353,0.042854761644489314,-0.004308663462845787,-0.004290730870956425,0.0,-0.0003507289105770898,0.0
T3,Step 2,0.2,original,pchip,SKS03,3,4,102,20.453500000000002,0.4934999999999996,0.000000;0.141467;0.425037;1.000000,0.000000;0.337033;0.669494;1.000000,0.03156104108654783,0.029998214442527107,0.001562826644020722,0.001592084853818343,0.0,9.62064447269181e-05,0.0
T3,Step 3,0.2,original,pchip,SKS03,3,4,102,20.453500000000002,0.4934999999999996,0.000000;0.141467;0.425037;1.000000,0.000000;0.337033;0.669494;1.000000,0.041919791282445995,0.03324200966263728,0.008677781619808714,0.008638846731122592,0.0,0.000652237694752965,0.0
T3,Step 4,0.2,original,pchip,SKS03,3,4,102,20.453500000000002,0.4934999999999996,0.000000;0.141467;0.425037;1.000000,0.000000;0.337033;0.669494;1.000000,0.050751652437220136,0.03420394625448512,0.016547706182735017,0.016439248427544927,0.0,0.0014058202857286863,0.0
T3,Step 5,0.2,original,pchip,SKS03,3,4,102,20.453500000000002,0.4934999999999996,0.000000;0.141467;0.425037;1.000000,0.000000;0.337033;0.669494;1.000000,0.0602272926135176,0.04028900082877729,0.01993829178474031,0.01967474858590975,0.0,0.002004123187773055,0.0
T3,Step 6,0.2,original,pchip,SKS03,3,4,102,20.453500000000002,0.4934999999999996,0.000000;0.141467;0.425037;1.000000,0.000000;0.337033;0.669494;1.000000,0.06124162859249844,0.03824152298574031,0.02300010560675813,0.022683785567995246,0.0,0.002288122992392618,0.0
T3,Step 1,0.2,original,linear,SKS02,4,5,102,20.453500000000002,0.4934999999999996,0.000000;0.141467;0.718386;0.855281;1.000000,0.000000;0.249028;0.503264;0.747720;1.000000,0.042701712251132284,0.035342853891055806,0.007358858360076478,0.007269815694315528,0.0,0.0005743189080139825,0.0
T3,Step 2,0.2,original,linear,SKS02,4,5,102,20.453500000000002,0.4934999999999996,0.000000;0.141467;0.718386;0.855281;1.000000,0.000000;0.249028;0.503264;0.747720;1.000000,0.044107750315049585,0.03207127534596815,0.012036474969081432,0.011991646064726233,0.0,0.0009169269355378518,0.0
T3,Step 3,0.2,original,linear,SKS02,4,5,102,20.453500000000002,0.4934999999999996,0.000000;0.141467;0.718386;0.855281;1.000000,0.000000;0.249028;0.503264;0.747720;1.000000,0.04732891536777322,0.031735027424385505,0.015593887943387716,0.015565874958770841,0.0,0.0012329142642633405,0.0
T3,Step 4,0.2,original,linear,SKS02,4,5,102,20.453500000000002,0.4934999999999996,0.000000;0.141467;0.718386;0.855281;1.000000,0.000000;0.249028;0.503264;0.747720;1.000000,0.05547477499542965,0.03297974616827132,0.022495028827158335,0.0224075525670777,0.0,0.0019897870034699407,0.0
T3,Step 5,0.2,original,linear,SKS02,4,5,102,20.453500000000002,0.4934999999999996,0.000000;0.141467;0.718386;0.855281;1.000000,0.000000;0.249028;0.503264;0.747720;1.000000,0.05212098329954632,0.037111158709571504,0.015009824589974817,0.014837347576974316,0.0,0.001339358799344582,0.0
T3,Step 6,0.2,original,linear,SKS02,4,5,102,20.453500000000002,0.4934999999999996,0.000000;0.141467;0.718386;0.855281;1.000000,0.000000;0.249028;0.503264;0.747720;1.000000,0.051563454920408376,0.03473432937472475,0.016829125545683624,0.016613634724246817,0.0,0.00145231624621712,0.0
T3,Step 1,0.2,original,pchip,SKS02,4,5,102,20.453500000000002,0.4934999999999996,0.000000;0.141467;0.718386;0.855281;1.000000,0.000000;0.249028;0.503264;0.747720;1.000000,0.03846652300647339,0.03349809890705307,0.004968424099420318,0.004903350983542415,0.0,0.0003575507618208366,0.0
T3,Step 2,0.2,original,pchip,SKS02,4,5,102,20.453500000000002,0.4934999999999996,0.000000;0.141467;0.718386;0.855281;1.000000,0.000000;0.249028;0.503264;0.747720;1.000000,0.03922572858723229,0.03164010988447547,0.00758561870275682,0.00754297138518948,0.0,0.0005375612296975301,0.0
T3,Step 3,0.2,original,pchip,SKS02,4,5,102,20.453500000000002,0.4934999999999996,0.000000;0.141467;0.718386;0.855281;1.000000,0.000000;0.249028;0.503264;0.747720;1.000000,0.043975282841756606,0.03154373111559697,0.012431551726159638,0.012407258771778333,0.0,0.0009388185283194123,0.0
T3,Step 4,0.2,original,pchip,SKS02,4,5,102,20.453500000000002,0.4934999999999996,0.000000;0.141467;0.718386;0.855281;1.000000,0.000000;0.249028;0.503264;0.747720;1.000000,0.05143487276010426,0.03500142234622464,0.01643345041387962,0.016356629017904883,0.0,0.0014204465695893214,0.0
T3,Step 5,0.2,original,pchip,SKS02,4,5,102,20.453500000000002,0.4934999999999996,0.000000;0.141467;0.718386;0.855281;1.000000,0.000000;0.249028;0.503264;0.747720;1.000000,0.05253019776472829,0.038958865235911584,0.013571332528816704,0.013408710210931839,0.0,0.0012416284967315444,0.0
T3,Step 6,0.2,original,pchip,SKS02,4,5,102,20.453500000000002,0.4934999999999996,0.000000;0.141467;0.718386;0.855281;1.000000,0.000000;0.249028;0.503264;0.747720;1.000000,0.053835110834089706,0.03724534468188951,0.016589766152200196,0.01638402010824269,0.0,0.001511003458045967,0.0
T3,Step 1,0.2,original,linear,SKS03,4,5,102,20.453500000000002,0.4934999999999996,0.000000;0.141467;0.571711;0.855281;1.000000,0.000000;0.249028;0.503264;0.747720;1.000000,0.032638402720936856,0.035342853891055806,-0.0027044511701189503,-0.0027030331861876006,0.0,-0.0001838519889904603,0.0
T3,Step 2,0.2,original,linear,SKS03,4,5,102,20.453500000000002,0.4934999999999996,0.000000;0.141467;0.571711;0.855281;1.000000,0.000000;0.249028;0.503264;0.747720;1.000000,0.029945865172009582,0.03207127534596815,-0.002125410173958571,-0.002119371275432099,0.0,-0.00013181186141672844,0.0
T3,Step 3,0.2,original,linear,SKS03,4,5,102,20.453500000000002,0.4934999999999996,0.000000;0.141467;0.571711;0.855281;1.000000,0.000000;0.249028;0.503264;0.747720;1.000000,0.03608927258346305,0.031735027424385505,0.0043542451590775424,0.004343069865778752,0.0,0.00029532362997699755,0.0
T3,Step 4,0.2,original,linear,SKS03,4,5,102,20.453500000000002,0.4934999999999996,0.000000;0.141467;0.571711;0.855281;1.000000,0.000000;0.249028;0.503264;0.747720;1.000000,0.04289590310396506,0.03297974616827132,0.00991615693569374,0.009867765657162672,0.0,0.0007523948457811527,0.0
T3,Step 5,0.2,original,linear,SKS03,4,5,102,20.453500000000002,0.4934999999999996,0.000000;0.141467;0.571711;0.855281;1.000000,0.000000;0.249028;0.503264;0.747720;1.000000,0.04586958739443127,0.037111158709571504,0.008758428684859765,0.00863879377559084,0.0,0.0007267809469683628,0.0
T3,Step 6,0.2,original,linear,SKS03,4,5,102,20.453500000000002,0.4934999999999996,0.000000;0.141467;0.571711;0.855281;1.000000,0.000000;0.249028;0.503264;0.747720;1.000000,0.04514160800103093,0.03473432937472475,0.01040727862630618,0.010247969417995988,0.0,0.0008312911358068731,0.0
T3,Step 1,0.2,original,pchip,SKS03,4,5,102,20.453500000000002,0.4934999999999996,0.000000;0.141467;0.571711;0.855281;1.000000,0.000000;0.249028;0.503264;0.747720;1.000000,0.03514800737729997,0.03349809890705307,0.0016499084702469025,0.0016175697051483764,0.0,0.00011325979220802312,0.0
T3,Step 2,0.2,original,pchip,SKS03,4,5,102,20.453500000000002,0.4934999999999996,0.000000;0.141467;0.571711;0.855281;1.000000,0.000000;0.249028;0.503264;0.747720;1.000000,0.03009302822702418,0.03164010988447547,-0.00154708165745129,-0.0015525647143013917,0.0,-9.55062056292082e-05,0.0
T3,Step 3,0.2,original,pchip,SKS03,4,5,102,20.453500000000002,0.4934999999999996,0.000000;0.141467;0.571711;0.855281;1.000000,0.000000;0.249028;0.503264;0.747720;1.000000,0.03704327741332338,0.03154373111559697,0.005499546297726414,0.005484152500038544,0.0,0.0003771974288273538,0.0
T3,Step 4,0.2,original,pchip,SKS03,4,5,102,20.453500000000002,0.4934999999999996,0.000000;0.141467;0.571711;0.855281;1.000000,0.000000;0.249028;0.503264;0.747720;1.000000,0.041757180946800344,0.03500142234622464,0.006755758600575708,0.006708852075041349,0.0,0.0005185625943650321,0.0
T3,Step 5,0.2,original,pchip,SKS03,4,5,102,20.453500000000002,0.4934999999999996,0.000000;0.141467;0.571711;0.855281;1.000000,0.000000;0.249028;0.503264;0.747720;1.000000,0.044835140858229476,0.038958865235911584,0.005876275622317892,0.005774376439848884,0.0,0.0004923966753073574,0.0
T3,Step 6,0.2,original,pchip,SKS03,4,5,102,20.453500000000002,0.4934999999999996,0.000000;0.141467;0.571711;0.855281;1.000000,0.000000;0.249028;0.503264;0.747720;1.000000,0.04391659394256616,0.03724534468188951,0.006671249260676651,0.0065463095780635555,0.0,0.0005414515230434833,0.0
T3,Step 1,0.2,boundary_constrained,linear,SKS02,2,3,102,20.453500000000002,0.4934999999999996,0.000000;0.141467;1.000000,0.000000;0.503264;1.000000,0.08698683050995884,0.049812200468621684,0.037174630041337156,0.03699019355932413,0.0,0.0050854533666421535,0.0
T3,Step 2,0.2,boundary_constrained,linear,SKS02,2,3,102,20.453500000000002,0.4934999999999996,0.000000;0.141467;1.000000,0.000000;0.503264;1.000000,0.09057154551824201,0.03670677812050548,0.053864767397736525,0.05374824157272257,0.0,0.006855817297574963,0.0
T3,Step 3,0.2,boundary_constrained,linear,SKS02,2,3,102,20.453500000000002,0.4934999999999996,0.000000;0.141467;1.000000,0.000000;0.503264;1.000000,0.06734248891034132,0.032744293241721734,0.03459819566861959,0.034545269799499206,0.0,0.003462822072739581,0.0
T3,Step 4,0.2,boundary_constrained,linear,SKS02,2,3,102,20.453500000000002,0.4934999999999996,0.000000;0.141467;1.000000,0.000000;0.503264;1.000000,0.06014301835775795,0.03972665266033758,0.02041636569742037,0.020366379380490567,0.0,0.002038975725586503,0.0
T3,Step 5,0.2,boundary_constrained,linear,SKS02,2,3,102,20.453500000000002,0.4934999999999996,0.000000;0.141467;1.000000,0.000000;0.503264;1.000000,0.0485400301934378,0.047068809645703494,0.0014712205477343046,0.0014622574339667183,0.0,0.00014066168971638339,0.0
T3,Step 6,0.2,boundary_constrained,linear,SKS02,2,3,102,20.453500000000002,0.4934999999999996,0.000000;0.141467;1.000000,0.000000;0.503264;1.000000,0.047450772607503286,0.04751489262970624,-6.41200222029556e-05,-6.795897422179342e-05,0.0,-6.0892005635284474e-06,0.0
T3,Step 1,0.2,boundary_constrained,pchip,SKS02,2,3,102,20.453500000000002,0.4934999999999996,0.000000;0.141467;1.000000,0.000000;0.503264;1.000000,0.037438241151765854,0.036623795129841555,0.0008144460219242991,0.0008037211129817007,0.0,6.031953082516826e-05,0.0
T3,Step 2,0.2,boundary_constrained,pchip,SKS02,2,3,102,20.453500000000002,0.4934999999999996,0.000000;0.141467;1.000000,0.000000;0.503264;1.000000,0.052967097623717596,0.03218980110819267,0.02077729651552493,0.020752173226427355,0.0,0.0017693301352954285,0.0
T3,Step 3,0.2,boundary_constrained,pchip,SKS02,2,3,102,20.453500000000002,0.4934999999999996,0.000000;0.141467;1.000000,0.000000;0.503264;1.000000,0.04967707041135157,0.0322635079896219,0.017413562421729666,0.017369906896636228,0.0,0.0014268773768579851,0.0
T3,Step 4,0.2,boundary_constrained,pchip,SKS02,2,3,102,20.453500000000002,0.4934999999999996,0.000000;0.141467;1.000000,0.000000;0.503264;1.000000,0.03999897935486332,0.045362631356838844,-0.0053636520019755204,-0.005355652806823832,0.0,-0.0004578499741856761,0.0
T3,Step 5,0.2,boundary_constrained,pchip,SKS02,2,3,102,20.453500000000002,0.4934999999999996,0.000000;0.141467;1.000000,0.000000;0.503264;1.000000,0.04769472015219692,0.05071034924406825,-0.003015629091871329,-0.0030065684439996854,0.0,-0.00029675319005899423,0.0
T3,Step 6,0.2,boundary_constrained,pchip,SKS02,2,3,102,20.453500000000002,0.4934999999999996,0.000000;0.141467;1.000000,0.000000;0.503264;1.000000,0.04696000660603364,0.05243577294104315,-0.005475766335009513,-0.005456219517778069,0.0,-0.0005442680634859101,0.0
T3,Step 1,0.2,boundary_constrained,linear,SKS02,3,4,102,20.453500000000002,0.4934999999999996,0.000000;0.141467;0.425037;1.000000,0.000000;0.337033;0.669494;1.000000,0.05439026238312572,0.04811975685498932,0.006270505528136398,0.006203907358115497,0.0,0.0006427896423219683,0.0
T3,Step 2,0.2,boundary_constrained,linear,SKS02,3,4,102,20.453500000000002,0.4934999999999996,0.000000;0.141467;0.425037;1.000000,0.000000;0.337033;0.669494;1.000000,0.040876602046885625,0.035887177763427695,0.00498942428345793,0.0049789189673211595,0.0,0.00038300706707559485,0.0
T3,Step 3,0.2,boundary_constrained,linear,SKS02,3,4,102,20.453500000000002,0.4934999999999996,0.000000;0.141467;0.425037;1.000000,0.000000;0.337033;0.669494;1.000000,0.02953849535236774,0.03439035951394618,-0.004851864161578439,-0.00485151616739574,0.0,-0.00031017411981661803,0.0
T3,Step 4,0.2,boundary_constrained,linear,SKS02,3,4,102,20.453500000000002,0.4934999999999996,0.000000;0.141467;0.425037;1.000000,0.000000;0.337033;0.669494;1.000000,0.03479635700881828,0.03498474999243234,-0.00018839298361406076,-0.00018815688668184782,0.0,-1.3146270947857523e-05,0.0
T3,Step 5,0.2,boundary_constrained,linear,SKS02,3,4,102,20.453500000000002,0.4934999999999996,0.000000;0.141467;0.425037;1.000000,0.000000;0.337033;0.669494;1.000000,0.047215735908584494,0.03778590955301604,0.009429826355568452,0.009302185488634256,0.0,0.0008015507566404861,0.0
T3,Step 6,0.2,boundary_constrained,linear,SKS02,3,4,102,20.453500000000002,0.4934999999999996,0.000000;0.141467;0.425037;1.000000,0.000000;0.337033;0.669494;1.000000,0.047372867194195555,0.03546125376171246,0.011911613432483092,0.01173735306502656,0.0,0.0009866880278463232,0.0
T3,Step 1,0.2,boundary_constrained,pchip,SKS02,3,4,102,20.453500000000002,0.4934999999999996,0.000000;0.141467;0.425037;1.000000,0.000000;0.337033;0.669494;1.000000,0.03854609818164353,0.042854761644489314,-0.004308663462845787,-0.004290730870956425,0.0,-0.0003507289105770898,0.0
T3,Step 2,0.2,boundary_constrained,pchip,SKS02,3,4,102,20.453500000000002,0.4934999999999996,0.000000;0.141467;0.425037;1.000000,0.000000;0.337033;0.669494;1.000000,0.03156104108654783,0.029998214442527107,0.001562826644020722,0.001592084853818343,0.0,9.62064447269181e-05,0.0
T3,Step 3,0.2,boundary_constrained,pchip,SKS02,3,4,102,20.453500000000002,0.4934999999999996,0.000000;0.141467;0.425037;1.000000,0.000000;0.337033;0.669494;1.000000,0.041919791282445995,0.03324200966263728,0.008677781619808714,0.008638846731122592,0.0,0.000652237694752965,0.0
T3,Step 4,0.2,boundary_constrained,pchip,SKS02,3,4,102,20.453500000000002,0.4934999999999996,0.000000;0.141467;0.425037;1.000000,0.000000;0.337033;0.669494;1.000000,0.050751652437220136,0.03420394625448512,0.016547706182735017,0.016439248427544927,0.0,0.0014058202857286863,0.0
T3,Step 5,0.2,boundary_constrained,pchip,SKS02,3,4,102,20.453500000000002,0.4934999999999996,0.000000;0.141467;0.425037;1.000000,0.000000;0.337033;0.669494;1.000000,0.0602272926135176,0.04028900082877729,0.01993829178474031,0.01967474858590975,0.0,0.002004123187773055,0.0
T3,Step 6,0.2,boundary_constrained,pchip,SKS02,3,4,102,20.453500000000002,0.4934999999999996,0.000000;0.141467;0.425037;1.000000,0.000000;0.337033;0.669494;1.000000,0.06124162859249844,0.03824152298574031,0.02300010560675813,0.022683785567995246,0.0,0.002288122992392618,0.0
T3,Step 1,0.2,boundary_constrained,linear,SKS02,4,5,102,20.453500000000002,0.4934999999999996,0.000000;0.141467;0.718386;0.855281;1.000000,0.000000;0.249028;0.503264;0.747720;1.000000,0.042701712251132284,0.035342853891055806,0.007358858360076478,0.007269815694315528,0.0,0.0005743189080139825,0.0
T3,Step 2,0.2,boundary_constrained,linear,SKS02,4,5,102,20.453500000000002,0.4934999999999996,0.000000;0.141467;0.718386;0.855281;1.000000,0.000000;0.249028;0.503264;0.747720;1.000000,0.044107750315049585,0.03207127534596815,0.012036474969081432,0.011991646064726233,0.0,0.0009169269355378518,0.0
T3,Step 3,0.2,boundary_constrained,linear,SKS02,4,5,102,20.453500000000002,0.4934999999999996,0.000000;0.141467;0.718386;0.855281;1.000000,0.000000;0.249028;0.503264;0.747720;1.000000,0.04732891536777322,0.031735027424385505,0.015593887943387716,0.015565874958770841,0.0,0.0012329142642633405,0.0
T3,Step 4,0.2,boundary_constrained,linear,SKS02,4,5,102,20.453500000000002,0.4934999999999996,0.000000;0.141467;0.718386;0.855281;1.000000,0.000000;0.249028;0.503264;0.747720;1.000000,0.05547477499542965,0.03297974616827132,0.022495028827158335,0.0224075525670777,0.0,0.0019897870034699407,0.0
T3,Step 5,0.2,boundary_constrained,linear,SKS02,4,5,102,20.453500000000002,0.4934999999999996,0.000000;0.141467;0.718386;0.855281;1.000000,0.000000;0.249028;0.503264;0.747720;1.000000,0.05212098329954632,0.037111158709571504,0.015009824589974817,0.014837347576974316,0.0,0.001339358799344582,0.0
T3,Step 6,0.2,boundary_constrained,linear,SKS02,4,5,102,20.453500000000002,0.4934999999999996,0.000000;0.141467;0.718386;0.855281;1.000000,0.000000;0.249028;0.503264;0.747720;1.000000,0.051563454920408376,0.03473432937472475,0.016829125545683624,0.016613634724246817,0.0,0.00145231624621712,0.0
T3,Step 1,0.2,boundary_constrained,pchip,SKS02,4,5,102,20.453500000000002,0.4934999999999996,0.000000;0.141467;0.718386;0.855281;1.000000,0.000000;0.249028;0.503264;0.747720;1.000000,0.03846652300647339,0.03349809890705307,0.004968424099420318,0.004903350983542415,0.0,0.0003575507618208366,0.0
T3,Step 2,0.2,boundary_constrained,pchip,SKS02,4,5,102,20.453500000000002,0.4934999999999996,0.000000;0.141467;0.718386;0.855281;1.000000,0.000000;0.249028;0.503264;0.747720;1.000000,0.03922572858723229,0.03164010988447547,0.00758561870275682,0.00754297138518948,0.0,0.0005375612296975301,0.0
T3,Step 3,0.2,boundary_constrained,pchip,SKS02,4,5,102,20.453500000000002,0.4934999999999996,0.000000;0.141467;0.718386;0.855281;1.000000,0.000000;0.249028;0.503264;0.747720;1.000000,0.043975282841756606,0.03154373111559697,0.012431551726159638,0.012407258771778333,0.0,0.0009388185283194123,0.0
T3,Step 4,0.2,boundary_constrained,pchip,SKS02,4,5,102,20.453500000000002,0.4934999999999996,0.000000;0.141467;0.718386;0.855281;1.000000,0.000000;0.249028;0.503264;0.747720;1.000000,0.05143487276010426,0.03500142234622464,0.01643345041387962,0.016356629017904883,0.0,0.0014204465695893214,0.0
T3,Step 5,0.2,boundary_constrained,pchip,SKS02,4,5,102,20.453500000000002,0.4934999999999996,0.000000;0.141467;0.718386;0.855281;1.000000,0.000000;0.249028;0.503264;0.747720;1.000000,0.05253019776472829,0.038958865235911584,0.013571332528816704,0.013408710210931839,0.0,0.0012416284967315444,0.0
T3,Step 6,0.2,boundary_constrained,pchip,SKS02,4,5,102,20.453500000000002,0.4934999999999996,0.000000;0.141467;0.718386;0.855281;1.000000,0.000000;0.249028;0.503264;0.747720;1.000000,0.053835110834089706,0.03724534468188951,0.016589766152200196,0.01638402010824269,0.0,0.001511003458045967,0.0
T3,Step 1,0.2,boundary_constrained,linear,SKS03,2,3,102,20.453500000000002,0.4934999999999996,0.000000;0.141467;1.000000,0.000000;0.503264;1.000000,0.08698683050995884,0.049812200468621684,0.037174630041337156,0.03699019355932413,0.0,0.0050854533666421535,0.0
T3,Step 2,0.2,boundary_constrained,linear,SKS03,2,3,102,20.453500000000002,0.4934999999999996,0.000000;0.141467;1.000000,0.000000;0.503264;1.000000,0.09057154551824201,0.03670677812050548,0.053864767397736525,0.05374824157272257,0.0,0.006855817297574963,0.0
T3,Step 3,0.2,boundary_constrained,linear,SKS03,2,3,102,20.453500000000002,0.4934999999999996,0.000000;0.141467;1.000000,0.000000;0.503264;1.000000,0.06734248891034132,0.032744293241721734,0.03459819566861959,0.034545269799499206,0.0,0.003462822072739581,0.0
T3,Step 4,0.2,boundary_constrained,linear,SKS03,2,3,102,20.453500000000002,0.4934999999999996,0.000000;0.141467;1.000000,0.000000;0.503264;1.000000,0.06014301835775795,0.03972665266033758,0.02041636569742037,0.020366379380490567,0.0,0.002038975725586503,0.0
T3,Step 5,0.2,boundary_constrained,linear,SKS03,2,3,102,20.453500000000002,0.4934999999999996,0.000000;0.141467;1.000000,0.000000;0.503264;1.000000,0.0485400301934378,0.047068809645703494,0.0014712205477343046,0.0014622574339667183,0.0,0.00014066168971638339,0.0
T3,Step 6,0.2,boundary_constrained,linear,SKS03,2,3,102,20.453500000000002,0.4934999999999996,0.000000;0.141467;1.000000,0.000000;0.503264;1.000000,0.047450772607503286,0.04751489262970624,-6.41200222029556e-05,-6.795897422179342e-05,0.0,-6.0892005635284474e-06,0.0
T3,Step 1,0.2,boundary_constrained,pchip,SKS03,2,3,102,20.453500000000002,0.4934999999999996,0.000000;0.141467;1.000000,0.000000;0.503264;1.000000,0.037438241151765854,0.036623795129841555,0.0008144460219242991,0.0008037211129817007,0.0,6.031953082516826e-05,0.0
T3,Step 2,0.2,boundary_constrained,pchip,SKS03,2,3,102,20.453500000000002,0.4934999999999996,0.000000;0.141467;1.000000,0.000000;0.503264;1.000000,0.052967097623717596,0.03218980110819267,0.02077729651552493,0.020752173226427355,0.0,0.0017693301352954285,0.0
T3,Step 3,0.2,boundary_constrained,pchip,SKS03,2,3,102,20.453500000000002,0.4934999999999996,0.000000;0.141467;1.000000,0.000000;0.503264;1.000000,0.04967707041135157,0.0322635079896219,0.017413562421729666,0.017369906896636228,0.0,0.0014268773768579851,0.0
T3,Step 4,0.2,boundary_constrained,pchip,SKS03,2,3,102,20.453500000000002,0.4934999999999996,0.000000;0.141467;1.000000,0.000000;0.503264;1.000000,0.03999897935486332,0.045362631356838844,-0.0053636520019755204,-0.005355652806823832,0.0,-0.0004578499741856761,0.0
T3,Step 5,0.2,boundary_constrained,pchip,SKS03,2,3,102,20.453500000000002,0.4934999999999996,0.000000;0.141467;1.000000,0.000000;0.503264;1.000000,0.04769472015219692,0.05071034924406825,-0.003015629091871329,-0.0030065684439996854,0.0,-0.00029675319005899423,0.0
T3,Step 6,0.2,boundary_constrained,pchip,SKS03,2,3,102,20.453500000000002,0.4934999999999996,0.000000;0.141467;1.000000,0.000000;0.503264;1.000000,0.04696000660603364,0.05243577294104315,-0.005475766335009513,-0.005456219517778069,0.0,-0.0005442680634859101,0.0
T3,Step 1,0.2,boundary_constrained,linear,SKS03,3,4,102,20.453500000000002,0.4934999999999996,0.000000;0.141467;0.425037;1.000000,0.000000;0.337033;0.669494;1.000000,0.05439026238312572,0.04811975685498932,0.006270505528136398,0.006203907358115497,0.0,0.0006427896423219683,0.0
T3,Step 2,0.2,boundary_constrained,linear,SKS03,3,4,102,20.453500000000002,0.4934999999999996,0.000000;0.141467;0.425037;1.000000,0.000000;0.337033;0.669494;1.000000,0.040876602046885625,0.035887177763427695,0.00498942428345793,0.0049789189673211595,0.0,0.00038300706707559485,0.0
T3,Step 3,0.2,boundary_constrained,linear,SKS03,3,4,102,20.453500000000002,0.4934999999999996,0.000000;0.141467;0.425037;1.000000,0.000000;0.337033;0.669494;1.000000,0.02953849535236774,0.03439035951394618,-0.004851864161578439,-0.00485151616739574,0.0,-0.00031017411981661803,0.0
T3,Step 4,0.2,boundary_constrained,linear,SKS03,3,4,102,20.453500000000002,0.4934999999999996,0.000000;0.141467;0.425037;1.000000,0.000000;0.337033;0.669494;1.000000,0.03479635700881828,0.03498474999243234,-0.00018839298361406076,-0.00018815688668184782,0.0,-1.3146270947857523e-05,0.0
T3,Step 5,0.2,boundary_constrained,linear,SKS03,3,4,102,20.453500000000002,0.4934999999999996,0.000000;0.141467;0.425037;1.000000,0.000000;0.337033;0.669494;1.000000,0.047215735908584494,0.03778590955301604,0.009429826355568452,0.009302185488634256,0.0,0.0008015507566404861,0.0
T3,Step 6,0.2,boundary_constrained,linear,SKS03,3,4,102,20.453500000000002,0.4934999999999996,0.000000;0.141467;0.425037;1.000000,0.000000;0.337033;0.669494;1.000000,0.047372867194195555,0.03546125376171246,0.011911613432483092,0.01173735306502656,0.0,0.0009866880278463232,0.0
T3,Step 1,0.2,boundary_constrained,pchip,SKS03,3,4,102,20.453500000000002,0.4934999999999996,0.000000;0.141467;0.425037;1.000000,0.000000;0.337033;0.669494;1.000000,0.03854609818164353,0.042854761644489314,-0.004308663462845787,-0.004290730870956425,0.0,-0.0003507289105770898,0.0
T3,Step 2,0.2,boundary_constrained,pchip,SKS03,3,4,102,20.453500000000002,0.4934999999999996,0.000000;0.141467;0.425037;1.000000,0.000000;0.337033;0.669494;1.000000,0.03156104108654783,0.029998214442527107,0.001562826644020722,0.001592084853818343,0.0,9.62064447269181e-05,0.0
T3,Step 3,0.2,boundary_constrained,pchip,SKS03,3,4,102,20.453500000000002,0.4934999999999996,0.000000;0.141467;0.425037;1.000000,0.000000;0.337033;0.669494;1.000000,0.041919791282445995,0.03324200966263728,0.008677781619808714,0.008638846731122592,0.0,0.000652237694752965,0.0
T3,Step 4,0.2,boundary_constrained,pchip,SKS03,3,4,102,20.453500000000002,0.4934999999999996,0.000000;0.141467;0.425037;1.000000,0.000000;0.337033;0.669494;1.000000,0.050751652437220136,0.03420394625448512,0.016547706182735017,0.016439248427544927,0.0,0.0014058202857286863,0.0
T3,Step 5,0.2,boundary_constrained,pchip,SKS03,3,4,102,20.453500000000002,0.4934999999999996,0.000000;0.141467;0.425037;1.000000,0.000000;0.337033;0.669494;1.000000,0.0602272926135176,0.04028900082877729,0.01993829178474031,0.01967474858590975,0.0,0.002004123187773055,0.0
T3,Step 6,0.2,boundary_constrained,pchip,SKS03,3,4,102,20.453500000000002,0.4934999999999996,0.000000;0.141467;0.425037;1.000000,0.000000;0.337033;0.669494;1.000000,0.06124162859249844,0.03824152298574031,0.02300010560675813,0.022683785567995246,0.0,0.002288122992392618,0.0
T3,Step 1,0.2,boundary_constrained,linear,SKS03,4,5,102,20.453500000000002,0.4934999999999996,0.000000;0.141467;0.571711;0.855281;1.000000,0.000000;0.249028;0.503264;0.747720;1.000000,0.032638402720936856,0.035342853891055806,-0.0027044511701189503,-0.0027030331861876006,0.0,-0.0001838519889904603,0.0
T3,Step 2,0.2,boundary_constrained,linear,SKS03,4,5,102,20.453500000000002,0.4934999999999996,0.000000;0.141467;0.571711;0.855281;1.000000,0.000000;0.249028;0.503264;0.747720;1.000000,0.029945865172009582,0.03207127534596815,-0.002125410173958571,-0.002119371275432099,0.0,-0.00013181186141672844,0.0
T3,Step 3,0.2,boundary_constrained,linear,SKS03,4,5,102,20.453500000000002,0.4934999999999996,0.000000;0.141467;0.571711;0.855281;1.000000,0.000000;0.249028;0.503264;0.747720;1.000000,0.03608927258346305,0.031735027424385505,0.0043542451590775424,0.004343069865778752,0.0,0.00029532362997699755,0.0
T3,Step 4,0.2,boundary_constrained,linear,SKS03,4,5,102,20.453500000000002,0.4934999999999996,0.000000;0.141467;0.571711;0.855281;1.000000,0.000000;0.249028;0.503264;0.747720;1.000000,0.04289590310396506,0.03297974616827132,0.00991615693569374,0.009867765657162672,0.0,0.0007523948457811527,0.0
T3,Step 5,0.2,boundary_constrained,linear,SKS03,4,5,102,20.453500000000002,0.4934999999999996,0.000000;0.141467;0.571711;0.855281;1.000000,0.000000;0.249028;0.503264;0.747720;1.000000,0.04586958739443127,0.037111158709571504,0.008758428684859765,0.00863879377559084,0.0,0.0007267809469683628,0.0
T3,Step 6,0.2,boundary_constrained,linear,SKS03,4,5,102,20.453500000000002,0.4934999999999996,0.000000;0.141467;0.571711;0.855281;1.000000,0.000000;0.249028;0.503264;0.747720;1.000000,0.04514160800103093,0.03473432937472475,0.01040727862630618,0.010247969417995988,0.0,0.0008312911358068731,0.0
T3,Step 1,0.2,boundary_constrained,pchip,SKS03,4,5,102,20.453500000000002,0.4934999999999996,0.000000;0.141467;0.571711;0.855281;1.000000,0.000000;0.249028;0.503264;0.747720;1.000000,0.03514800737729997,0.03349809890705307,0.0016499084702469025,0.0016175697051483764,0.0,0.00011325979220802312,0.0
T3,Step 2,0.2,boundary_constrained,pchip,SKS03,4,5,102,20.453500000000002,0.4934999999999996,0.000000;0.141467;0.571711;0.855281;1.000000,0.000000;0.249028;0.503264;0.747720;1.000000,0.03009302822702418,0.03164010988447547,-0.00154708165745129,-0.0015525647143013917,0.0,-9.55062056292082e-05,0.0
T3,Step 3,0.2,boundary_constrained,pchip,SKS03,4,5,102,20.453500000000002,0.4934999999999996,0.000000;0.141467;0.571711;0.855281;1.000000,0.000000;0.249028;0.503264;0.747720;1.000000,0.03704327741332338,0.03154373111559697,0.005499546297726414,0.005484152500038544,0.0,0.0003771974288273538,0.0
T3,Step 4,0.2,boundary_constrained,pchip,SKS03,4,5,102,20.453500000000002,0.4934999999999996,0.000000;0.141467;0.571711;0.855281;1.000000,0.000000;0.249028;0.503264;0.747720;1.000000,0.041757180946800344,0.03500142234622464,0.006755758600575708,0.006708852075041349,0.0,0.0005185625943650321,0.0
T3,Step 5,0.2,boundary_constrained,pchip,SKS03,4,5,102,20.453500000000002,0.4934999999999996,0.000000;0.141467;0.571711;0.855281;1.000000,0.000000;0.249028;0.503264;0.747720;1.000000,0.044835140858229476,0.038958865235911584,0.005876275622317892,0.005774376439848884,0.0,0.0004923966753073574,0.0
T3,Step 6,0.2,boundary_constrained,pchip,SKS03,4,5,102,20.453500000000002,0.4934999999999996,0.000000;0.141467;0.571711;0.855281;1.000000,0.000000;0.249028;0.503264;0.747720;1.000000,0.04391659394256616,0.03724534468188951,0.006671249260676651,0.0065463095780635555,0.0,0.0005414515230434833,0.0
T3,Step 1,0.4,original,linear,SKS02,2,3,52,20.453500000000002,0.4934999999999996,0.000000;0.141467;0.434816,0.000000;0.493485;1.000000,0.19688338528020158,0.05735870333751905,0.13952468194268253,0.13223214288508708,0.9866426246345518,-0.0003897909246350196,0.0358628374754658
T3,Step 2,0.4,original,linear,SKS02,2,3,52,20.453500000000002,0.4934999999999996,0.000000;0.141467;0.434816,0.000000;0.493485;1.000000,0.2033026128005845,0.04163057409943454,0.16167203870114996,0.15483751119725087,0.9932941480426253,-0.00011882124190573194,0.03971766891360161
T3,Step 3,0.4,original,linear,SKS02,2,3,52,20.453500000000002,0.4934999999999996,0.000000;0.141467;0.434816,0.000000;0.493485;1.000000,0.19894689736329965,0.033149554368407726,0.16579734299489193,0.16045789310659458,0.9908284622255719,-0.00011317310721000683,0.03859414812286926
T3,Step 4,0.4,original,linear,SKS02,2,3,52,20.453500000000002,0.4934999999999996,0.000000;0.141467;0.434816,0.000000;0.493485;1.000000,0.20613022623251367,0.03969155383312956,0.16643867239938412,0.16156059488099578,0.9916426421131116,-0.00037221840781775977,0.041286469128796806
T3,Step 5,0.4,original,linear,SKS02,2,3,52,20.453500000000002,0.4934999999999996,0.000000;0.141467;0.434816,0.000000;0.493485;1.000000,0.17595168685858412,0.046300536320617806,0.1296511505379663,0.1265101823735695,0.9784036819974872,-0.00029969604713344625,0.029114952491937837
T3,Step 6,0.4,original,linear,SKS02,2,3,52,20.453500000000002,0.4934999999999996,0.000000;0.141467;0.434816,0.000000;0.493485;1.000000,0.17134176628205672,0.04590911562929441,0.12543265065276232,0.12249745969156431,0.9834235171795299,-0.00023943349543647366,0.027489787470227508
T3,Step 1,0.4,original,pchip,SKS02,2,3,52,20.453500000000002,0.4934999999999996,0.000000;0.141467;0.434816,0.000000;0.493485;1.000000,0.19680982532355193,0.04207171951137521,0.15473810581217673,0.14755867245051796,0.987380300732767,-9.086808116253078e-05,0.03705494584240572
T3,Step 2,0.4,original,pchip,SKS02,2,3,52,20.453500000000002,0.4934999999999996,0.000000;0.141467;0.434816,0.000000;0.493485;1.000000,0.20332117875899966,0.029538772414895456,0.1737824063441042,0.16705644392788283,0.9931127540925946,-3.201836884705417e-06,0.04047016449305481
T3,Step 3,0.4,original,pchip,SKS02,2,3,52,20.453500000000002,0.4934999999999996,0.000000;0.141467;0.434816,0.000000;0.493485;1.000000,0.19907859768445163,0.03204891415537268,0.16702968352907896,0.1616970591875515,0.9895179319665935,9.252285609696528e-05,0.038512632301372335
T3,Step 4,0.4,original,pchip,SKS02,2,3,52,20.453500000000002,0.4934999999999996,0.000000;0.141467;0.434816,0.000000;0.493485;1.000000,0.20607272735010407,0.04212996135663579,0.16394276599346827,0.1590277138232565,0.9921961000995093,-9.625746993597986e-05,0.04078729278353469
T3,Step 5,0.4,original,pchip,SKS02,2,3,52,20.453500000000002,0.4934999999999996,0.000000;0.141467;0.434816,0.000000;0.493485;1.000000,0.17598415076999668,0.0480642722791619,0.12791987849083478,0.12475733678077641,0.9780427417575176,-0.00018663236907719122,0.028846879421588704
T3,Step 6,0.4,original,pchip,SKS02,2,3,52,20.453500000000002,0.4934999999999996,0.000000;0.141467;0.434816,0.000000;0.493485;1.000000,0.17139392958509808,0.04853865270988595,0.12285527687521214,0.11989197074425922,0.9828250034192443,-0.00013123817549709095,0.02715111646722773
T3,Step 1,0.4,original,linear,SKS03,2,3,52,20.453500000000002,0.4934999999999996,0.000000;0.141467;0.708607,0.000000;0.493485;1.000000,0.09137448334515604,0.05735870333751905,0.034015780007636984,0.027585650396295534,0.8435077412574977,-0.00021868381265389313,0.005277959170686571
T3,Step 2,0.4,original,linear,SKS03,2,3,52,20.453500000000002,0.4934999999999996,0.000000;0.141467;0.708607,0.000000;0.493485;1.000000,0.08996132459924532,0.04163057409943454,0.048330750499810775,0.042292301145223546,0.8143321313268143,0.0009572207940961002,0.005402714429706171
T3,Step 3,0.4,original,linear,SKS03,2,3,52,20.453500000000002,0.4934999999999996,0.000000;0.141467;0.708607,0.000000;0.493485;1.000000,0.08238474566278144,0.033149554368407726,0.04923519129437371,0.04479320365910928,0.7595654812161082,0.0011083558750162891,0.004579997488080875
T3,Step 4,0.4,original,linear,SKS03,2,3,52,20.453500000000002,0.4934999999999996,0.000000;0.141467;0.708607,0.000000;0.493485;1.000000,0.06992555787741525,0.03969155383312956,0.030234004044285688,0.02700652704215417,0.4939961482032356,0.0015932862686939447,0.0017208779300855839
T3,Step 5,0.4,original,linear,SKS03,2,3,52,20.453500000000002,0.4934999999999996,0.000000;0.141467;0.708607,0.000000;0.493485;1.000000,0.05604428087887702,0.046300536320617806,0.009743744558259215,0.008308109762544057,0.34714338657677407,0.0007812227706647246,0.0002159989849888865
T3,Step 6,0.4,original,linear,SKS03,2,3,52,20.453500000000002,0.4934999999999996,0.000000;0.141467;0.708607,0.000000;0.493485;1.000000,0.05275693903316449,0.04590911562929441,0.006847823403870079,0.005832889366326442,0.22742211896729445,0.0009944950272613375,-0.00031884730897622723
T3,Step 1,0.4,original,pchip,SKS03,2,3,52,20.453500000000002,0.4934999999999996,0.000000;0.141467;0.708607,0.000000;0.493485;1.000000,0.08765498090782697,0.04207171951137521,0.04558326139645177,0.038932054633762106,0.9166124301686016,-0.0001895237493183745,0.006102889844626058
T3,Step 2,0.4,original,pchip,SKS03,2,3,52,20.453500000000002,0.4934999999999996,0.000000;0.141467;0.708607,0.000000;0.493485;1.000000,0.08646199827585045,0.029538772414895456,0.056923225860954996,0.050680005295530114,0.8815820053967034,0.0005295077235380985,0.006073630346536079
T3,Step 3,0.4,original,pchip,SKS03,2,3,52,20.453500000000002,0.4934999999999996,0.000000;0.141467;0.708607,0.000000;0.493485;1.000000,0.08048228728923022,0.03204891415537268,0.048433373133857545,0.043854081746754266,0.795899459024345,0.000837638841917583,0.004612626826850158
T3,Step 4,0.4,original,pchip,SKS03,2,3,52,20.453500000000002,0.4934999999999996,0.000000;0.141467;0.708607,0.000000;0.493485;1.000000,0.05772539977433555,0.04212996135663579,0.01559543841769976,0.011442005656088043,0.7248723664881694,1.8260544756456468e-05,0.0015390275904387776
T3,Step 5,0.4,original,pchip,SKS03,2,3,52,20.453500000000002,0.4934999999999996,0.000000;0.141467;0.708607,0.000000;0.493485;1.000000,0.049476454655442426,0.0480642722791619,0.0014121823762805255,-0.00030076245869858215,0.44542475972141454,6.653113372803321e-05,7.121416181860646e-05
T3,Step 6,0.4,original,pchip,SKS03,2,3,52,20.453500000000002,0.4934999999999996,0.000000;0.141467;0.708607,0.000000;0.493485;1.000000,0.04493486678343556,0.04853865270988595,-0.003603785926450387,-0.004894252947224939,0.3134909184446824,0.00015371246165563708,-0.0004905710157014543
T3,Step 1,0.4,original,linear,SKS02,3,4,52,20.453500000000002,0.4934999999999996,0.000000;0.141467;0.708607;0.865060,0.000000;0.337033;0.669494;1.000000,0.053066093957098215,0.047362285425335444,0.00570380853176277,0.0020827304361994148,0.43836729045104467,-0.00010381931241877453,0.0006766435595714079
T3,Step 2,0.4,original,linear,SKS02,3,4,52,20.453500000000002,0.4934999999999996,0.000000;0.141467;0.708607;0.865060,0.000000;0.337033;0.669494;1.000000,0.057403644222435844,0.03551248948027984,0.021891154742156006,0.017572987414269346,0.5327989926082511,0.0008394630355784128,0.0011945784253505928
T3,Step 3,0.4,original,linear,SKS02,3,4,52,20.453500000000002,0.4934999999999996,0.000000;0.141467;0.708607;0.865060,0.000000;0.337033;0.669494;1.000000,0.048911768448152225,0.03458965054851377,0.014322117899638456,0.012096821019080467,0.2699953131660098,0.0011127391883676589,8.317797928970187e-05
T3,Step 4,0.4,original,linear,SKS02,3,4,52,20.453500000000002,0.4934999999999996,0.000000;0.141467;0.708607;0.865060,0.000000;0.337033;0.669494;1.000000,0.054657827144118265,0.034650242979297086,0.02000758416482118,0.01843826159398535,0.14468221198265252,0.0019621775923554454,-0.0001753388627634614
T3,Step 5,0.4,original,linear,SKS02,3,4,52,20.453500000000002,0.4934999999999996,0.000000;0.141467;0.708607;0.865060,0.000000;0.337033;0.669494;1.000000,0.048577456330819176,0.03789748928313399,0.010679967047685188,0.010348128697944062,0.09103131265043285,0.00124737309029958,-0.0003238235206921917
T3,Step 6,0.4,original,linear,SKS02,3,4,52,20.453500000000002,0.4934999999999996,0.000000;0.141467;0.708607;0.865060,0.000000;0.337033;0.669494;1.000000,0.04953426796518057,0.03572641311959508,0.013807854845585485,0.013635892915659135,0.09504428580692388,0.0014748622385886193,-0.0002975951301342809
T3,Step 1,0.4,original,pchip,SKS02,3,4,52,20.453500000000002,0.4934999999999996,0.000000;0.141467;0.708607;0.865060,0.000000;0.337033;0.669494;1.000000,0.04722993816101566,0.04212885325660497,0.005101084904410691,0.0009899072481055898,0.5533980575437394,-0.0003278677286006543,0.0007836945105774626
T3,Step 2,0.4,original,pchip,SKS02,3,4,52,20.453500000000002,0.4934999999999996,0.000000;0.141467;0.708607;0.865060,0.000000;0.337033;0.669494;1.000000,0.05352623729555988,0.029476214085849585,0.024050023209710295,0.01939496990172111,0.6127860823712136,0.000649439733099798,0.0013467711490859496
T3,Step 3,0.4,original,pchip,SKS02,3,4,52,20.453500000000002,0.4934999999999996,0.000000;0.141467;0.708607;0.865060,0.000000;0.337033;0.669494;1.000000,0.044967056126571356,0.03346954950775794,0.011497506618813415,0.009024741817510132,0.31944349100205993,0.0008188587914350319,8.296660100292587e-05
T3,Step 4,0.4,original,pchip,SKS02,3,4,52,20.453500000000002,0.4934999999999996,0.000000;0.141467;0.708607;0.865060,0.000000;0.337033;0.669494;1.000000,0.049402299237635686,0.0339432094526284,0.015459089785007284,0.013647236253557002,0.1771028465870964,0.0014997107500141983,-0.00021126504799430125
T3,Step 5,0.4,original,pchip,SKS02,3,4,52,20.453500000000002,0.4934999999999996,0.000000;0.141467;0.708607;0.865060,0.000000;0.337033;0.669494;1.000000,0.047989479266675086,0.040422572193949305,0.0075669070727257814,0.007194292395433094,0.09327564704811964,0.001088687220747341,-0.0004196814432357463
T3,Step 6,0.4,original,pchip,SKS02,3,4,52,20.453500000000002,0.4934999999999996,0.000000;0.141467;0.708607;0.865060,0.000000;0.337033;0.669494;1.000000,0.05094540818892324,0.03851605732573336,0.01242935086318988,0.012241516320671449,0.08985193152843989,0.0015233461408319675,-0.0004113981972151389
T3,Step 1,0.4,original,linear,SKS03,3,4,52,20.453500000000002,0.4934999999999996,0.000000;0.141467;0.434816;1.000000,0.000000;0.337033;0.669494;1.000000,0.055132041355204164,0.047362285425335444,0.00776975592986872,0.007814430887484888,0.0,0.0007963559032809996,0.0
T3,Step 2,0.4,original,linear,SKS03,3,4,52,20.453500000000002,0.4934999999999996,0.000000;0.141467;0.434816;1.000000,0.000000;0.337033;0.669494;1.000000,0.042829167379188,0.03551248948027984,0.007316677898908164,0.007377853785808568,0.0,0.0005732006693075158,0.0
T3,Step 3,0.4,original,linear,SKS03,3,4,52,20.453500000000002,0.4934999999999996,0.000000;0.141467;0.434816;1.000000,0.000000;0.337033;0.669494;1.000000,0.03172287282388326,0.03458965054851377,-0.0028667777246305093,-0.00289394376586026,0.0,-0.00019010326486802785,0.0
T3,Step 4,0.4,original,linear,SKS03,3,4,52,20.453500000000002,0.4934999999999996,0.000000;0.141467;0.434816;1.000000,0.000000;0.337033;0.669494;1.000000,0.034712896136774835,0.034650242979297086,6.265315747774891e-05,6.536484441630602e-05,0.0,4.345819678189923e-06,0.0
T3,Step 5,0.4,original,linear,SKS03,3,4,52,20.453500000000002,0.4934999999999996,0.000000;0.141467;0.434816;1.000000,0.000000;0.337033;0.669494;1.000000,0.04680730852174096,0.03789748928313399,0.008909819238606974,0.008973725092005634,0.0,0.0007547044370841883,0.0
T3,Step 6,0.4,original,linear,SKS03,3,4,52,20.453500000000002,0.4934999999999996,0.000000;0.141467;0.434816;1.000000,0.000000;0.337033;0.669494;1.000000,0.047298179648826696,0.03572641311959508,0.011571766529231614,0.011651554138470077,0.0,0.0009607412037007083,0.0
T3,Step 1,0.4,original,pchip,SKS03,3,4,52,20.453500000000002,0.4934999999999996,0.000000;0.141467;0.434816;1.000000,0.000000;0.337033;0.669494;1.000000,0.040078196188021095,0.04212885325660497,-0.002050657068583872,-0.0020689155352241126,0.0,-0.00016857846703104674,0.0
T3,Step 2,0.4,original,pchip,SKS03,3,4,52,20.453500000000002,0.4934999999999996,0.000000;0.141467;0.434816;1.000000,0.000000;0.337033;0.669494;1.000000,0.028556173822141855,0.029476214085849585,-0.0009200402637077297,-0.0009145543465268677,0.0,-5.339213347445771e-05,0.0
T3,Step 3,0.4,original,pchip,SKS03,3,4,52,20.453500000000002,0.4934999999999996,0.000000;0.141467;0.434816;1.000000,0.000000;0.337033;0.669494;1.000000,0.03569632025874335,0.03346954950775794,0.0022267707509854087,0.0022436170587470036,0.0,0.00015401653576251103,0.0
T3,Step 4,0.4,original,pchip,SKS03,3,4,52,20.453500000000002,0.4934999999999996,0.000000;0.141467;0.434816;1.000000,0.000000;0.337033;0.669494;1.000000,0.04670418693840512,0.0339432094526284,0.012760977485776717,0.01286420793637627,0.0,0.0010291396096324896,0.0
T3,Step 5,0.4,original,pchip,SKS03,3,4,52,20.453500000000002,0.4934999999999996,0.000000;0.141467;0.434816;1.000000,0.000000;0.337033;0.669494;1.000000,0.057771049199545156,0.040422572193949305,0.01734847700559585,0.01746609861786689,0.0,0.0017035097828412235,0.0
T3,Step 6,0.4,original,pchip,SKS03,3,4,52,20.453500000000002,0.4934999999999996,0.000000;0.141467;0.434816;1.000000,0.000000;0.337033;0.669494;1.000000,0.0595648087495221,0.03851605732573336,0.021048751423788738,0.021189196520925255,0.0,0.0020644797694479656,0.0
T3,Step 1,0.4,original,linear,SKS02,4,5,52,20.453500000000002,0.4934999999999996,0.000000;0.141467;0.708607;0.865060;1.000000,0.000000;0.258807;0.493485;0.747720;1.000000,0.04337992935652533,0.03664332776175588,0.006736601594769451,0.006781746320931849,0.0,0.0005390848015216589,0.0
T3,Step 2,0.4,original,linear,SKS02,4,5,52,20.453500000000002,0.4934999999999996,0.000000;0.141467;0.708607;0.865060;1.000000,0.000000;0.258807;0.493485;0.747720;1.000000,0.04139036447774966,0.029471967495759914,0.011918396981989744,0.012025810308999997,0.0,0.0008445654035298318,0.0
T3,Step 3,0.4,original,linear,SKS02,4,5,52,20.453500000000002,0.4934999999999996,0.000000;0.141467;0.708607;0.865060;1.000000,0.000000;0.258807;0.493485;0.747720;1.000000,0.045537778439065583,0.03033620067070146,0.015201577768364123,0.015333732406395677,0.0,0.0011534041940323583,0.0
T3,Step 4,0.4,original,linear,SKS02,4,5,52,20.453500000000002,0.4934999999999996,0.000000;0.141467;0.708607;0.865060;1.000000,0.000000;0.258807;0.493485;0.747720;1.000000,0.05439022723160864,0.032375520431485616,0.022014706800123025,0.022202224234267966,0.0,0.0019101224950964799,0.0
T3,Step 5,0.4,original,linear,SKS02,4,5,52,20.453500000000002,0.4934999999999996,0.000000;0.141467;0.708607;0.865060;1.000000,0.000000;0.258807;0.493485;0.747720;1.000000,0.05156565645536211,0.037480018571291976,0.014085637884070135,0.01418319381841604,0.0,0.0012542651335680371,0.0
T3,Step 6,0.4,original,linear,SKS02,4,5,52,20.453500000000002,0.4934999999999996,0.000000;0.141467;0.708607;0.865060;1.000000,0.000000;0.258807;0.493485;0.747720;1.000000,0.052451709389482425,0.03509784578144559,0.017353863608036833,0.017473877133247724,0.0,0.0015193230393805808,0.0
T3,Step 1,0.4,original,pchip,SKS02,4,5,52,20.453500000000002,0.4934999999999996,0.000000;0.141467;0.708607;0.865060;1.000000,0.000000;0.258807;0.493485;0.747720;1.000000,0.034891199814166204,0.03623531990040863,-0.0013441200862424271,-0.0013423853325508633,0.0,-9.560258381287777e-05,0.0
T3,Step 2,0.4,original,pchip,SKS02,4,5,52,20.453500000000002,0.4934999999999996,0.000000;0.141467;0.708607;0.865060;1.000000,0.000000;0.258807;0.493485;0.747720;1.000000,0.03472125599185122,0.02694300193907271,0.007778254052778509,0.007855940545164083,0.0,0.0004796402641627884,0.0
T3,Step 3,0.4,original,pchip,SKS02,4,5,52,20.453500000000002,0.4934999999999996,0.000000;0.141467;0.708607;0.865060;1.000000,0.000000;0.258807;0.493485;0.747720;1.000000,0.040826866898503615,0.031077591713299144,0.009749275185204472,0.009832426231931667,0.0,0.0007010163540496108,0.0
T3,Step 4,0.4,original,pchip,SKS02,4,5,52,20.453500000000002,0.4934999999999996,0.000000;0.141467;0.708607;0.865060;1.000000,0.000000;0.258807;0.493485;0.747720;1.000000,0.04839262674998229,0.03455222968064691,0.013840397069335382,0.013956953630938733,0.0,0.0011479897478589242,0.0
T3,Step 5,0.4,original,pchip,SKS02,4,5,52,20.453500000000002,0.4934999999999996,0.000000;0.141467;0.708607;0.865060;1.000000,0.000000;0.258807;0.493485;0.747720;1.000000,0.050942576952159806,0.03998475531547059,0.010957821636689215,0.011028915909416216,0.0,0.0009963654888886701,0.0
T3,Step 6,0.4,original,pchip,SKS02,4,5,52,20.453500000000002,0.4934999999999996,0.000000;0.141467;0.708607;0.865060;1.000000,0.000000;0.258807;0.493485;0.747720;1.000000,0.05370998403314491,0.03762429190882106,0.016085692124323855,0.016198055474181176,0.0,0.0014691750432005034,0.0
T3,Step 1,0.4,original,linear,SKS03,4,5,52,20.453500000000002,0.4934999999999996,0.000000;0.141467;0.571711;0.865060;1.000000,0.000000;0.258807;0.493485;0.747720;1.000000,0.03416349165187084,0.03664332776175588,-0.0024798361098850377,-0.0024911423726777376,0.0,-0.00017558930760802068,0.0
T3,Step 2,0.4,original,linear,SKS03,4,5,52,20.453500000000002,0.4934999999999996,0.000000;0.141467;0.571711;0.865060;1.000000,0.000000;0.258807;0.493485;0.747720;1.000000,0.028756168262615546,0.029471967495759914,-0.000715799233144368,-0.0007101063003530535,0.0,-4.167965492327133e-05,0.0
T3,Step 3,0.4,original,linear,SKS03,4,5,52,20.453500000000002,0.4934999999999996,0.000000;0.141467;0.571711;0.865060;1.000000,0.000000;0.258807;0.493485;0.747720;1.000000,0.03558716689338576,0.03033620067070146,0.005250966222684297,0.005296918908411177,0.0,0.00034616137636462376,0.0
T3,Step 4,0.4,original,linear,SKS03,4,5,52,20.453500000000002,0.4934999999999996,0.000000;0.141467;0.571711;0.865060;1.000000,0.000000;0.258807;0.493485;0.747720;1.000000,0.041952107888521245,0.032375520431485616,0.009576587457035629,0.009659343413268497,0.0,0.0007118050330805836,0.0
T3,Step 5,0.4,original,linear,SKS03,4,5,52,20.453500000000002,0.4934999999999996,0.000000;0.141467;0.571711;0.865060;1.000000,0.000000;0.258807;0.493485;0.747720;1.000000,0.04586267894938681,0.037480018571291976,0.008382660378094833,0.008436562242704948,0.0,0.0006986335283101369,0.0
T3,Step 6,0.4,original,linear,SKS03,4,5,52,20.453500000000002,0.4934999999999996,0.000000;0.141467;0.571711;0.865060;1.000000,0.000000;0.258807;0.493485;0.747720;1.000000,0.04491504388871112,0.03509784578144559,0.009817198107265529,0.00987945626259653,0.0,0.0007855023890267082,0.0
T3,Step 1,0.4,original,pchip,SKS03,4,5,52,20.453500000000002,0.4934999999999996,0.000000;0.141467;0.571711;0.865060;1.000000,0.000000;0.258807;0.493485;0.747720;1.000000,0.03427382906337674,0.03623531990040863,-0.0019614908370318915,-0.0019625436071561975,0.0,-0.00013830304961938168,0.0
T3,Step 2,0.4,original,pchip,SKS03,4,5,52,20.453500000000002,0.4934999999999996,0.000000;0.141467;0.571711;0.865060;1.000000,0.000000;0.258807;0.493485;0.747720;1.000000,0.02893977807370045,0.02694300193907271,0.0019967761346277417,0.0020277180863295143,0.0,0.00011158540146615777,0.0
T3,Step 3,0.4,original,pchip,SKS03,4,5,52,20.453500000000002,0.4934999999999996,0.000000;0.141467;0.571711;0.865060;1.000000,0.000000;0.258807;0.493485;0.747720;1.000000,0.03640017096427725,0.031077591713299144,0.005322579250978107,0.005366219193763955,0.0,0.00035915573953009276,0.0
T3,Step 4,0.4,original,pchip,SKS03,4,5,52,20.453500000000002,0.4934999999999996,0.000000;0.141467;0.571711;0.865060;1.000000,0.000000;0.258807;0.493485;0.747720;1.000000,0.04085007273882043,0.03455222968064691,0.006297843058173519,0.006347646154531386,0.0,0.0004748718668627425,0.0
T3,Step 5,0.4,original,pchip,SKS03,4,5,52,20.453500000000002,0.4934999999999996,0.000000;0.141467;0.571711;0.865060;1.000000,0.000000;0.258807;0.493485;0.747720;1.000000,0.044813460303129195,0.03998475531547059,0.004828704987658604,0.004848807590197866,0.0,0.00040946556670208285,0.0
T3,Step 6,0.4,original,pchip,SKS03,4,5,52,20.453500000000002,0.4934999999999996,0.000000;0.141467;0.571711;0.865060;1.000000,0.000000;0.258807;0.493485;0.747720;1.000000,0.043481971942329514,0.03762429190882106,0.005857680033508457,0.005887190000887513,0.0,0.0004750945423533531,0.0
T3,Step 1,0.4,boundary_constrained,linear,SKS02,2,3,52,20.453500000000002,0.4934999999999996,0.000000;0.141467;1.000000,0.000000;0.493485;1.000000,0.08595563038488052,0.05735870333751905,0.02859692704736147,0.028803866145277586,0.0,0.004098349546300677,0.0
T3,Step 2,0.4,boundary_constrained,linear,SKS02,2,3,52,20.453500000000002,0.4934999999999996,0.000000;0.141467;1.000000,0.000000;0.493485;1.000000,0.09095701442740924,0.04163057409943454,0.049326440327974695,0.049739051981512905,0.0,0.006540073773699423,0.0
T3,Step 3,0.4,boundary_constrained,linear,SKS02,2,3,52,20.453500000000002,0.4934999999999996,0.000000;0.141467;1.000000,0.000000;0.493485;1.000000,0.06815241615793388,0.033149554368407726,0.035002861789526156,0.03530308393174291,0.0,0.0035458588733401886,0.0
T3,Step 4,0.4,boundary_constrained,linear,SKS02,2,3,52,20.453500000000002,0.4934999999999996,0.000000;0.141467;1.000000,0.000000;0.493485;1.000000,0.059623124445134956,0.03969155383312956,0.019931570612005393,0.020103252597861512,0.0,0.0019794975229118273,0.0
T3,Step 5,0.4,boundary_constrained,linear,SKS02,2,3,52,20.453500000000002,0.4934999999999996,0.000000;0.141467;1.000000,0.000000;0.493485;1.000000,0.0484150098934548,0.046300536320617806,0.0021144735728369918,0.0021320345162967255,0.0,0.0002002735194064778,0.0
T3,Step 6,0.4,boundary_constrained,linear,SKS02,2,3,52,20.453500000000002,0.4934999999999996,0.000000;0.141467;1.000000,0.000000;0.493485;1.000000,0.04741885047081162,0.04590911562929441,0.0015097348415172088,0.001519893389940817,0.0,0.00014090048210926666,0.0
T3,Step 1,0.4,boundary_constrained,pchip,SKS02,2,3,52,20.453500000000002,0.4934999999999996,0.000000;0.141467;1.000000,0.000000;0.493485;1.000000,0.036747987865712824,0.04207171951137521,-0.005323731645662383,-0.005364868517910043,0.0,-0.00041961497046525255,0.0
T3,Step 2,0.4,boundary_constrained,pchip,SKS02,2,3,52,20.453500000000002,0.4934999999999996,0.000000;0.141467;1.000000,0.000000;0.493485;1.000000,0.05291866944310214,0.029538772414895456,0.023379897028206684,0.023581191947044854,0.0,0.0019278464998493236,0.0
T3,Step 3,0.4,boundary_constrained,pchip,SKS02,2,3,52,20.453500000000002,0.4934999999999996,0.000000;0.141467;1.000000,0.000000;0.493485;1.000000,0.05017278193359488,0.03204891415537268,0.018123867778222204,0.01827293630075523,0.0,0.001490175148417618,0.0
T3,Step 4,0.4,boundary_constrained,pchip,SKS02,2,3,52,20.453500000000002,0.4934999999999996,0.000000;0.141467;1.000000,0.000000;0.493485;1.000000,0.0396344144401239,0.04212996135663579,-0.0024955469165118885,-0.002519346260418484,0.0,-0.00020404683590012282,0.0
T3,Step 5,0.4,boundary_constrained,pchip,SKS02,2,3,52,20.453500000000002,0.4934999999999996,0.000000;0.141467;1.000000,0.000000;0.493485;1.000000,0.04757900159944272,0.0480642722791619,-0.0004852706797191797,-0.000490688940044004,0.0,-4.6412876525637813e-05,0.0
T3,Step 6,0.4,boundary_constrained,pchip,SKS02,2,3,52,20.453500000000002,0.4934999999999996,0.000000;0.141467;1.000000,0.000000;0.493485;1.000000,0.04693915200624412,0.04853865270988595,-0.001599500703641829,-0.0016174635260602088,0.0,-0.00015271681582562727,0.0
T3,Step 1,0.4,boundary_constrained,linear,SKS02,3,4,52,20.453500000000002,0.4934999999999996,0.000000;0.141467;0.434816;1.000000,0.000000;0.337033;0.669494;1.000000,0.055132041355204164,0.047362285425335444,0.00776975592986872,0.007814430887484888,0.0,0.0007963559032809996,0.0
T3,Step 2,0.4,boundary_constrained,linear,SKS02,3,4,52,20.453500000000002,0.4934999999999996,0.000000;0.141467;0.434816;1.000000,0.000000;0.337033;0.669494;1.000000,0.042829167379188,0.03551248948027984,0.007316677898908164,0.007377853785808568,0.0,0.0005732006693075158,0.0
T3,Step 3,0.4,boundary_constrained,linear,SKS02,3,4,52,20.453500000000002,0.4934999999999996,0.000000;0.141467;0.434816;1.000000,0.000000;0.337033;0.669494;1.000000,0.03172287282388326,0.03458965054851377,-0.0028667777246305093,-0.00289394376586026,0.0,-0.00019010326486802785,0.0
T3,Step 4,0.4,boundary_constrained,linear,SKS02,3,4,52,20.453500000000002,0.4934999999999996,0.000000;0.141467;0.434816;1.000000,0.000000;0.337033;0.669494;1.000000,0.034712896136774835,0.034650242979297086,6.265315747774891e-05,6.536484441630602e-05,0.0,4.345819678189923e-06,0.0
T3,Step 5,0.4,boundary_constrained,linear,SKS02,3,4,52,20.453500000000002,0.4934999999999996,0.000000;0.141467;0.434816;1.000000,0.000000;0.337033;0.669494;1.000000,0.04680730852174096,0.03789748928313399,0.008909819238606974,0.008973725092005634,0.0,0.0007547044370841883,0.0
T3,Step 6,0.4,boundary_constrained,linear,SKS02,3,4,52,20.453500000000002,0.4934999999999996,0.000000;0.141467;0.434816;1.000000,0.000000;0.337033;0.669494;1.000000,0.047298179648826696,0.03572641311959508,0.011571766529231614,0.011651554138470077,0.0,0.0009607412037007083,0.0
T3,Step 1,0.4,boundary_constrained,pchip,SKS02,3,4,52,20.453500000000002,0.4934999999999996,0.000000;0.141467;0.434816;1.000000,0.000000;0.337033;0.669494;1.000000,0.040078196188021095,0.04212885325660497,-0.002050657068583872,-0.0020689155352241126,0.0,-0.00016857846703104674,0.0
T3,Step 2,0.4,boundary_constrained,pchip,SKS02,3,4,52,20.453500000000002,0.4934999999999996,0.000000;0.141467;0.434816;1.000000,0.000000;0.337033;0.669494;1.000000,0.028556173822141855,0.029476214085849585,-0.0009200402637077297,-0.0009145543465268677,0.0,-5.339213347445771e-05,0.0
T3,Step 3,0.4,boundary_constrained,pchip,SKS02,3,4,52,20.453500000000002,0.4934999999999996,0.000000;0.141467;0.434816;1.000000,0.000000;0.337033;0.669494;1.000000,0.03569632025874335,0.03346954950775794,0.0022267707509854087,0.0022436170587470036,0.0,0.00015401653576251103,0.0
T3,Step 4,0.4,boundary_constrained,pchip,SKS02,3,4,52,20.453500000000002,0.4934999999999996,0.000000;0.141467;0.434816;1.000000,0.000000;0.337033;0.669494;1.000000,0.04670418693840512,0.0339432094526284,0.012760977485776717,0.01286420793637627,0.0,0.0010291396096324896,0.0
T3,Step 5,0.4,boundary_constrained,pchip,SKS02,3,4,52,20.453500000000002,0.4934999999999996,0.000000;0.141467;0.434816;1.000000,0.000000;0.337033;0.669494;1.000000,0.057771049199545156,0.040422572193949305,0.01734847700559585,0.01746609861786689,0.0,0.0017035097828412235,0.0
T3,Step 6,0.4,boundary_constrained,pchip,SKS02,3,4,52,20.453500000000002,0.4934999999999996,0.000000;0.141467;0.434816;1.000000,0.000000;0.337033;0.669494;1.000000,0.0595648087495221,0.03851605732573336,0.021048751423788738,0.021189196520925255,0.0,0.0020644797694479656,0.0
T3,Step 1,0.4,boundary_constrained,linear,SKS02,4,5,52,20.453500000000002,0.4934999999999996,0.000000;0.141467;0.708607;0.865060;1.000000,0.000000;0.258807;0.493485;0.747720;1.000000,0.04337992935652533,0.03664332776175588,0.006736601594769451,0.006781746320931849,0.0,0.0005390848015216589,0.0
T3,Step 2,0.4,boundary_constrained,linear,SKS02,4,5,52,20.453500000000002,0.4934999999999996,0.000000;0.141467;0.708607;0.865060;1.000000,0.000000;0.258807;0.493485;0.747720;1.000000,0.04139036447774966,0.029471967495759914,0.011918396981989744,0.012025810308999997,0.0,0.0008445654035298318,0.0
T3,Step 3,0.4,boundary_constrained,linear,SKS02,4,5,52,20.453500000000002,0.4934999999999996,0.000000;0.141467;0.708607;0.865060;1.000000,0.000000;0.258807;0.493485;0.747720;1.000000,0.045537778439065583,0.03033620067070146,0.015201577768364123,0.015333732406395677,0.0,0.0011534041940323583,0.0
T3,Step 4,0.4,boundary_constrained,linear,SKS02,4,5,52,20.453500000000002,0.4934999999999996,0.000000;0.141467;0.708607;0.865060;1.000000,0.000000;0.258807;0.493485;0.747720;1.000000,0.05439022723160864,0.032375520431485616,0.022014706800123025,0.022202224234267966,0.0,0.0019101224950964799,0.0
T3,Step 5,0.4,boundary_constrained,linear,SKS02,4,5,52,20.453500000000002,0.4934999999999996,0.000000;0.141467;0.708607;0.865060;1.000000,0.000000;0.258807;0.493485;0.747720;1.000000,0.05156565645536211,0.037480018571291976,0.014085637884070135,0.01418319381841604,0.0,0.0012542651335680371,0.0
T3,Step 6,0.4,boundary_constrained,linear,SKS02,4,5,52,20.453500000000002,0.4934999999999996,0.000000;0.141467;0.708607;0.865060;1.000000,0.000000;0.258807;0.493485;0.747720;1.000000,0.052451709389482425,0.03509784578144559,0.017353863608036833,0.017473877133247724,0.0,0.0015193230393805808,0.0
T3,Step 1,0.4,boundary_constrained,pchip,SKS02,4,5,52,20.453500000000002,0.4934999999999996,0.000000;0.141467;0.708607;0.865060;1.000000,0.000000;0.258807;0.493485;0.747720;1.000000,0.034891199814166204,0.03623531990040863,-0.0013441200862424271,-0.0013423853325508633,0.0,-9.560258381287777e-05,0.0
T3,Step 2,0.4,boundary_constrained,pchip,SKS02,4,5,52,20.453500000000002,0.4934999999999996,0.000000;0.141467;0.708607;0.865060;1.000000,0.000000;0.258807;0.493485;0.747720;1.000000,0.03472125599185122,0.02694300193907271,0.007778254052778509,0.007855940545164083,0.0,0.0004796402641627884,0.0
T3,Step 3,0.4,boundary_constrained,pchip,SKS02,4,5,52,20.453500000000002,0.4934999999999996,0.000000;0.141467;0.708607;0.865060;1.000000,0.000000;0.258807;0.493485;0.747720;1.000000,0.040826866898503615,0.031077591713299144,0.009749275185204472,0.009832426231931667,0.0,0.0007010163540496108,0.0
T3,Step 4,0.4,boundary_constrained,pchip,SKS02,4,5,52,20.453500000000002,0.4934999999999996,0.000000;0.141467;0.708607;0.865060;1.000000,0.000000;0.258807;0.493485;0.747720;1.000000,0.04839262674998229,0.03455222968064691,0.013840397069335382,0.013956953630938733,0.0,0.0011479897478589242,0.0
T3,Step 5,0.4,boundary_constrained,pchip,SKS02,4,5,52,20.453500000000002,0.4934999999999996,0.000000;0.141467;0.708607;0.865060;1.000000,0.000000;0.258807;0.493485;0.747720;1.000000,0.050942576952159806,0.03998475531547059,0.010957821636689215,0.011028915909416216,0.0,0.0009963654888886701,0.0
T3,Step 6,0.4,boundary_constrained,pchip,SKS02,4,5,52,20.453500000000002,0.4934999999999996,0.000000;0.141467;0.708607;0.865060;1.000000,0.000000;0.258807;0.493485;0.747720;1.000000,0.05370998403314491,0.03762429190882106,0.016085692124323855,0.016198055474181176,0.0,0.0014691750432005034,0.0
T3,Step 1,0.4,boundary_constrained,linear,SKS03,2,3,52,20.453500000000002,0.4934999999999996,0.000000;0.141467;1.000000,0.000000;0.493485;1.000000,0.08595563038488052,0.05735870333751905,0.02859692704736147,0.028803866145277586,0.0,0.004098349546300677,0.0
T3,Step 2,0.4,boundary_constrained,linear,SKS03,2,3,52,20.453500000000002,0.4934999999999996,0.000000;0.141467;1.000000,0.000000;0.493485;1.000000,0.09095701442740924,0.04163057409943454,0.049326440327974695,0.049739051981512905,0.0,0.006540073773699423,0.0
T3,Step 3,0.4,boundary_constrained,linear,SKS03,2,3,52,20.453500000000002,0.4934999999999996,0.000000;0.141467;1.000000,0.000000;0.493485;1.000000,0.06815241615793388,0.033149554368407726,0.035002861789526156,0.03530308393174291,0.0,0.0035458588733401886,0.0
T3,Step 4,0.4,boundary_constrained,linear,SKS03,2,3,52,20.453500000000002,0.4934999999999996,0.000000;0.141467;1.000000,0.000000;0.493485;1.000000,0.059623124445134956,0.03969155383312956,0.019931570612005393,0.020103252597861512,0.0,0.0019794975229118273,0.0
T3,Step 5,0.4,boundary_constrained,linear,SKS03,2,3,52,20.453500000000002,0.4934999999999996,0.000000;0.141467;1.000000,0.000000;0.493485;1.000000,0.0484150098934548,0.046300536320617806,0.0021144735728369918,0.0021320345162967255,0.0,0.0002002735194064778,0.0
T3,Step 6,0.4,boundary_constrained,linear,SKS03,2,3,52,20.453500000000002,0.4934999999999996,0.000000;0.141467;1.000000,0.000000;0.493485;1.000000,0.04741885047081162,0.04590911562929441,0.0015097348415172088,0.001519893389940817,0.0,0.00014090048210926666,0.0
T3,Step 1,0.4,boundary_constrained,pchip,SKS03,2,3,52,20.453500000000002,0.4934999999999996,0.000000;0.141467;1.000000,0.000000;0.493485;1.000000,0.036747987865712824,0.04207171951137521,-0.005323731645662383,-0.005364868517910043,0.0,-0.00041961497046525255,0.0
T3,Step 2,0.4,boundary_constrained,pchip,SKS03,2,3,52,20.453500000000002,0.4934999999999996,0.000000;0.141467;1.000000,0.000000;0.493485;1.000000,0.05291866944310214,0.029538772414895456,0.023379897028206684,0.023581191947044854,0.0,0.0019278464998493236,0.0
T3,Step 3,0.4,boundary_constrained,pchip,SKS03,2,3,52,20.453500000000002,0.4934999999999996,0.000000;0.141467;1.000000,0.000000;0.493485;1.000000,0.05017278193359488,0.03204891415537268,0.018123867778222204,0.01827293630075523,0.0,0.001490175148417618,0.0
T3,Step 4,0.4,boundary_constrained,pchip,SKS03,2,3,52,20.453500000000002,0.4934999999999996,0.000000;0.141467;1.000000,0.000000;0.493485;1.000000,0.0396344144401239,0.04212996135663579,-0.0024955469165118885,-0.002519346260418484,0.0,-0.00020404683590012282,0.0
T3,Step 5,0.4,boundary_constrained,pchip,SKS03,2,3,52,20.453500000000002,0.4934999999999996,0.000000;0.141467;1.000000,0.000000;0.493485;1.000000,0.04757900159944272,0.0480642722791619,-0.0004852706797191797,-0.000490688940044004,0.0,-4.6412876525637813e-05,0.0
T3,Step 6,0.4,boundary_constrained,pchip,SKS03,2,3,52,20.453500000000002,0.4934999999999996,0.000000;0.141467;1.000000,0.000000;0.493485;1.000000,0.04693915200624412,0.04853865270988595,-0.001599500703641829,-0.0016174635260602088,0.0,-0.00015271681582562727,0.0
T3,Step 1,0.4,boundary_constrained,linear,SKS03,3,4,52,20.453500000000002,0.4934999999999996,0.000000;0.141467;0.434816;1.000000,0.000000;0.337033;0.669494;1.000000,0.055132041355204164,0.047362285425335444,0.00776975592986872,0.007814430887484888,0.0,0.0007963559032809996,0.0
T3,Step 2,0.4,boundary_constrained,linear,SKS03,3,4,52,20.453500000000002,0.4934999999999996,0.000000;0.141467;0.434816;1.000000,0.000000;0.337033;0.669494;1.000000,0.042829167379188,0.03551248948027984,0.007316677898908164,0.007377853785808568,0.0,0.0005732006693075158,0.0
T3,Step 3,0.4,boundary_constrained,linear,SKS03,3,4,52,20.453500000000002,0.4934999999999996,0.000000;0.141467;0.434816;1.000000,0.000000;0.337033;0.669494;1.000000,0.03172287282388326,0.03458965054851377,-0.0028667777246305093,-0.00289394376586026,0.0,-0.00019010326486802785,0.0
T3,Step 4,0.4,boundary_constrained,linear,SKS03,3,4,52,20.453500000000002,0.4934999999999996,0.000000;0.141467;0.434816;1.000000,0.000000;0.337033;0.669494;1.000000,0.034712896136774835,0.034650242979297086,6.265315747774891e-05,6.536484441630602e-05,0.0,4.345819678189923e-06,0.0
T3,Step 5,0.4,boundary_constrained,linear,SKS03,3,4,52,20.453500000000002,0.4934999999999996,0.000000;0.141467;0.434816;1.000000,0.000000;0.337033;0.669494;1.000000,0.04680730852174096,0.03789748928313399,0.008909819238606974,0.008973725092005634,0.0,0.0007547044370841883,0.0
T3,Step 6,0.4,boundary_constrained,linear,SKS03,3,4,52,20.453500000000002,0.4934999999999996,0.000000;0.141467;0.434816;1.000000,0.000000;0.337033;0.669494;1.000000,0.047298179648826696,0.03572641311959508,0.011571766529231614,0.011651554138470077,0.0,0.0009607412037007083,0.0
T3,Step 1,0.4,boundary_constrained,pchip,SKS03,3,4,52,20.453500000000002,0.4934999999999996,0.000000;0.141467;0.434816;1.000000,0.000000;0.337033;0.669494;1.000000,0.040078196188021095,0.04212885325660497,-0.002050657068583872,-0.0020689155352241126,0.0,-0.00016857846703104674,0.0
T3,Step 2,0.4,boundary_constrained,pchip,SKS03,3,4,52,20.453500000000002,0.4934999999999996,0.000000;0.141467;0.434816;1.000000,0.000000;0.337033;0.669494;1.000000,0.028556173822141855,0.029476214085849585,-0.0009200402637077297,-0.0009145543465268677,0.0,-5.339213347445771e-05,0.0
T3,Step 3,0.4,boundary_constrained,pchip,SKS03,3,4,52,20.453500000000002,0.4934999999999996,0.000000;0.141467;0.434816;1.000000,0.000000;0.337033;0.669494;1.000000,0.03569632025874335,0.03346954950775794,0.0022267707509854087,0.0022436170587470036,0.0,0.00015401653576251103,0.0
T3,Step 4,0.4,boundary_constrained,pchip,SKS03,3,4,52,20.453500000000002,0.4934999999999996,0.000000;0.141467;0.434816;1.000000,0.000000;0.337033;0.669494;1.000000,0.04670418693840512,0.0339432094526284,0.012760977485776717,0.01286420793637627,0.0,0.0010291396096324896,0.0
T3,Step 5,0.4,boundary_constrained,pchip,SKS03,3,4,52,20.453500000000002,0.4934999999999996,0.000000;0.141467;0.434816;1.000000,0.000000;0.337033;0.669494;1.000000,0.057771049199545156,0.040422572193949305,0.01734847700559585,0.01746609861786689,0.0,0.0017035097828412235,0.0
T3,Step 6,0.4,boundary_constrained,pchip,SKS03,3,4,52,20.453500000000002,0.4934999999999996,0.000000;0.141467;0.434816;1.000000,0.000000;0.337033;0.669494;1.000000,0.0595648087495221,0.03851605732573336,0.021048751423788738,0.021189196520925255,0.0,0.0020644797694479656,0.0
T3,Step 1,0.4,boundary_constrained,linear,SKS03,4,5,52,20.453500000000002,0.4934999999999996,0.000000;0.141467;0.571711;0.865060;1.000000,0.000000;0.258807;0.493485;0.747720;1.000000,0.03416349165187084,0.03664332776175588,-0.0024798361098850377,-0.0024911423726777376,0.0,-0.00017558930760802068,0.0
T3,Step 2,0.4,boundary_constrained,linear,SKS03,4,5,52,20.453500000000002,0.4934999999999996,0.000000;0.141467;0.571711;0.865060;1.000000,0.000000;0.258807;0.493485;0.747720;1.000000,0.028756168262615546,0.029471967495759914,-0.000715799233144368,-0.0007101063003530535,0.0,-4.167965492327133e-05,0.0
T3,Step 3,0.4,boundary_constrained,linear,SKS03,4,5,52,20.453500000000002,0.4934999999999996,0.000000;0.141467;0.571711;0.865060;1.000000,0.000000;0.258807;0.493485;0.747720;1.000000,0.03558716689338576,0.03033620067070146,0.005250966222684297,0.005296918908411177,0.0,0.00034616137636462376,0.0
T3,Step 4,0.4,boundary_constrained,linear,SKS03,4,5,52,20.453500000000002,0.4934999999999996,0.000000;0.141467;0.571711;0.865060;1.000000,0.000000;0.258807;0.493485;0.747720;1.000000,0.041952107888521245,0.032375520431485616,0.009576587457035629,0.009659343413268497,0.0,0.0007118050330805836,0.0
T3,Step 5,0.4,boundary_constrained,linear,SKS03,4,5,52,20.453500000000002,0.4934999999999996,0.000000;0.141467;0.571711;0.865060;1.000000,0.000000;0.258807;0.493485;0.747720;1.000000,0.04586267894938681,0.037480018571291976,0.008382660378094833,0.008436562242704948,0.0,0.0006986335283101369,0.0
T3,Step 6,0.4,boundary_constrained,linear,SKS03,4,5,52,20.453500000000002,0.4934999999999996,0.000000;0.141467;0.571711;0.865060;1.000000,0.000000;0.258807;0.493485;0.747720;1.000000,0.04491504388871112,0.03509784578144559,0.009817198107265529,0.00987945626259653,0.0,0.0007855023890267082,0.0
T3,Step 1,0.4,boundary_constrained,pchip,SKS03,4,5,52,20.453500000000002,0.4934999999999996,0.000000;0.141467;0.571711;0.865060;1.000000,0.000000;0.258807;0.493485;0.747720;1.000000,0.03427382906337674,0.03623531990040863,-0.0019614908370318915,-0.0019625436071561975,0.0,-0.00013830304961938168,0.0
T3,Step 2,0.4,boundary_constrained,pchip,SKS03,4,5,52,20.453500000000002,0.4934999999999996,0.000000;0.141467;0.571711;0.865060;1.000000,0.000000;0.258807;0.493485;0.747720;1.000000,0.02893977807370045,0.02694300193907271,0.0019967761346277417,0.0020277180863295143,0.0,0.00011158540146615777,0.0
T3,Step 3,0.4,boundary_constrained,pchip,SKS03,4,5,52,20.453500000000002,0.4934999999999996,0.000000;0.141467;0.571711;0.865060;1.000000,0.000000;0.258807;0.493485;0.747720;1.000000,0.03640017096427725,0.031077591713299144,0.005322579250978107,0.005366219193763955,0.0,0.00035915573953009276,0.0
T3,Step 4,0.4,boundary_constrained,pchip,SKS03,4,5,52,20.453500000000002,0.4934999999999996,0.000000;0.141467;0.571711;0.865060;1.000000,0.000000;0.258807;0.493485;0.747720;1.000000,0.04085007273882043,0.03455222968064691,0.006297843058173519,0.006347646154531386,0.0,0.0004748718668627425,0.0
T3,Step 5,0.4,boundary_constrained,pchip,SKS03,4,5,52,20.453500000000002,0.4934999999999996,0.000000;0.141467;0.571711;0.865060;1.000000,0.000000;0.258807;0.493485;0.747720;1.000000,0.044813460303129195,0.03998475531547059,0.004828704987658604,0.004848807590197866,0.0,0.00040946556670208285,0.0
T3,Step 6,0.4,boundary_constrained,pchip,SKS03,4,5,52,20.453500000000002,0.4934999999999996,0.000000;0.141467;0.571711;0.865060;1.000000,0.000000;0.258807;0.493485;0.747720;1.000000,0.043481971942329514,0.03762429190882106,0.005857680033508457,0.005887190000887513,0.0,0.0004750945423533531,0.0
