test,source,smoothed,eta,sampling_cap,phase,policy,additional_stations_b,metric,events,median_delta,min_delta,max_delta,events_lower,events_higher
SKS02,SKS03,0,0.25,120,after_decay,boundary_retained,2,peak_depth_error,5,0.21428571428571425,-0.0714285714285714,0.28571428571428564,1,4
SKS02,SKS03,0,0.25,120,after_decay,boundary_retained,2,peak_load_error,5,-0.022607984907267176,-0.09232939774189604,0.005067406303045113,4,1
SKS02,SKS03,0,0.25,120,after_decay,boundary_retained,2,profile_nrmse,5,-0.004043248990494505,-0.03325094927116243,0.0052805503669734605,3,2
SKS02,SKS03,0,0.25,120,after_decay,boundary_retained,3,peak_depth_error,5,0.0714285714285714,0.0,0.0714285714285714,0,4
SKS02,SKS03,0,0.25,120,after_decay,boundary_retained,3,peak_load_error,5,0.038248351754171295,-0.0009623570154890793,0.07560352796185447,1,4
SKS02,SKS03,0,0.25,120,after_decay,boundary_retained,3,profile_nrmse,5,-0.0005484309440283996,-0.011889143455017182,0.008554542814771443,3,2
SKS02,SKS03,0,0.25,120,after_decay,boundary_retained,4,peak_depth_error,5,-0.35714285714285715,-0.35714285714285715,-0.2142857142857143,5,0
SKS02,SKS03,0,0.25,120,after_decay,boundary_retained,4,peak_load_error,5,-0.3027032938507571,-0.33634968641913887,-0.2704609819555811,5,0
SKS02,SKS03,0,0.25,120,after_decay,boundary_retained,4,profile_nrmse,5,-0.059441990967182265,-0.08642492444993616,-0.03248935944622117,5,0
SKS02,SKS03,0,0.25,120,after_decay,original,2,peak_depth_error,5,0.21428571428571425,0.14285714285714285,0.28571428571428564,0,5
SKS02,SKS03,0,0.25,120,after_decay,original,2,peak_load_error,5,-0.0839412943898448,-0.1836394785217344,-0.037205446723476976,5,0
SKS02,SKS03,0,0.25,120,after_decay,original,2,profile_nrmse,5,0.012155471274909582,-0.04209362882391823,0.04479032081755892,2,3
SKS02,SKS03,0,0.25,120,after_decay,original,3,peak_depth_error,5,0.0714285714285714,0.0,0.0714285714285714,0,4
SKS02,SKS03,0,0.25,120,after_decay,original,3,peak_load_error,5,0.038248351754171295,-0.0009623570154890793,0.07560352796185447,1,4
SKS02,SKS03,0,0.25,120,after_decay,original,3,profile_nrmse,5,-0.0005484309440283996,-0.011889143455017182,0.008554542814771443,3,2
SKS02,SKS03,0,0.25,120,after_decay,original,4,peak_depth_error,5,-0.35714285714285715,-0.35714285714285715,-0.2142857142857143,5,0
SKS02,SKS03,0,0.25,120,after_decay,original,4,peak_load_error,5,-0.3027032938507571,-0.33634968641913887,-0.2704609819555811,5,0
SKS02,SKS03,0,0.25,120,after_decay,original,4,profile_nrmse,5,-0.059441990967182265,-0.08642492444993616,-0.03248935944622117,5,0
SKS02,SKS03,0,0.25,120,before_decay,boundary_retained,2,peak_depth_error,5,0.4285714285714285,0.21428571428571425,0.4999999999999999,0,5
SKS02,SKS03,0,0.25,120,before_decay,boundary_retained,2,peak_load_error,5,-0.0437587680119442,-0.09630999137883708,0.026829521403653106,4,1
SKS02,SKS03,0,0.25,120,before_decay,boundary_retained,2,profile_nrmse,5,-0.02031590906168884,-0.04015350332719657,-1.0493189285532001e-07,5,0
SKS02,SKS03,0,0.25,120,before_decay,boundary_retained,3,peak_depth_error,5,0.21428571428571422,0.0714285714285714,0.35714285714285704,0,5
SKS02,SKS03,0,0.25,120,before_decay,boundary_retained,3,peak_load_error,5,0.02373166348175046,-0.024625775889849738,0.08049081282371434,1,4
SKS02,SKS03,0,0.25,120,before_decay,boundary_retained,3,profile_nrmse,5,-0.010467458580399047,-0.020248604948706936,0.0010372576000135941,4,1
SKS02,SKS03,0,0.25,120,before_decay,boundary_retained,4,peak_depth_error,5,-0.35714285714285715,-0.35714285714285715,-0.2142857142857143,5,0
SKS02,SKS03,0,0.25,120,before_decay,boundary_retained,4,peak_load_error,5,-0.329164162430646,-0.35740326367359887,-0.27335506681356553,5,0
SKS02,SKS03,0,0.25,120,before_decay,boundary_retained,4,profile_nrmse,5,-0.061514581929036215,-0.09427545295000272,-0.024447482594038644,5,0
SKS02,SKS03,0,0.25,120,before_decay,original,2,peak_depth_error,5,0.21428571428571425,0.14285714285714285,0.21428571428571425,0,5
SKS02,SKS03,0,0.25,120,before_decay,original,2,peak_load_error,5,-0.07312500905321576,-0.19823683474726886,0.0038652723130018496,4,1
SKS02,SKS03,0,0.25,120,before_decay,original,2,profile_nrmse,5,0.008283466858714561,-0.04300806247916687,0.062353680536582204,2,3
SKS02,SKS03,0,0.25,120,before_decay,original,3,peak_depth_error,5,0.21428571428571422,0.0714285714285714,0.35714285714285704,0,5
SKS02,SKS03,0,0.25,120,before_decay,original,3,peak_load_error,5,0.02373166348175046,-0.024625775889849738,0.08049081282371434,1,4
SKS02,SKS03,0,0.25,120,before_decay,original,3,profile_nrmse,5,-0.010467458580399047,-0.020248604948706936,0.0010372576000135941,4,1
SKS02,SKS03,0,0.25,120,before_decay,original,4,peak_depth_error,5,-0.35714285714285715,-0.35714285714285715,-0.2142857142857143,5,0
SKS02,SKS03,0,0.25,120,before_decay,original,4,peak_load_error,5,-0.329164162430646,-0.35740326367359887,-0.27335506681356553,5,0
SKS02,SKS03,0,0.25,120,before_decay,original,4,profile_nrmse,5,-0.061514581929036215,-0.09427545295000272,-0.024447482594038644,5,0
SKS02,SKS03,0,0.25,120,shaking,boundary_retained,2,peak_depth_error,6,0.21428571428571425,0.21428571428571425,0.39999999999999747,0,6
SKS02,SKS03,0,0.25,120,shaking,boundary_retained,2,peak_load_error,6,-0.09418797114751709,-0.11806733044399342,-0.051463624920253845,6,0
SKS02,SKS03,0,0.25,120,shaking,boundary_retained,2,profile_nrmse,6,-0.005519857994211688,-0.04348078291625097,0.005971220919334497,5,1
SKS02,SKS03,0,0.25,120,shaking,boundary_retained,3,peak_depth_error,6,0.1071428571428571,0.0714285714285714,0.4285714285714285,0,6
SKS02,SKS03,0,0.25,120,shaking,boundary_retained,3,peak_load_error,6,0.021225926397733193,-0.0068723962672914835,0.06650388344247284,1,5
SKS02,SKS03,0,0.25,120,shaking,boundary_retained,3,profile_nrmse,6,-0.009650264226766625,-0.027046357733588516,-0.0011368766118742407,6,0
SKS02,SKS03,0,0.25,120,shaking,boundary_retained,4,peak_depth_error,6,-0.4642857142857143,-0.7142857142857142,-0.35714285714285715,6,0
SKS02,SKS03,0,0.25,120,shaking,boundary_retained,4,peak_load_error,6,-0.32086091741907297,-0.3719609588753725,-0.27856282077001454,6,0
SKS02,SKS03,0,0.25,120,shaking,boundary_retained,4,profile_nrmse,6,-0.058298302490580475,-0.09474938839349697,-0.04037327341016728,6,0
SKS02,SKS03,0,0.25,120,shaking,original,2,peak_depth_error,6,0.21428571428571425,-0.14285714285714285,0.39999999999999747,2,4
SKS02,SKS03,0,0.25,120,shaking,original,2,peak_load_error,6,-0.14094178830440723,-0.20388871127295025,-0.10762856923780496,6,0
SKS02,SKS03,0,0.25,120,shaking,original,2,profile_nrmse,6,0.023315303262362135,-0.04986322194706347,0.053863656790048495,2,4
SKS02,SKS03,0,0.25,120,shaking,original,3,peak_depth_error,6,0.1071428571428571,0.0714285714285714,0.4285714285714285,0,6
SKS02,SKS03,0,0.25,120,shaking,original,3,peak_load_error,6,0.021225926397733193,-0.0068723962672914835,0.06650388344247284,1,5
SKS02,SKS03,0,0.25,120,shaking,original,3,profile_nrmse,6,-0.009650264226766625,-0.027046357733588516,-0.0011368766118742407,6,0
SKS02,SKS03,0,0.25,120,shaking,original,4,peak_depth_error,6,-0.4642857142857143,-0.7142857142857142,-0.35714285714285715,6,0
SKS02,SKS03,0,0.25,120,shaking,original,4,peak_load_error,6,-0.32086091741907297,-0.3719609588753725,-0.27856282077001454,6,0
SKS02,SKS03,0,0.25,120,shaking,original,4,profile_nrmse,6,-0.058298302490580475,-0.09474938839349697,-0.04037327341016728,6,0
SKS02,SKS03,0,0.25,240,after_decay,boundary_retained,2,peak_depth_error,5,0.21428571428571425,-0.0714285714285714,0.28571428571428564,1,4
SKS02,SKS03,0,0.25,240,after_decay,boundary_retained,2,peak_load_error,5,-0.022505029565596524,-0.09234145139013866,0.0051053668245029105,4,1
SKS02,SKS03,0,0.25,240,after_decay,boundary_retained,2,profile_nrmse,5,-0.004028114367116198,-0.03313277052379959,0.0053069922439576145,3,2
SKS02,SKS03,0,0.25,240,after_decay,boundary_retained,3,peak_depth_error,5,0.0714285714285714,0.0,0.0714285714285714,0,4
SKS02,SKS03,0,0.25,240,after_decay,boundary_retained,3,peak_load_error,5,0.038326420220684804,-0.001003134274437878,0.07552883858752185,1,4
SKS02,SKS03,0,0.25,240,after_decay,boundary_retained,3,profile_nrmse,5,-0.0005532691135497134,-0.01188162365487215,0.00854161739761293,3,2
SKS02,SKS03,0,0.25,240,after_decay,boundary_retained,4,peak_depth_error,5,-0.35714285714285715,-0.35714285714285715,-0.2142857142857143,5,0
SKS02,SKS03,0,0.25,240,after_decay,boundary_retained,4,peak_load_error,5,-0.30273902797016117,-0.33637026603177533,-0.27050935989176306,5,0
SKS02,SKS03,0,0.25,240,after_decay,boundary_retained,4,profile_nrmse,5,-0.059435495588767595,-0.08640535421903942,-0.03242475011769316,5,0
SKS02,SKS03,0,0.25,240,after_decay,original,2,peak_depth_error,5,0.21428571428571425,0.14285714285714285,0.28571428571428564,0,5
SKS02,SKS03,0,0.25,240,after_decay,original,2,peak_load_error,5,-0.08394684546325679,-0.1835858878777967,-0.037159843120011915,5,0
SKS02,SKS03,0,0.25,240,after_decay,original,2,profile_nrmse,5,0.012171696364396467,-0.04208363096598158,0.04482853980945144,2,3
SKS02,SKS03,0,0.25,240,after_decay,original,3,peak_depth_error,5,0.0714285714285714,0.0,0.0714285714285714,0,4
SKS02,SKS03,0,0.25,240,after_decay,original,3,peak_load_error,5,0.038326420220684804,-0.001003134274437878,0.07552883858752185,1,4
SKS02,SKS03,0,0.25,240,after_decay,original,3,profile_nrmse,5,-0.0005532691135497134,-0.01188162365487215,0.00854161739761293,3,2
SKS02,SKS03,0,0.25,240,after_decay,original,4,peak_depth_error,5,-0.35714285714285715,-0.35714285714285715,-0.2142857142857143,5,0
SKS02,SKS03,0,0.25,240,after_decay,original,4,peak_load_error,5,-0.30273902797016117,-0.33637026603177533,-0.27050935989176306,5,0
SKS02,SKS03,0,0.25,240,after_decay,original,4,profile_nrmse,5,-0.059435495588767595,-0.08640535421903942,-0.03242475011769316,5,0
SKS02,SKS03,0,0.25,240,before_decay,boundary_retained,2,peak_depth_error,5,0.4285714285714285,0.21428571428571425,0.4999999999999999,0,5
SKS02,SKS03,0,0.25,240,before_decay,boundary_retained,2,peak_load_error,5,-0.04017686106922952,-0.09973983746030968,0.026556021825980963,4,1
SKS02,SKS03,0,0.25,240,before_decay,boundary_retained,2,profile_nrmse,5,-0.020200195008128946,-0.04127316710303461,-0.0013845269726059373,5,0
SKS02,SKS03,0,0.25,240,before_decay,boundary_retained,3,peak_depth_error,5,0.22857142857142973,0.0714285714285714,0.35714285714285704,0,5
SKS02,SKS03,0,0.25,240,before_decay,boundary_retained,3,peak_load_error,5,0.028698789073141967,-0.028111067420672986,0.0773409270479507,1,4
SKS02,SKS03,0,0.25,240,before_decay,boundary_retained,3,profile_nrmse,5,-0.010330734706707534,-0.02344660340354146,-7.49598008771557e-05,5,0
SKS02,SKS03,0,0.25,240,before_decay,boundary_retained,4,peak_depth_error,5,-0.35714285714285715,-0.3642857142857149,-0.2142857142857143,5,0
SKS02,SKS03,0,0.25,240,before_decay,boundary_retained,4,peak_load_error,5,-0.32958269722982925,-0.34997055275991074,-0.27599068514232405,5,0
SKS02,SKS03,0,0.25,240,before_decay,boundary_retained,4,profile_nrmse,5,-0.06131387240435679,-0.09520096872087437,-0.02408405398465769,5,0
SKS02,SKS03,0,0.25,240,before_decay,original,2,peak_depth_error,5,0.17142857142857384,0.14285714285714285,0.21428571428571425,0,5
SKS02,SKS03,0,0.25,240,before_decay,original,2,peak_load_error,5,-0.07304356196196446,-0.19850172405499703,0.004276249274588612,4,1
SKS02,SKS03,0,0.25,240,before_decay,original,2,profile_nrmse,5,0.007883597549497343,-0.04350390352220633,0.06223989142708107,2,3
SKS02,SKS03,0,0.25,240,before_decay,original,3,peak_depth_error,5,0.22857142857142973,0.0714285714285714,0.35714285714285704,0,5
SKS02,SKS03,0,0.25,240,before_decay,original,3,peak_load_error,5,0.028698789073141967,-0.028111067420672986,0.0773409270479507,1,4
SKS02,SKS03,0,0.25,240,before_decay,original,3,profile_nrmse,5,-0.010330734706707534,-0.02344660340354146,-7.49598008771557e-05,5,0
SKS02,SKS03,0,0.25,240,before_decay,original,4,peak_depth_error,5,-0.35714285714285715,-0.3642857142857149,-0.2142857142857143,5,0
SKS02,SKS03,0,0.25,240,before_decay,original,4,peak_load_error,5,-0.32958269722982925,-0.34997055275991074,-0.27599068514232405,5,0
SKS02,SKS03,0,0.25,240,before_decay,original,4,profile_nrmse,5,-0.06131387240435679,-0.09520096872087437,-0.02408405398465769,5,0
SKS02,SKS03,0,0.25,240,shaking,boundary_retained,2,peak_depth_error,6,0.21428571428571425,0.1428571428571428,0.21428571428571425,0,6
SKS02,SKS03,0,0.25,240,shaking,boundary_retained,2,peak_load_error,6,-0.09067518573674008,-0.11447198293287741,-0.0499191947305119,6,0
SKS02,SKS03,0,0.25,240,shaking,boundary_retained,2,profile_nrmse,6,-0.004840658114165272,-0.043763804030799824,0.0035308075169441094,5,1
SKS02,SKS03,0,0.25,240,shaking,boundary_retained,3,peak_depth_error,6,0.1071428571428571,0.0714285714285714,0.4285714285714285,0,6
SKS02,SKS03,0,0.25,240,shaking,boundary_retained,3,peak_load_error,6,0.021391970789460084,-0.011097400137518296,0.07112007611312442,2,4
SKS02,SKS03,0,0.25,240,shaking,boundary_retained,3,profile_nrmse,6,-0.00798602123628886,-0.027046025757697684,-0.0009555394656411004,6,0
SKS02,SKS03,0,0.25,240,shaking,boundary_retained,4,peak_depth_error,6,-0.4642857142857143,-0.7142857142857142,-0.35714285714285715,6,0
SKS02,SKS03,0,0.25,240,shaking,boundary_retained,4,peak_load_error,6,-0.3200935280286278,-0.37287242917875996,-0.27644420065307834,6,0
SKS02,SKS03,0,0.25,240,shaking,boundary_retained,4,profile_nrmse,6,-0.058654858233510146,-0.09412688903211552,-0.03948433501295142,6,0
SKS02,SKS03,0,0.25,240,shaking,original,2,peak_depth_error,6,0.17857142857142852,-0.14285714285714285,0.21428571428571425,2,4
SKS02,SKS03,0,0.25,240,shaking,original,2,peak_load_error,6,-0.1436490637471246,-0.2006729322709995,-0.11106483478966912,6,0
SKS02,SKS03,0,0.25,240,shaking,original,2,profile_nrmse,6,0.022968972391570648,-0.05011606145304989,0.05171113377380038,2,4
SKS02,SKS03,0,0.25,240,shaking,original,3,peak_depth_error,6,0.1071428571428571,0.0714285714285714,0.4285714285714285,0,6
SKS02,SKS03,0,0.25,240,shaking,original,3,peak_load_error,6,0.021391970789460084,-0.011097400137518296,0.07112007611312442,2,4
SKS02,SKS03,0,0.25,240,shaking,original,3,profile_nrmse,6,-0.00798602123628886,-0.027046025757697684,-0.0009555394656411004,6,0
SKS02,SKS03,0,0.25,240,shaking,original,4,peak_depth_error,6,-0.4642857142857143,-0.7142857142857142,-0.35714285714285715,6,0
SKS02,SKS03,0,0.25,240,shaking,original,4,peak_load_error,6,-0.3200935280286278,-0.37287242917875996,-0.27644420065307834,6,0
SKS02,SKS03,0,0.25,240,shaking,original,4,profile_nrmse,6,-0.058654858233510146,-0.09412688903211552,-0.03948433501295142,6,0
SKS02,SKS03,0,0.5,120,after_decay,boundary_retained,2,peak_depth_error,5,0.21428571428571425,-0.0714285714285714,0.28571428571428564,1,4
SKS02,SKS03,0,0.5,120,after_decay,boundary_retained,2,peak_load_error,5,-0.023315779390770425,-0.09178936244259454,0.005249522141114571,4,1
SKS02,SKS03,0,0.5,120,after_decay,boundary_retained,2,profile_nrmse,5,-0.004014799364164781,-0.03334069140022651,0.005032772174510827,3,2
SKS02,SKS03,0,0.5,120,after_decay,boundary_retained,3,peak_depth_error,5,0.0714285714285714,0.0,0.0714285714285714,0,4
SKS02,SKS03,0,0.5,120,after_decay,boundary_retained,3,peak_load_error,5,0.03775794512119762,-0.0013088258984070011,0.07613062953277495,1,4
SKS02,SKS03,0,0.5,120,after_decay,boundary_retained,3,profile_nrmse,5,-0.0005632266354322207,-0.011945032171793046,0.008072489431555849,3,2
SKS02,SKS03,0,0.5,120,after_decay,boundary_retained,4,peak_depth_error,5,-0.35714285714285715,-0.35714285714285715,-0.2142857142857143,5,0
SKS02,SKS03,0,0.5,120,after_decay,boundary_retained,4,peak_load_error,5,-0.3039334810874649,-0.3363579508015063,-0.270536357726323,5,0
SKS02,SKS03,0,0.5,120,after_decay,boundary_retained,4,profile_nrmse,5,-0.05942718856803,-0.08659667682660623,-0.0324064787941286,5,0
SKS02,SKS03,0,0.5,120,after_decay,original,2,peak_depth_error,5,0.21428571428571425,0.14285714285714285,0.28571428571428564,0,5
SKS02,SKS03,0,0.5,120,after_decay,original,2,peak_load_error,5,-0.08440763562744283,-0.18350041288898156,-0.03723333155847949,5,0
SKS02,SKS03,0,0.5,120,after_decay,original,2,profile_nrmse,5,0.012183314714288775,-0.04214642071675462,0.04483189230664666,2,3
SKS02,SKS03,0,0.5,120,after_decay,original,3,peak_depth_error,5,0.0714285714285714,0.0,0.0714285714285714,0,4
SKS02,SKS03,0,0.5,120,after_decay,original,3,peak_load_error,5,0.03775794512119762,-0.0013088258984070011,0.07613062953277495,1,4
SKS02,SKS03,0,0.5,120,after_decay,original,3,profile_nrmse,5,-0.0005632266354322207,-0.011945032171793046,0.008072489431555849,3,2
SKS02,SKS03,0,0.5,120,after_decay,original,4,peak_depth_error,5,-0.35714285714285715,-0.35714285714285715,-0.2142857142857143,5,0
SKS02,SKS03,0,0.5,120,after_decay,original,4,peak_load_error,5,-0.3039334810874649,-0.3363579508015063,-0.270536357726323,5,0
SKS02,SKS03,0,0.5,120,after_decay,original,4,profile_nrmse,5,-0.05942718856803,-0.08659667682660623,-0.0324064787941286,5,0
SKS02,SKS03,0,0.5,120,before_decay,boundary_retained,2,peak_depth_error,5,0.4285714285714285,0.4285714285714285,0.4999999999999999,0,5
SKS02,SKS03,0,0.5,120,before_decay,boundary_retained,2,peak_load_error,5,-0.07565061480180665,-0.10436453785747024,0.0024992695617059024,4,1
SKS02,SKS03,0,0.5,120,before_decay,boundary_retained,2,profile_nrmse,5,-0.01912920589971398,-0.04134715629998345,-0.001348329775035212,5,0
SKS02,SKS03,0,0.5,120,before_decay,boundary_retained,3,peak_depth_error,5,0.35714285714285704,0.22857142857142973,0.35714285714285704,0,5
SKS02,SKS03,0,0.5,120,before_decay,boundary_retained,3,peak_load_error,5,0.028426790371145788,-0.029028356859632384,0.07649081358745205,1,4
SKS02,SKS03,0,0.5,120,before_decay,boundary_retained,3,profile_nrmse,5,-0.010272395629647935,-0.026365250476556176,-0.00012645164327632075,5,0
SKS02,SKS03,0,0.5,120,before_decay,boundary_retained,4,peak_depth_error,5,-0.35714285714285715,-0.42857142857142855,-0.2142857142857143,5,0
SKS02,SKS03,0,0.5,120,before_decay,boundary_retained,4,peak_load_error,5,-0.33875411061833627,-0.3454212165136374,-0.27357135858523973,5,0
SKS02,SKS03,0,0.5,120,before_decay,boundary_retained,4,profile_nrmse,5,-0.061421815182504926,-0.095376704347589,-0.02264110916894483,5,0
SKS02,SKS03,0,0.5,120,before_decay,original,2,peak_depth_error,5,0.21428571428571425,0.14285714285714285,0.4285714285714285,0,5
SKS02,SKS03,0,0.5,120,before_decay,original,2,peak_load_error,5,-0.09207349516028134,-0.20338089780130328,-0.02247526966910962,5,0
SKS02,SKS03,0,0.5,120,before_decay,original,2,profile_nrmse,5,0.007931878270822243,-0.043816202422285774,0.05544477034961941,2,3
SKS02,SKS03,0,0.5,120,before_decay,original,3,peak_depth_error,5,0.35714285714285704,0.22857142857142973,0.35714285714285704,0,5
SKS02,SKS03,0,0.5,120,before_decay,original,3,peak_load_error,5,0.028426790371145788,-0.029028356859632384,0.07649081358745205,1,4
SKS02,SKS03,0,0.5,120,before_decay,original,3,profile_nrmse,5,-0.010272395629647935,-0.026365250476556176,-0.00012645164327632075,5,0
SKS02,SKS03,0,0.5,120,before_decay,original,4,peak_depth_error,5,-0.35714285714285715,-0.42857142857142855,-0.2142857142857143,5,0
SKS02,SKS03,0,0.5,120,before_decay,original,4,peak_load_error,5,-0.33875411061833627,-0.3454212165136374,-0.27357135858523973,5,0
SKS02,SKS03,0,0.5,120,before_decay,original,4,profile_nrmse,5,-0.061421815182504926,-0.095376704347589,-0.02264110916894483,5,0
SKS02,SKS03,0,0.5,120,shaking,boundary_retained,2,peak_depth_error,6,0.21428571428571425,0.21428571428571425,0.39999999999999747,0,6
SKS02,SKS03,0,0.5,120,shaking,boundary_retained,2,peak_load_error,6,-0.09418797114751709,-0.11806733044399342,-0.051463624920253845,6,0
SKS02,SKS03,0,0.5,120,shaking,boundary_retained,2,profile_nrmse,6,-0.005519857994211688,-0.04348078291625097,0.005971220919334497,5,1
SKS02,SKS03,0,0.5,120,shaking,boundary_retained,3,peak_depth_error,6,0.1071428571428571,0.0714285714285714,0.4285714285714285,0,6
SKS02,SKS03,0,0.5,120,shaking,boundary_retained,3,peak_load_error,6,0.021225926397733193,-0.0068723962672914835,0.06650388344247284,1,5
SKS02,SKS03,0,0.5,120,shaking,boundary_retained,3,profile_nrmse,6,-0.009650264226766625,-0.027046357733588516,-0.0011368766118742407,6,0
SKS02,SKS03,0,0.5,120,shaking,boundary_retained,4,peak_depth_error,6,-0.4642857142857143,-0.7142857142857142,-0.35714285714285715,6,0
SKS02,SKS03,0,0.5,120,shaking,boundary_retained,4,peak_load_error,6,-0.32086091741907297,-0.3719609588753725,-0.27856282077001454,6,0
SKS02,SKS03,0,0.5,120,shaking,boundary_retained,4,profile_nrmse,6,-0.058298302490580475,-0.09474938839349697,-0.04037327341016728,6,0
SKS02,SKS03,0,0.5,120,shaking,original,2,peak_depth_error,6,0.21428571428571425,-0.14285714285714285,0.39999999999999747,2,4
SKS02,SKS03,0,0.5,120,shaking,original,2,peak_load_error,6,-0.14094178830440723,-0.20388871127295025,-0.10762856923780496,6,0
SKS02,SKS03,0,0.5,120,shaking,original,2,profile_nrmse,6,0.023315303262362135,-0.04986322194706347,0.053863656790048495,2,4
SKS02,SKS03,0,0.5,120,shaking,original,3,peak_depth_error,6,0.1071428571428571,0.0714285714285714,0.4285714285714285,0,6
SKS02,SKS03,0,0.5,120,shaking,original,3,peak_load_error,6,0.021225926397733193,-0.0068723962672914835,0.06650388344247284,1,5
SKS02,SKS03,0,0.5,120,shaking,original,3,profile_nrmse,6,-0.009650264226766625,-0.027046357733588516,-0.0011368766118742407,6,0
SKS02,SKS03,0,0.5,120,shaking,original,4,peak_depth_error,6,-0.4642857142857143,-0.7142857142857142,-0.35714285714285715,6,0
SKS02,SKS03,0,0.5,120,shaking,original,4,peak_load_error,6,-0.32086091741907297,-0.3719609588753725,-0.27856282077001454,6,0
SKS02,SKS03,0,0.5,120,shaking,original,4,profile_nrmse,6,-0.058298302490580475,-0.09474938839349697,-0.04037327341016728,6,0
SKS02,SKS03,0,0.5,240,after_decay,boundary_retained,2,peak_depth_error,5,0.21428571428571425,-0.0714285714285714,0.28571428571428564,1,4
SKS02,SKS03,0,0.5,240,after_decay,boundary_retained,2,peak_load_error,5,-0.0231791448335322,-0.09181968012350937,0.0053710125695621,4,1
SKS02,SKS03,0,0.5,240,after_decay,boundary_retained,2,profile_nrmse,5,-0.004040919160662598,-0.033395626301218756,0.0050274545832865725,3,2
SKS02,SKS03,0,0.5,240,after_decay,boundary_retained,3,peak_depth_error,5,0.0714285714285714,0.0,0.0714285714285714,0,4
SKS02,SKS03,0,0.5,240,after_decay,boundary_retained,3,peak_load_error,5,0.03772271000177177,-0.0011491606578407643,0.07607556743596121,1,4
SKS02,SKS03,0,0.5,240,after_decay,boundary_retained,3,profile_nrmse,5,-0.0005499835777737841,-0.011911264197244142,0.008072713224277453,3,2
SKS02,SKS03,0,0.5,240,after_decay,boundary_retained,4,peak_depth_error,5,-0.35714285714285715,-0.35714285714285715,-0.2142857142857143,5,0
SKS02,SKS03,0,0.5,240,after_decay,boundary_retained,4,peak_load_error,5,-0.30389405063643793,-0.33636602875641086,-0.2705980233088948,5,0
SKS02,SKS03,0,0.5,240,after_decay,boundary_retained,4,profile_nrmse,5,-0.05943315704597188,-0.08656447380185675,-0.03227942870550674,5,0
SKS02,SKS03,0,0.5,240,after_decay,original,2,peak_depth_error,5,0.21428571428571425,0.14285714285714285,0.28571428571428564,0,5
SKS02,SKS03,0,0.5,240,after_decay,original,2,peak_load_error,5,-0.08439288966442818,-0.18357405275894934,-0.036934473908775245,5,0
SKS02,SKS03,0,0.5,240,after_decay,original,2,profile_nrmse,5,0.012160127303143684,-0.0422607268990592,0.044794138736414066,2,3
SKS02,SKS03,0,0.5,240,after_decay,original,3,peak_depth_error,5,0.0714285714285714,0.0,0.0714285714285714,0,4
SKS02,SKS03,0,0.5,240,after_decay,original,3,peak_load_error,5,0.03772271000177177,-0.0011491606578407643,0.07607556743596121,1,4
SKS02,SKS03,0,0.5,240,after_decay,original,3,profile_nrmse,5,-0.0005499835777737841,-0.011911264197244142,0.008072713224277453,3,2
SKS02,SKS03,0,0.5,240,after_decay,original,4,peak_depth_error,5,-0.35714285714285715,-0.35714285714285715,-0.2142857142857143,5,0
SKS02,SKS03,0,0.5,240,after_decay,original,4,peak_load_error,5,-0.30389405063643793,-0.33636602875641086,-0.2705980233088948,5,0
SKS02,SKS03,0,0.5,240,after_decay,original,4,profile_nrmse,5,-0.05943315704597188,-0.08656447380185675,-0.03227942870550674,5,0
SKS02,SKS03,0,0.5,240,before_decay,boundary_retained,2,peak_depth_error,5,0.4285714285714285,0.4285714285714285,0.4999999999999999,0,5
SKS02,SKS03,0,0.5,240,before_decay,boundary_retained,2,peak_load_error,5,-0.07752835789377216,-0.1060419202786568,0.0027786485974017616,4,1
SKS02,SKS03,0,0.5,240,before_decay,boundary_retained,2,profile_nrmse,5,-0.01936806632036389,-0.04241496370073891,-0.0013286981359705158,5,0
SKS02,SKS03,0,0.5,240,before_decay,boundary_retained,3,peak_depth_error,5,0.35714285714285704,0.1428571428571428,0.35714285714285704,0,5
SKS02,SKS03,0,0.5,240,before_decay,boundary_retained,3,peak_load_error,5,0.027167519945881097,-0.029581160193606862,0.0747751238552251,1,4
SKS02,SKS03,0,0.5,240,before_decay,boundary_retained,3,profile_nrmse,5,-0.010410123553544759,-0.025156639269734035,-0.0007399484303755172,5,0
SKS02,SKS03,0,0.5,240,before_decay,boundary_retained,4,peak_depth_error,5,-0.35714285714285715,-0.42857142857142855,-0.2142857142857143,5,0
SKS02,SKS03,0,0.5,240,before_decay,boundary_retained,4,peak_load_error,5,-0.3315973797898562,-0.3460529848877445,-0.27403730338666227,5,0
SKS02,SKS03,0,0.5,240,before_decay,boundary_retained,4,profile_nrmse,5,-0.06162414246980244,-0.0957743640309007,-0.022501486185873353,5,0
SKS02,SKS03,0,0.5,240,before_decay,original,2,peak_depth_error,5,0.21428571428571425,0.14285714285714285,0.4285714285714285,0,5
SKS02,SKS03,0,0.5,240,before_decay,original,2,peak_load_error,5,-0.10136320393198751,-0.20353378252031956,-0.0237676592761685,5,0
SKS02,SKS03,0,0.5,240,before_decay,original,2,profile_nrmse,5,0.00814191633265278,-0.04490369147469238,0.05755723621451282,2,3
SKS02,SKS03,0,0.5,240,before_decay,original,3,peak_depth_error,5,0.35714285714285704,0.1428571428571428,0.35714285714285704,0,5
SKS02,SKS03,0,0.5,240,before_decay,original,3,peak_load_error,5,0.027167519945881097,-0.029581160193606862,0.0747751238552251,1,4
SKS02,SKS03,0,0.5,240,before_decay,original,3,profile_nrmse,5,-0.010410123553544759,-0.025156639269734035,-0.0007399484303755172,5,0
SKS02,SKS03,0,0.5,240,before_decay,original,4,peak_depth_error,5,-0.35714285714285715,-0.42857142857142855,-0.2142857142857143,5,0
SKS02,SKS03,0,0.5,240,before_decay,original,4,peak_load_error,5,-0.3315973797898562,-0.3460529848877445,-0.27403730338666227,5,0
SKS02,SKS03,0,0.5,240,before_decay,original,4,profile_nrmse,5,-0.06162414246980244,-0.0957743640309007,-0.022501486185873353,5,0
SKS02,SKS03,0,0.5,240,shaking,boundary_retained,2,peak_depth_error,6,0.21428571428571425,0.1428571428571428,0.21428571428571425,0,6
SKS02,SKS03,0,0.5,240,shaking,boundary_retained,2,peak_load_error,6,-0.09067518573674008,-0.11447198293287741,-0.0499191947305119,6,0
SKS02,SKS03,0,0.5,240,shaking,boundary_retained,2,profile_nrmse,6,-0.004840658114165272,-0.043763804030799824,0.0035308075169441094,5,1
SKS02,SKS03,0,0.5,240,shaking,boundary_retained,3,peak_depth_error,6,0.1071428571428571,0.0714285714285714,0.4285714285714285,0,6
SKS02,SKS03,0,0.5,240,shaking,boundary_retained,3,peak_load_error,6,0.021391970789460084,-0.011097400137518296,0.07112007611312442,2,4
SKS02,SKS03,0,0.5,240,shaking,boundary_retained,3,profile_nrmse,6,-0.00798602123628886,-0.027046025757697684,-0.0009555394656411004,6,0
SKS02,SKS03,0,0.5,240,shaking,boundary_retained,4,peak_depth_error,6,-0.4642857142857143,-0.7142857142857142,-0.35714285714285715,6,0
SKS02,SKS03,0,0.5,240,shaking,boundary_retained,4,peak_load_error,6,-0.3200935280286278,-0.37287242917875996,-0.27644420065307834,6,0
SKS02,SKS03,0,0.5,240,shaking,boundary_retained,4,profile_nrmse,6,-0.058654858233510146,-0.09412688903211552,-0.03948433501295142,6,0
SKS02,SKS03,0,0.5,240,shaking,original,2,peak_depth_error,6,0.17857142857142852,-0.14285714285714285,0.21428571428571425,2,4
SKS02,SKS03,0,0.5,240,shaking,original,2,peak_load_error,6,-0.1436490637471246,-0.2006729322709995,-0.11106483478966912,6,0
SKS02,SKS03,0,0.5,240,shaking,original,2,profile_nrmse,6,0.022968972391570648,-0.05011606145304989,0.05171113377380038,2,4
SKS02,SKS03,0,0.5,240,shaking,original,3,peak_depth_error,6,0.1071428571428571,0.0714285714285714,0.4285714285714285,0,6
SKS02,SKS03,0,0.5,240,shaking,original,3,peak_load_error,6,0.021391970789460084,-0.011097400137518296,0.07112007611312442,2,4
SKS02,SKS03,0,0.5,240,shaking,original,3,profile_nrmse,6,-0.00798602123628886,-0.027046025757697684,-0.0009555394656411004,6,0
SKS02,SKS03,0,0.5,240,shaking,original,4,peak_depth_error,6,-0.4642857142857143,-0.7142857142857142,-0.35714285714285715,6,0
SKS02,SKS03,0,0.5,240,shaking,original,4,peak_load_error,6,-0.3200935280286278,-0.37287242917875996,-0.27644420065307834,6,0
SKS02,SKS03,0,0.5,240,shaking,original,4,profile_nrmse,6,-0.058654858233510146,-0.09412688903211552,-0.03948433501295142,6,0
SKS02,SKS03,0,0.75,120,after_decay,boundary_retained,2,peak_depth_error,5,0.21428571428571425,-0.0714285714285714,0.28571428571428564,1,4
SKS02,SKS03,0,0.75,120,after_decay,boundary_retained,2,peak_load_error,5,-0.023232528090186028,-0.09144297368683847,0.005331452388926794,4,1
SKS02,SKS03,0,0.75,120,after_decay,boundary_retained,2,profile_nrmse,5,-0.004052750446329051,-0.0334305014458664,0.005031603425577194,3,2
SKS02,SKS03,0,0.75,120,after_decay,boundary_retained,3,peak_depth_error,5,0.0714285714285714,0.0,0.0714285714285714,0,4
SKS02,SKS03,0,0.75,120,after_decay,boundary_retained,3,peak_load_error,5,0.037641878078720575,-0.0011289647973669326,0.07635602496543194,1,4
SKS02,SKS03,0,0.75,120,after_decay,boundary_retained,3,profile_nrmse,5,-0.0005314611870151711,-0.011950232356623583,0.007888509710862149,3,2
SKS02,SKS03,0,0.75,120,after_decay,boundary_retained,4,peak_depth_error,5,-0.35714285714285715,-0.35714285714285715,-0.2142857142857143,5,0
SKS02,SKS03,0,0.75,120,after_decay,boundary_retained,4,peak_load_error,5,-0.3042160046593207,-0.33638638710498503,-0.270700666594312,5,0
SKS02,SKS03,0,0.75,120,after_decay,boundary_retained,4,profile_nrmse,5,-0.05943438894802949,-0.08681194717968374,-0.03237551222911109,5,0
SKS02,SKS03,0,0.75,120,after_decay,original,2,peak_depth_error,5,0.21428571428571425,0.14285714285714285,0.28571428571428564,0,5
SKS02,SKS03,0,0.75,120,after_decay,original,2,peak_load_error,5,-0.08440304859937758,-0.18344064427600187,-0.03650307708907452,5,0
SKS02,SKS03,0,0.75,120,after_decay,original,2,profile_nrmse,5,0.012141173338459203,-0.042340679995012453,0.04482024402074405,2,3
SKS02,SKS03,0,0.75,120,after_decay,original,3,peak_depth_error,5,0.0714285714285714,0.0,0.0714285714285714,0,4
SKS02,SKS03,0,0.75,120,after_decay,original,3,peak_load_error,5,0.037641878078720575,-0.0011289647973669326,0.07635602496543194,1,4
SKS02,SKS03,0,0.75,120,after_decay,original,3,profile_nrmse,5,-0.0005314611870151711,-0.011950232356623583,0.007888509710862149,3,2
SKS02,SKS03,0,0.75,120,after_decay,original,4,peak_depth_error,5,-0.35714285714285715,-0.35714285714285715,-0.2142857142857143,5,0
SKS02,SKS03,0,0.75,120,after_decay,original,4,peak_load_error,5,-0.3042160046593207,-0.33638638710498503,-0.270700666594312,5,0
SKS02,SKS03,0,0.75,120,after_decay,original,4,profile_nrmse,5,-0.05943438894802949,-0.08681194717968374,-0.03237551222911109,5,0
SKS02,SKS03,0,0.75,120,before_decay,boundary_retained,2,peak_depth_error,5,0.4285714285714285,0.4285714285714285,0.4999999999999999,0,5
SKS02,SKS03,0,0.75,120,before_decay,boundary_retained,2,peak_load_error,5,-0.10260732785648427,-0.16702303525185472,-0.014123886123805038,5,0
SKS02,SKS03,0,0.75,120,before_decay,boundary_retained,2,profile_nrmse,5,-0.018831801713213775,-0.042363031969281637,-0.0017533667848273482,5,0
SKS02,SKS03,0,0.75,120,before_decay,boundary_retained,3,peak_depth_error,5,0.1428571428571428,0.1428571428571428,0.35714285714285704,0,5
SKS02,SKS03,0,0.75,120,before_decay,boundary_retained,3,peak_load_error,5,0.005013438423323288,-0.033010252437107535,0.07280204560227263,2,3
SKS02,SKS03,0,0.75,120,before_decay,boundary_retained,3,profile_nrmse,5,-0.010051260558340505,-0.029832509276677327,-0.0005661576524662593,5,0
SKS02,SKS03,0,0.75,120,before_decay,boundary_retained,4,peak_depth_error,5,-0.35714285714285715,-0.5714285714285714,-0.3000000000000012,5,0
SKS02,SKS03,0,0.75,120,before_decay,boundary_retained,4,peak_load_error,5,-0.3037306987551232,-0.32301894613518894,-0.27159163699100225,5,0
SKS02,SKS03,0,0.75,120,before_decay,boundary_retained,4,profile_nrmse,5,-0.06103500247094619,-0.09577071715747175,-0.026281686413681712,5,0
SKS02,SKS03,0,0.75,120,before_decay,original,2,peak_depth_error,5,0.4285714285714285,0.14285714285714285,0.4285714285714285,0,5
SKS02,SKS03,0,0.75,120,before_decay,original,2,peak_load_error,5,-0.16702303525185472,-0.20764683442297655,-0.047266569472217454,5,0
SKS02,SKS03,0,0.75,120,before_decay,original,2,profile_nrmse,5,0.007903912449616246,-0.04436809675429963,0.056639580338731815,2,3
SKS02,SKS03,0,0.75,120,before_decay,original,3,peak_depth_error,5,0.1428571428571428,0.1428571428571428,0.35714285714285704,0,5
SKS02,SKS03,0,0.75,120,before_decay,original,3,peak_load_error,5,0.005013438423323288,-0.033010252437107535,0.07280204560227263,2,3
SKS02,SKS03,0,0.75,120,before_decay,original,3,profile_nrmse,5,-0.010051260558340505,-0.029832509276677327,-0.0005661576524662593,5,0
SKS02,SKS03,0,0.75,120,before_decay,original,4,peak_depth_error,5,-0.35714285714285715,-0.5714285714285714,-0.3000000000000012,5,0
SKS02,SKS03,0,0.75,120,before_decay,original,4,peak_load_error,5,-0.3037306987551232,-0.32301894613518894,-0.27159163699100225,5,0
SKS02,SKS03,0,0.75,120,before_decay,original,4,profile_nrmse,5,-0.06103500247094619,-0.09577071715747175,-0.026281686413681712,5,0
SKS02,SKS03,0,0.75,120,shaking,boundary_retained,2,peak_depth_error,6,0.21428571428571425,0.21428571428571425,0.39999999999999747,0,6
SKS02,SKS03,0,0.75,120,shaking,boundary_retained,2,peak_load_error,6,-0.09418797114751709,-0.11806733044399342,-0.051463624920253845,6,0
SKS02,SKS03,0,0.75,120,shaking,boundary_retained,2,profile_nrmse,6,-0.005519857994211688,-0.04348078291625097,0.005971220919334497,5,1
SKS02,SKS03,0,0.75,120,shaking,boundary_retained,3,peak_depth_error,6,0.1071428571428571,0.0714285714285714,0.4285714285714285,0,6
SKS02,SKS03,0,0.75,120,shaking,boundary_retained,3,peak_load_error,6,0.021225926397733193,-0.0068723962672914835,0.06650388344247284,1,5
SKS02,SKS03,0,0.75,120,shaking,boundary_retained,3,profile_nrmse,6,-0.009650264226766625,-0.027046357733588516,-0.0011368766118742407,6,0
SKS02,SKS03,0,0.75,120,shaking,boundary_retained,4,peak_depth_error,6,-0.4642857142857143,-0.7142857142857142,-0.35714285714285715,6,0
SKS02,SKS03,0,0.75,120,shaking,boundary_retained,4,peak_load_error,6,-0.32086091741907297,-0.3719609588753725,-0.27856282077001454,6,0
SKS02,SKS03,0,0.75,120,shaking,boundary_retained,4,profile_nrmse,6,-0.058298302490580475,-0.09474938839349697,-0.04037327341016728,6,0
SKS02,SKS03,0,0.75,120,shaking,original,2,peak_depth_error,6,0.21428571428571425,-0.14285714285714285,0.39999999999999747,2,4
SKS02,SKS03,0,0.75,120,shaking,original,2,peak_load_error,6,-0.14094178830440723,-0.20388871127295025,-0.10762856923780496,6,0
SKS02,SKS03,0,0.75,120,shaking,original,2,profile_nrmse,6,0.023315303262362135,-0.04986322194706347,0.053863656790048495,2,4
SKS02,SKS03,0,0.75,120,shaking,original,3,peak_depth_error,6,0.1071428571428571,0.0714285714285714,0.4285714285714285,0,6
SKS02,SKS03,0,0.75,120,shaking,original,3,peak_load_error,6,0.021225926397733193,-0.0068723962672914835,0.06650388344247284,1,5
SKS02,SKS03,0,0.75,120,shaking,original,3,profile_nrmse,6,-0.009650264226766625,-0.027046357733588516,-0.0011368766118742407,6,0
SKS02,SKS03,0,0.75,120,shaking,original,4,peak_depth_error,6,-0.4642857142857143,-0.7142857142857142,-0.35714285714285715,6,0
SKS02,SKS03,0,0.75,120,shaking,original,4,peak_load_error,6,-0.32086091741907297,-0.3719609588753725,-0.27856282077001454,6,0
SKS02,SKS03,0,0.75,120,shaking,original,4,profile_nrmse,6,-0.058298302490580475,-0.09474938839349697,-0.04037327341016728,6,0
SKS02,SKS03,0,0.75,240,after_decay,boundary_retained,2,peak_depth_error,5,0.21428571428571425,-0.0714285714285714,0.28571428571428564,1,4
SKS02,SKS03,0,0.75,240,after_decay,boundary_retained,2,peak_load_error,5,-0.02293577459060142,-0.09154031248331623,0.005376701750817892,4,1
SKS02,SKS03,0,0.75,240,after_decay,boundary_retained,2,profile_nrmse,5,-0.00403651265703539,-0.033374718614909205,0.0050088483930639804,3,2
SKS02,SKS03,0,0.75,240,after_decay,boundary_retained,3,peak_depth_error,5,0.0714285714285714,0.0,0.0714285714285714,0,4
SKS02,SKS03,0,0.75,240,after_decay,boundary_retained,3,peak_load_error,5,0.03776578965303784,-0.0012148747660823966,0.07626580240686343,1,4
SKS02,SKS03,0,0.75,240,after_decay,boundary_retained,3,profile_nrmse,5,-0.0005514753245881784,-0.011903994419036307,0.007916494172268196,3,2
SKS02,SKS03,0,0.75,240,after_decay,boundary_retained,4,peak_depth_error,5,-0.35714285714285715,-0.35714285714285715,-0.2142857142857143,5,0
SKS02,SKS03,0,0.75,240,after_decay,boundary_retained,4,peak_load_error,5,-0.3042390812205629,-0.336385370053487,-0.27070641411963464,5,0
SKS02,SKS03,0,0.75,240,after_decay,boundary_retained,4,profile_nrmse,5,-0.05942905949298713,-0.08679457771799556,-0.032211335158856526,5,0
SKS02,SKS03,0,0.75,240,after_decay,original,2,peak_depth_error,5,0.21428571428571425,0.14285714285714285,0.28571428571428564,0,5
SKS02,SKS03,0,0.75,240,after_decay,original,2,peak_load_error,5,-0.08440039669106053,-0.1835448586609626,-0.03656616357919265,5,0
SKS02,SKS03,0,0.75,240,after_decay,original,2,profile_nrmse,5,0.01216061562768514,-0.04225666611690948,0.04494387902609731,2,3
SKS02,SKS03,0,0.75,240,after_decay,original,3,peak_depth_error,5,0.0714285714285714,0.0,0.0714285714285714,0,4
SKS02,SKS03,0,0.75,240,after_decay,original,3,peak_load_error,5,0.03776578965303784,-0.0012148747660823966,0.07626580240686343,1,4
SKS02,SKS03,0,0.75,240,after_decay,original,3,profile_nrmse,5,-0.0005514753245881784,-0.011903994419036307,0.007916494172268196,3,2
SKS02,SKS03,0,0.75,240,after_decay,original,4,peak_depth_error,5,-0.35714285714285715,-0.35714285714285715,-0.2142857142857143,5,0
SKS02,SKS03,0,0.75,240,after_decay,original,4,peak_load_error,5,-0.3042390812205629,-0.336385370053487,-0.27070641411963464,5,0
SKS02,SKS03,0,0.75,240,after_decay,original,4,profile_nrmse,5,-0.05942905949298713,-0.08679457771799556,-0.032211335158856526,5,0
SKS02,SKS03,0,0.75,240,before_decay,boundary_retained,2,peak_depth_error,5,0.4285714285714285,0.4285714285714285,0.4999999999999999,0,5
SKS02,SKS03,0,0.75,240,before_decay,boundary_retained,2,peak_load_error,5,-0.10312014480028095,-0.16262424764908884,-0.00866104864884365,5,0
SKS02,SKS03,0,0.75,240,before_decay,boundary_retained,2,profile_nrmse,5,-0.018627473535947098,-0.041892475945465635,-0.001961795750824613,5,0
SKS02,SKS03,0,0.75,240,before_decay,boundary_retained,3,peak_depth_error,5,0.1428571428571428,0.1428571428571428,0.35714285714285704,0,5
SKS02,SKS03,0,0.75,240,before_decay,boundary_retained,3,peak_load_error,5,0.005108972724133895,-0.03364878474589578,0.07028303591215508,2,3
SKS02,SKS03,0,0.75,240,before_decay,boundary_retained,3,profile_nrmse,5,-0.009562995142022537,-0.030270479724732735,-0.0010299719813092884,5,0
SKS02,SKS03,0,0.75,240,before_decay,boundary_retained,4,peak_depth_error,5,-0.42857142857142855,-0.5714285714285714,-0.35714285714285715,5,0
SKS02,SKS03,0,0.75,240,before_decay,boundary_retained,4,peak_load_error,5,-0.30452315658150386,-0.3151974525402627,-0.27137969580206067,5,0
SKS02,SKS03,0,0.75,240,before_decay,boundary_retained,4,profile_nrmse,5,-0.06110577178502604,-0.09627089850498949,-0.0254099577322943,5,0
SKS02,SKS03,0,0.75,240,before_decay,original,2,peak_depth_error,5,0.4285714285714285,0.14285714285714285,0.4285714285714285,0,5
SKS02,SKS03,0,0.75,240,before_decay,original,2,peak_load_error,5,-0.16266932010634977,-0.2088547910562965,-0.04239401443741353,5,0
SKS02,SKS03,0,0.75,240,before_decay,original,2,profile_nrmse,5,0.007980182138481645,-0.04420004633290199,0.0582756968554627,2,3
SKS02,SKS03,0,0.75,240,before_decay,original,3,peak_depth_error,5,0.1428571428571428,0.1428571428571428,0.35714285714285704,0,5
SKS02,SKS03,0,0.75,240,before_decay,original,3,peak_load_error,5,0.005108972724133895,-0.03364878474589578,0.07028303591215508,2,3
SKS02,SKS03,0,0.75,240,before_decay,original,3,profile_nrmse,5,-0.009562995142022537,-0.030270479724732735,-0.0010299719813092884,5,0
SKS02,SKS03,0,0.75,240,before_decay,original,4,peak_depth_error,5,-0.42857142857142855,-0.5714285714285714,-0.35714285714285715,5,0
SKS02,SKS03,0,0.75,240,before_decay,original,4,peak_load_error,5,-0.30452315658150386,-0.3151974525402627,-0.27137969580206067,5,0
SKS02,SKS03,0,0.75,240,before_decay,original,4,profile_nrmse,5,-0.06110577178502604,-0.09627089850498949,-0.0254099577322943,5,0
SKS02,SKS03,0,0.75,240,shaking,boundary_retained,2,peak_depth_error,6,0.21428571428571425,0.1428571428571428,0.21428571428571425,0,6
SKS02,SKS03,0,0.75,240,shaking,boundary_retained,2,peak_load_error,6,-0.09067518573674008,-0.11447198293287741,-0.0499191947305119,6,0
SKS02,SKS03,0,0.75,240,shaking,boundary_retained,2,profile_nrmse,6,-0.004840658114165272,-0.043763804030799824,0.0035308075169441094,5,1
SKS02,SKS03,0,0.75,240,shaking,boundary_retained,3,peak_depth_error,6,0.1071428571428571,0.0714285714285714,0.4285714285714285,0,6
SKS02,SKS03,0,0.75,240,shaking,boundary_retained,3,peak_load_error,6,0.021391970789460084,-0.011097400137518296,0.07112007611312442,2,4
SKS02,SKS03,0,0.75,240,shaking,boundary_retained,3,profile_nrmse,6,-0.00798602123628886,-0.027046025757697684,-0.0009555394656411004,6,0
SKS02,SKS03,0,0.75,240,shaking,boundary_retained,4,peak_depth_error,6,-0.4642857142857143,-0.7142857142857142,-0.35714285714285715,6,0
SKS02,SKS03,0,0.75,240,shaking,boundary_retained,4,peak_load_error,6,-0.3200935280286278,-0.37287242917875996,-0.27644420065307834,6,0
SKS02,SKS03,0,0.75,240,shaking,boundary_retained,4,profile_nrmse,6,-0.058654858233510146,-0.09412688903211552,-0.03948433501295142,6,0
SKS02,SKS03,0,0.75,240,shaking,original,2,peak_depth_error,6,0.17857142857142852,-0.14285714285714285,0.21428571428571425,2,4
SKS02,SKS03,0,0.75,240,shaking,original,2,peak_load_error,6,-0.1436490637471246,-0.2006729322709995,-0.11106483478966912,6,0
SKS02,SKS03,0,0.75,240,shaking,original,2,profile_nrmse,6,0.022968972391570648,-0.05011606145304989,0.05171113377380038,2,4
SKS02,SKS03,0,0.75,240,shaking,original,3,peak_depth_error,6,0.1071428571428571,0.0714285714285714,0.4285714285714285,0,6
SKS02,SKS03,0,0.75,240,shaking,original,3,peak_load_error,6,0.021391970789460084,-0.011097400137518296,0.07112007611312442,2,4
SKS02,SKS03,0,0.75,240,shaking,original,3,profile_nrmse,6,-0.00798602123628886,-0.027046025757697684,-0.0009555394656411004,6,0
SKS02,SKS03,0,0.75,240,shaking,original,4,peak_depth_error,6,-0.4642857142857143,-0.7142857142857142,-0.35714285714285715,6,0
SKS02,SKS03,0,0.75,240,shaking,original,4,peak_load_error,6,-0.3200935280286278,-0.37287242917875996,-0.27644420065307834,6,0
SKS02,SKS03,0,0.75,240,shaking,original,4,profile_nrmse,6,-0.058654858233510146,-0.09412688903211552,-0.03948433501295142,6,0
SKS02,SKS03,1,0.25,120,after_decay,boundary_retained,2,peak_depth_error,5,0.21428571428571425,-0.0714285714285714,0.28571428571428564,1,4
SKS02,SKS03,1,0.25,120,after_decay,boundary_retained,2,peak_load_error,5,-0.02236292397517531,-0.09228384951426952,0.005067406303045113,4,1
SKS02,SKS03,1,0.25,120,after_decay,boundary_retained,2,profile_nrmse,5,-0.004026621370603556,-0.033227417067889675,0.0052805503669734605,3,2
SKS02,SKS03,1,0.25,120,after_decay,boundary_retained,3,peak_depth_error,5,0.0714285714285714,0.0,0.0714285714285714,0,4
SKS02,SKS03,1,0.25,120,after_decay,boundary_retained,3,peak_load_error,5,0.03826603132200193,-0.0010469400194191014,0.07561466207295081,1,4
SKS02,SKS03,1,0.25,120,after_decay,boundary_retained,3,profile_nrmse,5,-0.000543987476214626,-0.011883850936474885,0.008613736664334182,3,2
SKS02,SKS03,1,0.25,120,after_decay,boundary_retained,4,peak_depth_error,5,-0.35714285714285715,-0.35714285714285715,-0.2142857142857143,5,0
SKS02,SKS03,1,0.25,120,after_decay,boundary_retained,4,peak_load_error,5,-0.302707802417604,-0.33631819192494516,-0.2704301319441731,5,0
SKS02,SKS03,1,0.25,120,after_decay,boundary_retained,4,profile_nrmse,5,-0.05944866375834426,-0.08643519217417536,-0.03248935944622117,5,0
SKS02,SKS03,1,0.25,120,after_decay,original,2,peak_depth_error,5,0.21428571428571425,0.14285714285714285,0.28571428571428564,0,5
SKS02,SKS03,1,0.25,120,after_decay,original,2,peak_load_error,5,-0.08412308052937417,-0.18361663206983972,-0.037445292030664185,5,0
SKS02,SKS03,1,0.25,120,after_decay,original,2,profile_nrmse,5,0.012156350049136011,-0.042112430927220806,0.04479263088632579,2,3
SKS02,SKS03,1,0.25,120,after_decay,original,3,peak_depth_error,5,0.0714285714285714,0.0,0.0714285714285714,0,4
SKS02,SKS03,1,0.25,120,after_decay,original,3,peak_load_error,5,0.03826603132200193,-0.0010469400194191014,0.07561466207295081,1,4
SKS02,SKS03,1,0.25,120,after_decay,original,3,profile_nrmse,5,-0.000543987476214626,-0.011883850936474885,0.008613736664334182,3,2
SKS02,SKS03,1,0.25,120,after_decay,original,4,peak_depth_error,5,-0.35714285714285715,-0.35714285714285715,-0.2142857142857143,5,0
SKS02,SKS03,1,0.25,120,after_decay,original,4,peak_load_error,5,-0.302707802417604,-0.33631819192494516,-0.2704301319441731,5,0
SKS02,SKS03,1,0.25,120,after_decay,original,4,profile_nrmse,5,-0.05944866375834426,-0.08643519217417536,-0.03248935944622117,5,0
SKS02,SKS03,1,0.25,120,before_decay,boundary_retained,2,peak_depth_error,5,0.4285714285714285,0.21428571428571425,0.4999999999999999,0,5
SKS02,SKS03,1,0.25,120,before_decay,boundary_retained,2,peak_load_error,5,-0.039290615462345246,-0.09608905971274503,0.029908370565183806,4,1
SKS02,SKS03,1,0.25,120,before_decay,boundary_retained,2,profile_nrmse,5,-0.02126092743613625,-0.0405371556566128,-0.0009243058990109632,5,0
SKS02,SKS03,1,0.25,120,before_decay,boundary_retained,3,peak_depth_error,5,0.21428571428571422,0.0714285714285714,0.35714285714285704,0,5
SKS02,SKS03,1,0.25,120,before_decay,boundary_retained,3,peak_load_error,5,0.027841185925859963,-0.024637698899544924,0.07900861468827503,1,4
SKS02,SKS03,1,0.25,120,before_decay,boundary_retained,3,profile_nrmse,5,-0.011377808123867891,-0.02122806796640593,0.0009044295373481642,4,1
SKS02,SKS03,1,0.25,120,before_decay,boundary_retained,4,peak_depth_error,5,-0.35714285714285715,-0.35714285714285715,-0.2142857142857143,5,0
SKS02,SKS03,1,0.25,120,before_decay,boundary_retained,4,peak_load_error,5,-0.32629873728884967,-0.3518383547287879,-0.27486207501640825,5,0
SKS02,SKS03,1,0.25,120,before_decay,boundary_retained,4,profile_nrmse,5,-0.060780837993476326,-0.09431969438365005,-0.02433834926112014,5,0
SKS02,SKS03,1,0.25,120,before_decay,original,2,peak_depth_error,5,0.21428571428571425,0.14285714285714285,0.21428571428571425,0,5
SKS02,SKS03,1,0.25,120,before_decay,original,2,peak_load_error,5,-0.07376452363603783,-0.19652323232946262,0.007885573359965148,4,1
SKS02,SKS03,1,0.25,120,before_decay,original,2,profile_nrmse,5,0.008915732244455452,-0.04327234164730544,0.06341296115669857,2,3
SKS02,SKS03,1,0.25,120,before_decay,original,3,peak_depth_error,5,0.21428571428571422,0.0714285714285714,0.35714285714285704,0,5
SKS02,SKS03,1,0.25,120,before_decay,original,3,peak_load_error,5,0.027841185925859963,-0.024637698899544924,0.07900861468827503,1,4
SKS02,SKS03,1,0.25,120,before_decay,original,3,profile_nrmse,5,-0.011377808123867891,-0.02122806796640593,0.0009044295373481642,4,1
SKS02,SKS03,1,0.25,120,before_decay,original,4,peak_depth_error,5,-0.35714285714285715,-0.35714285714285715,-0.2142857142857143,5,0
SKS02,SKS03,1,0.25,120,before_decay,original,4,peak_load_error,5,-0.32629873728884967,-0.3518383547287879,-0.27486207501640825,5,0
SKS02,SKS03,1,0.25,120,before_decay,original,4,profile_nrmse,5,-0.060780837993476326,-0.09431969438365005,-0.02433834926112014,5,0
SKS02,SKS03,1,0.25,120,shaking,boundary_retained,2,peak_depth_error,6,0.4285714285714285,0.21428571428571425,0.4999999999999999,0,6
SKS02,SKS03,1,0.25,120,shaking,boundary_retained,2,peak_load_error,6,-0.08903703795651532,-0.11912514190936688,-0.01882422054044769,6,0
SKS02,SKS03,1,0.25,120,shaking,boundary_retained,2,profile_nrmse,6,-0.013180083325496021,-0.04497434893544362,-0.0012414409467456228,6,0
SKS02,SKS03,1,0.25,120,shaking,boundary_retained,3,peak_depth_error,6,0.24999999999999992,0.0714285714285714,0.35714285714285704,0,6
SKS02,SKS03,1,0.25,120,shaking,boundary_retained,3,peak_load_error,6,0.030221790905630368,-0.0069469204403961315,0.07336680034509453,1,5
SKS02,SKS03,1,0.25,120,shaking,boundary_retained,3,profile_nrmse,6,-0.006185013906059127,-0.02627678251142633,-0.000827442266606998,6,0
SKS02,SKS03,1,0.25,120,shaking,boundary_retained,4,peak_depth_error,6,-0.39285714285714285,-0.5714285714285714,-0.35714285714285715,6,0
SKS02,SKS03,1,0.25,120,shaking,boundary_retained,4,peak_load_error,6,-0.29261708271600856,-0.3001950090835782,-0.2582343764825151,6,0
SKS02,SKS03,1,0.25,120,shaking,boundary_retained,4,profile_nrmse,6,-0.05527253687484798,-0.09236112385218824,-0.02318785880483406,6,0
SKS02,SKS03,1,0.25,120,shaking,original,2,peak_depth_error,6,0.3214285714285714,0.14285714285714285,0.4999999999999999,0,6
SKS02,SKS03,1,0.25,120,shaking,original,2,peak_load_error,6,-0.12839620414029634,-0.20864300184355322,-0.06809436752474804,6,0
SKS02,SKS03,1,0.25,120,shaking,original,2,profile_nrmse,6,0.02276533879750018,-0.0437574899762397,0.05677782876419603,2,4
SKS02,SKS03,1,0.25,120,shaking,original,3,peak_depth_error,6,0.24999999999999992,0.0714285714285714,0.35714285714285704,0,6
SKS02,SKS03,1,0.25,120,shaking,original,3,peak_load_error,6,0.030221790905630368,-0.0069469204403961315,0.07336680034509453,1,5
SKS02,SKS03,1,0.25,120,shaking,original,3,profile_nrmse,6,-0.006185013906059127,-0.02627678251142633,-0.000827442266606998,6,0
SKS02,SKS03,1,0.25,120,shaking,original,4,peak_depth_error,6,-0.39285714285714285,-0.5714285714285714,-0.35714285714285715,6,0
SKS02,SKS03,1,0.25,120,shaking,original,4,peak_load_error,6,-0.29261708271600856,-0.3001950090835782,-0.2582343764825151,6,0
SKS02,SKS03,1,0.25,120,shaking,original,4,profile_nrmse,6,-0.05527253687484798,-0.09236112385218824,-0.02318785880483406,6,0
SKS02,SKS03,1,0.25,240,after_decay,boundary_retained,2,peak_depth_error,5,0.21428571428571425,-0.0714285714285714,0.28571428571428564,1,4
SKS02,SKS03,1,0.25,240,after_decay,boundary_retained,2,peak_load_error,5,-0.022385421779868714,-0.09245318308031888,0.005052591152816116,4,1
SKS02,SKS03,1,0.25,240,after_decay,boundary_retained,2,profile_nrmse,5,-0.004023694815560558,-0.03322619935953881,0.005261032015002845,3,2
SKS02,SKS03,1,0.25,240,after_decay,boundary_retained,3,peak_depth_error,5,0.0714285714285714,0.0,0.0714285714285714,0,4
SKS02,SKS03,1,0.25,240,after_decay,boundary_retained,3,peak_load_error,5,0.038319753858914146,-0.0011337451128963782,0.07541594983968253,1,4
SKS02,SKS03,1,0.25,240,after_decay,boundary_retained,3,profile_nrmse,5,-0.0005487928880495638,-0.011887107074641454,0.008583586249186287,3,2
SKS02,SKS03,1,0.25,240,after_decay,boundary_retained,4,peak_depth_error,5,-0.35714285714285715,-0.35714285714285715,-0.2142857142857143,5,0
SKS02,SKS03,1,0.25,240,after_decay,boundary_retained,4,peak_load_error,5,-0.30269774638883007,-0.3363573660408612,-0.27050935989176306,5,0
SKS02,SKS03,1,0.25,240,after_decay,boundary_retained,4,profile_nrmse,5,-0.05942869798567513,-0.08638115290374535,-0.03242638290908155,5,0
SKS02,SKS03,1,0.25,240,after_decay,original,2,peak_depth_error,5,0.21428571428571425,0.14285714285714285,0.28571428571428564,0,5
SKS02,SKS03,1,0.25,240,after_decay,original,2,peak_load_error,5,-0.08405779850116038,-0.1836644580216498,-0.0372890740507239,5,0
SKS02,SKS03,1,0.25,240,after_decay,original,2,profile_nrmse,5,0.01217002638788707,-0.04208194097462843,0.04478912629072297,2,3
SKS02,SKS03,1,0.25,240,after_decay,original,3,peak_depth_error,5,0.0714285714285714,0.0,0.0714285714285714,0,4
SKS02,SKS03,1,0.25,240,after_decay,original,3,peak_load_error,5,0.038319753858914146,-0.0011337451128963782,0.07541594983968253,1,4
SKS02,SKS03,1,0.25,240,after_decay,original,3,profile_nrmse,5,-0.0005487928880495638,-0.011887107074641454,0.008583586249186287,3,2
SKS02,SKS03,1,0.25,240,after_decay,original,4,peak_depth_error,5,-0.35714285714285715,-0.35714285714285715,-0.2142857142857143,5,0
SKS02,SKS03,1,0.25,240,after_decay,original,4,peak_load_error,5,-0.30269774638883007,-0.3363573660408612,-0.27050935989176306,5,0
SKS02,SKS03,1,0.25,240,after_decay,original,4,profile_nrmse,5,-0.05942869798567513,-0.08638115290374535,-0.03242638290908155,5,0
SKS02,SKS03,1,0.25,240,before_decay,boundary_retained,2,peak_depth_error,5,0.4285714285714285,0.21428571428571425,0.4999999999999999,0,5
SKS02,SKS03,1,0.25,240,before_decay,boundary_retained,2,peak_load_error,5,-0.03965715973740627,-0.10004765122004122,0.02976447809936439,4,1
SKS02,SKS03,1,0.25,240,before_decay,boundary_retained,2,profile_nrmse,5,-0.021064507106286615,-0.041313658183368795,-0.0008261790581134548,5,0
SKS02,SKS03,1,0.25,240,before_decay,boundary_retained,3,peak_depth_error,5,0.35714285714285704,0.0714285714285714,0.35714285714285704,0,5
SKS02,SKS03,1,0.25,240,before_decay,boundary_retained,3,peak_load_error,5,0.02698350924006468,-0.02791467665722569,0.07711668767552056,1,4
SKS02,SKS03,1,0.25,240,before_decay,boundary_retained,3,profile_nrmse,5,-0.011195509742201765,-0.02228798496285328,3.617218443856263e-05,4,1
SKS02,SKS03,1,0.25,240,before_decay,boundary_retained,4,peak_depth_error,5,-0.35714285714285715,-0.42857142857142855,-0.2142857142857143,5,0
SKS02,SKS03,1,0.25,240,before_decay,boundary_retained,4,peak_load_error,5,-0.3264391649870461,-0.3497581296804393,-0.2761973962323856,5,0
SKS02,SKS03,1,0.25,240,before_decay,boundary_retained,4,profile_nrmse,5,-0.06093617685698501,-0.09521408237900417,-0.02443582840862772,5,0
SKS02,SKS03,1,0.25,240,before_decay,original,2,peak_depth_error,5,0.21428571428571425,0.14285714285714285,0.4285714285714285,0,5
SKS02,SKS03,1,0.25,240,before_decay,original,2,peak_load_error,5,-0.07580254263974559,-0.19856596541546917,0.008063865346455479,4,1
SKS02,SKS03,1,0.25,240,before_decay,original,2,profile_nrmse,5,0.008552891552728828,-0.04381642358245488,0.06329132899156933,2,3
SKS02,SKS03,1,0.25,240,before_decay,original,3,peak_depth_error,5,0.35714285714285704,0.0714285714285714,0.35714285714285704,0,5
SKS02,SKS03,1,0.25,240,before_decay,original,3,peak_load_error,5,0.02698350924006468,-0.02791467665722569,0.07711668767552056,1,4
SKS02,SKS03,1,0.25,240,before_decay,original,3,profile_nrmse,5,-0.011195509742201765,-0.02228798496285328,3.617218443856263e-05,4,1
SKS02,SKS03,1,0.25,240,before_decay,original,4,peak_depth_error,5,-0.35714285714285715,-0.42857142857142855,-0.2142857142857143,5,0
SKS02,SKS03,1,0.25,240,before_decay,original,4,peak_load_error,5,-0.3264391649870461,-0.3497581296804393,-0.2761973962323856,5,0
SKS02,SKS03,1,0.25,240,before_decay,original,4,profile_nrmse,5,-0.06093617685698501,-0.09521408237900417,-0.02443582840862772,5,0
SKS02,SKS03,1,0.25,240,shaking,boundary_retained,2,peak_depth_error,6,0.4285714285714285,0.21428571428571425,0.4999999999999999,0,6
SKS02,SKS03,1,0.25,240,shaking,boundary_retained,2,peak_load_error,6,-0.08907410196161927,-0.11914284193070657,-0.018768743679474897,6,0
SKS02,SKS03,1,0.25,240,shaking,boundary_retained,2,profile_nrmse,6,-0.013239034397102944,-0.044978176186600494,-0.0012394410793928612,6,0
SKS02,SKS03,1,0.25,240,shaking,boundary_retained,3,peak_depth_error,6,0.24999999999999992,0.0714285714285714,0.35714285714285704,0,6
SKS02,SKS03,1,0.25,240,shaking,boundary_retained,3,peak_load_error,6,0.030247522953139747,-0.007307455535635304,0.07331630756629186,1,5
SKS02,SKS03,1,0.25,240,shaking,boundary_retained,3,profile_nrmse,6,-0.006225607753150612,-0.026281850899213144,-0.0008266469911504953,6,0
SKS02,SKS03,1,0.25,240,shaking,boundary_retained,4,peak_depth_error,6,-0.39285714285714285,-0.5714285714285714,-0.35714285714285715,6,0
SKS02,SKS03,1,0.25,240,shaking,boundary_retained,4,peak_load_error,6,-0.2928111788929593,-0.3002158938971693,-0.258282850374132,6,0
SKS02,SKS03,1,0.25,240,shaking,boundary_retained,4,profile_nrmse,6,-0.05526010836948754,-0.09233972293922557,-0.023199809108336265,6,0
SKS02,SKS03,1,0.25,240,shaking,original,2,peak_depth_error,6,0.3214285714285714,0.14285714285714285,0.4999999999999999,0,6
SKS02,SKS03,1,0.25,240,shaking,original,2,peak_load_error,6,-0.12839565446735676,-0.20862976536969402,-0.06799374836761726,6,0
SKS02,SKS03,1,0.25,240,shaking,original,2,profile_nrmse,6,0.0227421108313121,-0.043764732228884065,0.056784977231860184,2,4
SKS02,SKS03,1,0.25,240,shaking,original,3,peak_depth_error,6,0.24999999999999992,0.0714285714285714,0.35714285714285704,0,6
SKS02,SKS03,1,0.25,240,shaking,original,3,peak_load_error,6,0.030247522953139747,-0.007307455535635304,0.07331630756629186,1,5
SKS02,SKS03,1,0.25,240,shaking,original,3,profile_nrmse,6,-0.006225607753150612,-0.026281850899213144,-0.0008266469911504953,6,0
SKS02,SKS03,1,0.25,240,shaking,original,4,peak_depth_error,6,-0.39285714285714285,-0.5714285714285714,-0.35714285714285715,6,0
SKS02,SKS03,1,0.25,240,shaking,original,4,peak_load_error,6,-0.2928111788929593,-0.3002158938971693,-0.258282850374132,6,0
SKS02,SKS03,1,0.25,240,shaking,original,4,profile_nrmse,6,-0.05526010836948754,-0.09233972293922557,-0.023199809108336265,6,0
SKS02,SKS03,1,0.5,120,after_decay,boundary_retained,2,peak_depth_error,5,0.21428571428571425,-0.0714285714285714,0.28571428571428564,1,4
SKS02,SKS03,1,0.5,120,after_decay,boundary_retained,2,peak_load_error,5,-0.023502835214469137,-0.09193276578931357,0.005135675765761377,4,1
SKS02,SKS03,1,0.5,120,after_decay,boundary_retained,2,profile_nrmse,5,-0.004014799364164781,-0.03335382396293107,0.005032772174510827,3,2
SKS02,SKS03,1,0.5,120,after_decay,boundary_retained,3,peak_depth_error,5,0.0714285714285714,0.0,0.0714285714285714,0,4
SKS02,SKS03,1,0.5,120,after_decay,boundary_retained,3,peak_load_error,5,0.03775794512119762,-0.001266968867730922,0.0759865903115957,1,4
SKS02,SKS03,1,0.5,120,after_decay,boundary_retained,3,profile_nrmse,5,-0.0005632266354322207,-0.01201441478729455,0.008097731361701777,3,2
SKS02,SKS03,1,0.5,120,after_decay,boundary_retained,4,peak_depth_error,5,-0.35714285714285715,-0.35714285714285715,-0.2142857142857143,5,0
SKS02,SKS03,1,0.5,120,after_decay,boundary_retained,4,peak_load_error,5,-0.3039334810874649,-0.3363579508015063,-0.27056827247818804,5,0
SKS02,SKS03,1,0.5,120,after_decay,boundary_retained,4,profile_nrmse,5,-0.05942172197036612,-0.08656723873986824,-0.032401647482144955,5,0
SKS02,SKS03,1,0.5,120,after_decay,original,2,peak_depth_error,5,0.21428571428571425,0.14285714285714285,0.28571428571428564,0,5
SKS02,SKS03,1,0.5,120,after_decay,original,2,peak_load_error,5,-0.0844570590685908,-0.18358680035919545,-0.03722993914436623,5,0
SKS02,SKS03,1,0.5,120,after_decay,original,2,profile_nrmse,5,0.012183314714288775,-0.0422136121595537,0.04485171717280186,2,3
SKS02,SKS03,1,0.5,120,after_decay,original,3,peak_depth_error,5,0.0714285714285714,0.0,0.0714285714285714,0,4
SKS02,SKS03,1,0.5,120,after_decay,original,3,peak_load_error,5,0.03775794512119762,-0.001266968867730922,0.0759865903115957,1,4
SKS02,SKS03,1,0.5,120,after_decay,original,3,profile_nrmse,5,-0.0005632266354322207,-0.01201441478729455,0.008097731361701777,3,2
SKS02,SKS03,1,0.5,120,after_decay,original,4,peak_depth_error,5,-0.35714285714285715,-0.35714285714285715,-0.2142857142857143,5,0
SKS02,SKS03,1,0.5,120,after_decay,original,4,peak_load_error,5,-0.3039334810874649,-0.3363579508015063,-0.27056827247818804,5,0
SKS02,SKS03,1,0.5,120,after_decay,original,4,profile_nrmse,5,-0.05942172197036612,-0.08656723873986824,-0.032401647482144955,5,0
SKS02,SKS03,1,0.5,120,before_decay,boundary_retained,2,peak_depth_error,5,0.4285714285714285,0.4285714285714285,0.4999999999999999,0,5
SKS02,SKS03,1,0.5,120,before_decay,boundary_retained,2,peak_load_error,5,-0.07810194601489662,-0.10379095563392082,0.003089787393313448,4,1
SKS02,SKS03,1,0.5,120,before_decay,boundary_retained,2,profile_nrmse,5,-0.020214362124989643,-0.04186954509998245,-0.0018426960939011833,5,0
SKS02,SKS03,1,0.5,120,before_decay,boundary_retained,3,peak_depth_error,5,0.35714285714285704,0.29285714285714187,0.35714285714285704,0,5
SKS02,SKS03,1,0.5,120,before_decay,boundary_retained,3,peak_load_error,5,0.027130136715037723,-0.029777028562887956,0.07652463919262628,2,3
SKS02,SKS03,1,0.5,120,before_decay,boundary_retained,3,profile_nrmse,5,-0.010184782235042406,-0.02468469881031181,-0.00031637009010525297,5,0
SKS02,SKS03,1,0.5,120,before_decay,boundary_retained,4,peak_depth_error,5,-0.35714285714285715,-0.42857142857142855,-0.2142857142857143,5,0
SKS02,SKS03,1,0.5,120,before_decay,boundary_retained,4,peak_load_error,5,-0.335527189798703,-0.34616778185245684,-0.2730868511188503,5,0
SKS02,SKS03,1,0.5,120,before_decay,boundary_retained,4,profile_nrmse,5,-0.061251609049572685,-0.09547082694881412,-0.021845577300885814,5,0
SKS02,SKS03,1,0.5,120,before_decay,original,2,peak_depth_error,5,0.21428571428571425,0.14285714285714285,0.4285714285714285,0,5
SKS02,SKS03,1,0.5,120,before_decay,original,2,peak_load_error,5,-0.09392824563966319,-0.2030354732573174,-0.02251497436114186,5,0
SKS02,SKS03,1,0.5,120,before_decay,original,2,profile_nrmse,5,0.007931741498710149,-0.044113414015885796,0.05666349871557097,2,3
SKS02,SKS03,1,0.5,120,before_decay,original,3,peak_depth_error,5,0.35714285714285704,0.29285714285714187,0.35714285714285704,0,5
SKS02,SKS03,1,0.5,120,before_decay,original,3,peak_load_error,5,0.027130136715037723,-0.029777028562887956,0.07652463919262628,2,3
SKS02,SKS03,1,0.5,120,before_decay,original,3,profile_nrmse,5,-0.010184782235042406,-0.02468469881031181,-0.00031637009010525297,5,0
SKS02,SKS03,1,0.5,120,before_decay,original,4,peak_depth_error,5,-0.35714285714285715,-0.42857142857142855,-0.2142857142857143,5,0
SKS02,SKS03,1,0.5,120,before_decay,original,4,peak_load_error,5,-0.335527189798703,-0.34616778185245684,-0.2730868511188503,5,0
SKS02,SKS03,1,0.5,120,before_decay,original,4,profile_nrmse,5,-0.061251609049572685,-0.09547082694881412,-0.021845577300885814,5,0
SKS02,SKS03,1,0.5,120,shaking,boundary_retained,2,peak_depth_error,6,0.4285714285714285,0.21428571428571425,0.4999999999999999,0,6
SKS02,SKS03,1,0.5,120,shaking,boundary_retained,2,peak_load_error,6,-0.08903703795651532,-0.11912514190936688,-0.01882422054044769,6,0
SKS02,SKS03,1,0.5,120,shaking,boundary_retained,2,profile_nrmse,6,-0.013180083325496021,-0.04497434893544362,-0.0012414409467456228,6,0
SKS02,SKS03,1,0.5,120,shaking,boundary_retained,3,peak_depth_error,6,0.24999999999999992,0.0714285714285714,0.35714285714285704,0,6
SKS02,SKS03,1,0.5,120,shaking,boundary_retained,3,peak_load_error,6,0.030221790905630368,-0.0069469204403961315,0.07336680034509453,1,5
SKS02,SKS03,1,0.5,120,shaking,boundary_retained,3,profile_nrmse,6,-0.006185013906059127,-0.02627678251142633,-0.000827442266606998,6,0
SKS02,SKS03,1,0.5,120,shaking,boundary_retained,4,peak_depth_error,6,-0.39285714285714285,-0.5714285714285714,-0.35714285714285715,6,0
SKS02,SKS03,1,0.5,120,shaking,boundary_retained,4,peak_load_error,6,-0.29261708271600856,-0.3001950090835782,-0.2582343764825151,6,0
SKS02,SKS03,1,0.5,120,shaking,boundary_retained,4,profile_nrmse,6,-0.05527253687484798,-0.09236112385218824,-0.02318785880483406,6,0
SKS02,SKS03,1,0.5,120,shaking,original,2,peak_depth_error,6,0.3214285714285714,0.14285714285714285,0.4999999999999999,0,6
SKS02,SKS03,1,0.5,120,shaking,original,2,peak_load_error,6,-0.12839620414029634,-0.20864300184355322,-0.06809436752474804,6,0
SKS02,SKS03,1,0.5,120,shaking,original,2,profile_nrmse,6,0.02276533879750018,-0.0437574899762397,0.05677782876419603,2,4
SKS02,SKS03,1,0.5,120,shaking,original,3,peak_depth_error,6,0.24999999999999992,0.0714285714285714,0.35714285714285704,0,6
SKS02,SKS03,1,0.5,120,shaking,original,3,peak_load_error,6,0.030221790905630368,-0.0069469204403961315,0.07336680034509453,1,5
SKS02,SKS03,1,0.5,120,shaking,original,3,profile_nrmse,6,-0.006185013906059127,-0.02627678251142633,-0.000827442266606998,6,0
SKS02,SKS03,1,0.5,120,shaking,original,4,peak_depth_error,6,-0.39285714285714285,-0.5714285714285714,-0.35714285714285715,6,0
SKS02,SKS03,1,0.5,120,shaking,original,4,peak_load_error,6,-0.29261708271600856,-0.3001950090835782,-0.2582343764825151,6,0
SKS02,SKS03,1,0.5,120,shaking,original,4,profile_nrmse,6,-0.05527253687484798,-0.09236112385218824,-0.02318785880483406,6,0
SKS02,SKS03,1,0.5,240,after_decay,boundary_retained,2,peak_depth_error,5,0.21428571428571425,-0.0714285714285714,0.28571428571428564,1,4
SKS02,SKS03,1,0.5,240,after_decay,boundary_retained,2,peak_load_error,5,-0.023496350078663963,-0.09182035536412328,0.005445979550560115,4,1
SKS02,SKS03,1,0.5,240,after_decay,boundary_retained,2,profile_nrmse,5,-0.004042336404562058,-0.033349577179457815,0.0050274545832865725,3,2
SKS02,SKS03,1,0.5,240,after_decay,boundary_retained,3,peak_depth_error,5,0.0714285714285714,0.0,0.0714285714285714,0,4
SKS02,SKS03,1,0.5,240,after_decay,boundary_retained,3,peak_load_error,5,0.03772271000177177,-0.00117129198212243,0.07609544634460852,1,4
SKS02,SKS03,1,0.5,240,after_decay,boundary_retained,3,profile_nrmse,5,-0.0005499835777737841,-0.011873859240182708,0.00810707249212099,3,2
SKS02,SKS03,1,0.5,240,after_decay,boundary_retained,4,peak_depth_error,5,-0.35714285714285715,-0.35714285714285715,-0.2142857142857143,5,0
SKS02,SKS03,1,0.5,240,after_decay,boundary_retained,4,peak_load_error,5,-0.30389405063643793,-0.33636602875641086,-0.2705771308882692,5,0
SKS02,SKS03,1,0.5,240,after_decay,boundary_retained,4,profile_nrmse,5,-0.05943315704597188,-0.08655962563467368,-0.032271783804648166,5,0
SKS02,SKS03,1,0.5,240,after_decay,original,2,peak_depth_error,5,0.21428571428571425,0.14285714285714285,0.28571428571428564,0,5
SKS02,SKS03,1,0.5,240,after_decay,original,2,peak_load_error,5,-0.08439767207892918,-0.18353172135896667,-0.03695215695209769,5,0
SKS02,SKS03,1,0.5,240,after_decay,original,2,profile_nrmse,5,0.012158710059244224,-0.04216811381217085,0.04480259987286091,2,3
SKS02,SKS03,1,0.5,240,after_decay,original,3,peak_depth_error,5,0.0714285714285714,0.0,0.0714285714285714,0,4
SKS02,SKS03,1,0.5,240,after_decay,original,3,peak_load_error,5,0.03772271000177177,-0.00117129198212243,0.07609544634460852,1,4
SKS02,SKS03,1,0.5,240,after_decay,original,3,profile_nrmse,5,-0.0005499835777737841,-0.011873859240182708,0.00810707249212099,3,2
SKS02,SKS03,1,0.5,240,after_decay,original,4,peak_depth_error,5,-0.35714285714285715,-0.35714285714285715,-0.2142857142857143,5,0
SKS02,SKS03,1,0.5,240,after_decay,original,4,peak_load_error,5,-0.30389405063643793,-0.33636602875641086,-0.2705771308882692,5,0
SKS02,SKS03,1,0.5,240,after_decay,original,4,profile_nrmse,5,-0.05943315704597188,-0.08655962563467368,-0.032271783804648166,5,0
SKS02,SKS03,1,0.5,240,before_decay,boundary_retained,2,peak_depth_error,5,0.4285714285714285,0.4285714285714285,0.4999999999999999,0,5
SKS02,SKS03,1,0.5,240,before_decay,boundary_retained,2,peak_load_error,5,-0.07820578910554178,-0.10604102733164564,0.003329400666828408,4,1
SKS02,SKS03,1,0.5,240,before_decay,boundary_retained,2,profile_nrmse,5,-0.02002004751677504,-0.042051489084474175,-0.0018738236361768995,5,0
SKS02,SKS03,1,0.5,240,before_decay,boundary_retained,3,peak_depth_error,5,0.35714285714285704,0.1428571428571428,0.35714285714285704,0,5
SKS02,SKS03,1,0.5,240,before_decay,boundary_retained,3,peak_load_error,5,0.02712119786648326,-0.030349447366533333,0.07403734186926335,2,3
SKS02,SKS03,1,0.5,240,before_decay,boundary_retained,3,profile_nrmse,5,-0.010218146357149668,-0.024689311788045884,-0.0008616334799712716,5,0
SKS02,SKS03,1,0.5,240,before_decay,boundary_retained,4,peak_depth_error,5,-0.35714285714285715,-0.42857142857142855,-0.2142857142857143,5,0
SKS02,SKS03,1,0.5,240,before_decay,boundary_retained,4,peak_load_error,5,-0.33011281299223283,-0.3462686401134231,-0.27467244921647294,5,0
SKS02,SKS03,1,0.5,240,before_decay,boundary_retained,4,profile_nrmse,5,-0.061233555533137383,-0.09613938992970984,-0.021787588940073987,5,0
SKS02,SKS03,1,0.5,240,before_decay,original,2,peak_depth_error,5,0.21428571428571425,0.14285714285714285,0.4285714285714285,0,5
SKS02,SKS03,1,0.5,240,before_decay,original,2,peak_load_error,5,-0.10212418305699558,-0.20275697327587758,-0.022425174328035036,5,0
SKS02,SKS03,1,0.5,240,before_decay,original,2,profile_nrmse,5,0.007909260141996777,-0.04399260737085968,0.05670001543523845,2,3
SKS02,SKS03,1,0.5,240,before_decay,original,3,peak_depth_error,5,0.35714285714285704,0.1428571428571428,0.35714285714285704,0,5
SKS02,SKS03,1,0.5,240,before_decay,original,3,peak_load_error,5,0.02712119786648326,-0.030349447366533333,0.07403734186926335,2,3
SKS02,SKS03,1,0.5,240,before_decay,original,3,profile_nrmse,5,-0.010218146357149668,-0.024689311788045884,-0.0008616334799712716,5,0
SKS02,SKS03,1,0.5,240,before_decay,original,4,peak_depth_error,5,-0.35714285714285715,-0.42857142857142855,-0.2142857142857143,5,0
SKS02,SKS03,1,0.5,240,before_decay,original,4,peak_load_error,5,-0.33011281299223283,-0.3462686401134231,-0.27467244921647294,5,0
SKS02,SKS03,1,0.5,240,before_decay,original,4,profile_nrmse,5,-0.061233555533137383,-0.09613938992970984,-0.021787588940073987,5,0
SKS02,SKS03,1,0.5,240,shaking,boundary_retained,2,peak_depth_error,6,0.4285714285714285,0.21428571428571425,0.4999999999999999,0,6
SKS02,SKS03,1,0.5,240,shaking,boundary_retained,2,peak_load_error,6,-0.08907410196161927,-0.11914284193070657,-0.018768743679474897,6,0
SKS02,SKS03,1,0.5,240,shaking,boundary_retained,2,profile_nrmse,6,-0.013239034397102944,-0.044978176186600494,-0.0012394410793928612,6,0
SKS02,SKS03,1,0.5,240,shaking,boundary_retained,3,peak_depth_error,6,0.24999999999999992,0.0714285714285714,0.35714285714285704,0,6
SKS02,SKS03,1,0.5,240,shaking,boundary_retained,3,peak_load_error,6,0.030247522953139747,-0.007307455535635304,0.07331630756629186,1,5
SKS02,SKS03,1,0.5,240,shaking,boundary_retained,3,profile_nrmse,6,-0.006225607753150612,-0.026281850899213144,-0.0008266469911504953,6,0
SKS02,SKS03,1,0.5,240,shaking,boundary_retained,4,peak_depth_error,6,-0.39285714285714285,-0.5714285714285714,-0.35714285714285715,6,0
SKS02,SKS03,1,0.5,240,shaking,boundary_retained,4,peak_load_error,6,-0.2928111788929593,-0.3002158938971693,-0.258282850374132,6,0
SKS02,SKS03,1,0.5,240,shaking,boundary_retained,4,profile_nrmse,6,-0.05526010836948754,-0.09233972293922557,-0.023199809108336265,6,0
SKS02,SKS03,1,0.5,240,shaking,original,2,peak_depth_error,6,0.3214285714285714,0.14285714285714285,0.4999999999999999,0,6
SKS02,SKS03,1,0.5,240,shaking,original,2,peak_load_error,6,-0.12839565446735676,-0.20862976536969402,-0.06799374836761726,6,0
SKS02,SKS03,1,0.5,240,shaking,original,2,profile_nrmse,6,0.0227421108313121,-0.043764732228884065,0.056784977231860184,2,4
SKS02,SKS03,1,0.5,240,shaking,original,3,peak_depth_error,6,0.24999999999999992,0.0714285714285714,0.35714285714285704,0,6
SKS02,SKS03,1,0.5,240,shaking,original,3,peak_load_error,6,0.030247522953139747,-0.007307455535635304,0.07331630756629186,1,5
SKS02,SKS03,1,0.5,240,shaking,original,3,profile_nrmse,6,-0.006225607753150612,-0.026281850899213144,-0.0008266469911504953,6,0
SKS02,SKS03,1,0.5,240,shaking,original,4,peak_depth_error,6,-0.39285714285714285,-0.5714285714285714,-0.35714285714285715,6,0
SKS02,SKS03,1,0.5,240,shaking,original,4,peak_load_error,6,-0.2928111788929593,-0.3002158938971693,-0.258282850374132,6,0
SKS02,SKS03,1,0.5,240,shaking,original,4,profile_nrmse,6,-0.05526010836948754,-0.09233972293922557,-0.023199809108336265,6,0
SKS02,SKS03,1,0.75,120,after_decay,boundary_retained,2,peak_depth_error,5,0.21428571428571425,-0.0714285714285714,0.28571428571428564,1,4
SKS02,SKS03,1,0.75,120,after_decay,boundary_retained,2,peak_load_error,5,-0.02332184833728393,-0.09152851257433772,0.005331452388926794,4,1
SKS02,SKS03,1,0.75,120,after_decay,boundary_retained,2,profile_nrmse,5,-0.004054193922798197,-0.033390156114674704,0.005031603425577194,3,2
SKS02,SKS03,1,0.75,120,after_decay,boundary_retained,3,peak_depth_error,5,0.0714285714285714,0.0,0.0714285714285714,0,4
SKS02,SKS03,1,0.75,120,after_decay,boundary_retained,3,peak_load_error,5,0.037666153418147774,-0.0011318127114857968,0.07634455726121808,1,4
SKS02,SKS03,1,0.75,120,after_decay,boundary_retained,3,profile_nrmse,5,-0.0005314611870151711,-0.011950232356623583,0.007890529725184045,3,2
SKS02,SKS03,1,0.75,120,after_decay,boundary_retained,4,peak_depth_error,5,-0.35714285714285715,-0.35714285714285715,-0.2142857142857143,5,0
SKS02,SKS03,1,0.75,120,after_decay,boundary_retained,4,peak_load_error,5,-0.3042160046593207,-0.33638638710498503,-0.2706361374050711,5,0
SKS02,SKS03,1,0.75,120,after_decay,boundary_retained,4,profile_nrmse,5,-0.0594317703859162,-0.08679707643131929,-0.032368499963847094,5,0
SKS02,SKS03,1,0.75,120,after_decay,original,2,peak_depth_error,5,0.21428571428571425,0.14285714285714285,0.28571428571428564,0,5
SKS02,SKS03,1,0.75,120,after_decay,original,2,peak_load_error,5,-0.08440304859937758,-0.18346991501197354,-0.03652369605223563,5,0
SKS02,SKS03,1,0.75,120,after_decay,original,2,profile_nrmse,5,0.012139729861990058,-0.042320030670175965,0.04482989984648101,2,3
SKS02,SKS03,1,0.75,120,after_decay,original,3,peak_depth_error,5,0.0714285714285714,0.0,0.0714285714285714,0,4
SKS02,SKS03,1,0.75,120,after_decay,original,3,peak_load_error,5,0.037666153418147774,-0.0011318127114857968,0.07634455726121808,1,4
SKS02,SKS03,1,0.75,120,after_decay,original,3,profile_nrmse,5,-0.0005314611870151711,-0.011950232356623583,0.007890529725184045,3,2
SKS02,SKS03,1,0.75,120,after_decay,original,4,peak_depth_error,5,-0.35714285714285715,-0.35714285714285715,-0.2142857142857143,5,0
SKS02,SKS03,1,0.75,120,after_decay,original,4,peak_load_error,5,-0.3042160046593207,-0.33638638710498503,-0.2706361374050711,5,0
SKS02,SKS03,1,0.75,120,after_decay,original,4,profile_nrmse,5,-0.0594317703859162,-0.08679707643131929,-0.032368499963847094,5,0
SKS02,SKS03,1,0.75,120,before_decay,boundary_retained,2,peak_depth_error,5,0.4285714285714285,0.4285714285714285,0.4999999999999999,0,5
SKS02,SKS03,1,0.75,120,before_decay,boundary_retained,2,peak_load_error,5,-0.09992710842680685,-0.1647363175856502,-9.91761689752152e-05,5,0
SKS02,SKS03,1,0.75,120,before_decay,boundary_retained,2,profile_nrmse,5,-0.017762685308065948,-0.042290632467881964,-0.0020791957574827213,5,0
SKS02,SKS03,1,0.75,120,before_decay,boundary_retained,3,peak_depth_error,5,0.1428571428571428,0.1428571428571428,0.35714285714285704,0,5
SKS02,SKS03,1,0.75,120,before_decay,boundary_retained,3,peak_load_error,5,0.0032765804625954353,-0.032887378764304906,0.07260470999801742,2,3
SKS02,SKS03,1,0.75,120,before_decay,boundary_retained,3,profile_nrmse,5,-0.009161362460070405,-0.028720938949772845,-0.001056614416660412,5,0
SKS02,SKS03,1,0.75,120,before_decay,boundary_retained,4,peak_depth_error,5,-0.35714285714285715,-0.5714285714285714,-0.2857142857142857,5,0
SKS02,SKS03,1,0.75,120,before_decay,boundary_retained,4,peak_load_error,5,-0.29935341343730604,-0.3042639778566492,-0.2709597297912084,5,0
SKS02,SKS03,1,0.75,120,before_decay,boundary_retained,4,profile_nrmse,5,-0.061732262174276714,-0.09614496022073887,-0.02716465928746576,5,0
SKS02,SKS03,1,0.75,120,before_decay,original,2,peak_depth_error,5,0.4285714285714285,0.14285714285714285,0.4285714285714285,0,5
SKS02,SKS03,1,0.75,120,before_decay,original,2,peak_load_error,5,-0.1647363175856502,-0.2079505285462787,-0.033408780169195226,5,0
SKS02,SKS03,1,0.75,120,before_decay,original,2,profile_nrmse,5,0.006414453244518101,-0.044140308821635665,0.05743083928044157,2,3
SKS02,SKS03,1,0.75,120,before_decay,original,3,peak_depth_error,5,0.1428571428571428,0.1428571428571428,0.35714285714285704,0,5
SKS02,SKS03,1,0.75,120,before_decay,original,3,peak_load_error,5,0.0032765804625954353,-0.032887378764304906,0.07260470999801742,2,3
SKS02,SKS03,1,0.75,120,before_decay,original,3,profile_nrmse,5,-0.009161362460070405,-0.028720938949772845,-0.001056614416660412,5,0
SKS02,SKS03,1,0.75,120,before_decay,original,4,peak_depth_error,5,-0.35714285714285715,-0.5714285714285714,-0.2857142857142857,5,0
SKS02,SKS03,1,0.75,120,before_decay,original,4,peak_load_error,5,-0.29935341343730604,-0.3042639778566492,-0.2709597297912084,5,0
SKS02,SKS03,1,0.75,120,before_decay,original,4,profile_nrmse,5,-0.061732262174276714,-0.09614496022073887,-0.02716465928746576,5,0
SKS02,SKS03,1,0.75,120,shaking,boundary_retained,2,peak_depth_error,6,0.4285714285714285,0.21428571428571425,0.4999999999999999,0,6
SKS02,SKS03,1,0.75,120,shaking,boundary_retained,2,peak_load_error,6,-0.08903703795651532,-0.11912514190936688,-0.01882422054044769,6,0
SKS02,SKS03,1,0.75,120,shaking,boundary_retained,2,profile_nrmse,6,-0.013180083325496021,-0.04497434893544362,-0.0012414409467456228,6,0
SKS02,SKS03,1,0.75,120,shaking,boundary_retained,3,peak_depth_error,6,0.24999999999999992,0.0714285714285714,0.35714285714285704,0,6
SKS02,SKS03,1,0.75,120,shaking,boundary_retained,3,peak_load_error,6,0.030221790905630368,-0.0069469204403961315,0.07336680034509453,1,5
SKS02,SKS03,1,0.75,120,shaking,boundary_retained,3,profile_nrmse,6,-0.006185013906059127,-0.02627678251142633,-0.000827442266606998,6,0
SKS02,SKS03,1,0.75,120,shaking,boundary_retained,4,peak_depth_error,6,-0.39285714285714285,-0.5714285714285714,-0.35714285714285715,6,0
SKS02,SKS03,1,0.75,120,shaking,boundary_retained,4,peak_load_error,6,-0.29261708271600856,-0.3001950090835782,-0.2582343764825151,6,0
SKS02,SKS03,1,0.75,120,shaking,boundary_retained,4,profile_nrmse,6,-0.05527253687484798,-0.09236112385218824,-0.02318785880483406,6,0
SKS02,SKS03,1,0.75,120,shaking,original,2,peak_depth_error,6,0.3214285714285714,0.14285714285714285,0.4999999999999999,0,6
SKS02,SKS03,1,0.75,120,shaking,original,2,peak_load_error,6,-0.12839620414029634,-0.20864300184355322,-0.06809436752474804,6,0
SKS02,SKS03,1,0.75,120,shaking,original,2,profile_nrmse,6,0.02276533879750018,-0.0437574899762397,0.05677782876419603,2,4
SKS02,SKS03,1,0.75,120,shaking,original,3,peak_depth_error,6,0.24999999999999992,0.0714285714285714,0.35714285714285704,0,6
SKS02,SKS03,1,0.75,120,shaking,original,3,peak_load_error,6,0.030221790905630368,-0.0069469204403961315,0.07336680034509453,1,5
SKS02,SKS03,1,0.75,120,shaking,original,3,profile_nrmse,6,-0.006185013906059127,-0.02627678251142633,-0.000827442266606998,6,0
SKS02,SKS03,1,0.75,120,shaking,original,4,peak_depth_error,6,-0.39285714285714285,-0.5714285714285714,-0.35714285714285715,6,0
SKS02,SKS03,1,0.75,120,shaking,original,4,peak_load_error,6,-0.29261708271600856,-0.3001950090835782,-0.2582343764825151,6,0
SKS02,SKS03,1,0.75,120,shaking,original,4,profile_nrmse,6,-0.05527253687484798,-0.09236112385218824,-0.02318785880483406,6,0
SKS02,SKS03,1,0.75,240,after_decay,boundary_retained,2,peak_depth_error,5,0.21428571428571425,-0.0714285714285714,0.28571428571428564,1,4
SKS02,SKS03,1,0.75,240,after_decay,boundary_retained,2,peak_load_error,5,-0.023278605478082914,-0.0915606658393604,0.005376701750817892,4,1
SKS02,SKS03,1,0.75,240,after_decay,boundary_retained,2,profile_nrmse,5,-0.00403651265703539,-0.03344547268128979,0.005035426625315906,3,2
SKS02,SKS03,1,0.75,240,after_decay,boundary_retained,3,peak_depth_error,5,0.0714285714285714,0.0,0.0714285714285714,0,4
SKS02,SKS03,1,0.75,240,after_decay,boundary_retained,3,peak_load_error,5,0.03775734812677797,-0.0012332528777053153,0.0762602067507859,1,4
SKS02,SKS03,1,0.75,240,after_decay,boundary_retained,3,profile_nrmse,5,-0.0005535350051338941,-0.011903994419036307,0.007911346924469306,3,2
SKS02,SKS03,1,0.75,240,after_decay,boundary_retained,4,peak_depth_error,5,-0.35714285714285715,-0.35714285714285715,-0.2142857142857143,5,0
SKS02,SKS03,1,0.75,240,after_decay,boundary_retained,4,peak_load_error,5,-0.30424752274682276,-0.33637700582426894,-0.27067255570200044,5,0
SKS02,SKS03,1,0.75,240,after_decay,boundary_retained,4,profile_nrmse,5,-0.05942255695982908,-0.08679488449567488,-0.032211544414073964,5,0
SKS02,SKS03,1,0.75,240,after_decay,original,2,peak_depth_error,5,0.21428571428571425,0.14285714285714285,0.28571428571428564,0,5
SKS02,SKS03,1,0.75,240,after_decay,original,2,peak_load_error,5,-0.08441877480268345,-0.18354315515710773,-0.03663601819807594,5,0
SKS02,SKS03,1,0.75,240,after_decay,original,2,profile_nrmse,5,0.012158125606843817,-0.04234329965794137,0.04493344775596529,2,3
SKS02,SKS03,1,0.75,240,after_decay,original,3,peak_depth_error,5,0.0714285714285714,0.0,0.0714285714285714,0,4
SKS02,SKS03,1,0.75,240,after_decay,original,3,peak_load_error,5,0.03775734812677797,-0.0012332528777053153,0.0762602067507859,1,4
SKS02,SKS03,1,0.75,240,after_decay,original,3,profile_nrmse,5,-0.0005535350051338941,-0.011903994419036307,0.007911346924469306,3,2
SKS02,SKS03,1,0.75,240,after_decay,original,4,peak_depth_error,5,-0.35714285714285715,-0.35714285714285715,-0.2142857142857143,5,0
SKS02,SKS03,1,0.75,240,after_decay,original,4,peak_load_error,5,-0.30424752274682276,-0.33637700582426894,-0.27067255570200044,5,0
SKS02,SKS03,1,0.75,240,after_decay,original,4,profile_nrmse,5,-0.05942255695982908,-0.08679488449567488,-0.032211544414073964,5,0
SKS02,SKS03,1,0.75,240,before_decay,boundary_retained,2,peak_depth_error,5,0.4285714285714285,0.4285714285714285,0.4999999999999999,0,5
SKS02,SKS03,1,0.75,240,before_decay,boundary_retained,2,peak_load_error,5,-0.0999445564630849,-0.1665089152971088,-0.00045141549540388126,5,0
SKS02,SKS03,1,0.75,240,before_decay,boundary_retained,2,profile_nrmse,5,-0.017716392527824518,-0.04255372215341108,-0.002099350242332293,5,0
SKS02,SKS03,1,0.75,240,before_decay,boundary_retained,3,peak_depth_error,5,0.1428571428571428,0.1428571428571428,0.35714285714285704,0,5
SKS02,SKS03,1,0.75,240,before_decay,boundary_retained,3,peak_load_error,5,0.003277101695392595,-0.033704053460522604,0.06998627895634763,2,3
SKS02,SKS03,1,0.75,240,before_decay,boundary_retained,3,profile_nrmse,5,-0.009120997589671623,-0.028670533896265185,-0.0012179009998243007,5,0
SKS02,SKS03,1,0.75,240,before_decay,boundary_retained,4,peak_depth_error,5,-0.35714285714285715,-0.5714285714285714,-0.2857142857142857,5,0
SKS02,SKS03,1,0.75,240,before_decay,boundary_retained,4,peak_load_error,5,-0.29981268112076875,-0.30464734327320186,-0.2705131195056235,5,0
SKS02,SKS03,1,0.75,240,before_decay,boundary_retained,4,profile_nrmse,5,-0.06168387600804863,-0.09646974508763828,-0.02716157468412471,5,0
SKS02,SKS03,1,0.75,240,before_decay,original,2,peak_depth_error,5,0.4285714285714285,0.14285714285714285,0.4285714285714285,0,5
SKS02,SKS03,1,0.75,240,before_decay,original,2,peak_load_error,5,-0.1665089152971088,-0.2092237608768507,-0.0338318770896472,5,0
SKS02,SKS03,1,0.75,240,before_decay,original,2,profile_nrmse,5,0.006456809622587795,-0.04419614600722041,0.05752364824323522,2,3
SKS02,SKS03,1,0.75,240,before_decay,original,3,peak_depth_error,5,0.1428571428571428,0.1428571428571428,0.35714285714285704,0,5
SKS02,SKS03,1,0.75,240,before_decay,original,3,peak_load_error,5,0.003277101695392595,-0.033704053460522604,0.06998627895634763,2,3
SKS02,SKS03,1,0.75,240,before_decay,original,3,profile_nrmse,5,-0.009120997589671623,-0.028670533896265185,-0.0012179009998243007,5,0
SKS02,SKS03,1,0.75,240,before_decay,original,4,peak_depth_error,5,-0.35714285714285715,-0.5714285714285714,-0.2857142857142857,5,0
SKS02,SKS03,1,0.75,240,before_decay,original,4,peak_load_error,5,-0.29981268112076875,-0.30464734327320186,-0.2705131195056235,5,0
SKS02,SKS03,1,0.75,240,before_decay,original,4,profile_nrmse,5,-0.06168387600804863,-0.09646974508763828,-0.02716157468412471,5,0
SKS02,SKS03,1,0.75,240,shaking,boundary_retained,2,peak_depth_error,6,0.4285714285714285,0.21428571428571425,0.4999999999999999,0,6
SKS02,SKS03,1,0.75,240,shaking,boundary_retained,2,peak_load_error,6,-0.08907410196161927,-0.11914284193070657,-0.018768743679474897,6,0
SKS02,SKS03,1,0.75,240,shaking,boundary_retained,2,profile_nrmse,6,-0.013239034397102944,-0.044978176186600494,-0.0012394410793928612,6,0
SKS02,SKS03,1,0.75,240,shaking,boundary_retained,3,peak_depth_error,6,0.24999999999999992,0.0714285714285714,0.35714285714285704,0,6
SKS02,SKS03,1,0.75,240,shaking,boundary_retained,3,peak_load_error,6,0.030247522953139747,-0.007307455535635304,0.07331630756629186,1,5
SKS02,SKS03,1,0.75,240,shaking,boundary_retained,3,profile_nrmse,6,-0.006225607753150612,-0.026281850899213144,-0.0008266469911504953,6,0
SKS02,SKS03,1,0.75,240,shaking,boundary_retained,4,peak_depth_error,6,-0.39285714285714285,-0.5714285714285714,-0.35714285714285715,6,0
SKS02,SKS03,1,0.75,240,shaking,boundary_retained,4,peak_load_error,6,-0.2928111788929593,-0.3002158938971693,-0.258282850374132,6,0
SKS02,SKS03,1,0.75,240,shaking,boundary_retained,4,profile_nrmse,6,-0.05526010836948754,-0.09233972293922557,-0.023199809108336265,6,0
SKS02,SKS03,1,0.75,240,shaking,original,2,peak_depth_error,6,0.3214285714285714,0.14285714285714285,0.4999999999999999,0,6
SKS02,SKS03,1,0.75,240,shaking,original,2,peak_load_error,6,-0.12839565446735676,-0.20862976536969402,-0.06799374836761726,6,0
SKS02,SKS03,1,0.75,240,shaking,original,2,profile_nrmse,6,0.0227421108313121,-0.043764732228884065,0.056784977231860184,2,4
SKS02,SKS03,1,0.75,240,shaking,original,3,peak_depth_error,6,0.24999999999999992,0.0714285714285714,0.35714285714285704,0,6
SKS02,SKS03,1,0.75,240,shaking,original,3,peak_load_error,6,0.030247522953139747,-0.007307455535635304,0.07331630756629186,1,5
SKS02,SKS03,1,0.75,240,shaking,original,3,profile_nrmse,6,-0.006225607753150612,-0.026281850899213144,-0.0008266469911504953,6,0
SKS02,SKS03,1,0.75,240,shaking,original,4,peak_depth_error,6,-0.39285714285714285,-0.5714285714285714,-0.35714285714285715,6,0
SKS02,SKS03,1,0.75,240,shaking,original,4,peak_load_error,6,-0.2928111788929593,-0.3002158938971693,-0.258282850374132,6,0
SKS02,SKS03,1,0.75,240,shaking,original,4,profile_nrmse,6,-0.05526010836948754,-0.09233972293922557,-0.023199809108336265,6,0
SKS03,SKS02,0,0.25,120,after_decay,boundary_retained,2,peak_depth_error,5,0.2857142857142857,0.14285714285714288,0.4285714285714285,0,5
SKS03,SKS02,0,0.25,120,after_decay,boundary_retained,2,peak_load_error,5,0.02231837727944444,-0.07821326407796797,0.17045844759809395,2,3
SKS03,SKS02,0,0.25,120,after_decay,boundary_retained,2,profile_nrmse,5,-0.11580078066749885,-0.1722740908610588,-0.09081622790916663,5,0
SKS03,SKS02,0,0.25,120,after_decay,boundary_retained,3,peak_depth_error,5,0.0714285714285714,0.0714285714285714,0.21428571428571425,0,5
SKS03,SKS02,0,0.25,120,after_decay,boundary_retained,3,peak_load_error,5,0.05922790748194922,-0.013888806712722218,0.11222572003318403,1,4
SKS03,SKS02,0,0.25,120,after_decay,boundary_retained,3,profile_nrmse,5,-0.0495534917454876,-0.07651570364937936,-0.029454078072274074,5,0
SKS03,SKS02,0,0.25,120,after_decay,boundary_retained,4,peak_depth_error,5,0.07142857142857142,0.07142857142857142,0.14285714285714282,0,5
SKS03,SKS02,0,0.25,120,after_decay,boundary_retained,4,peak_load_error,5,0.015501963252902144,0.009271696750203826,0.11903750478851907,0,5
SKS03,SKS02,0,0.25,120,after_decay,boundary_retained,4,profile_nrmse,5,-0.06351301924600124,-0.10114104009071455,-0.05339064031846558,5,0
SKS03,SKS02,0,0.25,120,after_decay,original,2,peak_depth_error,5,0.0,0.0,0.14285714285714285,0,1
SKS03,SKS02,0,0.25,120,after_decay,original,2,peak_load_error,5,-0.027406464009717732,-0.07905124164889143,0.057382555806647764,4,1
SKS03,SKS02,0,0.25,120,after_decay,original,2,profile_nrmse,5,-0.09810554010267744,-0.15423810306996671,-0.08061455915510364,5,0
SKS03,SKS02,0,0.25,120,after_decay,original,3,peak_depth_error,5,0.07142857142857142,-2.7755575615628914e-17,0.07142857142857142,0,4
SKS03,SKS02,0,0.25,120,after_decay,original,3,peak_load_error,5,0.013158810297447095,0.009271696750203826,0.023486309774284744,0,5
SKS03,SKS02,0,0.25,120,after_decay,original,3,profile_nrmse,5,-0.039218360373608305,-0.05111387321455597,-0.03164830132698538,5,0
SKS03,SKS02,0,0.25,120,after_decay,original,4,peak_depth_error,5,0.07142857142857142,0.07142857142857142,0.14285714285714282,0,5
SKS03,SKS02,0,0.25,120,after_decay,original,4,peak_load_error,5,0.015501963252902144,0.009271696750203826,0.11903750478851907,0,5
SKS03,SKS02,0,0.25,120,after_decay,original,4,profile_nrmse,5,-0.06351301924600124,-0.10114104009071455,-0.05339064031846558,5,0
SKS03,SKS02,0,0.25,120,before_decay,boundary_retained,2,peak_depth_error,5,0.2857142857142857,0.14285714285714288,0.35714285714285715,0,5
SKS03,SKS02,0,0.25,120,before_decay,boundary_retained,2,peak_load_error,5,0.005569005789822945,-0.11721520860408,0.14545431175281806,1,4
SKS03,SKS02,0,0.25,120,before_decay,boundary_retained,2,profile_nrmse,5,-0.13382084708055075,-0.17279005916896242,-0.10454485338458851,5,0
SKS03,SKS02,0,0.25,120,before_decay,boundary_retained,3,peak_depth_error,5,0.0714285714285714,0.0714285714285714,0.21428571428571425,0,5
SKS03,SKS02,0,0.25,120,before_decay,boundary_retained,3,peak_load_error,5,0.024503017554874565,-0.04406923953218786,0.08527143854728794,2,3
SKS03,SKS02,0,0.25,120,before_decay,boundary_retained,3,profile_nrmse,5,-0.06232818909944801,-0.09128288834811757,-0.05025067201405539,5,0
SKS03,SKS02,0,0.25,120,before_decay,boundary_retained,4,peak_depth_error,5,0.07142857142857142,0.07142857142857142,0.14285714285714285,0,5
SKS03,SKS02,0,0.25,120,before_decay,boundary_retained,4,peak_load_error,5,0.014373740793106595,0.0064396926591783026,0.10173421962910284,0,5
SKS03,SKS02,0,0.25,120,before_decay,boundary_retained,4,profile_nrmse,5,-0.08492993598897289,-0.10210563255147016,-0.05252684681918863,5,0
SKS03,SKS02,0,0.25,120,before_decay,original,2,peak_depth_error,5,0.0,0.0,0.07142857142857142,0,1
SKS03,SKS02,0,0.25,120,before_decay,original,2,peak_load_error,5,-0.04334840913872766,-0.12552372085249378,0.01744773056576331,4,1
SKS03,SKS02,0,0.25,120,before_decay,original,2,profile_nrmse,5,-0.11279293767075017,-0.1485898162058574,-0.07092105627399073,5,0
SKS03,SKS02,0,0.25,120,before_decay,original,3,peak_depth_error,5,0.07142857142857142,0.07142857142857142,0.07142857142857142,0,5
SKS03,SKS02,0,0.25,120,before_decay,original,3,peak_load_error,5,0.013351657285751078,0.0064396926591783026,0.022160195409975797,0,5
SKS03,SKS02,0,0.25,120,before_decay,original,3,profile_nrmse,5,-0.05216611897493546,-0.06365954268959156,-0.041795226230962414,5,0
SKS03,SKS02,0,0.25,120,before_decay,original,4,peak_depth_error,5,0.07142857142857142,0.07142857142857142,0.14285714285714285,0,5
SKS03,SKS02,0,0.25,120,before_decay,original,4,peak_load_error,5,0.014373740793106595,0.0064396926591783026,0.10173421962910284,0,5
SKS03,SKS02,0,0.25,120,before_decay,original,4,profile_nrmse,5,-0.08492993598897289,-0.10210563255147016,-0.05252684681918863,5,0
SKS03,SKS02,0,0.25,120,shaking,boundary_retained,2,peak_depth_error,5,0.35714285714285715,0.0,0.4285714285714285,0,4
SKS03,SKS02,0,0.25,120,shaking,boundary_retained,2,peak_load_error,5,0.02498695581795815,-0.0792339314099108,0.17450283083577955,2,3
SKS03,SKS02,0,0.25,120,shaking,boundary_retained,2,profile_nrmse,5,-0.1282149062712582,-0.20262061443504895,-0.07675486115798094,5,0
SKS03,SKS02,0,0.25,120,shaking,boundary_retained,3,peak_depth_error,5,0.21428571428571425,-0.07142857142857142,0.21428571428571427,1,4
SKS03,SKS02,0,0.25,120,shaking,boundary_retained,3,peak_load_error,5,-0.01383598346654653,-0.10833768095901475,0.033182764767295064,4,1
SKS03,SKS02,0,0.25,120,shaking,boundary_retained,3,profile_nrmse,5,-0.06983772749346372,-0.11421230333837552,-0.05360710616214527,5,0
SKS03,SKS02,0,0.25,120,shaking,boundary_retained,4,peak_depth_error,5,0.07142857142857142,-0.1357142857142851,0.14285714285714285,1,3
SKS03,SKS02,0,0.25,120,shaking,boundary_retained,4,peak_load_error,5,0.03445670398479028,0.009065881507635702,0.10755231749899764,0,5
SKS03,SKS02,0,0.25,120,shaking,boundary_retained,4,profile_nrmse,5,-0.060304733287463795,-0.103377096756415,-0.04036858664167687,5,0
SKS03,SKS02,0,0.25,120,shaking,original,2,peak_depth_error,5,0.07142857142857142,-0.2857142857142857,0.3571428571428571,1,3
SKS03,SKS02,0,0.25,120,shaking,original,2,peak_load_error,5,-0.08127600972910967,-0.15679977137890588,0.00036566484413801115,4,1
SKS03,SKS02,0,0.25,120,shaking,original,2,profile_nrmse,5,-0.0940696331708055,-0.14406699296442255,-0.07684577414585762,5,0
SKS03,SKS02,0,0.25,120,shaking,original,3,peak_depth_error,5,0.07142857142857142,-0.1357142857142851,0.14285714285714285,1,3
SKS03,SKS02,0,0.25,120,shaking,original,3,peak_load_error,5,0.02364390302583521,-0.008533989558353631,0.026483881599608614,1,4
SKS03,SKS02,0,0.25,120,shaking,original,3,profile_nrmse,5,-0.04181156156689837,-0.08225990791541282,-0.03897890621068152,5,0
SKS03,SKS02,0,0.25,120,shaking,original,4,peak_depth_error,5,0.07142857142857142,-0.1357142857142851,0.14285714285714285,1,3
SKS03,SKS02,0,0.25,120,shaking,original,4,peak_load_error,5,0.03445670398479028,0.009065881507635702,0.10755231749899764,0,5
SKS03,SKS02,0,0.25,120,shaking,original,4,profile_nrmse,5,-0.060304733287463795,-0.103377096756415,-0.04036858664167687,5,0
SKS03,SKS02,0,0.25,240,after_decay,boundary_retained,2,peak_depth_error,5,0.2857142857142857,0.14285714285714288,0.4285714285714285,0,5
SKS03,SKS02,0,0.25,240,after_decay,boundary_retained,2,peak_load_error,5,0.022073034417358098,-0.07822947771275193,0.17051882204162322,2,3
SKS03,SKS02,0,0.25,240,after_decay,boundary_retained,2,profile_nrmse,5,-0.11575732174004968,-0.17239633852296588,-0.09076475091007952,5,0
SKS03,SKS02,0,0.25,240,after_decay,boundary_retained,3,peak_depth_error,5,0.0714285714285714,0.0714285714285714,0.21428571428571425,0,5
SKS03,SKS02,0,0.25,240,after_decay,boundary_retained,3,peak_load_error,5,0.05924912971183543,-0.013865920314303351,0.11227035998533821,1,4
SKS03,SKS02,0,0.25,240,after_decay,boundary_retained,3,profile_nrmse,5,-0.049553004159944104,-0.07652250870033477,-0.02929684509997962,5,0
SKS03,SKS02,0,0.25,240,after_decay,boundary_retained,4,peak_depth_error,5,0.07142857142857142,0.07142857142857142,0.14285714285714282,0,5
SKS03,SKS02,0,0.25,240,after_decay,boundary_retained,4,peak_load_error,5,0.015271430864091697,0.009300988270314805,0.11906945911962703,0,5
SKS03,SKS02,0,0.25,240,after_decay,boundary_retained,4,profile_nrmse,5,-0.06340101557841936,-0.10111491186486363,-0.05338606439554231,5,0
SKS03,SKS02,0,0.25,240,after_decay,original,2,peak_depth_error,5,0.0,0.0,0.14285714285714285,0,1
SKS03,SKS02,0,0.25,240,after_decay,original,2,peak_load_error,5,-0.027378284728847152,-0.07907434152130424,0.05739503348579969,4,1
SKS03,SKS02,0,0.25,240,after_decay,original,2,profile_nrmse,5,-0.0980518079195395,-0.1543800640950506,-0.08056829711420666,5,0
SKS03,SKS02,0,0.25,240,after_decay,original,3,peak_depth_error,5,0.07142857142857142,-2.7755575615628914e-17,0.07142857142857142,0,4
SKS03,SKS02,0,0.25,240,after_decay,original,3,peak_load_error,5,0.013153382378145707,0.009300988270314805,0.023469058451133867,0,5
SKS03,SKS02,0,0.25,240,after_decay,original,3,profile_nrmse,5,-0.039230497051461435,-0.051126067305226716,-0.031654059339348894,5,0
SKS03,SKS02,0,0.25,240,after_decay,original,4,peak_depth_error,5,0.07142857142857142,0.07142857142857142,0.14285714285714282,0,5
SKS03,SKS02,0,0.25,240,after_decay,original,4,peak_load_error,5,0.015271430864091697,0.009300988270314805,0.11906945911962703,0,5
SKS03,SKS02,0,0.25,240,after_decay,original,4,profile_nrmse,5,-0.06340101557841936,-0.10111491186486363,-0.05338606439554231,5,0
SKS03,SKS02,0,0.25,240,before_decay,boundary_retained,2,peak_depth_error,5,0.2857142857142857,0.14285714285714288,0.35714285714285715,0,5
SKS03,SKS02,0,0.25,240,before_decay,boundary_retained,2,peak_load_error,5,0.0026414490665851303,-0.11859396687798378,0.14425303537991974,1,4
SKS03,SKS02,0,0.25,240,before_decay,boundary_retained,2,profile_nrmse,5,-0.1358951889130917,-0.18323142733348874,-0.10546774273737125,5,0
SKS03,SKS02,0,0.25,240,before_decay,boundary_retained,3,peak_depth_error,5,0.0714285714285714,0.0,0.21428571428571425,0,4
SKS03,SKS02,0,0.25,240,before_decay,boundary_retained,3,peak_load_error,5,0.02331720400384777,-0.044068985199387845,0.08256371876475416,2,3
SKS03,SKS02,0,0.25,240,before_decay,boundary_retained,3,profile_nrmse,5,-0.06677968501810283,-0.09128028556327289,-0.05116804763540181,5,0
SKS03,SKS02,0,0.25,240,before_decay,boundary_retained,4,peak_depth_error,5,0.07142857142857142,0.07142857142857142,0.14285714285714285,0,5
SKS03,SKS02,0,0.25,240,before_decay,boundary_retained,4,peak_load_error,5,0.014494391354237718,0.00606407601687648,0.10058307400665492,0,5
SKS03,SKS02,0,0.25,240,before_decay,boundary_retained,4,profile_nrmse,5,-0.0862280584973148,-0.10259481739154885,-0.052974652559819306,5,0
SKS03,SKS02,0,0.25,240,before_decay,original,2,peak_depth_error,5,0.0,0.0,0.07142857142857142,0,1
SKS03,SKS02,0,0.25,240,before_decay,original,2,peak_load_error,5,-0.046226798548767906,-0.12715887720664942,0.016353036824565854,4,1
SKS03,SKS02,0,0.25,240,before_decay,original,2,profile_nrmse,5,-0.1149789887767242,-0.1505295889477055,-0.07142878406462198,5,0
SKS03,SKS02,0,0.25,240,before_decay,original,3,peak_depth_error,5,0.07142857142857142,0.07142857142857142,0.07142857142857142,0,5
SKS03,SKS02,0,0.25,240,before_decay,original,3,peak_load_error,5,0.014359300739646875,0.005096690694141794,0.02277489492302577,0,5
SKS03,SKS02,0,0.25,240,before_decay,original,3,profile_nrmse,5,-0.05263678493106865,-0.07050890699375245,-0.04194646670426165,5,0
SKS03,SKS02,0,0.25,240,before_decay,original,4,peak_depth_error,5,0.07142857142857142,0.07142857142857142,0.14285714285714285,0,5
SKS03,SKS02,0,0.25,240,before_decay,original,4,peak_load_error,5,0.014494391354237718,0.00606407601687648,0.10058307400665492,0,5
SKS03,SKS02,0,0.25,240,before_decay,original,4,profile_nrmse,5,-0.0862280584973148,-0.10259481739154885,-0.052974652559819306,5,0
SKS03,SKS02,0,0.25,240,shaking,boundary_retained,2,peak_depth_error,5,0.35714285714285715,0.0,0.4285714285714285,0,4
SKS03,SKS02,0,0.25,240,shaking,boundary_retained,2,peak_load_error,5,0.025918522075074557,-0.07823318278439864,0.17226410471974563,2,3
SKS03,SKS02,0,0.25,240,shaking,boundary_retained,2,profile_nrmse,5,-0.1290804775561521,-0.20422914734859432,-0.07783493759300432,5,0
SKS03,SKS02,0,0.25,240,shaking,boundary_retained,3,peak_depth_error,5,0.21428571428571425,-0.07142857142857142,0.21428571428571427,1,4
SKS03,SKS02,0,0.25,240,shaking,boundary_retained,3,peak_load_error,5,-0.012865318494610312,-0.10612829341009587,0.03977839004733229,4,1
SKS03,SKS02,0,0.25,240,shaking,boundary_retained,3,profile_nrmse,5,-0.06915790236838468,-0.1137101710601214,-0.0537645585898374,5,0
SKS03,SKS02,0,0.25,240,shaking,boundary_retained,4,peak_depth_error,5,0.07142857142857142,-2.7755575615628914e-17,0.14285714285714285,0,4
SKS03,SKS02,0,0.25,240,shaking,boundary_retained,4,peak_load_error,5,0.03577963099999576,0.010013551157668436,0.10943204466542589,0,5
SKS03,SKS02,0,0.25,240,shaking,boundary_retained,4,profile_nrmse,5,-0.060128106334787663,-0.10142848513889915,-0.04082105602686604,5,0
SKS03,SKS02,0,0.25,240,shaking,original,2,peak_depth_error,5,0.07142857142857142,-0.2857142857142857,0.3571428571428571,1,3
SKS03,SKS02,0,0.25,240,shaking,original,2,peak_load_error,5,-0.0731963142702067,-0.1530312113659521,0.0011785652747066978,4,1
SKS03,SKS02,0,0.25,240,shaking,original,2,profile_nrmse,5,-0.09393301196279952,-0.14563474639715274,-0.07707290886701651,5,0
SKS03,SKS02,0,0.25,240,shaking,original,3,peak_depth_error,5,0.07142857142857142,-0.07142857142857142,0.14285714285714285,1,3
SKS03,SKS02,0,0.25,240,shaking,original,3,peak_load_error,5,0.022479607733481337,-0.0064893667860764104,0.02737966453260353,1,4
SKS03,SKS02,0,0.25,240,shaking,original,3,profile_nrmse,5,-0.04172039382303245,-0.08200773082982912,-0.03900424611913794,5,0
SKS03,SKS02,0,0.25,240,shaking,original,4,peak_depth_error,5,0.07142857142857142,-2.7755575615628914e-17,0.14285714285714285,0,4
SKS03,SKS02,0,0.25,240,shaking,original,4,peak_load_error,5,0.03577963099999576,0.010013551157668436,0.10943204466542589,0,5
SKS03,SKS02,0,0.25,240,shaking,original,4,profile_nrmse,5,-0.060128106334787663,-0.10142848513889915,-0.04082105602686604,5,0
SKS03,SKS02,0,0.5,120,after_decay,boundary_retained,2,peak_depth_error,5,0.2857142857142857,0.14285714285714288,0.4285714285714285,0,5
SKS03,SKS02,0,0.5,120,after_decay,boundary_retained,2,peak_load_error,5,0.02196980087009289,-0.07888697737075862,0.1804295963097853,2,3
SKS03,SKS02,0,0.5,120,after_decay,boundary_retained,2,profile_nrmse,5,-0.11603792526455362,-0.1723468784876661,-0.08877791831825785,5,0
SKS03,SKS02,0,0.5,120,after_decay,boundary_retained,3,peak_depth_error,5,0.0714285714285714,0.0714285714285714,0.21428571428571425,0,5
SKS03,SKS02,0,0.5,120,after_decay,boundary_retained,3,peak_load_error,5,0.05925710474861381,-0.02021485288934234,0.11167952334294866,1,4
SKS03,SKS02,0,0.5,120,after_decay,boundary_retained,3,profile_nrmse,5,-0.04961713131542633,-0.08181932480726928,-0.03855573254233445,5,0
SKS03,SKS02,0,0.5,120,after_decay,boundary_retained,4,peak_depth_error,5,0.07142857142857142,0.07142857142857142,0.14285714285714282,0,5
SKS03,SKS02,0,0.5,120,after_decay,boundary_retained,4,peak_load_error,5,0.015428659212430543,0.009324840168984369,0.1292233325043344,0,5
SKS03,SKS02,0,0.5,120,after_decay,boundary_retained,4,profile_nrmse,5,-0.07117225282024622,-0.10097568989019311,-0.04506537559890837,5,0
SKS03,SKS02,0,0.5,120,after_decay,original,2,peak_depth_error,5,0.0,0.0,0.14285714285714285,0,1
SKS03,SKS02,0,0.5,120,after_decay,original,2,peak_load_error,5,-0.0276439420419254,-0.07973394287750904,0.057409550175731024,4,1
SKS03,SKS02,0,0.5,120,after_decay,original,2,profile_nrmse,5,-0.09794863262467378,-0.15355626000693295,-0.06637521010551484,5,0
SKS03,SKS02,0,0.5,120,after_decay,original,3,peak_depth_error,5,0.07142857142857142,-2.7755575615628914e-17,0.07142857142857142,0,4
SKS03,SKS02,0,0.5,120,after_decay,original,3,peak_load_error,5,0.014185876458867356,0.009324840168984369,0.023516719921424997,0,5
SKS03,SKS02,0,0.5,120,after_decay,original,3,profile_nrmse,5,-0.044188282260613984,-0.04881814437168681,-0.031633495267290195,5,0
SKS03,SKS02,0,0.5,120,after_decay,original,4,peak_depth_error,5,0.07142857142857142,0.07142857142857142,0.14285714285714282,0,5
SKS03,SKS02,0,0.5,120,after_decay,original,4,peak_load_error,5,0.015428659212430543,0.009324840168984369,0.1292233325043344,0,5
SKS03,SKS02,0,0.5,120,after_decay,original,4,profile_nrmse,5,-0.07117225282024622,-0.10097568989019311,-0.04506537559890837,5,0
SKS03,SKS02,0,0.5,120,before_decay,boundary_retained,2,peak_depth_error,5,0.2857142857142857,0.14285714285714285,0.2857142857142857,0,5
SKS03,SKS02,0,0.5,120,before_decay,boundary_retained,2,peak_load_error,5,-0.00048370745199752957,-0.12546302989505187,0.09009260274677343,3,2
SKS03,SKS02,0,0.5,120,before_decay,boundary_retained,2,profile_nrmse,5,-0.1450007329140062,-0.19421829812660896,-0.10780626274432777,5,0
SKS03,SKS02,0,0.5,120,before_decay,boundary_retained,3,peak_depth_error,5,0.0714285714285714,-0.07142857142857145,0.21428571428571425,2,3
SKS03,SKS02,0,0.5,120,before_decay,boundary_retained,3,peak_load_error,5,0.014804057901799113,-0.11605658472283192,0.06383946094668733,2,3
SKS03,SKS02,0,0.5,120,before_decay,boundary_retained,3,profile_nrmse,5,-0.07627312410684234,-0.10565278868066076,-0.05392170711917625,5,0
SKS03,SKS02,0,0.5,120,before_decay,boundary_retained,4,peak_depth_error,5,0.07142857142857142,0.07142857142857142,0.21428571428571427,0,5
SKS03,SKS02,0,0.5,120,before_decay,boundary_retained,4,peak_load_error,5,0.014364430219648575,0.0073661671142421494,0.07936960401354198,0,5
SKS03,SKS02,0,0.5,120,before_decay,boundary_retained,4,profile_nrmse,5,-0.08687387071119844,-0.1185059444295726,-0.05981503069439568,5,0
SKS03,SKS02,0,0.5,120,before_decay,original,2,peak_depth_error,5,0.0,-0.14285714285714288,0.0,1,0
SKS03,SKS02,0,0.5,120,before_decay,original,2,peak_load_error,5,-0.06659489588730727,-0.13338415469914905,-0.02128474074618015,5,0
SKS03,SKS02,0,0.5,120,before_decay,original,2,profile_nrmse,5,-0.11489425070276187,-0.16079578519228066,-0.07264711989848686,5,0
SKS03,SKS02,0,0.5,120,before_decay,original,3,peak_depth_error,5,0.07142857142857142,0.07142857142857142,0.14285714285714285,0,5
SKS03,SKS02,0,0.5,120,before_decay,original,3,peak_load_error,5,0.014244910155397063,0.0027267498292410965,0.02230544531507557,0,5
SKS03,SKS02,0,0.5,120,before_decay,original,3,profile_nrmse,5,-0.05431093099426544,-0.07951690299451947,-0.04256949408791145,5,0
SKS03,SKS02,0,0.5,120,before_decay,original,4,peak_depth_error,5,0.07142857142857142,0.07142857142857142,0.21428571428571427,0,5
SKS03,SKS02,0,0.5,120,before_decay,original,4,peak_load_error,5,0.014364430219648575,0.0073661671142421494,0.07936960401354198,0,5
SKS03,SKS02,0,0.5,120,before_decay,original,4,profile_nrmse,5,-0.08687387071119844,-0.1185059444295726,-0.05981503069439568,5,0
SKS03,SKS02,0,0.5,120,shaking,boundary_retained,2,peak_depth_error,5,0.35714285714285715,0.0,0.4285714285714285,0,4
SKS03,SKS02,0,0.5,120,shaking,boundary_retained,2,peak_load_error,5,0.02498695581795815,-0.0792339314099108,0.17450283083577955,2,3
SKS03,SKS02,0,0.5,120,shaking,boundary_retained,2,profile_nrmse,5,-0.1282149062712582,-0.20262061443504895,-0.07675486115798094,5,0
SKS03,SKS02,0,0.5,120,shaking,boundary_retained,3,peak_depth_error,5,0.21428571428571425,-0.07142857142857142,0.21428571428571427,1,4
SKS03,SKS02,0,0.5,120,shaking,boundary_retained,3,peak_load_error,5,-0.01383598346654653,-0.10833768095901475,0.033182764767295064,4,1
SKS03,SKS02,0,0.5,120,shaking,boundary_retained,3,profile_nrmse,5,-0.06983772749346372,-0.11421230333837552,-0.05360710616214527,5,0
SKS03,SKS02,0,0.5,120,shaking,boundary_retained,4,peak_depth_error,5,0.07142857142857142,-0.1357142857142851,0.14285714285714285,1,3
SKS03,SKS02,0,0.5,120,shaking,boundary_retained,4,peak_load_error,5,0.03445670398479028,0.009065881507635702,0.10755231749899764,0,5
SKS03,SKS02,0,0.5,120,shaking,boundary_retained,4,profile_nrmse,5,-0.060304733287463795,-0.103377096756415,-0.04036858664167687,5,0
SKS03,SKS02,0,0.5,120,shaking,original,2,peak_depth_error,5,0.07142857142857142,-0.2857142857142857,0.3571428571428571,1,3
SKS03,SKS02,0,0.5,120,shaking,original,2,peak_load_error,5,-0.08127600972910967,-0.15679977137890588,0.00036566484413801115,4,1
SKS03,SKS02,0,0.5,120,shaking,original,2,profile_nrmse,5,-0.0940696331708055,-0.14406699296442255,-0.07684577414585762,5,0
SKS03,SKS02,0,0.5,120,shaking,original,3,peak_depth_error,5,0.07142857142857142,-0.1357142857142851,0.14285714285714285,1,3
SKS03,SKS02,0,0.5,120,shaking,original,3,peak_load_error,5,0.02364390302583521,-0.008533989558353631,0.026483881599608614,1,4
SKS03,SKS02,0,0.5,120,shaking,original,3,profile_nrmse,5,-0.04181156156689837,-0.08225990791541282,-0.03897890621068152,5,0
SKS03,SKS02,0,0.5,120,shaking,original,4,peak_depth_error,5,0.07142857142857142,-0.1357142857142851,0.14285714285714285,1,3
SKS03,SKS02,0,0.5,120,shaking,original,4,peak_load_error,5,0.03445670398479028,0.009065881507635702,0.10755231749899764,0,5
SKS03,SKS02,0,0.5,120,shaking,original,4,profile_nrmse,5,-0.060304733287463795,-0.103377096756415,-0.04036858664167687,5,0
SKS03,SKS02,0,0.5,240,after_decay,boundary_retained,2,peak_depth_error,5,0.2857142857142857,0.14285714285714288,0.4285714285714285,0,5
SKS03,SKS02,0,0.5,240,after_decay,boundary_retained,2,peak_load_error,5,0.021986344543025872,-0.0790484262159398,0.1804265639305319,2,3
SKS03,SKS02,0,0.5,240,after_decay,boundary_retained,2,profile_nrmse,5,-0.11604064554102773,-0.17257294232898177,-0.0884472279537321,5,0
SKS03,SKS02,0,0.5,240,after_decay,boundary_retained,3,peak_depth_error,5,0.0714285714285714,0.0714285714285714,0.21428571428571425,0,5
SKS03,SKS02,0,0.5,240,after_decay,boundary_retained,3,peak_load_error,5,0.059233581650833755,-0.020255817330560602,0.11169409793001542,1,4
SKS03,SKS02,0,0.5,240,after_decay,boundary_retained,3,profile_nrmse,5,-0.04964089606265099,-0.08173129847800675,-0.03841202737402601,5,0
SKS03,SKS02,0,0.5,240,after_decay,boundary_retained,4,peak_depth_error,5,0.07142857142857142,0.07142857142857142,0.14285714285714282,0,5
SKS03,SKS02,0,0.5,240,after_decay,boundary_retained,4,peak_load_error,5,0.015429409393541517,0.009492782761460952,0.12918255521226016,0,5
SKS03,SKS02,0,0.5,240,after_decay,boundary_retained,4,profile_nrmse,5,-0.07120821875924098,-0.10108678300208906,-0.04490470071692026,5,0
SKS03,SKS02,0,0.5,240,after_decay,original,2,peak_depth_error,5,0.0,0.0,0.14285714285714285,0,1
SKS03,SKS02,0,0.5,240,after_decay,original,2,peak_load_error,5,-0.027661672369477752,-0.07990605624495026,0.057398921146051406,4,1
SKS03,SKS02,0,0.5,240,after_decay,original,2,profile_nrmse,5,-0.09794249964022753,-0.15379118229827182,-0.06623284805642761,5,0
SKS03,SKS02,0,0.5,240,after_decay,original,3,peak_depth_error,5,0.07142857142857142,-2.7755575615628914e-17,0.07142857142857142,0,4
SKS03,SKS02,0,0.5,240,after_decay,original,3,peak_load_error,5,0.014136911920425026,0.009492782761460952,0.023517792928484424,0,5
SKS03,SKS02,0,0.5,240,after_decay,original,3,profile_nrmse,5,-0.04400542662171138,-0.048944677661999496,-0.031654693243748415,5,0
SKS03,SKS02,0,0.5,240,after_decay,original,4,peak_depth_error,5,0.07142857142857142,0.07142857142857142,0.14285714285714282,0,5
SKS03,SKS02,0,0.5,240,after_decay,original,4,peak_load_error,5,0.015429409393541517,0.009492782761460952,0.12918255521226016,0,5
SKS03,SKS02,0,0.5,240,after_decay,original,4,profile_nrmse,5,-0.07120821875924098,-0.10108678300208906,-0.04490470071692026,5,0
SKS03,SKS02,0,0.5,240,before_decay,boundary_retained,2,peak_depth_error,5,0.2857142857142857,0.14285714285714285,0.2857142857142857,0,5
SKS03,SKS02,0,0.5,240,before_decay,boundary_retained,2,peak_load_error,5,-0.0014756885005133835,-0.1293534916159657,0.09060632247093653,3,2
SKS03,SKS02,0,0.5,240,before_decay,boundary_retained,2,profile_nrmse,5,-0.14960682319177718,-0.19592874478259312,-0.10796571612250727,5,0
SKS03,SKS02,0,0.5,240,before_decay,boundary_retained,3,peak_depth_error,5,0.0714285714285714,-0.07142857142857142,0.21428571428571425,2,3
SKS03,SKS02,0,0.5,240,before_decay,boundary_retained,3,peak_load_error,5,0.008523307765774705,-0.11722818251778634,0.060071107380332944,2,3
SKS03,SKS02,0,0.5,240,before_decay,boundary_retained,3,profile_nrmse,5,-0.07643861952336008,-0.10584184207786759,-0.055001018990221445,5,0
SKS03,SKS02,0,0.5,240,before_decay,boundary_retained,4,peak_depth_error,5,0.07142857142857142,0.07142857142857142,0.21428571428571427,0,5
SKS03,SKS02,0,0.5,240,before_decay,boundary_retained,4,peak_load_error,5,0.01429796634449415,0.008429988530409483,0.07450233472252676,0,5
SKS03,SKS02,0,0.5,240,before_decay,boundary_retained,4,profile_nrmse,5,-0.08650667339130769,-0.11859093590677862,-0.05967596525733094,5,0
SKS03,SKS02,0,0.5,240,before_decay,original,2,peak_depth_error,5,0.0,-0.10714285714285715,0.0,1,0
SKS03,SKS02,0,0.5,240,before_decay,original,2,peak_load_error,5,-0.06920697454412751,-0.13698431504418862,-0.020706546306255513,5,0
SKS03,SKS02,0,0.5,240,before_decay,original,2,profile_nrmse,5,-0.11507673062084284,-0.1615065827679863,-0.07222670505100831,5,0
SKS03,SKS02,0,0.5,240,before_decay,original,3,peak_depth_error,5,0.07142857142857142,0.07142857142857142,0.14285714285714285,0,5
SKS03,SKS02,0,0.5,240,before_decay,original,3,peak_load_error,5,0.014175563854824717,0.0028026572342802966,0.02218078645517406,0,5
SKS03,SKS02,0,0.5,240,before_decay,original,3,profile_nrmse,5,-0.05487425488111364,-0.07959474057667612,-0.04279407224932462,5,0
SKS03,SKS02,0,0.5,240,before_decay,original,4,peak_depth_error,5,0.07142857142857142,0.07142857142857142,0.21428571428571427,0,5
SKS03,SKS02,0,0.5,240,before_decay,original,4,peak_load_error,5,0.01429796634449415,0.008429988530409483,0.07450233472252676,0,5
SKS03,SKS02,0,0.5,240,before_decay,original,4,profile_nrmse,5,-0.08650667339130769,-0.11859093590677862,-0.05967596525733094,5,0
SKS03,SKS02,0,0.5,240,shaking,boundary_retained,2,peak_depth_error,5,0.35714285714285715,0.0,0.4285714285714285,0,4
SKS03,SKS02,0,0.5,240,shaking,boundary_retained,2,peak_load_error,5,0.025918522075074557,-0.07823318278439864,0.17226410471974563,2,3
SKS03,SKS02,0,0.5,240,shaking,boundary_retained,2,profile_nrmse,5,-0.1290804775561521,-0.20422914734859432,-0.07783493759300432,5,0
SKS03,SKS02,0,0.5,240,shaking,boundary_retained,3,peak_depth_error,5,0.21428571428571425,-0.07142857142857142,0.21428571428571427,1,4
SKS03,SKS02,0,0.5,240,shaking,boundary_retained,3,peak_load_error,5,-0.012865318494610312,-0.10612829341009587,0.03977839004733229,4,1
SKS03,SKS02,0,0.5,240,shaking,boundary_retained,3,profile_nrmse,5,-0.06915790236838468,-0.1137101710601214,-0.0537645585898374,5,0
SKS03,SKS02,0,0.5,240,shaking,boundary_retained,4,peak_depth_error,5,0.07142857142857142,-2.7755575615628914e-17,0.14285714285714285,0,4
SKS03,SKS02,0,0.5,240,shaking,boundary_retained,4,peak_load_error,5,0.03577963099999576,0.010013551157668436,0.10943204466542589,0,5
SKS03,SKS02,0,0.5,240,shaking,boundary_retained,4,profile_nrmse,5,-0.060128106334787663,-0.10142848513889915,-0.04082105602686604,5,0
SKS03,SKS02,0,0.5,240,shaking,original,2,peak_depth_error,5,0.07142857142857142,-0.2857142857142857,0.3571428571428571,1,3
SKS03,SKS02,0,0.5,240,shaking,original,2,peak_load_error,5,-0.0731963142702067,-0.1530312113659521,0.0011785652747066978,4,1
SKS03,SKS02,0,0.5,240,shaking,original,2,profile_nrmse,5,-0.09393301196279952,-0.14563474639715274,-0.07707290886701651,5,0
SKS03,SKS02,0,0.5,240,shaking,original,3,peak_depth_error,5,0.07142857142857142,-0.07142857142857142,0.14285714285714285,1,3
SKS03,SKS02,0,0.5,240,shaking,original,3,peak_load_error,5,0.022479607733481337,-0.0064893667860764104,0.02737966453260353,1,4
SKS03,SKS02,0,0.5,240,shaking,original,3,profile_nrmse,5,-0.04172039382303245,-0.08200773082982912,-0.03900424611913794,5,0
SKS03,SKS02,0,0.5,240,shaking,original,4,peak_depth_error,5,0.07142857142857142,-2.7755575615628914e-17,0.14285714285714285,0,4
SKS03,SKS02,0,0.5,240,shaking,original,4,peak_load_error,5,0.03577963099999576,0.010013551157668436,0.10943204466542589,0,5
SKS03,SKS02,0,0.5,240,shaking,original,4,profile_nrmse,5,-0.060128106334787663,-0.10142848513889915,-0.04082105602686604,5,0
SKS03,SKS02,0,0.75,120,after_decay,boundary_retained,2,peak_depth_error,5,0.2857142857142857,0.14285714285714288,0.4285714285714285,0,5
SKS03,SKS02,0,0.75,120,after_decay,boundary_retained,2,peak_load_error,5,0.02180300206011042,-0.08003718217430618,0.180492444251891,1,4
SKS03,SKS02,0,0.75,120,after_decay,boundary_retained,2,profile_nrmse,5,-0.11615026859658342,-0.17263469386871225,-0.09001058744334853,5,0
SKS03,SKS02,0,0.75,120,after_decay,boundary_retained,3,peak_depth_error,5,0.0714285714285714,0.0714285714285714,0.21428571428571425,0,5
SKS03,SKS02,0,0.75,120,after_decay,boundary_retained,3,peak_load_error,5,0.059175009536526484,-0.020544146783624387,0.11155926822681347,1,4
SKS03,SKS02,0,0.75,120,after_decay,boundary_retained,3,profile_nrmse,5,-0.049706411049936707,-0.0826663489614938,-0.03899147875448781,5,0
SKS03,SKS02,0,0.75,120,after_decay,boundary_retained,4,peak_depth_error,5,0.07142857142857142,0.07142857142857142,0.14285714285714282,0,5
SKS03,SKS02,0,0.75,120,after_decay,boundary_retained,4,peak_load_error,5,0.015484213386876514,0.009482908199362143,0.12925726987792585,0,5
SKS03,SKS02,0,0.75,120,after_decay,boundary_retained,4,profile_nrmse,5,-0.07106572665472044,-0.10089291280067121,-0.04431396169475024,5,0
SKS03,SKS02,0,0.75,120,after_decay,original,2,peak_depth_error,5,0.0,0.0,0.14285714285714285,0,1
SKS03,SKS02,0,0.75,120,after_decay,original,2,peak_load_error,5,-0.027979497703877303,-0.08086200454024066,0.057366193881716016,4,1
SKS03,SKS02,0,0.75,120,after_decay,original,2,profile_nrmse,5,-0.09768617311558923,-0.15307549711563928,-0.06441375649808209,5,0
SKS03,SKS02,0,0.75,120,after_decay,original,3,peak_depth_error,5,0.07142857142857142,-2.7755575615628914e-17,0.07142857142857142,0,4
SKS03,SKS02,0,0.75,120,after_decay,original,3,peak_load_error,5,0.013919610367993598,0.009482908199362143,0.023520734380374678,0,5
SKS03,SKS02,0,0.75,120,after_decay,original,3,profile_nrmse,5,-0.04400973952517634,-0.049016675207399656,-0.03170455819156023,5,0
SKS03,SKS02,0,0.75,120,after_decay,original,4,peak_depth_error,5,0.07142857142857142,0.07142857142857142,0.14285714285714282,0,5
SKS03,SKS02,0,0.75,120,after_decay,original,4,peak_load_error,5,0.015484213386876514,0.009482908199362143,0.12925726987792585,0,5
SKS03,SKS02,0,0.75,120,after_decay,original,4,profile_nrmse,5,-0.07106572665472044,-0.10089291280067121,-0.04431396169475024,5,0
SKS03,SKS02,0,0.75,120,before_decay,boundary_retained,2,peak_depth_error,5,0.2857142857142857,0.07142857142857142,0.2857142857142857,0,5
SKS03,SKS02,0,0.75,120,before_decay,boundary_retained,2,peak_load_error,5,-0.007661438140086255,-0.1319139840519953,0.08376078707696576,3,2
SKS03,SKS02,0,0.75,120,before_decay,boundary_retained,2,profile_nrmse,5,-0.1633754612312066,-0.207044701822218,-0.11362879904308555,5,0
SKS03,SKS02,0,0.75,120,before_decay,boundary_retained,3,peak_depth_error,5,0.0714285714285714,-0.07142857142857142,0.21428571428571425,2,3
SKS03,SKS02,0,0.75,120,before_decay,boundary_retained,3,peak_load_error,5,-0.02078752748221463,-0.11947093118580963,0.05720541794745533,3,2
SKS03,SKS02,0,0.75,120,before_decay,boundary_retained,3,profile_nrmse,5,-0.08007868163221873,-0.11111848187193489,-0.05603741238331282,5,0
SKS03,SKS02,0,0.75,120,before_decay,boundary_retained,4,peak_depth_error,5,0.07142857142857142,0.07142857142857142,0.21428571428571427,0,5
SKS03,SKS02,0,0.75,120,before_decay,boundary_retained,4,peak_load_error,5,0.013548073857778314,0.008626111243782167,0.06416223638805554,0,5
SKS03,SKS02,0,0.75,120,before_decay,boundary_retained,4,profile_nrmse,5,-0.08818926979676496,-0.12026137013682389,-0.05795708413782203,5,0
SKS03,SKS02,0,0.75,120,before_decay,original,2,peak_depth_error,5,0.0,-0.08571428571428491,0.0,1,0
SKS03,SKS02,0,0.75,120,before_decay,original,2,peak_load_error,5,-0.08822443346063177,-0.13906562105118087,-0.030979158918950145,5,0
SKS03,SKS02,0,0.75,120,before_decay,original,2,profile_nrmse,5,-0.11936852027368969,-0.160690743201176,-0.07231020756658373,5,0
SKS03,SKS02,0,0.75,120,before_decay,original,3,peak_depth_error,5,0.07142857142857142,0.07142857142857142,0.14285714285714285,0,5
SKS03,SKS02,0,0.75,120,before_decay,original,3,peak_load_error,5,0.013319508340818326,-0.006190893799166109,0.0227287375450521,1,4
SKS03,SKS02,0,0.75,120,before_decay,original,3,profile_nrmse,5,-0.05555762063591337,-0.08197079962005538,-0.04435991482192244,5,0
SKS03,SKS02,0,0.75,120,before_decay,original,4,peak_depth_error,5,0.07142857142857142,0.07142857142857142,0.21428571428571427,0,5
SKS03,SKS02,0,0.75,120,before_decay,original,4,peak_load_error,5,0.013548073857778314,0.008626111243782167,0.06416223638805554,0,5
SKS03,SKS02,0,0.75,120,before_decay,original,4,profile_nrmse,5,-0.08818926979676496,-0.12026137013682389,-0.05795708413782203,5,0
SKS03,SKS02,0,0.75,120,shaking,boundary_retained,2,peak_depth_error,5,0.35714285714285715,0.0,0.4285714285714285,0,4
SKS03,SKS02,0,0.75,120,shaking,boundary_retained,2,peak_load_error,5,0.02498695581795815,-0.0792339314099108,0.17450283083577955,2,3
SKS03,SKS02,0,0.75,120,shaking,boundary_retained,2,profile_nrmse,5,-0.1282149062712582,-0.20262061443504895,-0.07675486115798094,5,0
SKS03,SKS02,0,0.75,120,shaking,boundary_retained,3,peak_depth_error,5,0.21428571428571425,-0.07142857142857142,0.21428571428571427,1,4
SKS03,SKS02,0,0.75,120,shaking,boundary_retained,3,peak_load_error,5,-0.01383598346654653,-0.10833768095901475,0.033182764767295064,4,1
SKS03,SKS02,0,0.75,120,shaking,boundary_retained,3,profile_nrmse,5,-0.06983772749346372,-0.11421230333837552,-0.05360710616214527,5,0
SKS03,SKS02,0,0.75,120,shaking,boundary_retained,4,peak_depth_error,5,0.07142857142857142,-0.1357142857142851,0.14285714285714285,1,3
SKS03,SKS02,0,0.75,120,shaking,boundary_retained,4,peak_load_error,5,0.03445670398479028,0.009065881507635702,0.10755231749899764,0,5
SKS03,SKS02,0,0.75,120,shaking,boundary_retained,4,profile_nrmse,5,-0.060304733287463795,-0.103377096756415,-0.04036858664167687,5,0
SKS03,SKS02,0,0.75,120,shaking,original,2,peak_depth_error,5,0.07142857142857142,-0.2857142857142857,0.3571428571428571,1,3
SKS03,SKS02,0,0.75,120,shaking,original,2,peak_load_error,5,-0.08127600972910967,-0.15679977137890588,0.00036566484413801115,4,1
SKS03,SKS02,0,0.75,120,shaking,original,2,profile_nrmse,5,-0.0940696331708055,-0.14406699296442255,-0.07684577414585762,5,0
SKS03,SKS02,0,0.75,120,shaking,original,3,peak_depth_error,5,0.07142857142857142,-0.1357142857142851,0.14285714285714285,1,3
SKS03,SKS02,0,0.75,120,shaking,original,3,peak_load_error,5,0.02364390302583521,-0.008533989558353631,0.026483881599608614,1,4
SKS03,SKS02,0,0.75,120,shaking,original,3,profile_nrmse,5,-0.04181156156689837,-0.08225990791541282,-0.03897890621068152,5,0
SKS03,SKS02,0,0.75,120,shaking,original,4,peak_depth_error,5,0.07142857142857142,-0.1357142857142851,0.14285714285714285,1,3
SKS03,SKS02,0,0.75,120,shaking,original,4,peak_load_error,5,0.03445670398479028,0.009065881507635702,0.10755231749899764,0,5
SKS03,SKS02,0,0.75,120,shaking,original,4,profile_nrmse,5,-0.060304733287463795,-0.103377096756415,-0.04036858664167687,5,0
SKS03,SKS02,0,0.75,240,after_decay,boundary_retained,2,peak_depth_error,5,0.2857142857142857,0.14285714285714288,0.4285714285714285,0,5
SKS03,SKS02,0,0.75,240,after_decay,boundary_retained,2,peak_load_error,5,0.021635901838257865,-0.07977109881103389,0.18047902191748733,1,4
SKS03,SKS02,0,0.75,240,after_decay,boundary_retained,2,profile_nrmse,5,-0.11619346649132484,-0.17283004476313496,-0.0901002738938608,5,0
SKS03,SKS02,0,0.75,240,after_decay,boundary_retained,3,peak_depth_error,5,0.0714285714285714,0.0714285714285714,0.21428571428571425,0,5
SKS03,SKS02,0,0.75,240,after_decay,boundary_retained,3,peak_load_error,5,0.0592385887005549,-0.02045543127845248,0.11148885942099854,1,4
SKS03,SKS02,0,0.75,240,after_decay,boundary_retained,3,profile_nrmse,5,-0.04969766394442292,-0.08275615710121016,-0.039053950264799873,5,0
SKS03,SKS02,0,0.75,240,after_decay,boundary_retained,4,peak_depth_error,5,0.07142857142857142,0.07142857142857142,0.14285714285714282,0,5
SKS03,SKS02,0,0.75,240,after_decay,boundary_retained,4,peak_load_error,5,0.01546889552990846,0.009552253725094238,0.12926214503375863,0,5
SKS03,SKS02,0,0.75,240,after_decay,boundary_retained,4,profile_nrmse,5,-0.07106572838459879,-0.10103144898064266,-0.04433124407970875,5,0
SKS03,SKS02,0,0.75,240,after_decay,original,2,peak_depth_error,5,0.0,0.0,0.14285714285714285,0,1
SKS03,SKS02,0,0.75,240,after_decay,original,2,peak_load_error,5,-0.027969838720101073,-0.08061511612684139,0.05744628322995947,4,1
SKS03,SKS02,0,0.75,240,after_decay,original,2,profile_nrmse,5,-0.09773394529015557,-0.15327667857721367,-0.06444276365773016,5,0
SKS03,SKS02,0,0.75,240,after_decay,original,3,peak_depth_error,5,0.07142857142857142,-2.7755575615628914e-17,0.07142857142857142,0,4
SKS03,SKS02,0,0.75,240,after_decay,original,3,peak_load_error,5,0.013952336468612997,0.009552253725094238,0.023531355182974223,0,5
SKS03,SKS02,0,0.75,240,after_decay,original,3,profile_nrmse,5,-0.04406573474545758,-0.04909470822454435,-0.03169474504216793,5,0
SKS03,SKS02,0,0.75,240,after_decay,original,4,peak_depth_error,5,0.07142857142857142,0.07142857142857142,0.14285714285714282,0,5
SKS03,SKS02,0,0.75,240,after_decay,original,4,peak_load_error,5,0.01546889552990846,0.009552253725094238,0.12926214503375863,0,5
SKS03,SKS02,0,0.75,240,after_decay,original,4,profile_nrmse,5,-0.07106572838459879,-0.10103144898064266,-0.04433124407970875,5,0
SKS03,SKS02,0,0.75,240,before_decay,boundary_retained,2,peak_depth_error,5,0.2857142857142857,0.07142857142857142,0.2857142857142857,0,5
SKS03,SKS02,0,0.75,240,before_decay,boundary_retained,2,peak_load_error,5,-0.007990684363396026,-0.1325399471401947,0.08580930379118905,3,2
SKS03,SKS02,0,0.75,240,before_decay,boundary_retained,2,profile_nrmse,5,-0.16369219622404063,-0.20779287222707166,-0.11296302662988185,5,0
SKS03,SKS02,0,0.75,240,before_decay,boundary_retained,3,peak_depth_error,5,0.0714285714285714,-0.07142857142857142,0.21428571428571425,1,3
SKS03,SKS02,0,0.75,240,before_decay,boundary_retained,3,peak_load_error,5,-0.019597005020769526,-0.12056200227508342,0.056975322335760324,3,2
SKS03,SKS02,0,0.75,240,before_decay,boundary_retained,3,profile_nrmse,5,-0.07968870474144071,-0.11066317393402827,-0.05575085985881506,5,0
SKS03,SKS02,0,0.75,240,before_decay,boundary_retained,4,peak_depth_error,5,0.07142857142857142,0.07142857142857142,0.21428571428571427,0,5
SKS03,SKS02,0,0.75,240,before_decay,boundary_retained,4,peak_load_error,5,0.013456354359267814,0.007615631512283057,0.06348206678914244,0,5
SKS03,SKS02,0,0.75,240,before_decay,boundary_retained,4,profile_nrmse,5,-0.08805645607759617,-0.12003673146097657,-0.05909263885708252,5,0
SKS03,SKS02,0,0.75,240,before_decay,original,2,peak_depth_error,5,0.0,-0.07142857142857142,0.0,1,0
SKS03,SKS02,0,0.75,240,before_decay,original,2,peak_load_error,5,-0.08829523219617905,-0.13971310758320102,-0.030134196039303826,5,0
SKS03,SKS02,0,0.75,240,before_decay,original,2,profile_nrmse,5,-0.11976928762371175,-0.16057785440922928,-0.07041972574084712,5,0
SKS03,SKS02,0,0.75,240,before_decay,original,3,peak_depth_error,5,0.07142857142857142,0.07142857142857142,0.14285714285714285,0,5
SKS03,SKS02,0,0.75,240,before_decay,original,3,peak_load_error,5,0.013203328703941837,-0.00722747900058501,0.023841307802597897,1,4
SKS03,SKS02,0,0.75,240,before_decay,original,3,profile_nrmse,5,-0.05544923030065814,-0.08181317331599072,-0.044698212248329525,5,0
SKS03,SKS02,0,0.75,240,before_decay,original,4,peak_depth_error,5,0.07142857142857142,0.07142857142857142,0.21428571428571427,0,5
SKS03,SKS02,0,0.75,240,before_decay,original,4,peak_load_error,5,0.013456354359267814,0.007615631512283057,0.06348206678914244,0,5
SKS03,SKS02,0,0.75,240,before_decay,original,4,profile_nrmse,5,-0.08805645607759617,-0.12003673146097657,-0.05909263885708252,5,0
SKS03,SKS02,0,0.75,240,shaking,boundary_retained,2,peak_depth_error,5,0.35714285714285715,0.0,0.4285714285714285,0,4
SKS03,SKS02,0,0.75,240,shaking,boundary_retained,2,peak_load_error,5,0.025918522075074557,-0.07823318278439864,0.17226410471974563,2,3
SKS03,SKS02,0,0.75,240,shaking,boundary_retained,2,profile_nrmse,5,-0.1290804775561521,-0.20422914734859432,-0.07783493759300432,5,0
SKS03,SKS02,0,0.75,240,shaking,boundary_retained,3,peak_depth_error,5,0.21428571428571425,-0.07142857142857142,0.21428571428571427,1,4
SKS03,SKS02,0,0.75,240,shaking,boundary_retained,3,peak_load_error,5,-0.012865318494610312,-0.10612829341009587,0.03977839004733229,4,1
SKS03,SKS02,0,0.75,240,shaking,boundary_retained,3,profile_nrmse,5,-0.06915790236838468,-0.1137101710601214,-0.0537645585898374,5,0
SKS03,SKS02,0,0.75,240,shaking,boundary_retained,4,peak_depth_error,5,0.07142857142857142,-2.7755575615628914e-17,0.14285714285714285,0,4
SKS03,SKS02,0,0.75,240,shaking,boundary_retained,4,peak_load_error,5,0.03577963099999576,0.010013551157668436,0.10943204466542589,0,5
SKS03,SKS02,0,0.75,240,shaking,boundary_retained,4,profile_nrmse,5,-0.060128106334787663,-0.10142848513889915,-0.04082105602686604,5,0
SKS03,SKS02,0,0.75,240,shaking,original,2,peak_depth_error,5,0.07142857142857142,-0.2857142857142857,0.3571428571428571,1,3
SKS03,SKS02,0,0.75,240,shaking,original,2,peak_load_error,5,-0.0731963142702067,-0.1530312113659521,0.0011785652747066978,4,1
SKS03,SKS02,0,0.75,240,shaking,original,2,profile_nrmse,5,-0.09393301196279952,-0.14563474639715274,-0.07707290886701651,5,0
SKS03,SKS02,0,0.75,240,shaking,original,3,peak_depth_error,5,0.07142857142857142,-0.07142857142857142,0.14285714285714285,1,3
SKS03,SKS02,0,0.75,240,shaking,original,3,peak_load_error,5,0.022479607733481337,-0.0064893667860764104,0.02737966453260353,1,4
SKS03,SKS02,0,0.75,240,shaking,original,3,profile_nrmse,5,-0.04172039382303245,-0.08200773082982912,-0.03900424611913794,5,0
SKS03,SKS02,0,0.75,240,shaking,original,4,peak_depth_error,5,0.07142857142857142,-2.7755575615628914e-17,0.14285714285714285,0,4
SKS03,SKS02,0,0.75,240,shaking,original,4,peak_load_error,5,0.03577963099999576,0.010013551157668436,0.10943204466542589,0,5
SKS03,SKS02,0,0.75,240,shaking,original,4,profile_nrmse,5,-0.060128106334787663,-0.10142848513889915,-0.04082105602686604,5,0
SKS03,SKS02,1,0.25,120,after_decay,boundary_retained,2,peak_depth_error,5,0.2857142857142857,0.14285714285714288,0.4285714285714285,0,5
SKS03,SKS02,1,0.25,120,after_decay,boundary_retained,2,peak_load_error,5,0.022203130609124093,-0.07828909585257712,0.170432790026731,2,3
SKS03,SKS02,1,0.25,120,after_decay,boundary_retained,2,profile_nrmse,5,-0.115880755876797,-0.1722972473245448,-0.09088325161029807,5,0
SKS03,SKS02,1,0.25,120,after_decay,boundary_retained,3,peak_depth_error,5,0.0714285714285714,0.0714285714285714,0.21428571428571425,0,5
SKS03,SKS02,1,0.25,120,after_decay,boundary_retained,3,peak_load_error,5,0.05924257046960289,-0.01385853042973681,0.11223702945306804,1,4
SKS03,SKS02,1,0.25,120,after_decay,boundary_retained,3,profile_nrmse,5,-0.049556304918199984,-0.07649416616489335,-0.029411517066533718,5,0
SKS03,SKS02,1,0.25,120,after_decay,boundary_retained,4,peak_depth_error,5,0.07142857142857142,0.07142857142857142,0.14285714285714282,0,5
SKS03,SKS02,1,0.25,120,after_decay,boundary_retained,4,peak_load_error,5,0.015429409393541517,0.009332823643156303,0.11905874572024389,0,5
SKS03,SKS02,1,0.25,120,after_decay,boundary_retained,4,profile_nrmse,5,-0.06355110165388905,-0.10121045909268503,-0.05338403879692773,5,0
SKS03,SKS02,1,0.25,120,after_decay,original,2,peak_depth_error,5,0.0,0.0,0.14285714285714285,0,1
SKS03,SKS02,1,0.25,120,after_decay,original,2,peak_load_error,5,-0.027428829397693505,-0.07912569811923356,0.05735108256638309,4,1
SKS03,SKS02,1,0.25,120,after_decay,original,2,profile_nrmse,5,-0.09816618030778684,-0.15432489626842072,-0.08076073285362588,5,0
SKS03,SKS02,1,0.25,120,after_decay,original,3,peak_depth_error,5,0.07142857142857142,-2.7755575615628914e-17,0.07142857142857142,0,4
SKS03,SKS02,1,0.25,120,after_decay,original,3,peak_load_error,5,0.013141984420330636,0.009332823643156303,0.02349199398194257,0,5
SKS03,SKS02,1,0.25,120,after_decay,original,3,profile_nrmse,5,-0.03920114726260557,-0.05110332358087159,-0.03167876831021354,5,0
SKS03,SKS02,1,0.25,120,after_decay,original,4,peak_depth_error,5,0.07142857142857142,0.07142857142857142,0.14285714285714282,0,5
SKS03,SKS02,1,0.25,120,after_decay,original,4,peak_load_error,5,0.015429409393541517,0.009332823643156303,0.11905874572024389,0,5
SKS03,SKS02,1,0.25,120,after_decay,original,4,profile_nrmse,5,-0.06355110165388905,-0.10121045909268503,-0.05338403879692773,5,0
SKS03,SKS02,1,0.25,120,before_decay,boundary_retained,2,peak_depth_error,5,0.2857142857142857,0.14285714285714288,0.35714285714285715,0,5
SKS03,SKS02,1,0.25,120,before_decay,boundary_retained,2,peak_load_error,5,0.005010448881905737,-0.11875396069696705,0.1453269718001689,1,4
SKS03,SKS02,1,0.25,120,before_decay,boundary_retained,2,profile_nrmse,5,-0.13389766684279558,-0.1729338882023751,-0.10447485423218279,5,0
SKS03,SKS02,1,0.25,120,before_decay,boundary_retained,3,peak_depth_error,5,0.0714285714285714,0.0714285714285714,0.21428571428571425,0,5
SKS03,SKS02,1,0.25,120,before_decay,boundary_retained,3,peak_load_error,5,0.02525069825894897,-0.04420446702941799,0.08429049384720705,2,3
SKS03,SKS02,1,0.25,120,before_decay,boundary_retained,3,profile_nrmse,5,-0.06263537947091934,-0.09125982028494328,-0.050007511367633734,5,0
SKS03,SKS02,1,0.25,120,before_decay,boundary_retained,4,peak_depth_error,5,0.07142857142857142,0.07142857142857142,0.14285714285714285,0,5
SKS03,SKS02,1,0.25,120,before_decay,boundary_retained,4,peak_load_error,5,0.014373740793106595,0.005198798585524005,0.10176502786285829,0,5
SKS03,SKS02,1,0.25,120,before_decay,boundary_retained,4,profile_nrmse,5,-0.08546339070082552,-0.10199595317715027,-0.05240548798144378,5,0
SKS03,SKS02,1,0.25,120,before_decay,original,2,peak_depth_error,5,0.0,0.0,0.07142857142857142,0,1
SKS03,SKS02,1,0.25,120,before_decay,original,2,peak_load_error,5,-0.04396054595676238,-0.12643533879576208,0.01728258544663807,4,1
SKS03,SKS02,1,0.25,120,before_decay,original,2,profile_nrmse,5,-0.11327543213992128,-0.14916050603479478,-0.07093172315203439,5,0
SKS03,SKS02,1,0.25,120,before_decay,original,3,peak_depth_error,5,0.07142857142857142,0.07142857142857142,0.07142857142857142,0,5
SKS03,SKS02,1,0.25,120,before_decay,original,3,peak_load_error,5,0.014171570590486578,0.005198798585524005,0.022356286311041196,0,5
SKS03,SKS02,1,0.25,120,before_decay,original,3,profile_nrmse,5,-0.0517087037413602,-0.0644892012216152,-0.04213032533757615,5,0
SKS03,SKS02,1,0.25,120,before_decay,original,4,peak_depth_error,5,0.07142857142857142,0.07142857142857142,0.14285714285714285,0,5
SKS03,SKS02,1,0.25,120,before_decay,original,4,peak_load_error,5,0.014373740793106595,0.005198798585524005,0.10176502786285829,0,5
SKS03,SKS02,1,0.25,120,before_decay,original,4,profile_nrmse,5,-0.08546339070082552,-0.10199595317715027,-0.05240548798144378,5,0
SKS03,SKS02,1,0.25,120,shaking,boundary_retained,2,peak_depth_error,5,0.221428571428572,0.0,0.35714285714285715,0,4
SKS03,SKS02,1,0.25,120,shaking,boundary_retained,2,peak_load_error,5,0.027550772877722507,-0.09709615340847819,0.15807112400573675,2,3
SKS03,SKS02,1,0.25,120,shaking,boundary_retained,2,profile_nrmse,5,-0.1283359946012398,-0.207333113074339,-0.07063172512901009,5,0
SKS03,SKS02,1,0.25,120,shaking,boundary_retained,3,peak_depth_error,5,0.0714285714285714,0.0714285714285714,0.14285714285714282,0,5
SKS03,SKS02,1,0.25,120,shaking,boundary_retained,3,peak_load_error,5,-0.015525939007414467,-0.10071706662243293,-0.00673545825703608,5,0
SKS03,SKS02,1,0.25,120,shaking,boundary_retained,3,profile_nrmse,5,-0.07013167978231769,-0.11169799532826885,-0.05922502705726535,5,0
SKS03,SKS02,1,0.25,120,shaking,boundary_retained,4,peak_depth_error,5,0.07142857142857142,0.07142857142857137,0.14285714285714285,0,5
SKS03,SKS02,1,0.25,120,shaking,boundary_retained,4,peak_load_error,5,0.025327299796880087,0.008360078694537774,0.1137116347747121,0,5
SKS03,SKS02,1,0.25,120,shaking,boundary_retained,4,profile_nrmse,5,-0.07725212016157404,-0.10807940901639679,-0.04076652487685978,5,0
SKS03,SKS02,1,0.25,120,shaking,original,2,peak_depth_error,5,0.0,-0.14285714285714288,0.07142857142857142,1,1
SKS03,SKS02,1,0.25,120,shaking,original,2,peak_load_error,5,-0.09192905773312936,-0.1546663538044451,-0.002056658286000195,5,0
SKS03,SKS02,1,0.25,120,shaking,original,2,profile_nrmse,5,-0.1056418713520173,-0.15078746002543572,-0.07394561129185485,5,0
SKS03,SKS02,1,0.25,120,shaking,original,3,peak_depth_error,5,0.07142857142857142,0.07142857142857137,0.14285714285714285,0,5
SKS03,SKS02,1,0.25,120,shaking,original,3,peak_load_error,5,0.019276376893533773,-0.009292339479020173,0.0271433499549375,1,4
SKS03,SKS02,1,0.25,120,shaking,original,3,profile_nrmse,5,-0.036746051547352734,-0.08503148956782058,-0.03543111600058811,5,0
SKS03,SKS02,1,0.25,120,shaking,original,4,peak_depth_error,5,0.07142857142857142,0.07142857142857137,0.14285714285714285,0,5
SKS03,SKS02,1,0.25,120,shaking,original,4,peak_load_error,5,0.025327299796880087,0.008360078694537774,0.1137116347747121,0,5
SKS03,SKS02,1,0.25,120,shaking,original,4,profile_nrmse,5,-0.07725212016157404,-0.10807940901639679,-0.04076652487685978,5,0
SKS03,SKS02,1,0.25,240,after_decay,boundary_retained,2,peak_depth_error,5,0.2857142857142857,0.14285714285714288,0.4285714285714285,0,5
SKS03,SKS02,1,0.25,240,after_decay,boundary_retained,2,peak_load_error,5,0.022105827811361077,-0.07828042366573454,0.17048616259656613,2,3
SKS03,SKS02,1,0.25,240,after_decay,boundary_retained,2,profile_nrmse,5,-0.11580991747282017,-0.1723836209277605,-0.09074847072311341,5,0
SKS03,SKS02,1,0.25,240,after_decay,boundary_retained,3,peak_depth_error,5,0.0714285714285714,0.0714285714285714,0.21428571428571425,0,5
SKS03,SKS02,1,0.25,240,after_decay,boundary_retained,3,peak_load_error,5,0.0592645173268833,-0.013921341541745458,0.11224092874902306,1,4
SKS03,SKS02,1,0.25,240,after_decay,boundary_retained,3,profile_nrmse,5,-0.04955293898418207,-0.07652684059320923,-0.02929622173096882,5,0
SKS03,SKS02,1,0.25,240,after_decay,boundary_retained,4,peak_depth_error,5,0.07142857142857142,0.07142857142857142,0.14285714285714282,0,5
SKS03,SKS02,1,0.25,240,after_decay,boundary_retained,4,peak_load_error,5,0.015346212334636046,0.009334178998114017,0.11897333668951329,0,5
SKS03,SKS02,1,0.25,240,after_decay,boundary_retained,4,profile_nrmse,5,-0.06338607082426613,-0.10117146056245924,-0.05338476031900284,5,0
SKS03,SKS02,1,0.25,240,after_decay,original,2,peak_depth_error,5,0.0,0.0,0.14285714285714285,0,1
SKS03,SKS02,1,0.25,240,after_decay,original,2,peak_load_error,5,-0.027424396992543995,-0.07913100247713256,0.05738484503067354,4,1
SKS03,SKS02,1,0.25,240,after_decay,original,2,profile_nrmse,5,-0.09810178041793811,-0.15443034510593218,-0.08057787608473209,5,0
SKS03,SKS02,1,0.25,240,after_decay,original,3,peak_depth_error,5,0.07142857142857142,-2.7755575615628914e-17,0.07142857142857142,0,4
SKS03,SKS02,1,0.25,240,after_decay,original,3,peak_load_error,5,0.013124318436273598,0.009334178998114017,0.023502669797881154,0,5
SKS03,SKS02,1,0.25,240,after_decay,original,3,profile_nrmse,5,-0.03923021602627756,-0.05114484305981149,-0.03164728790136651,5,0
SKS03,SKS02,1,0.25,240,after_decay,original,4,peak_depth_error,5,0.07142857142857142,0.07142857142857142,0.14285714285714282,0,5
SKS03,SKS02,1,0.25,240,after_decay,original,4,peak_load_error,5,0.015346212334636046,0.009334178998114017,0.11897333668951329,0,5
SKS03,SKS02,1,0.25,240,after_decay,original,4,profile_nrmse,5,-0.06338607082426613,-0.10117146056245924,-0.05338476031900284,5,0
SKS03,SKS02,1,0.25,240,before_decay,boundary_retained,2,peak_depth_error,5,0.2857142857142857,0.14285714285714288,0.35714285714285715,0,5
SKS03,SKS02,1,0.25,240,before_decay,boundary_retained,2,peak_load_error,5,0.0016731643741122876,-0.12055531528467431,0.1441371627481032,1,4
SKS03,SKS02,1,0.25,240,before_decay,boundary_retained,2,profile_nrmse,5,-0.13581820357062052,-0.18240782532516178,-0.10554885356196372,5,0
SKS03,SKS02,1,0.25,240,before_decay,boundary_retained,3,peak_depth_error,5,0.0714285714285714,0.0,0.21428571428571425,0,4
SKS03,SKS02,1,0.25,240,before_decay,boundary_retained,3,peak_load_error,5,0.022374324512316884,-0.044338194167281984,0.0812784249608979,2,3
SKS03,SKS02,1,0.25,240,before_decay,boundary_retained,3,profile_nrmse,5,-0.06699822770258695,-0.09130843357848337,-0.051266009970941176,5,0
SKS03,SKS02,1,0.25,240,before_decay,boundary_retained,4,peak_depth_error,5,0.07142857142857142,0.07142857142857142,0.14285714285714285,0,5
SKS03,SKS02,1,0.25,240,before_decay,boundary_retained,4,peak_load_error,5,0.01434153958829949,0.004408252974270249,0.10050388366605381,0,5
SKS03,SKS02,1,0.25,240,before_decay,boundary_retained,4,profile_nrmse,5,-0.08615356236116672,-0.1030324856182025,-0.052960929098101454,5,0
SKS03,SKS02,1,0.25,240,before_decay,original,2,peak_depth_error,5,0.0,0.0,0.07142857142857142,0,1
SKS03,SKS02,1,0.25,240,before_decay,original,2,peak_load_error,5,-0.046559722770515816,-0.12846987873160032,0.015997141601629558,4,1
SKS03,SKS02,1,0.25,240,before_decay,original,2,profile_nrmse,5,-0.11461215580363475,-0.1509758493830876,-0.07147928242513468,5,0
SKS03,SKS02,1,0.25,240,before_decay,original,3,peak_depth_error,5,0.07142857142857142,0.07142857142857142,0.07142857142857142,0,5
SKS03,SKS02,1,0.25,240,before_decay,original,3,peak_load_error,5,0.014140685788430876,0.0036183844360007343,0.02234915324259909,0,5
SKS03,SKS02,1,0.25,240,before_decay,original,3,profile_nrmse,5,-0.05265637241515899,-0.07067708499277803,-0.042387677116188585,5,0
SKS03,SKS02,1,0.25,240,before_decay,original,4,peak_depth_error,5,0.07142857142857142,0.07142857142857142,0.14285714285714285,0,5
SKS03,SKS02,1,0.25,240,before_decay,original,4,peak_load_error,5,0.01434153958829949,0.004408252974270249,0.10050388366605381,0,5
SKS03,SKS02,1,0.25,240,before_decay,original,4,profile_nrmse,5,-0.08615356236116672,-0.1030324856182025,-0.052960929098101454,5,0
SKS03,SKS02,1,0.25,240,shaking,boundary_retained,2,peak_depth_error,5,0.2142857142857143,0.0,0.35714285714285715,0,4
SKS03,SKS02,1,0.25,240,shaking,boundary_retained,2,peak_load_error,5,0.02773272680710677,-0.09849763737508603,0.15806838937142365,2,3
SKS03,SKS02,1,0.25,240,shaking,boundary_retained,2,profile_nrmse,5,-0.12829375061483705,-0.20766518958581384,-0.07072275810207626,5,0
SKS03,SKS02,1,0.25,240,shaking,boundary_retained,3,peak_depth_error,5,0.0714285714285714,0.0714285714285714,0.14285714285714282,0,5
SKS03,SKS02,1,0.25,240,shaking,boundary_retained,3,peak_load_error,5,-0.015535402721015439,-0.09989718923480406,-0.006725308404587141,5,0
SKS03,SKS02,1,0.25,240,shaking,boundary_retained,3,profile_nrmse,5,-0.07020175204460866,-0.11170901571591922,-0.05934871519382896,5,0
SKS03,SKS02,1,0.25,240,shaking,boundary_retained,4,peak_depth_error,5,0.07142857142857142,0.07142857142857137,0.14285714285714285,0,5
SKS03,SKS02,1,0.25,240,shaking,boundary_retained,4,peak_load_error,5,0.0255006052521672,0.00825522020056639,0.1136314419957492,0,5
SKS03,SKS02,1,0.25,240,shaking,boundary_retained,4,profile_nrmse,5,-0.07729998688056913,-0.10813716398845888,-0.040818345356193754,5,0
SKS03,SKS02,1,0.25,240,shaking,original,2,peak_depth_error,5,0.0,-0.14285714285714288,0.07142857142857142,1,1
SKS03,SKS02,1,0.25,240,shaking,original,2,peak_load_error,5,-0.09215672680714335,-0.15361897745169376,-0.0020578514117690384,5,0
SKS03,SKS02,1,0.25,240,shaking,original,2,profile_nrmse,5,-0.10558147980169548,-0.15095626244287347,-0.07405386218858903,5,0
SKS03,SKS02,1,0.25,240,shaking,original,3,peak_depth_error,5,0.07142857142857142,0.07142857142857137,0.14285714285714285,0,5
SKS03,SKS02,1,0.25,240,shaking,original,3,peak_load_error,5,0.01919220255395042,-0.008989526737363683,0.027127370172153137,1,4
SKS03,SKS02,1,0.25,240,shaking,original,3,profile_nrmse,5,-0.036868617232446714,-0.08497910080257726,-0.03548622548810416,5,0
SKS03,SKS02,1,0.25,240,shaking,original,4,peak_depth_error,5,0.07142857142857142,0.07142857142857137,0.14285714285714285,0,5
SKS03,SKS02,1,0.25,240,shaking,original,4,peak_load_error,5,0.0255006052521672,0.00825522020056639,0.1136314419957492,0,5
SKS03,SKS02,1,0.25,240,shaking,original,4,profile_nrmse,5,-0.07729998688056913,-0.10813716398845888,-0.040818345356193754,5,0
SKS03,SKS02,1,0.5,120,after_decay,boundary_retained,2,peak_depth_error,5,0.2857142857142857,0.14285714285714288,0.4285714285714285,0,5
SKS03,SKS02,1,0.5,120,after_decay,boundary_retained,2,peak_load_error,5,0.022073288280294937,-0.07902095374451071,0.18044814722000416,2,3
SKS03,SKS02,1,0.5,120,after_decay,boundary_retained,2,profile_nrmse,5,-0.11600001572504628,-0.17244940244064308,-0.08863150416339816,5,0
SKS03,SKS02,1,0.5,120,after_decay,boundary_retained,3,peak_depth_error,5,0.0714285714285714,0.0714285714285714,0.21428571428571425,0,5
SKS03,SKS02,1,0.5,120,after_decay,boundary_retained,3,peak_load_error,5,0.0592287129400348,-0.020346970162500116,0.11159979944262251,1,4
SKS03,SKS02,1,0.5,120,after_decay,boundary_retained,3,profile_nrmse,5,-0.049621002114901586,-0.08179688861321038,-0.03836652502959887,5,0
SKS03,SKS02,1,0.5,120,after_decay,boundary_retained,4,peak_depth_error,5,0.07142857142857142,0.07142857142857142,0.14285714285714282,0,5
SKS03,SKS02,1,0.5,120,after_decay,boundary_retained,4,peak_load_error,5,0.015367276516923878,0.009322716320287316,0.12920496157855604,0,5
SKS03,SKS02,1,0.5,120,after_decay,boundary_retained,4,profile_nrmse,5,-0.07124099691566413,-0.10112868523344623,-0.045027293855651795,5,0
SKS03,SKS02,1,0.5,120,after_decay,original,2,peak_depth_error,5,0.0,0.0,0.14285714285714285,0,1
SKS03,SKS02,1,0.5,120,after_decay,original,2,peak_load_error,5,-0.02751914976760779,-0.07988374209865887,0.05740196019559541,4,1
SKS03,SKS02,1,0.5,120,after_decay,original,2,profile_nrmse,5,-0.09802618217229231,-0.15379628349750862,-0.0663886374470276,5,0
SKS03,SKS02,1,0.5,120,after_decay,original,3,peak_depth_error,5,0.07142857142857142,-2.7755575615628914e-17,0.07142857142857142,0,4
SKS03,SKS02,1,0.5,120,after_decay,original,3,peak_load_error,5,0.014124695989233937,0.009322716320287316,0.023509863727391,0,5
SKS03,SKS02,1,0.5,120,after_decay,original,3,profile_nrmse,5,-0.043995186510836344,-0.04890481378764202,-0.03165922633976172,5,0
SKS03,SKS02,1,0.5,120,after_decay,original,4,peak_depth_error,5,0.07142857142857142,0.07142857142857142,0.14285714285714282,0,5
SKS03,SKS02,1,0.5,120,after_decay,original,4,peak_load_error,5,0.015367276516923878,0.009322716320287316,0.12920496157855604,0,5
SKS03,SKS02,1,0.5,120,after_decay,original,4,profile_nrmse,5,-0.07124099691566413,-0.10112868523344623,-0.045027293855651795,5,0
SKS03,SKS02,1,0.5,120,before_decay,boundary_retained,2,peak_depth_error,5,0.2857142857142857,0.14285714285714285,0.2857142857142857,0,5
SKS03,SKS02,1,0.5,120,before_decay,boundary_retained,2,peak_load_error,5,-0.0011466859290373693,-0.12573382622625293,0.08969800523740801,3,2
SKS03,SKS02,1,0.5,120,before_decay,boundary_retained,2,profile_nrmse,5,-0.14622447497505459,-0.1943734198080632,-0.10839091362001516,5,0
SKS03,SKS02,1,0.5,120,before_decay,boundary_retained,3,peak_depth_error,5,0.0714285714285714,-0.07142857142857145,0.21428571428571425,2,3
SKS03,SKS02,1,0.5,120,before_decay,boundary_retained,3,peak_load_error,5,0.013278336262661537,-0.11704127266465142,0.061908124984545114,2,3
SKS03,SKS02,1,0.5,120,before_decay,boundary_retained,3,profile_nrmse,5,-0.07661964306773177,-0.1053762735399177,-0.053527212203721544,5,0
SKS03,SKS02,1,0.5,120,before_decay,boundary_retained,4,peak_depth_error,5,0.07142857142857142,0.07142857142857142,0.21428571428571427,0,5
SKS03,SKS02,1,0.5,120,before_decay,boundary_retained,4,peak_load_error,5,0.014149899242794322,0.008296401094589616,0.07886754000510475,0,5
SKS03,SKS02,1,0.5,120,before_decay,boundary_retained,4,profile_nrmse,5,-0.08689414347356848,-0.11818330853271228,-0.06058068477541275,5,0
SKS03,SKS02,1,0.5,120,before_decay,original,2,peak_depth_error,5,0.0,-0.14285714285714288,0.0,1,0
SKS03,SKS02,1,0.5,120,before_decay,original,2,peak_load_error,5,-0.06615890152675889,-0.13433064098725517,-0.020368159062799707,5,0
SKS03,SKS02,1,0.5,120,before_decay,original,2,profile_nrmse,5,-0.11523940688492999,-0.16081582106262363,-0.0714301510612576,5,0
SKS03,SKS02,1,0.5,120,before_decay,original,3,peak_depth_error,5,0.07142857142857142,0.07142857142857142,0.14285714285714285,0,5
SKS03,SKS02,1,0.5,120,before_decay,original,3,peak_load_error,5,0.01413720269630235,0.003723145858583698,0.02227972043933489,0,5
SKS03,SKS02,1,0.5,120,before_decay,original,3,profile_nrmse,5,-0.053757445084123,-0.07905048827246758,-0.04306024269532236,5,0
SKS03,SKS02,1,0.5,120,before_decay,original,4,peak_depth_error,5,0.07142857142857142,0.07142857142857142,0.21428571428571427,0,5
SKS03,SKS02,1,0.5,120,before_decay,original,4,peak_load_error,5,0.014149899242794322,0.008296401094589616,0.07886754000510475,0,5
SKS03,SKS02,1,0.5,120,before_decay,original,4,profile_nrmse,5,-0.08689414347356848,-0.11818330853271228,-0.06058068477541275,5,0
SKS03,SKS02,1,0.5,120,shaking,boundary_retained,2,peak_depth_error,5,0.221428571428572,0.0,0.35714285714285715,0,4
SKS03,SKS02,1,0.5,120,shaking,boundary_retained,2,peak_load_error,5,0.027550772877722507,-0.09709615340847819,0.15807112400573675,2,3
SKS03,SKS02,1,0.5,120,shaking,boundary_retained,2,profile_nrmse,5,-0.1283359946012398,-0.207333113074339,-0.07063172512901009,5,0
SKS03,SKS02,1,0.5,120,shaking,boundary_retained,3,peak_depth_error,5,0.0714285714285714,0.0714285714285714,0.14285714285714282,0,5
SKS03,SKS02,1,0.5,120,shaking,boundary_retained,3,peak_load_error,5,-0.015525939007414467,-0.10071706662243293,-0.00673545825703608,5,0
SKS03,SKS02,1,0.5,120,shaking,boundary_retained,3,profile_nrmse,5,-0.07013167978231769,-0.11169799532826885,-0.05922502705726535,5,0
SKS03,SKS02,1,0.5,120,shaking,boundary_retained,4,peak_depth_error,5,0.07142857142857142,0.07142857142857137,0.14285714285714285,0,5
SKS03,SKS02,1,0.5,120,shaking,boundary_retained,4,peak_load_error,5,0.025327299796880087,0.008360078694537774,0.1137116347747121,0,5
SKS03,SKS02,1,0.5,120,shaking,boundary_retained,4,profile_nrmse,5,-0.07725212016157404,-0.10807940901639679,-0.04076652487685978,5,0
SKS03,SKS02,1,0.5,120,shaking,original,2,peak_depth_error,5,0.0,-0.14285714285714288,0.07142857142857142,1,1
SKS03,SKS02,1,0.5,120,shaking,original,2,peak_load_error,5,-0.09192905773312936,-0.1546663538044451,-0.002056658286000195,5,0
SKS03,SKS02,1,0.5,120,shaking,original,2,profile_nrmse,5,-0.1056418713520173,-0.15078746002543572,-0.07394561129185485,5,0
SKS03,SKS02,1,0.5,120,shaking,original,3,peak_depth_error,5,0.07142857142857142,0.07142857142857137,0.14285714285714285,0,5
SKS03,SKS02,1,0.5,120,shaking,original,3,peak_load_error,5,0.019276376893533773,-0.009292339479020173,0.0271433499549375,1,4
SKS03,SKS02,1,0.5,120,shaking,original,3,profile_nrmse,5,-0.036746051547352734,-0.08503148956782058,-0.03543111600058811,5,0
SKS03,SKS02,1,0.5,120,shaking,original,4,peak_depth_error,5,0.07142857142857142,0.07142857142857137,0.14285714285714285,0,5
SKS03,SKS02,1,0.5,120,shaking,original,4,peak_load_error,5,0.025327299796880087,0.008360078694537774,0.1137116347747121,0,5
SKS03,SKS02,1,0.5,120,shaking,original,4,profile_nrmse,5,-0.07725212016157404,-0.10807940901639679,-0.04076652487685978,5,0
SKS03,SKS02,1,0.5,240,after_decay,boundary_retained,2,peak_depth_error,5,0.2857142857142857,0.14285714285714288,0.4285714285714285,0,5
SKS03,SKS02,1,0.5,240,after_decay,boundary_retained,2,peak_load_error,5,0.021917136955614896,-0.07894594444523675,0.18047302278733918,2,3
SKS03,SKS02,1,0.5,240,after_decay,boundary_retained,2,profile_nrmse,5,-0.11602750609569526,-0.17261321668192575,-0.0884252750921065,5,0
SKS03,SKS02,1,0.5,240,after_decay,boundary_retained,3,peak_depth_error,5,0.0714285714285714,0.0714285714285714,0.21428571428571425,0,5
SKS03,SKS02,1,0.5,240,after_decay,boundary_retained,3,peak_load_error,5,0.059228156094207556,-0.020277533815868956,0.11160603543976612,1,4
SKS03,SKS02,1,0.5,240,after_decay,boundary_retained,3,profile_nrmse,5,-0.04959289317738905,-0.08179096363757125,-0.038379582437989425,5,0
SKS03,SKS02,1,0.5,240,after_decay,boundary_retained,4,peak_depth_error,5,0.07142857142857142,0.07142857142857142,0.14285714285714282,0,5
SKS03,SKS02,1,0.5,240,after_decay,boundary_retained,4,peak_load_error,5,0.015453645622317207,0.009410248538871614,0.12923007172312195,0,5
SKS03,SKS02,1,0.5,240,after_decay,boundary_retained,4,profile_nrmse,5,-0.07125371013543771,-0.10115185158383794,-0.04505712866462829,5,0
SKS03,SKS02,1,0.5,240,after_decay,original,2,peak_depth_error,5,0.0,0.0,0.14285714285714285,0,1
SKS03,SKS02,1,0.5,240,after_decay,original,2,peak_load_error,5,-0.027740000173816462,-0.07978141058373964,0.057411764477862406,4,1
SKS03,SKS02,1,0.5,240,after_decay,original,2,profile_nrmse,5,-0.09796345315135838,-0.15397132796966173,-0.0664210637573747,5,0
SKS03,SKS02,1,0.5,240,after_decay,original,3,peak_depth_error,5,0.07142857142857142,-2.7755575615628914e-17,0.07142857142857142,0,4
SKS03,SKS02,1,0.5,240,after_decay,original,3,peak_load_error,5,0.014149806133799844,0.009410248538871614,0.023507055050840137,0,5
SKS03,SKS02,1,0.5,240,after_decay,original,3,profile_nrmse,5,-0.04402595602339089,-0.04894503353286967,-0.03161677080094794,5,0
SKS03,SKS02,1,0.5,240,after_decay,original,4,peak_depth_error,5,0.07142857142857142,0.07142857142857142,0.14285714285714282,0,5
SKS03,SKS02,1,0.5,240,after_decay,original,4,peak_load_error,5,0.015453645622317207,0.009410248538871614,0.12923007172312195,0,5
SKS03,SKS02,1,0.5,240,after_decay,original,4,profile_nrmse,5,-0.07125371013543771,-0.10115185158383794,-0.04505712866462829,5,0
SKS03,SKS02,1,0.5,240,before_decay,boundary_retained,2,peak_depth_error,5,0.2857142857142857,0.14285714285714285,0.2857142857142857,0,5
SKS03,SKS02,1,0.5,240,before_decay,boundary_retained,2,peak_load_error,5,-0.0014128820623054358,-0.1307754555413628,0.0898792188259481,3,2
SKS03,SKS02,1,0.5,240,before_decay,boundary_retained,2,profile_nrmse,5,-0.15004943525744552,-0.19538374119342558,-0.10831414548255813,5,0
SKS03,SKS02,1,0.5,240,before_decay,boundary_retained,3,peak_depth_error,5,0.0714285714285714,-0.07142857142857142,0.21428571428571425,2,3
SKS03,SKS02,1,0.5,240,before_decay,boundary_retained,3,peak_load_error,5,0.006073991609162926,-0.11795682673384951,0.05743741140722373,2,3
SKS03,SKS02,1,0.5,240,before_decay,boundary_retained,3,profile_nrmse,5,-0.07666097767197272,-0.10613323811587926,-0.05516864001883837,5,0
SKS03,SKS02,1,0.5,240,before_decay,boundary_retained,4,peak_depth_error,5,0.07142857142857142,0.07142857142857142,0.21428571428571427,0,5
SKS03,SKS02,1,0.5,240,before_decay,boundary_retained,4,peak_load_error,5,0.014096116315914932,0.008845529303053198,0.07456554810446939,0,5
SKS03,SKS02,1,0.5,240,before_decay,boundary_retained,4,profile_nrmse,5,-0.08690544854346308,-0.11821371669645567,-0.06057205683380055,5,0
SKS03,SKS02,1,0.5,240,before_decay,original,2,peak_depth_error,5,0.0,-0.11428571428571388,0.0,1,0
SKS03,SKS02,1,0.5,240,before_decay,original,2,peak_load_error,5,-0.06929312451017364,-0.13881520349575877,-0.020184454503554293,5,0
SKS03,SKS02,1,0.5,240,before_decay,original,2,profile_nrmse,5,-0.11563840066164054,-0.1603232620460957,-0.07083341875856602,5,0
SKS03,SKS02,1,0.5,240,before_decay,original,3,peak_depth_error,5,0.07142857142857142,0.07142857142857142,0.14285714285714285,0,5
SKS03,SKS02,1,0.5,240,before_decay,original,3,peak_load_error,5,0.01363853155589574,0.0019474898168878266,0.022264016387149616,0,5
SKS03,SKS02,1,0.5,240,before_decay,original,3,profile_nrmse,5,-0.054907139401395445,-0.07934773544893446,-0.04308156066875054,5,0
SKS03,SKS02,1,0.5,240,before_decay,original,4,peak_depth_error,5,0.07142857142857142,0.07142857142857142,0.21428571428571427,0,5
SKS03,SKS02,1,0.5,240,before_decay,original,4,peak_load_error,5,0.014096116315914932,0.008845529303053198,0.07456554810446939,0,5
SKS03,SKS02,1,0.5,240,before_decay,original,4,profile_nrmse,5,-0.08690544854346308,-0.11821371669645567,-0.06057205683380055,5,0
SKS03,SKS02,1,0.5,240,shaking,boundary_retained,2,peak_depth_error,5,0.2142857142857143,0.0,0.35714285714285715,0,4
SKS03,SKS02,1,0.5,240,shaking,boundary_retained,2,peak_load_error,5,0.02773272680710677,-0.09849763737508603,0.15806838937142365,2,3
SKS03,SKS02,1,0.5,240,shaking,boundary_retained,2,profile_nrmse,5,-0.12829375061483705,-0.20766518958581384,-0.07072275810207626,5,0
SKS03,SKS02,1,0.5,240,shaking,boundary_retained,3,peak_depth_error,5,0.0714285714285714,0.0714285714285714,0.14285714285714282,0,5
SKS03,SKS02,1,0.5,240,shaking,boundary_retained,3,peak_load_error,5,-0.015535402721015439,-0.09989718923480406,-0.006725308404587141,5,0
SKS03,SKS02,1,0.5,240,shaking,boundary_retained,3,profile_nrmse,5,-0.07020175204460866,-0.11170901571591922,-0.05934871519382896,5,0
SKS03,SKS02,1,0.5,240,shaking,boundary_retained,4,peak_depth_error,5,0.07142857142857142,0.07142857142857137,0.14285714285714285,0,5
SKS03,SKS02,1,0.5,240,shaking,boundary_retained,4,peak_load_error,5,0.0255006052521672,0.00825522020056639,0.1136314419957492,0,5
SKS03,SKS02,1,0.5,240,shaking,boundary_retained,4,profile_nrmse,5,-0.07729998688056913,-0.10813716398845888,-0.040818345356193754,5,0
SKS03,SKS02,1,0.5,240,shaking,original,2,peak_depth_error,5,0.0,-0.14285714285714288,0.07142857142857142,1,1
SKS03,SKS02,1,0.5,240,shaking,original,2,peak_load_error,5,-0.09215672680714335,-0.15361897745169376,-0.0020578514117690384,5,0
SKS03,SKS02,1,0.5,240,shaking,original,2,profile_nrmse,5,-0.10558147980169548,-0.15095626244287347,-0.07405386218858903,5,0
SKS03,SKS02,1,0.5,240,shaking,original,3,peak_depth_error,5,0.07142857142857142,0.07142857142857137,0.14285714285714285,0,5
SKS03,SKS02,1,0.5,240,shaking,original,3,peak_load_error,5,0.01919220255395042,-0.008989526737363683,0.027127370172153137,1,4
SKS03,SKS02,1,0.5,240,shaking,original,3,profile_nrmse,5,-0.036868617232446714,-0.08497910080257726,-0.03548622548810416,5,0
SKS03,SKS02,1,0.5,240,shaking,original,4,peak_depth_error,5,0.07142857142857142,0.07142857142857137,0.14285714285714285,0,5
SKS03,SKS02,1,0.5,240,shaking,original,4,peak_load_error,5,0.0255006052521672,0.00825522020056639,0.1136314419957492,0,5
SKS03,SKS02,1,0.5,240,shaking,original,4,profile_nrmse,5,-0.07729998688056913,-0.10813716398845888,-0.040818345356193754,5,0
SKS03,SKS02,1,0.75,120,after_decay,boundary_retained,2,peak_depth_error,5,0.2857142857142857,0.14285714285714288,0.4285714285714285,0,5
SKS03,SKS02,1,0.75,120,after_decay,boundary_retained,2,peak_load_error,5,0.021801926854068523,-0.08014919667649939,0.18030056774845316,1,4
SKS03,SKS02,1,0.75,120,after_decay,boundary_retained,2,profile_nrmse,5,-0.11615026859658342,-0.17263541443430847,-0.09008047319061362,5,0
SKS03,SKS02,1,0.75,120,after_decay,boundary_retained,3,peak_depth_error,5,0.0714285714285714,0.0714285714285714,0.21428571428571425,0,5
SKS03,SKS02,1,0.75,120,after_decay,boundary_retained,3,peak_load_error,5,0.059175009536526484,-0.020486135787193382,0.11143760120974902,1,4
SKS03,SKS02,1,0.75,120,after_decay,boundary_retained,3,profile_nrmse,5,-0.049706411049936707,-0.08271179395051376,-0.039006956966721844,5,0
SKS03,SKS02,1,0.75,120,after_decay,boundary_retained,4,peak_depth_error,5,0.07142857142857142,0.07142857142857142,0.14285714285714282,0,5
SKS03,SKS02,1,0.75,120,after_decay,boundary_retained,4,peak_load_error,5,0.015484213386876514,0.009480825945513766,0.1290663049027837,0,5
SKS03,SKS02,1,0.75,120,after_decay,boundary_retained,4,profile_nrmse,5,-0.07106572665472044,-0.10090193635137697,-0.044511882276704634,5,0
SKS03,SKS02,1,0.75,120,after_decay,original,2,peak_depth_error,5,0.0,0.0,0.14285714285714285,0,1
SKS03,SKS02,1,0.75,120,after_decay,original,2,peak_load_error,5,-0.027979497703877303,-0.08097439443129792,0.05737143402398086,4,1
SKS03,SKS02,1,0.75,120,after_decay,original,2,profile_nrmse,5,-0.09768617311558923,-0.15308736099059908,-0.06450198562933136,5,0
SKS03,SKS02,1,0.75,120,after_decay,original,3,peak_depth_error,5,0.07142857142857142,-2.7755575615628914e-17,0.07142857142857142,0,4
SKS03,SKS02,1,0.75,120,after_decay,original,3,peak_load_error,5,0.01378141624701761,0.009480825945513766,0.023501532310516965,0,5
SKS03,SKS02,1,0.75,120,after_decay,original,3,profile_nrmse,5,-0.044033645035459645,-0.049028905986874274,-0.03170455819156023,5,0
SKS03,SKS02,1,0.75,120,after_decay,original,4,peak_depth_error,5,0.07142857142857142,0.07142857142857142,0.14285714285714282,0,5
SKS03,SKS02,1,0.75,120,after_decay,original,4,peak_load_error,5,0.015484213386876514,0.009480825945513766,0.1290663049027837,0,5
SKS03,SKS02,1,0.75,120,after_decay,original,4,profile_nrmse,5,-0.07106572665472044,-0.10090193635137697,-0.044511882276704634,5,0
SKS03,SKS02,1,0.75,120,before_decay,boundary_retained,2,peak_depth_error,5,0.2857142857142857,0.07142857142857142,0.2857142857142857,0,5
SKS03,SKS02,1,0.75,120,before_decay,boundary_retained,2,peak_load_error,5,-0.00958311262733514,-0.13298730168962622,0.0857195040085037,3,2
SKS03,SKS02,1,0.75,120,before_decay,boundary_retained,2,profile_nrmse,5,-0.1634459792185144,-0.20728024227890213,-0.11151951367239869,5,0
SKS03,SKS02,1,0.75,120,before_decay,boundary_retained,3,peak_depth_error,5,0.0714285714285714,-0.07142857142857142,0.21428571428571425,1,3
SKS03,SKS02,1,0.75,120,before_decay,boundary_retained,3,peak_load_error,5,-0.01963270783943572,-0.11963872949877412,0.055659624762575265,3,2
SKS03,SKS02,1,0.75,120,before_decay,boundary_retained,3,profile_nrmse,5,-0.07903977857686256,-0.11035175983413933,-0.05550732539942339,5,0
SKS03,SKS02,1,0.75,120,before_decay,boundary_retained,4,peak_depth_error,5,0.07142857142857142,0.07142857142857142,0.21428571428571427,0,5
SKS03,SKS02,1,0.75,120,before_decay,boundary_retained,4,peak_load_error,5,0.012711884490442013,0.008308696579734072,0.06554948866410595,0,5
SKS03,SKS02,1,0.75,120,before_decay,boundary_retained,4,profile_nrmse,5,-0.08829211080707819,-0.11958219946529261,-0.05930632998724871,5,0
SKS03,SKS02,1,0.75,120,before_decay,original,2,peak_depth_error,5,0.0,-0.07142857142857142,0.0,1,0
SKS03,SKS02,1,0.75,120,before_decay,original,2,peak_load_error,5,-0.08719658683569842,-0.13981417702386426,-0.026788806623965676,5,0
SKS03,SKS02,1,0.75,120,before_decay,original,2,profile_nrmse,5,-0.11915067464366187,-0.15959357646950373,-0.06965472844581608,5,0
SKS03,SKS02,1,0.75,120,before_decay,original,3,peak_depth_error,5,0.07142857142857142,0.07142857142857142,0.14285714285714285,0,5
SKS03,SKS02,1,0.75,120,before_decay,original,3,peak_load_error,5,0.012577353402480798,-0.005864703150338404,0.021534249720194895,1,4
SKS03,SKS02,1,0.75,120,before_decay,original,3,profile_nrmse,5,-0.05516173197808565,-0.08171411657032598,-0.04491105907871752,5,0
SKS03,SKS02,1,0.75,120,before_decay,original,4,peak_depth_error,5,0.07142857142857142,0.07142857142857142,0.21428571428571427,0,5
SKS03,SKS02,1,0.75,120,before_decay,original,4,peak_load_error,5,0.012711884490442013,0.008308696579734072,0.06554948866410595,0,5
SKS03,SKS02,1,0.75,120,before_decay,original,4,profile_nrmse,5,-0.08829211080707819,-0.11958219946529261,-0.05930632998724871,5,0
SKS03,SKS02,1,0.75,120,shaking,boundary_retained,2,peak_depth_error,5,0.221428571428572,0.0,0.35714285714285715,0,4
SKS03,SKS02,1,0.75,120,shaking,boundary_retained,2,peak_load_error,5,0.027550772877722507,-0.09709615340847819,0.15807112400573675,2,3
SKS03,SKS02,1,0.75,120,shaking,boundary_retained,2,profile_nrmse,5,-0.1283359946012398,-0.207333113074339,-0.07063172512901009,5,0
SKS03,SKS02,1,0.75,120,shaking,boundary_retained,3,peak_depth_error,5,0.0714285714285714,0.0714285714285714,0.14285714285714282,0,5
SKS03,SKS02,1,0.75,120,shaking,boundary_retained,3,peak_load_error,5,-0.015525939007414467,-0.10071706662243293,-0.00673545825703608,5,0
SKS03,SKS02,1,0.75,120,shaking,boundary_retained,3,profile_nrmse,5,-0.07013167978231769,-0.11169799532826885,-0.05922502705726535,5,0
SKS03,SKS02,1,0.75,120,shaking,boundary_retained,4,peak_depth_error,5,0.07142857142857142,0.07142857142857137,0.14285714285714285,0,5
SKS03,SKS02,1,0.75,120,shaking,boundary_retained,4,peak_load_error,5,0.025327299796880087,0.008360078694537774,0.1137116347747121,0,5
SKS03,SKS02,1,0.75,120,shaking,boundary_retained,4,profile_nrmse,5,-0.07725212016157404,-0.10807940901639679,-0.04076652487685978,5,0
SKS03,SKS02,1,0.75,120,shaking,original,2,peak_depth_error,5,0.0,-0.14285714285714288,0.07142857142857142,1,1
SKS03,SKS02,1,0.75,120,shaking,original,2,peak_load_error,5,-0.09192905773312936,-0.1546663538044451,-0.002056658286000195,5,0
SKS03,SKS02,1,0.75,120,shaking,original,2,profile_nrmse,5,-0.1056418713520173,-0.15078746002543572,-0.07394561129185485,5,0
SKS03,SKS02,1,0.75,120,shaking,original,3,peak_depth_error,5,0.07142857142857142,0.07142857142857137,0.14285714285714285,0,5
SKS03,SKS02,1,0.75,120,shaking,original,3,peak_load_error,5,0.019276376893533773,-0.009292339479020173,0.0271433499549375,1,4
SKS03,SKS02,1,0.75,120,shaking,original,3,profile_nrmse,5,-0.036746051547352734,-0.08503148956782058,-0.03543111600058811,5,0
SKS03,SKS02,1,0.75,120,shaking,original,4,peak_depth_error,5,0.07142857142857142,0.07142857142857137,0.14285714285714285,0,5
SKS03,SKS02,1,0.75,120,shaking,original,4,peak_load_error,5,0.025327299796880087,0.008360078694537774,0.1137116347747121,0,5
SKS03,SKS02,1,0.75,120,shaking,original,4,profile_nrmse,5,-0.07725212016157404,-0.10807940901639679,-0.04076652487685978,5,0
SKS03,SKS02,1,0.75,240,after_decay,boundary_retained,2,peak_depth_error,5,0.2857142857142857,0.14285714285714288,0.4285714285714285,0,5
SKS03,SKS02,1,0.75,240,after_decay,boundary_retained,2,peak_load_error,5,0.021679200275972296,-0.07999247272780172,0.18052826050077447,1,4
SKS03,SKS02,1,0.75,240,after_decay,boundary_retained,2,profile_nrmse,5,-0.11619686255743657,-0.1727893534184841,-0.08990511328240255,5,0
SKS03,SKS02,1,0.75,240,after_decay,boundary_retained,3,peak_depth_error,5,0.0714285714285714,0.0714285714285714,0.21428571428571425,0,5
SKS03,SKS02,1,0.75,240,after_decay,boundary_retained,3,peak_load_error,5,0.0592385887005549,-0.020507718122728308,0.11149929287182127,1,4
SKS03,SKS02,1,0.75,240,after_decay,boundary_retained,3,profile_nrmse,5,-0.049698695663261405,-0.08269218382039775,-0.038963204137617245,5,0
SKS03,SKS02,1,0.75,240,after_decay,boundary_retained,4,peak_depth_error,5,0.07142857142857142,0.07142857142857142,0.14285714285714282,0,5
SKS03,SKS02,1,0.75,240,after_decay,boundary_retained,4,peak_load_error,5,0.015512193967622892,0.009439708427061808,0.12928886231583353,0,5
SKS03,SKS02,1,0.75,240,after_decay,boundary_retained,4,profile_nrmse,5,-0.07106552963915877,-0.10098585800653803,-0.0442380486263028,5,0
SKS03,SKS02,1,0.75,240,after_decay,original,2,peak_depth_error,5,0.0,0.0,0.14285714285714285,0,1
SKS03,SKS02,1,0.75,240,after_decay,original,2,peak_load_error,5,-0.027969838720101073,-0.08082934177491936,0.05742846032647243,4,1
SKS03,SKS02,1,0.75,240,after_decay,original,2,profile_nrmse,5,-0.09773462808264323,-0.1532669706408985,-0.06454004713264332,5,0
SKS03,SKS02,1,0.75,240,after_decay,original,3,peak_depth_error,5,0.07142857142857142,-2.7755575615628914e-17,0.07142857142857142,0,4
SKS03,SKS02,1,0.75,240,after_decay,original,3,peak_load_error,5,0.013947449486345942,0.009439708427061808,0.023522789690351945,0,5
SKS03,SKS02,1,0.75,240,after_decay,original,3,profile_nrmse,5,-0.04400058591964633,-0.04904936079038801,-0.03169474504216793,5,0
SKS03,SKS02,1,0.75,240,after_decay,original,4,peak_depth_error,5,0.07142857142857142,0.07142857142857142,0.14285714285714282,0,5
SKS03,SKS02,1,0.75,240,after_decay,original,4,peak_load_error,5,0.015512193967622892,0.009439708427061808,0.12928886231583353,0,5
SKS03,SKS02,1,0.75,240,after_decay,original,4,profile_nrmse,5,-0.07106552963915877,-0.10098585800653803,-0.0442380486263028,5,0
SKS03,SKS02,1,0.75,240,before_decay,boundary_retained,2,peak_depth_error,5,0.2857142857142857,0.07142857142857142,0.2857142857142857,0,5
SKS03,SKS02,1,0.75,240,before_decay,boundary_retained,2,peak_load_error,5,-0.009360718388398775,-0.13308563444744687,0.08606978231605592,3,2
SKS03,SKS02,1,0.75,240,before_decay,boundary_retained,2,profile_nrmse,5,-0.163606588786799,-0.20745008939961362,-0.11153988971932106,5,0
SKS03,SKS02,1,0.75,240,before_decay,boundary_retained,3,peak_depth_error,5,0.0714285714285714,-0.07142857142857142,0.21428571428571425,1,3
SKS03,SKS02,1,0.75,240,before_decay,boundary_retained,3,peak_load_error,5,-0.0195502600670032,-0.11962419196355896,0.05569556955508366,3,2
SKS03,SKS02,1,0.75,240,before_decay,boundary_retained,3,profile_nrmse,5,-0.07902165559716759,-0.11051217070661384,-0.05563945966856887,5,0
SKS03,SKS02,1,0.75,240,before_decay,boundary_retained,4,peak_depth_error,5,0.07142857142857142,0.07142857142857142,0.21428571428571427,0,5
SKS03,SKS02,1,0.75,240,before_decay,boundary_retained,4,peak_load_error,5,0.01306573400889463,0.008256252569538585,0.06520317577335052,0,5
SKS03,SKS02,1,0.75,240,before_decay,boundary_retained,4,profile_nrmse,5,-0.0882190769048812,-0.11958288271131035,-0.059409924101528774,5,0
SKS03,SKS02,1,0.75,240,before_decay,original,2,peak_depth_error,5,0.0,-0.07142857142857142,0.0,1,0
SKS03,SKS02,1,0.75,240,before_decay,original,2,peak_load_error,5,-0.08718350471379906,-0.1398484107464289,-0.026837300358546597,5,0
SKS03,SKS02,1,0.75,240,before_decay,original,2,profile_nrmse,5,-0.1191823917169433,-0.15979506235196228,-0.06965632761128604,5,0
SKS03,SKS02,1,0.75,240,before_decay,original,3,peak_depth_error,5,0.07142857142857142,0.07142857142857142,0.14285714285714285,0,5
SKS03,SKS02,1,0.75,240,before_decay,original,3,peak_load_error,5,0.012579988099767805,-0.006119507618767658,0.02201535372645823,1,4
SKS03,SKS02,1,0.75,240,before_decay,original,3,profile_nrmse,5,-0.05529262092693896,-0.08178892931106929,-0.044803034343978566,5,0
SKS03,SKS02,1,0.75,240,before_decay,original,4,peak_depth_error,5,0.07142857142857142,0.07142857142857142,0.21428571428571427,0,5
SKS03,SKS02,1,0.75,240,before_decay,original,4,peak_load_error,5,0.01306573400889463,0.008256252569538585,0.06520317577335052,0,5
SKS03,SKS02,1,0.75,240,before_decay,original,4,profile_nrmse,5,-0.0882190769048812,-0.11958288271131035,-0.059409924101528774,5,0
SKS03,SKS02,1,0.75,240,shaking,boundary_retained,2,peak_depth_error,5,0.2142857142857143,0.0,0.35714285714285715,0,4
SKS03,SKS02,1,0.75,240,shaking,boundary_retained,2,peak_load_error,5,0.02773272680710677,-0.09849763737508603,0.15806838937142365,2,3
SKS03,SKS02,1,0.75,240,shaking,boundary_retained,2,profile_nrmse,5,-0.12829375061483705,-0.20766518958581384,-0.07072275810207626,5,0
SKS03,SKS02,1,0.75,240,shaking,boundary_retained,3,peak_depth_error,5,0.0714285714285714,0.0714285714285714,0.14285714285714282,0,5
SKS03,SKS02,1,0.75,240,shaking,boundary_retained,3,peak_load_error,5,-0.015535402721015439,-0.09989718923480406,-0.006725308404587141,5,0
SKS03,SKS02,1,0.75,240,shaking,boundary_retained,3,profile_nrmse,5,-0.07020175204460866,-0.11170901571591922,-0.05934871519382896,5,0
SKS03,SKS02,1,0.75,240,shaking,boundary_retained,4,peak_depth_error,5,0.07142857142857142,0.07142857142857137,0.14285714285714285,0,5
SKS03,SKS02,1,0.75,240,shaking,boundary_retained,4,peak_load_error,5,0.0255006052521672,0.00825522020056639,0.1136314419957492,0,5
SKS03,SKS02,1,0.75,240,shaking,boundary_retained,4,profile_nrmse,5,-0.07729998688056913,-0.10813716398845888,-0.040818345356193754,5,0
SKS03,SKS02,1,0.75,240,shaking,original,2,peak_depth_error,5,0.0,-0.14285714285714288,0.07142857142857142,1,1
SKS03,SKS02,1,0.75,240,shaking,original,2,peak_load_error,5,-0.09215672680714335,-0.15361897745169376,-0.0020578514117690384,5,0
SKS03,SKS02,1,0.75,240,shaking,original,2,profile_nrmse,5,-0.10558147980169548,-0.15095626244287347,-0.07405386218858903,5,0
SKS03,SKS02,1,0.75,240,shaking,original,3,peak_depth_error,5,0.07142857142857142,0.07142857142857137,0.14285714285714285,0,5
SKS03,SKS02,1,0.75,240,shaking,original,3,peak_load_error,5,0.01919220255395042,-0.008989526737363683,0.027127370172153137,1,4
SKS03,SKS02,1,0.75,240,shaking,original,3,profile_nrmse,5,-0.036868617232446714,-0.08497910080257726,-0.03548622548810416,5,0
SKS03,SKS02,1,0.75,240,shaking,original,4,peak_depth_error,5,0.07142857142857142,0.07142857142857137,0.14285714285714285,0,5
SKS03,SKS02,1,0.75,240,shaking,original,4,peak_load_error,5,0.0255006052521672,0.00825522020056639,0.1136314419957492,0,5
SKS03,SKS02,1,0.75,240,shaking,original,4,profile_nrmse,5,-0.07729998688056913,-0.10813716398845888,-0.040818345356193754,5,0
