test,source,event,smoothed,eta,sampling_cap,phase,policy,additional_stations_b,metric,candidate,uniform,delta,piles
SKS02,SKS03,EQM_1,0,0.25,120,shaking,boundary_retained,2,peak_depth_error,0.42857142857142855,0.2142857142857143,0.21428571428571425,2
SKS02,SKS03,EQM_1,0,0.25,120,shaking,boundary_retained,2,peak_load_error,0.3379051606871863,0.38936878560744015,-0.051463624920253845,2
SKS02,SKS03,EQM_1,0,0.25,120,shaking,boundary_retained,2,profile_nrmse,0.21305075619107905,0.21529807897035522,-0.0022473227792761535,2
SKS02,SKS03,EQM_1,0,0.25,120,shaking,boundary_retained,3,peak_depth_error,0.42857142857142855,0.35714285714285715,0.0714285714285714,2
SKS02,SKS03,EQM_1,0,0.25,120,shaking,boundary_retained,3,peak_load_error,0.3379051606871863,0.3008368898567324,0.0370682708304539,2
SKS02,SKS03,EQM_1,0,0.25,120,shaking,boundary_retained,3,profile_nrmse,0.19937478373668094,0.2005116603485552,-0.0011368766118742407,2
SKS02,SKS03,EQM_1,0,0.25,120,shaking,boundary_retained,4,peak_depth_error,0.0,0.35714285714285715,-0.35714285714285715,2
SKS02,SKS03,EQM_1,0,0.25,120,shaking,boundary_retained,4,peak_load_error,0.0,0.3008368898567324,-0.3008368898567324,2
SKS02,SKS03,EQM_1,0,0.25,120,shaking,boundary_retained,4,profile_nrmse,0.1472720923140188,0.1901791952982932,-0.04290710298427439,2
SKS02,SKS03,EQM_1,0,0.25,120,shaking,original,2,peak_depth_error,0.42857142857142855,0.2142857142857143,0.21428571428571425,2
SKS02,SKS03,EQM_1,0,0.25,120,shaking,original,2,peak_load_error,0.2658347557189136,0.38936878560744015,-0.12353402988852659,2
SKS02,SKS03,EQM_1,0,0.25,120,shaking,original,2,profile_nrmse,0.2563017205042754,0.21529807897035522,0.04100364153392021,2
SKS02,SKS03,EQM_1,0,0.25,120,shaking,original,3,peak_depth_error,0.42857142857142855,0.35714285714285715,0.0714285714285714,2
SKS02,SKS03,EQM_1,0,0.25,120,shaking,original,3,peak_load_error,0.3379051606871863,0.3008368898567324,0.0370682708304539,2
SKS02,SKS03,EQM_1,0,0.25,120,shaking,original,3,profile_nrmse,0.19937478373668094,0.2005116603485552,-0.0011368766118742407,2
SKS02,SKS03,EQM_1,0,0.25,120,shaking,original,4,peak_depth_error,0.0,0.35714285714285715,-0.35714285714285715,2
SKS02,SKS03,EQM_1,0,0.25,120,shaking,original,4,peak_load_error,0.0,0.3008368898567324,-0.3008368898567324,2
SKS02,SKS03,EQM_1,0,0.25,120,shaking,original,4,profile_nrmse,0.1472720923140188,0.1901791952982932,-0.04290710298427439,2
SKS02,SKS03,EQM_1,0,0.25,240,shaking,boundary_retained,2,peak_depth_error,0.42857142857142855,0.2142857142857143,0.21428571428571425,2
SKS02,SKS03,EQM_1,0,0.25,240,shaking,boundary_retained,2,peak_load_error,0.33933800813469994,0.3892572028652118,-0.0499191947305119,2
SKS02,SKS03,EQM_1,0,0.25,240,shaking,boundary_retained,2,profile_nrmse,0.21323031421385827,0.21547105285305224,-0.0022407386391939538,2
SKS02,SKS03,EQM_1,0,0.25,240,shaking,boundary_retained,3,peak_depth_error,0.42857142857142855,0.35714285714285715,0.0714285714285714,2
SKS02,SKS03,EQM_1,0,0.25,240,shaking,boundary_retained,3,peak_load_error,0.33933800813469994,0.3008503712994198,0.03848763683528014,2
SKS02,SKS03,EQM_1,0,0.25,240,shaking,boundary_retained,3,profile_nrmse,0.1995174440769749,0.200472983542616,-0.0009555394656411004,2
SKS02,SKS03,EQM_1,0,0.25,240,shaking,boundary_retained,4,peak_depth_error,0.0,0.35714285714285715,-0.35714285714285715,2
SKS02,SKS03,EQM_1,0,0.25,240,shaking,boundary_retained,4,peak_load_error,0.0,0.3008503712994198,-0.3008503712994198,2
SKS02,SKS03,EQM_1,0,0.25,240,shaking,boundary_retained,4,profile_nrmse,0.14738523434674666,0.1903865747876086,-0.04300134044086192,2
SKS02,SKS03,EQM_1,0,0.25,240,shaking,original,2,peak_depth_error,0.42857142857142855,0.2142857142857143,0.21428571428571425,2
SKS02,SKS03,EQM_1,0,0.25,240,shaking,original,2,peak_load_error,0.2666499314977172,0.3892572028652118,-0.12260727136749464,2
SKS02,SKS03,EQM_1,0,0.25,240,shaking,original,2,profile_nrmse,0.25611101199832664,0.21547105285305224,0.040639959145274435,2
SKS02,SKS03,EQM_1,0,0.25,240,shaking,original,3,peak_depth_error,0.42857142857142855,0.35714285714285715,0.0714285714285714,2
SKS02,SKS03,EQM_1,0,0.25,240,shaking,original,3,peak_load_error,0.33933800813469994,0.3008503712994198,0.03848763683528014,2
SKS02,SKS03,EQM_1,0,0.25,240,shaking,original,3,profile_nrmse,0.1995174440769749,0.200472983542616,-0.0009555394656411004,2
SKS02,SKS03,EQM_1,0,0.25,240,shaking,original,4,peak_depth_error,0.0,0.35714285714285715,-0.35714285714285715,2
SKS02,SKS03,EQM_1,0,0.25,240,shaking,original,4,peak_load_error,0.0,0.3008503712994198,-0.3008503712994198,2
SKS02,SKS03,EQM_1,0,0.25,240,shaking,original,4,profile_nrmse,0.14738523434674666,0.1903865747876086,-0.04300134044086192,2
SKS02,SKS03,EQM_1,0,0.5,120,shaking,boundary_retained,2,peak_depth_error,0.42857142857142855,0.2142857142857143,0.21428571428571425,2
SKS02,SKS03,EQM_1,0,0.5,120,shaking,boundary_retained,2,peak_load_error,0.3379051606871863,0.38936878560744015,-0.051463624920253845,2
SKS02,SKS03,EQM_1,0,0.5,120,shaking,boundary_retained,2,profile_nrmse,0.21305075619107905,0.21529807897035522,-0.0022473227792761535,2
SKS02,SKS03,EQM_1,0,0.5,120,shaking,boundary_retained,3,peak_depth_error,0.42857142857142855,0.35714285714285715,0.0714285714285714,2
SKS02,SKS03,EQM_1,0,0.5,120,shaking,boundary_retained,3,peak_load_error,0.3379051606871863,0.3008368898567324,0.0370682708304539,2
SKS02,SKS03,EQM_1,0,0.5,120,shaking,boundary_retained,3,profile_nrmse,0.19937478373668094,0.2005116603485552,-0.0011368766118742407,2
SKS02,SKS03,EQM_1,0,0.5,120,shaking,boundary_retained,4,peak_depth_error,0.0,0.35714285714285715,-0.35714285714285715,2
SKS02,SKS03,EQM_1,0,0.5,120,shaking,boundary_retained,4,peak_load_error,0.0,0.3008368898567324,-0.3008368898567324,2
SKS02,SKS03,EQM_1,0,0.5,120,shaking,boundary_retained,4,profile_nrmse,0.1472720923140188,0.1901791952982932,-0.04290710298427439,2
SKS02,SKS03,EQM_1,0,0.5,120,shaking,original,2,peak_depth_error,0.42857142857142855,0.2142857142857143,0.21428571428571425,2
SKS02,SKS03,EQM_1,0,0.5,120,shaking,original,2,peak_load_error,0.2658347557189136,0.38936878560744015,-0.12353402988852659,2
SKS02,SKS03,EQM_1,0,0.5,120,shaking,original,2,profile_nrmse,0.2563017205042754,0.21529807897035522,0.04100364153392021,2
SKS02,SKS03,EQM_1,0,0.5,120,shaking,original,3,peak_depth_error,0.42857142857142855,0.35714285714285715,0.0714285714285714,2
SKS02,SKS03,EQM_1,0,0.5,120,shaking,original,3,peak_load_error,0.3379051606871863,0.3008368898567324,0.0370682708304539,2
SKS02,SKS03,EQM_1,0,0.5,120,shaking,original,3,profile_nrmse,0.19937478373668094,0.2005116603485552,-0.0011368766118742407,2
SKS02,SKS03,EQM_1,0,0.5,120,shaking,original,4,peak_depth_error,0.0,0.35714285714285715,-0.35714285714285715,2
SKS02,SKS03,EQM_1,0,0.5,120,shaking,original,4,peak_load_error,0.0,0.3008368898567324,-0.3008368898567324,2
SKS02,SKS03,EQM_1,0,0.5,120,shaking,original,4,profile_nrmse,0.1472720923140188,0.1901791952982932,-0.04290710298427439,2
SKS02,SKS03,EQM_1,0,0.5,240,shaking,boundary_retained,2,peak_depth_error,0.42857142857142855,0.2142857142857143,0.21428571428571425,2
SKS02,SKS03,EQM_1,0,0.5,240,shaking,boundary_retained,2,peak_load_error,0.33933800813469994,0.3892572028652118,-0.0499191947305119,2
SKS02,SKS03,EQM_1,0,0.5,240,shaking,boundary_retained,2,profile_nrmse,0.21323031421385827,0.21547105285305224,-0.0022407386391939538,2
SKS02,SKS03,EQM_1,0,0.5,240,shaking,boundary_retained,3,peak_depth_error,0.42857142857142855,0.35714285714285715,0.0714285714285714,2
SKS02,SKS03,EQM_1,0,0.5,240,shaking,boundary_retained,3,peak_load_error,0.33933800813469994,0.3008503712994198,0.03848763683528014,2
SKS02,SKS03,EQM_1,0,0.5,240,shaking,boundary_retained,3,profile_nrmse,0.1995174440769749,0.200472983542616,-0.0009555394656411004,2
SKS02,SKS03,EQM_1,0,0.5,240,shaking,boundary_retained,4,peak_depth_error,0.0,0.35714285714285715,-0.35714285714285715,2
SKS02,SKS03,EQM_1,0,0.5,240,shaking,boundary_retained,4,peak_load_error,0.0,0.3008503712994198,-0.3008503712994198,2
SKS02,SKS03,EQM_1,0,0.5,240,shaking,boundary_retained,4,profile_nrmse,0.14738523434674666,0.1903865747876086,-0.04300134044086192,2
SKS02,SKS03,EQM_1,0,0.5,240,shaking,original,2,peak_depth_error,0.42857142857142855,0.2142857142857143,0.21428571428571425,2
SKS02,SKS03,EQM_1,0,0.5,240,shaking,original,2,peak_load_error,0.2666499314977172,0.3892572028652118,-0.12260727136749464,2
SKS02,SKS03,EQM_1,0,0.5,240,shaking,original,2,profile_nrmse,0.25611101199832664,0.21547105285305224,0.040639959145274435,2
SKS02,SKS03,EQM_1,0,0.5,240,shaking,original,3,peak_depth_error,0.42857142857142855,0.35714285714285715,0.0714285714285714,2
SKS02,SKS03,EQM_1,0,0.5,240,shaking,original,3,peak_load_error,0.33933800813469994,0.3008503712994198,0.03848763683528014,2
SKS02,SKS03,EQM_1,0,0.5,240,shaking,original,3,profile_nrmse,0.1995174440769749,0.200472983542616,-0.0009555394656411004,2
SKS02,SKS03,EQM_1,0,0.5,240,shaking,original,4,peak_depth_error,0.0,0.35714285714285715,-0.35714285714285715,2
SKS02,SKS03,EQM_1,0,0.5,240,shaking,original,4,peak_load_error,0.0,0.3008503712994198,-0.3008503712994198,2
SKS02,SKS03,EQM_1,0,0.5,240,shaking,original,4,profile_nrmse,0.14738523434674666,0.1903865747876086,-0.04300134044086192,2
SKS02,SKS03,EQM_1,0,0.75,120,shaking,boundary_retained,2,peak_depth_error,0.42857142857142855,0.2142857142857143,0.21428571428571425,2
SKS02,SKS03,EQM_1,0,0.75,120,shaking,boundary_retained,2,peak_load_error,0.3379051606871863,0.38936878560744015,-0.051463624920253845,2
SKS02,SKS03,EQM_1,0,0.75,120,shaking,boundary_retained,2,profile_nrmse,0.21305075619107905,0.21529807897035522,-0.0022473227792761535,2
SKS02,SKS03,EQM_1,0,0.75,120,shaking,boundary_retained,3,peak_depth_error,0.42857142857142855,0.35714285714285715,0.0714285714285714,2
SKS02,SKS03,EQM_1,0,0.75,120,shaking,boundary_retained,3,peak_load_error,0.3379051606871863,0.3008368898567324,0.0370682708304539,2
SKS02,SKS03,EQM_1,0,0.75,120,shaking,boundary_retained,3,profile_nrmse,0.19937478373668094,0.2005116603485552,-0.0011368766118742407,2
SKS02,SKS03,EQM_1,0,0.75,120,shaking,boundary_retained,4,peak_depth_error,0.0,0.35714285714285715,-0.35714285714285715,2
SKS02,SKS03,EQM_1,0,0.75,120,shaking,boundary_retained,4,peak_load_error,0.0,0.3008368898567324,-0.3008368898567324,2
SKS02,SKS03,EQM_1,0,0.75,120,shaking,boundary_retained,4,profile_nrmse,0.1472720923140188,0.1901791952982932,-0.04290710298427439,2
SKS02,SKS03,EQM_1,0,0.75,120,shaking,original,2,peak_depth_error,0.42857142857142855,0.2142857142857143,0.21428571428571425,2
SKS02,SKS03,EQM_1,0,0.75,120,shaking,original,2,peak_load_error,0.2658347557189136,0.38936878560744015,-0.12353402988852659,2
SKS02,SKS03,EQM_1,0,0.75,120,shaking,original,2,profile_nrmse,0.2563017205042754,0.21529807897035522,0.04100364153392021,2
SKS02,SKS03,EQM_1,0,0.75,120,shaking,original,3,peak_depth_error,0.42857142857142855,0.35714285714285715,0.0714285714285714,2
SKS02,SKS03,EQM_1,0,0.75,120,shaking,original,3,peak_load_error,0.3379051606871863,0.3008368898567324,0.0370682708304539,2
SKS02,SKS03,EQM_1,0,0.75,120,shaking,original,3,profile_nrmse,0.19937478373668094,0.2005116603485552,-0.0011368766118742407,2
SKS02,SKS03,EQM_1,0,0.75,120,shaking,original,4,peak_depth_error,0.0,0.35714285714285715,-0.35714285714285715,2
SKS02,SKS03,EQM_1,0,0.75,120,shaking,original,4,peak_load_error,0.0,0.3008368898567324,-0.3008368898567324,2
SKS02,SKS03,EQM_1,0,0.75,120,shaking,original,4,profile_nrmse,0.1472720923140188,0.1901791952982932,-0.04290710298427439,2
SKS02,SKS03,EQM_1,0,0.75,240,shaking,boundary_retained,2,peak_depth_error,0.42857142857142855,0.2142857142857143,0.21428571428571425,2
SKS02,SKS03,EQM_1,0,0.75,240,shaking,boundary_retained,2,peak_load_error,0.33933800813469994,0.3892572028652118,-0.0499191947305119,2
SKS02,SKS03,EQM_1,0,0.75,240,shaking,boundary_retained,2,profile_nrmse,0.21323031421385827,0.21547105285305224,-0.0022407386391939538,2
SKS02,SKS03,EQM_1,0,0.75,240,shaking,boundary_retained,3,peak_depth_error,0.42857142857142855,0.35714285714285715,0.0714285714285714,2
SKS02,SKS03,EQM_1,0,0.75,240,shaking,boundary_retained,3,peak_load_error,0.33933800813469994,0.3008503712994198,0.03848763683528014,2
SKS02,SKS03,EQM_1,0,0.75,240,shaking,boundary_retained,3,profile_nrmse,0.1995174440769749,0.200472983542616,-0.0009555394656411004,2
SKS02,SKS03,EQM_1,0,0.75,240,shaking,boundary_retained,4,peak_depth_error,0.0,0.35714285714285715,-0.35714285714285715,2
SKS02,SKS03,EQM_1,0,0.75,240,shaking,boundary_retained,4,peak_load_error,0.0,0.3008503712994198,-0.3008503712994198,2
SKS02,SKS03,EQM_1,0,0.75,240,shaking,boundary_retained,4,profile_nrmse,0.14738523434674666,0.1903865747876086,-0.04300134044086192,2
SKS02,SKS03,EQM_1,0,0.75,240,shaking,original,2,peak_depth_error,0.42857142857142855,0.2142857142857143,0.21428571428571425,2
SKS02,SKS03,EQM_1,0,0.75,240,shaking,original,2,peak_load_error,0.2666499314977172,0.3892572028652118,-0.12260727136749464,2
SKS02,SKS03,EQM_1,0,0.75,240,shaking,original,2,profile_nrmse,0.25611101199832664,0.21547105285305224,0.040639959145274435,2
SKS02,SKS03,EQM_1,0,0.75,240,shaking,original,3,peak_depth_error,0.42857142857142855,0.35714285714285715,0.0714285714285714,2
SKS02,SKS03,EQM_1,0,0.75,240,shaking,original,3,peak_load_error,0.33933800813469994,0.3008503712994198,0.03848763683528014,2
SKS02,SKS03,EQM_1,0,0.75,240,shaking,original,3,profile_nrmse,0.1995174440769749,0.200472983542616,-0.0009555394656411004,2
SKS02,SKS03,EQM_1,0,0.75,240,shaking,original,4,peak_depth_error,0.0,0.35714285714285715,-0.35714285714285715,2
SKS02,SKS03,EQM_1,0,0.75,240,shaking,original,4,peak_load_error,0.0,0.3008503712994198,-0.3008503712994198,2
SKS02,SKS03,EQM_1,0,0.75,240,shaking,original,4,profile_nrmse,0.14738523434674666,0.1903865747876086,-0.04300134044086192,2
SKS02,SKS03,EQM_1,1,0.25,120,shaking,boundary_retained,2,peak_depth_error,0.42857142857142855,0.2142857142857143,0.21428571428571425,2
SKS02,SKS03,EQM_1,1,0.25,120,shaking,boundary_retained,2,peak_load_error,0.33260792266411554,0.38602361798653995,-0.05341569532242442,2
SKS02,SKS03,EQM_1,1,0.25,120,shaking,boundary_retained,2,profile_nrmse,0.2113685640044417,0.21261000495118734,-0.0012414409467456228,2
SKS02,SKS03,EQM_1,1,0.25,120,shaking,boundary_retained,3,peak_depth_error,0.42857142857142855,0.35714285714285715,0.0714285714285714,2
SKS02,SKS03,EQM_1,1,0.25,120,shaking,boundary_retained,3,peak_load_error,0.33260792266411554,0.29347528052845245,0.0391326421356631,2
SKS02,SKS03,EQM_1,1,0.25,120,shaking,boundary_retained,3,profile_nrmse,0.19800836338389172,0.1988358056504987,-0.000827442266606998,2
SKS02,SKS03,EQM_1,1,0.25,120,shaking,boundary_retained,4,peak_depth_error,0.0,0.35714285714285715,-0.35714285714285715,2
SKS02,SKS03,EQM_1,1,0.25,120,shaking,boundary_retained,4,peak_load_error,0.0,0.29347528052845245,-0.29347528052845245,2
SKS02,SKS03,EQM_1,1,0.25,120,shaking,boundary_retained,4,profile_nrmse,0.1459038726576947,0.18888053409423772,-0.042976661436543016,2
SKS02,SKS03,EQM_1,1,0.25,120,shaking,original,2,peak_depth_error,0.42857142857142855,0.2142857142857143,0.21428571428571425,2
SKS02,SKS03,EQM_1,1,0.25,120,shaking,original,2,peak_load_error,0.2605341375799882,0.38602361798653995,-0.12548948040655178,2
SKS02,SKS03,EQM_1,1,0.25,120,shaking,original,2,profile_nrmse,0.254689939224527,0.21261000495118734,0.042079934273339614,2
SKS02,SKS03,EQM_1,1,0.25,120,shaking,original,3,peak_depth_error,0.42857142857142855,0.35714285714285715,0.0714285714285714,2
SKS02,SKS03,EQM_1,1,0.25,120,shaking,original,3,peak_load_error,0.33260792266411554,0.29347528052845245,0.0391326421356631,2
SKS02,SKS03,EQM_1,1,0.25,120,shaking,original,3,profile_nrmse,0.19800836338389172,0.1988358056504987,-0.000827442266606998,2
SKS02,SKS03,EQM_1,1,0.25,120,shaking,original,4,peak_depth_error,0.0,0.35714285714285715,-0.35714285714285715,2
SKS02,SKS03,EQM_1,1,0.25,120,shaking,original,4,peak_load_error,0.0,0.29347528052845245,-0.29347528052845245,2
SKS02,SKS03,EQM_1,1,0.25,120,shaking,original,4,profile_nrmse,0.1459038726576947,0.18888053409423772,-0.042976661436543016,2
SKS02,SKS03,EQM_1,1,0.25,240,shaking,boundary_retained,2,peak_depth_error,0.42857142857142855,0.2142857142857143,0.21428571428571425,2
SKS02,SKS03,EQM_1,1,0.25,240,shaking,boundary_retained,2,peak_load_error,0.3326111508807482,0.38602805323594347,-0.05341690235519525,2
SKS02,SKS03,EQM_1,1,0.25,240,shaking,boundary_retained,2,profile_nrmse,0.21136790740588476,0.21260734848527763,-0.0012394410793928612,2
SKS02,SKS03,EQM_1,1,0.25,240,shaking,boundary_retained,3,peak_depth_error,0.42857142857142855,0.35714285714285715,0.0714285714285714,2
SKS02,SKS03,EQM_1,1,0.25,240,shaking,boundary_retained,3,peak_load_error,0.3326111508807482,0.2934857296019649,0.03912542127878332,2
SKS02,SKS03,EQM_1,1,0.25,240,shaking,boundary_retained,3,profile_nrmse,0.19801232541562325,0.19883897240677373,-0.0008266469911504953,2
SKS02,SKS03,EQM_1,1,0.25,240,shaking,boundary_retained,4,peak_depth_error,0.0,0.35714285714285715,-0.35714285714285715,2
SKS02,SKS03,EQM_1,1,0.25,240,shaking,boundary_retained,4,peak_load_error,0.0,0.2934857296019649,-0.2934857296019649,2
SKS02,SKS03,EQM_1,1,0.25,240,shaking,boundary_retained,4,profile_nrmse,0.14590638943425882,0.1888832556893308,-0.042976866255071966,2
SKS02,SKS03,EQM_1,1,0.25,240,shaking,original,2,peak_depth_error,0.42857142857142855,0.2142857142857143,0.21428571428571425,2
SKS02,SKS03,EQM_1,1,0.25,240,shaking,original,2,peak_load_error,0.26052832945926374,0.38602805323594347,-0.12549972377667976,2
SKS02,SKS03,EQM_1,1,0.25,240,shaking,original,2,profile_nrmse,0.25469271394811865,0.21260734848527763,0.04208536546284103,2
SKS02,SKS03,EQM_1,1,0.25,240,shaking,original,3,peak_depth_error,0.42857142857142855,0.35714285714285715,0.0714285714285714,2
SKS02,SKS03,EQM_1,1,0.25,240,shaking,original,3,peak_load_error,0.3326111508807482,0.2934857296019649,0.03912542127878332,2
SKS02,SKS03,EQM_1,1,0.25,240,shaking,original,3,profile_nrmse,0.19801232541562325,0.19883897240677373,-0.0008266469911504953,2
SKS02,SKS03,EQM_1,1,0.25,240,shaking,original,4,peak_depth_error,0.0,0.35714285714285715,-0.35714285714285715,2
SKS02,SKS03,EQM_1,1,0.25,240,shaking,original,4,peak_load_error,0.0,0.2934857296019649,-0.2934857296019649,2
SKS02,SKS03,EQM_1,1,0.25,240,shaking,original,4,profile_nrmse,0.14590638943425882,0.1888832556893308,-0.042976866255071966,2
SKS02,SKS03,EQM_1,1,0.5,120,shaking,boundary_retained,2,peak_depth_error,0.42857142857142855,0.2142857142857143,0.21428571428571425,2
SKS02,SKS03,EQM_1,1,0.5,120,shaking,boundary_retained,2,peak_load_error,0.33260792266411554,0.38602361798653995,-0.05341569532242442,2
SKS02,SKS03,EQM_1,1,0.5,120,shaking,boundary_retained,2,profile_nrmse,0.2113685640044417,0.21261000495118734,-0.0012414409467456228,2
SKS02,SKS03,EQM_1,1,0.5,120,shaking,boundary_retained,3,peak_depth_error,0.42857142857142855,0.35714285714285715,0.0714285714285714,2
SKS02,SKS03,EQM_1,1,0.5,120,shaking,boundary_retained,3,peak_load_error,0.33260792266411554,0.29347528052845245,0.0391326421356631,2
SKS02,SKS03,EQM_1,1,0.5,120,shaking,boundary_retained,3,profile_nrmse,0.19800836338389172,0.1988358056504987,-0.000827442266606998,2
SKS02,SKS03,EQM_1,1,0.5,120,shaking,boundary_retained,4,peak_depth_error,0.0,0.35714285714285715,-0.35714285714285715,2
SKS02,SKS03,EQM_1,1,0.5,120,shaking,boundary_retained,4,peak_load_error,0.0,0.29347528052845245,-0.29347528052845245,2
SKS02,SKS03,EQM_1,1,0.5,120,shaking,boundary_retained,4,profile_nrmse,0.1459038726576947,0.18888053409423772,-0.042976661436543016,2
SKS02,SKS03,EQM_1,1,0.5,120,shaking,original,2,peak_depth_error,0.42857142857142855,0.2142857142857143,0.21428571428571425,2
SKS02,SKS03,EQM_1,1,0.5,120,shaking,original,2,peak_load_error,0.2605341375799882,0.38602361798653995,-0.12548948040655178,2
SKS02,SKS03,EQM_1,1,0.5,120,shaking,original,2,profile_nrmse,0.254689939224527,0.21261000495118734,0.042079934273339614,2
SKS02,SKS03,EQM_1,1,0.5,120,shaking,original,3,peak_depth_error,0.42857142857142855,0.35714285714285715,0.0714285714285714,2
SKS02,SKS03,EQM_1,1,0.5,120,shaking,original,3,peak_load_error,0.33260792266411554,0.29347528052845245,0.0391326421356631,2
SKS02,SKS03,EQM_1,1,0.5,120,shaking,original,3,profile_nrmse,0.19800836338389172,0.1988358056504987,-0.000827442266606998,2
SKS02,SKS03,EQM_1,1,0.5,120,shaking,original,4,peak_depth_error,0.0,0.35714285714285715,-0.35714285714285715,2
SKS02,SKS03,EQM_1,1,0.5,120,shaking,original,4,peak_load_error,0.0,0.29347528052845245,-0.29347528052845245,2
SKS02,SKS03,EQM_1,1,0.5,120,shaking,original,4,profile_nrmse,0.1459038726576947,0.18888053409423772,-0.042976661436543016,2
SKS02,SKS03,EQM_1,1,0.5,240,shaking,boundary_retained,2,peak_depth_error,0.42857142857142855,0.2142857142857143,0.21428571428571425,2
SKS02,SKS03,EQM_1,1,0.5,240,shaking,boundary_retained,2,peak_load_error,0.3326111508807482,0.38602805323594347,-0.05341690235519525,2
SKS02,SKS03,EQM_1,1,0.5,240,shaking,boundary_retained,2,profile_nrmse,0.21136790740588476,0.21260734848527763,-0.0012394410793928612,2
SKS02,SKS03,EQM_1,1,0.5,240,shaking,boundary_retained,3,peak_depth_error,0.42857142857142855,0.35714285714285715,0.0714285714285714,2
SKS02,SKS03,EQM_1,1,0.5,240,shaking,boundary_retained,3,peak_load_error,0.3326111508807482,0.2934857296019649,0.03912542127878332,2
SKS02,SKS03,EQM_1,1,0.5,240,shaking,boundary_retained,3,profile_nrmse,0.19801232541562325,0.19883897240677373,-0.0008266469911504953,2
SKS02,SKS03,EQM_1,1,0.5,240,shaking,boundary_retained,4,peak_depth_error,0.0,0.35714285714285715,-0.35714285714285715,2
SKS02,SKS03,EQM_1,1,0.5,240,shaking,boundary_retained,4,peak_load_error,0.0,0.2934857296019649,-0.2934857296019649,2
SKS02,SKS03,EQM_1,1,0.5,240,shaking,boundary_retained,4,profile_nrmse,0.14590638943425882,0.1888832556893308,-0.042976866255071966,2
SKS02,SKS03,EQM_1,1,0.5,240,shaking,original,2,peak_depth_error,0.42857142857142855,0.2142857142857143,0.21428571428571425,2
SKS02,SKS03,EQM_1,1,0.5,240,shaking,original,2,peak_load_error,0.26052832945926374,0.38602805323594347,-0.12549972377667976,2
SKS02,SKS03,EQM_1,1,0.5,240,shaking,original,2,profile_nrmse,0.25469271394811865,0.21260734848527763,0.04208536546284103,2
SKS02,SKS03,EQM_1,1,0.5,240,shaking,original,3,peak_depth_error,0.42857142857142855,0.35714285714285715,0.0714285714285714,2
SKS02,SKS03,EQM_1,1,0.5,240,shaking,original,3,peak_load_error,0.3326111508807482,0.2934857296019649,0.03912542127878332,2
SKS02,SKS03,EQM_1,1,0.5,240,shaking,original,3,profile_nrmse,0.19801232541562325,0.19883897240677373,-0.0008266469911504953,2
SKS02,SKS03,EQM_1,1,0.5,240,shaking,original,4,peak_depth_error,0.0,0.35714285714285715,-0.35714285714285715,2
SKS02,SKS03,EQM_1,1,0.5,240,shaking,original,4,peak_load_error,0.0,0.2934857296019649,-0.2934857296019649,2
SKS02,SKS03,EQM_1,1,0.5,240,shaking,original,4,profile_nrmse,0.14590638943425882,0.1888832556893308,-0.042976866255071966,2
SKS02,SKS03,EQM_1,1,0.75,120,shaking,boundary_retained,2,peak_depth_error,0.42857142857142855,0.2142857142857143,0.21428571428571425,2
SKS02,SKS03,EQM_1,1,0.75,120,shaking,boundary_retained,2,peak_load_error,0.33260792266411554,0.38602361798653995,-0.05341569532242442,2
SKS02,SKS03,EQM_1,1,0.75,120,shaking,boundary_retained,2,profile_nrmse,0.2113685640044417,0.21261000495118734,-0.0012414409467456228,2
SKS02,SKS03,EQM_1,1,0.75,120,shaking,boundary_retained,3,peak_depth_error,0.42857142857142855,0.35714285714285715,0.0714285714285714,2
SKS02,SKS03,EQM_1,1,0.75,120,shaking,boundary_retained,3,peak_load_error,0.33260792266411554,0.29347528052845245,0.0391326421356631,2
SKS02,SKS03,EQM_1,1,0.75,120,shaking,boundary_retained,3,profile_nrmse,0.19800836338389172,0.1988358056504987,-0.000827442266606998,2
SKS02,SKS03,EQM_1,1,0.75,120,shaking,boundary_retained,4,peak_depth_error,0.0,0.35714285714285715,-0.35714285714285715,2
SKS02,SKS03,EQM_1,1,0.75,120,shaking,boundary_retained,4,peak_load_error,0.0,0.29347528052845245,-0.29347528052845245,2
SKS02,SKS03,EQM_1,1,0.75,120,shaking,boundary_retained,4,profile_nrmse,0.1459038726576947,0.18888053409423772,-0.042976661436543016,2
SKS02,SKS03,EQM_1,1,0.75,120,shaking,original,2,peak_depth_error,0.42857142857142855,0.2142857142857143,0.21428571428571425,2
SKS02,SKS03,EQM_1,1,0.75,120,shaking,original,2,peak_load_error,0.2605341375799882,0.38602361798653995,-0.12548948040655178,2
SKS02,SKS03,EQM_1,1,0.75,120,shaking,original,2,profile_nrmse,0.254689939224527,0.21261000495118734,0.042079934273339614,2
SKS02,SKS03,EQM_1,1,0.75,120,shaking,original,3,peak_depth_error,0.42857142857142855,0.35714285714285715,0.0714285714285714,2
SKS02,SKS03,EQM_1,1,0.75,120,shaking,original,3,peak_load_error,0.33260792266411554,0.29347528052845245,0.0391326421356631,2
SKS02,SKS03,EQM_1,1,0.75,120,shaking,original,3,profile_nrmse,0.19800836338389172,0.1988358056504987,-0.000827442266606998,2
SKS02,SKS03,EQM_1,1,0.75,120,shaking,original,4,peak_depth_error,0.0,0.35714285714285715,-0.35714285714285715,2
SKS02,SKS03,EQM_1,1,0.75,120,shaking,original,4,peak_load_error,0.0,0.29347528052845245,-0.29347528052845245,2
SKS02,SKS03,EQM_1,1,0.75,120,shaking,original,4,profile_nrmse,0.1459038726576947,0.18888053409423772,-0.042976661436543016,2
SKS02,SKS03,EQM_1,1,0.75,240,shaking,boundary_retained,2,peak_depth_error,0.42857142857142855,0.2142857142857143,0.21428571428571425,2
SKS02,SKS03,EQM_1,1,0.75,240,shaking,boundary_retained,2,peak_load_error,0.3326111508807482,0.38602805323594347,-0.05341690235519525,2
SKS02,SKS03,EQM_1,1,0.75,240,shaking,boundary_retained,2,profile_nrmse,0.21136790740588476,0.21260734848527763,-0.0012394410793928612,2
SKS02,SKS03,EQM_1,1,0.75,240,shaking,boundary_retained,3,peak_depth_error,0.42857142857142855,0.35714285714285715,0.0714285714285714,2
SKS02,SKS03,EQM_1,1,0.75,240,shaking,boundary_retained,3,peak_load_error,0.3326111508807482,0.2934857296019649,0.03912542127878332,2
SKS02,SKS03,EQM_1,1,0.75,240,shaking,boundary_retained,3,profile_nrmse,0.19801232541562325,0.19883897240677373,-0.0008266469911504953,2
SKS02,SKS03,EQM_1,1,0.75,240,shaking,boundary_retained,4,peak_depth_error,0.0,0.35714285714285715,-0.35714285714285715,2
SKS02,SKS03,EQM_1,1,0.75,240,shaking,boundary_retained,4,peak_load_error,0.0,0.2934857296019649,-0.2934857296019649,2
SKS02,SKS03,EQM_1,1,0.75,240,shaking,boundary_retained,4,profile_nrmse,0.14590638943425882,0.1888832556893308,-0.042976866255071966,2
SKS02,SKS03,EQM_1,1,0.75,240,shaking,original,2,peak_depth_error,0.42857142857142855,0.2142857142857143,0.21428571428571425,2
SKS02,SKS03,EQM_1,1,0.75,240,shaking,original,2,peak_load_error,0.26052832945926374,0.38602805323594347,-0.12549972377667976,2
SKS02,SKS03,EQM_1,1,0.75,240,shaking,original,2,profile_nrmse,0.25469271394811865,0.21260734848527763,0.04208536546284103,2
SKS02,SKS03,EQM_1,1,0.75,240,shaking,original,3,peak_depth_error,0.42857142857142855,0.35714285714285715,0.0714285714285714,2
SKS02,SKS03,EQM_1,1,0.75,240,shaking,original,3,peak_load_error,0.3326111508807482,0.2934857296019649,0.03912542127878332,2
SKS02,SKS03,EQM_1,1,0.75,240,shaking,original,3,profile_nrmse,0.19801232541562325,0.19883897240677373,-0.0008266469911504953,2
SKS02,SKS03,EQM_1,1,0.75,240,shaking,original,4,peak_depth_error,0.0,0.35714285714285715,-0.35714285714285715,2
SKS02,SKS03,EQM_1,1,0.75,240,shaking,original,4,peak_load_error,0.0,0.2934857296019649,-0.2934857296019649,2
SKS02,SKS03,EQM_1,1,0.75,240,shaking,original,4,profile_nrmse,0.14590638943425882,0.1888832556893308,-0.042976866255071966,2
SKS02,SKS03,EQM_2,0,0.25,120,after_decay,boundary_retained,2,peak_depth_error,0.42857142857142855,0.2857142857142857,0.14285714285714285,2
SKS02,SKS03,EQM_2,0,0.25,120,after_decay,boundary_retained,2,peak_load_error,0.34184820406418026,0.3644561889714474,-0.022607984907267176,2
SKS02,SKS03,EQM_2,0,0.25,120,after_decay,boundary_retained,2,profile_nrmse,0.20026804007943189,0.19654861132255252,0.0037194287568793893,2
SKS02,SKS03,EQM_2,0,0.25,120,after_decay,boundary_retained,3,peak_depth_error,0.42857142857142855,0.35714285714285715,0.0714285714285714,2
SKS02,SKS03,EQM_2,0,0.25,120,after_decay,boundary_retained,3,peak_load_error,0.34184820406418026,0.30359985231000897,0.038248351754171295,2
SKS02,SKS03,EQM_2,0,0.25,120,after_decay,boundary_retained,3,profile_nrmse,0.1876050910787141,0.1895688493289553,-0.0019637582502412126,2
SKS02,SKS03,EQM_2,0,0.25,120,after_decay,boundary_retained,4,peak_depth_error,0.0,0.35714285714285715,-0.35714285714285715,2
SKS02,SKS03,EQM_2,0,0.25,120,after_decay,boundary_retained,4,peak_load_error,0.0,0.3027032938507571,-0.3027032938507571,2
SKS02,SKS03,EQM_2,0,0.25,120,after_decay,boundary_retained,4,profile_nrmse,0.13971183991032096,0.17765714739519636,-0.03794530748487539,2
SKS02,SKS03,EQM_2,0,0.25,120,after_decay,original,2,peak_depth_error,0.42857142857142855,0.2857142857142857,0.14285714285714285,2
SKS02,SKS03,EQM_2,0,0.25,120,after_decay,original,2,peak_load_error,0.2665569282374324,0.3644561889714474,-0.09789926073401506,2
SKS02,SKS03,EQM_2,0,0.25,120,after_decay,original,2,profile_nrmse,0.2328820284017554,0.19654861132255252,0.036333417079202894,2
SKS02,SKS03,EQM_2,0,0.25,120,after_decay,original,3,peak_depth_error,0.42857142857142855,0.35714285714285715,0.0714285714285714,2
SKS02,SKS03,EQM_2,0,0.25,120,after_decay,original,3,peak_load_error,0.34184820406418026,0.30359985231000897,0.038248351754171295,2
SKS02,SKS03,EQM_2,0,0.25,120,after_decay,original,3,profile_nrmse,0.1876050910787141,0.1895688493289553,-0.0019637582502412126,2
SKS02,SKS03,EQM_2,0,0.25,120,after_decay,original,4,peak_depth_error,0.0,0.35714285714285715,-0.35714285714285715,2
SKS02,SKS03,EQM_2,0,0.25,120,after_decay,original,4,peak_load_error,0.0,0.3027032938507571,-0.3027032938507571,2
SKS02,SKS03,EQM_2,0,0.25,120,after_decay,original,4,profile_nrmse,0.13971183991032096,0.17765714739519636,-0.03794530748487539,2
SKS02,SKS03,EQM_2,0,0.25,120,before_decay,boundary_retained,2,peak_depth_error,0.7142857142857142,0.2857142857142857,0.4285714285714285,2
SKS02,SKS03,EQM_2,0,0.25,120,before_decay,boundary_retained,2,peak_load_error,0.3493456175417534,0.39310438555369764,-0.0437587680119442,2
SKS02,SKS03,EQM_2,0,0.25,120,before_decay,boundary_retained,2,profile_nrmse,0.22300932087340242,0.22300942580529529,-1.0493189285532001e-07,2
SKS02,SKS03,EQM_2,0,0.25,120,before_decay,boundary_retained,3,peak_depth_error,0.5714285714285714,0.35714285714285715,0.21428571428571422,2
SKS02,SKS03,EQM_2,0,0.25,120,before_decay,boundary_retained,3,peak_load_error,0.3483841442228412,0.3113045905186621,0.037079553704179063,2
SKS02,SKS03,EQM_2,0,0.25,120,before_decay,boundary_retained,3,profile_nrmse,0.20766608146846827,0.21208664456946164,-0.004420563100993355,2
SKS02,SKS03,EQM_2,0,0.25,120,before_decay,boundary_retained,4,peak_depth_error,0.0,0.35714285714285715,-0.35714285714285715,2
SKS02,SKS03,EQM_2,0,0.25,120,before_decay,boundary_retained,4,peak_load_error,0.0,0.3113045905186621,-0.3113045905186621,2
SKS02,SKS03,EQM_2,0,0.25,120,before_decay,boundary_retained,4,profile_nrmse,0.15773346962787693,0.2023568442328506,-0.044623374604973676,2
SKS02,SKS03,EQM_2,0,0.25,120,before_decay,original,2,peak_depth_error,0.42857142857142855,0.2857142857142857,0.14285714285714285,2
SKS02,SKS03,EQM_2,0,0.25,120,before_decay,original,2,peak_load_error,0.2714732051986386,0.39310438555369764,-0.12163118035505902,2
SKS02,SKS03,EQM_2,0,0.25,120,before_decay,original,2,profile_nrmse,0.26454347238176046,0.22300942580529529,0.04153404657646517,2
SKS02,SKS03,EQM_2,0,0.25,120,before_decay,original,3,peak_depth_error,0.5714285714285714,0.35714285714285715,0.21428571428571422,2
SKS02,SKS03,EQM_2,0,0.25,120,before_decay,original,3,peak_load_error,0.3483841442228412,0.3113045905186621,0.037079553704179063,2
SKS02,SKS03,EQM_2,0,0.25,120,before_decay,original,3,profile_nrmse,0.20766608146846827,0.21208664456946164,-0.004420563100993355,2
SKS02,SKS03,EQM_2,0,0.25,120,before_decay,original,4,peak_depth_error,0.0,0.35714285714285715,-0.35714285714285715,2
SKS02,SKS03,EQM_2,0,0.25,120,before_decay,original,4,peak_load_error,0.0,0.3113045905186621,-0.3113045905186621,2
SKS02,SKS03,EQM_2,0,0.25,120,before_decay,original,4,profile_nrmse,0.15773346962787693,0.2023568442328506,-0.044623374604973676,2
SKS02,SKS03,EQM_2,0,0.25,120,shaking,boundary_retained,2,peak_depth_error,0.7857142857142856,0.5714285714285714,0.21428571428571425,2
SKS02,SKS03,EQM_2,0,0.25,120,shaking,boundary_retained,2,peak_load_error,0.36045078812593867,0.4515540920965333,-0.09110330397059462,2
SKS02,SKS03,EQM_2,0,0.25,120,shaking,boundary_retained,2,profile_nrmse,0.23826600133915946,0.24532199995629445,-0.007055998617134976,2
SKS02,SKS03,EQM_2,0,0.25,120,shaking,boundary_retained,3,peak_depth_error,0.7857142857142856,0.35714285714285715,0.4285714285714285,2
SKS02,SKS03,EQM_2,0,0.25,120,shaking,boundary_retained,3,peak_load_error,0.3550767147888748,0.33939733908948844,0.01567937569938642,2
SKS02,SKS03,EQM_2,0,0.25,120,shaking,boundary_retained,3,profile_nrmse,0.2202822300286048,0.23327912094902092,-0.012996890920416115,2
SKS02,SKS03,EQM_2,0,0.25,120,shaking,boundary_retained,4,peak_depth_error,0.0,0.35714285714285715,-0.35714285714285715,2
SKS02,SKS03,EQM_2,0,0.25,120,shaking,boundary_retained,4,peak_load_error,0.0,0.33939733908948844,-0.33939733908948844,2
SKS02,SKS03,EQM_2,0,0.25,120,shaking,boundary_retained,4,profile_nrmse,0.1706182977208148,0.2225772606732569,-0.0519589629524421,2
SKS02,SKS03,EQM_2,0,0.25,120,shaking,original,2,peak_depth_error,0.42857142857142855,0.5714285714285714,-0.14285714285714285,2
SKS02,SKS03,EQM_2,0,0.25,120,shaking,original,2,peak_load_error,0.30131487658949124,0.4515540920965333,-0.15023921550704206,2
SKS02,SKS03,EQM_2,0,0.25,120,shaking,original,2,profile_nrmse,0.28554877926942285,0.24532199995629445,0.040226779313128416,2
SKS02,SKS03,EQM_2,0,0.25,120,shaking,original,3,peak_depth_error,0.7857142857142856,0.35714285714285715,0.4285714285714285,2
SKS02,SKS03,EQM_2,0,0.25,120,shaking,original,3,peak_load_error,0.3550767147888748,0.33939733908948844,0.01567937569938642,2
SKS02,SKS03,EQM_2,0,0.25,120,shaking,original,3,profile_nrmse,0.2202822300286048,0.23327912094902092,-0.012996890920416115,2
SKS02,SKS03,EQM_2,0,0.25,120,shaking,original,4,peak_depth_error,0.0,0.35714285714285715,-0.35714285714285715,2
SKS02,SKS03,EQM_2,0,0.25,120,shaking,original,4,peak_load_error,0.0,0.33939733908948844,-0.33939733908948844,2
SKS02,SKS03,EQM_2,0,0.25,120,shaking,original,4,profile_nrmse,0.1706182977208148,0.2225772606732569,-0.0519589629524421,2
SKS02,SKS03,EQM_2,0,0.25,240,after_decay,boundary_retained,2,peak_depth_error,0.42857142857142855,0.2857142857142857,0.14285714285714285,2
SKS02,SKS03,EQM_2,0,0.25,240,after_decay,boundary_retained,2,peak_load_error,0.34189143858548965,0.3643964681510862,-0.022505029565596524,2
SKS02,SKS03,EQM_2,0,0.25,240,after_decay,boundary_retained,2,profile_nrmse,0.2002744029830959,0.1966138003447868,0.0036606026383091267,2
SKS02,SKS03,EQM_2,0,0.25,240,after_decay,boundary_retained,3,peak_depth_error,0.42857142857142855,0.35714285714285715,0.0714285714285714,2
SKS02,SKS03,EQM_2,0,0.25,240,after_decay,boundary_retained,3,peak_load_error,0.34189143858548965,0.3035650183648049,0.038326420220684804,2
SKS02,SKS03,EQM_2,0,0.25,240,after_decay,boundary_retained,3,profile_nrmse,0.1876314463297165,0.18956575061116882,-0.0019343042814523037,2
SKS02,SKS03,EQM_2,0,0.25,240,after_decay,boundary_retained,4,peak_depth_error,0.0,0.35714285714285715,-0.35714285714285715,2
SKS02,SKS03,EQM_2,0,0.25,240,after_decay,boundary_retained,4,peak_load_error,0.0,0.30273902797016117,-0.30273902797016117,2
SKS02,SKS03,EQM_2,0,0.25,240,after_decay,boundary_retained,4,profile_nrmse,0.1397076770414182,0.1776396795706581,-0.03793200252923991,2
SKS02,SKS03,EQM_2,0,0.25,240,after_decay,original,2,peak_depth_error,0.42857142857142855,0.2857142857142857,0.14285714285714285,2
SKS02,SKS03,EQM_2,0,0.25,240,after_decay,original,2,peak_load_error,0.2665991519383545,0.3643964681510862,-0.09779731621273169,2
SKS02,SKS03,EQM_2,0,0.25,240,after_decay,original,2,profile_nrmse,0.23289767666881817,0.1966138003447868,0.03628387632403137,2
SKS02,SKS03,EQM_2,0,0.25,240,after_decay,original,3,peak_depth_error,0.42857142857142855,0.35714285714285715,0.0714285714285714,2
SKS02,SKS03,EQM_2,0,0.25,240,after_decay,original,3,peak_load_error,0.34189143858548965,0.3035650183648049,0.038326420220684804,2
SKS02,SKS03,EQM_2,0,0.25,240,after_decay,original,3,profile_nrmse,0.1876314463297165,0.18956575061116882,-0.0019343042814523037,2
SKS02,SKS03,EQM_2,0,0.25,240,after_decay,original,4,peak_depth_error,0.0,0.35714285714285715,-0.35714285714285715,2
SKS02,SKS03,EQM_2,0,0.25,240,after_decay,original,4,peak_load_error,0.0,0.30273902797016117,-0.30273902797016117,2
SKS02,SKS03,EQM_2,0,0.25,240,after_decay,original,4,profile_nrmse,0.1397076770414182,0.1776396795706581,-0.03793200252923991,2
SKS02,SKS03,EQM_2,0,0.25,240,before_decay,boundary_retained,2,peak_depth_error,0.7142857142857142,0.2857142857142857,0.4285714285714285,2
SKS02,SKS03,EQM_2,0,0.25,240,before_decay,boundary_retained,2,peak_load_error,0.34890668500102584,0.3890835460702553,-0.04017686106922952,2
SKS02,SKS03,EQM_2,0,0.25,240,before_decay,boundary_retained,2,profile_nrmse,0.22192625148291403,0.22331077845551997,-0.0013845269726059373,2
SKS02,SKS03,EQM_2,0,0.25,240,before_decay,boundary_retained,3,peak_depth_error,0.5714285714285714,0.35714285714285715,0.21428571428571422,2
SKS02,SKS03,EQM_2,0,0.25,240,before_decay,boundary_retained,3,peak_load_error,0.34845928571253454,0.311415233563888,0.037044052148646506,2
SKS02,SKS03,EQM_2,0,0.25,240,before_decay,boundary_retained,3,profile_nrmse,0.20768660594078975,0.21237675663922267,-0.004690150698432927,2
SKS02,SKS03,EQM_2,0,0.25,240,before_decay,boundary_retained,4,peak_depth_error,0.0,0.35714285714285715,-0.35714285714285715,2
SKS02,SKS03,EQM_2,0,0.25,240,before_decay,boundary_retained,4,peak_load_error,0.0,0.311415233563888,-0.311415233563888,2
SKS02,SKS03,EQM_2,0,0.25,240,before_decay,boundary_retained,4,profile_nrmse,0.15822427371765155,0.20224468295285716,-0.04402040923520563,2
SKS02,SKS03,EQM_2,0,0.25,240,before_decay,original,2,peak_depth_error,0.42857142857142855,0.2857142857142857,0.14285714285714285,2
SKS02,SKS03,EQM_2,0,0.25,240,before_decay,original,2,peak_load_error,0.27150127356609444,0.3890835460702553,-0.11758227250416087,2
SKS02,SKS03,EQM_2,0,0.25,240,before_decay,original,2,profile_nrmse,0.2645142228008026,0.22331077845551997,0.04120344434528267,2
SKS02,SKS03,EQM_2,0,0.25,240,before_decay,original,3,peak_depth_error,0.5714285714285714,0.35714285714285715,0.21428571428571422,2
SKS02,SKS03,EQM_2,0,0.25,240,before_decay,original,3,peak_load_error,0.34845928571253454,0.311415233563888,0.037044052148646506,2
SKS02,SKS03,EQM_2,0,0.25,240,before_decay,original,3,profile_nrmse,0.20768660594078975,0.21237675663922267,-0.004690150698432927,2
SKS02,SKS03,EQM_2,0,0.25,240,before_decay,original,4,peak_depth_error,0.0,0.35714285714285715,-0.35714285714285715,2
SKS02,SKS03,EQM_2,0,0.25,240,before_decay,original,4,peak_load_error,0.0,0.311415233563888,-0.311415233563888,2
SKS02,SKS03,EQM_2,0,0.25,240,before_decay,original,4,profile_nrmse,0.15822427371765155,0.20224468295285716,-0.04402040923520563,2
SKS02,SKS03,EQM_2,0,0.25,240,shaking,boundary_retained,2,peak_depth_error,0.7857142857142856,0.5714285714285714,0.21428571428571425,2
SKS02,SKS03,EQM_2,0,0.25,240,shaking,boundary_retained,2,peak_load_error,0.35841644153651125,0.4488075393528344,-0.09039109781632317,2
SKS02,SKS03,EQM_2,0,0.25,240,shaking,boundary_retained,2,profile_nrmse,0.2382804433336272,0.2456080873310838,-0.007327643997456626,2
SKS02,SKS03,EQM_2,0,0.25,240,shaking,boundary_retained,3,peak_depth_error,0.7857142857142856,0.35714285714285715,0.4285714285714285,2
SKS02,SKS03,EQM_2,0,0.25,240,shaking,boundary_retained,3,peak_load_error,0.35383669259527134,0.33653555130653834,0.017301141288733016,2
SKS02,SKS03,EQM_2,0,0.25,240,shaking,boundary_retained,3,profile_nrmse,0.22014313149485742,0.23305865494552186,-0.012915523450664448,2
SKS02,SKS03,EQM_2,0,0.25,240,shaking,boundary_retained,4,peak_depth_error,0.0,0.35714285714285715,-0.35714285714285715,2
SKS02,SKS03,EQM_2,0,0.25,240,shaking,boundary_retained,4,peak_load_error,0.0,0.33653555130653834,-0.33653555130653834,2
SKS02,SKS03,EQM_2,0,0.25,240,shaking,boundary_retained,4,profile_nrmse,0.17034849793949963,0.22286245961958595,-0.05251396168008634,2
SKS02,SKS03,EQM_2,0,0.25,240,shaking,original,2,peak_depth_error,0.42857142857142855,0.5714285714285714,-0.14285714285714285,2
SKS02,SKS03,EQM_2,0,0.25,240,shaking,original,2,peak_load_error,0.2995817662747388,0.4488075393528344,-0.1492257730780956,2
SKS02,SKS03,EQM_2,0,0.25,240,shaking,original,2,profile_nrmse,0.2856440580293692,0.2456080873310838,0.04003597069828539,2
SKS02,SKS03,EQM_2,0,0.25,240,shaking,original,3,peak_depth_error,0.7857142857142856,0.35714285714285715,0.4285714285714285,2
SKS02,SKS03,EQM_2,0,0.25,240,shaking,original,3,peak_load_error,0.35383669259527134,0.33653555130653834,0.017301141288733016,2
SKS02,SKS03,EQM_2,0,0.25,240,shaking,original,3,profile_nrmse,0.22014313149485742,0.23305865494552186,-0.012915523450664448,2
SKS02,SKS03,EQM_2,0,0.25,240,shaking,original,4,peak_depth_error,0.0,0.35714285714285715,-0.35714285714285715,2
SKS02,SKS03,EQM_2,0,0.25,240,shaking,original,4,peak_load_error,0.0,0.33653555130653834,-0.33653555130653834,2
SKS02,SKS03,EQM_2,0,0.25,240,shaking,original,4,profile_nrmse,0.17034849793949963,0.22286245961958595,-0.05251396168008634,2
SKS02,SKS03,EQM_2,0,0.5,120,after_decay,boundary_retained,2,peak_depth_error,0.42857142857142855,0.2857142857142857,0.14285714285714285,2
SKS02,SKS03,EQM_2,0,0.5,120,after_decay,boundary_retained,2,peak_load_error,0.3424937362542283,0.36580951564499875,-0.023315779390770425,2
SKS02,SKS03,EQM_2,0,0.5,120,after_decay,boundary_retained,2,profile_nrmse,0.20158206933768225,0.19772776973812947,0.00385429959955276,2
SKS02,SKS03,EQM_2,0,0.5,120,after_decay,boundary_retained,3,peak_depth_error,0.42857142857142855,0.35714285714285715,0.0714285714285714,2
SKS02,SKS03,EQM_2,0,0.5,120,after_decay,boundary_retained,3,peak_load_error,0.3424937362542283,0.3047357911330307,0.03775794512119762,2
SKS02,SKS03,EQM_2,0,0.5,120,after_decay,boundary_retained,3,profile_nrmse,0.1881179592918667,0.19026523897621672,-0.002147279684350009,2
SKS02,SKS03,EQM_2,0,0.5,120,after_decay,boundary_retained,4,peak_depth_error,0.0,0.35714285714285715,-0.35714285714285715,2
SKS02,SKS03,EQM_2,0,0.5,120,after_decay,boundary_retained,4,peak_load_error,0.0,0.3039334810874649,-0.3039334810874649,2
SKS02,SKS03,EQM_2,0,0.5,120,after_decay,boundary_retained,4,profile_nrmse,0.1402488485122134,0.17853904300546986,-0.03829019449325646,2
SKS02,SKS03,EQM_2,0,0.5,120,after_decay,original,2,peak_depth_error,0.42857142857142855,0.2857142857142857,0.14285714285714285,2
SKS02,SKS03,EQM_2,0,0.5,120,after_decay,original,2,peak_load_error,0.26778634657419503,0.36580951564499875,-0.09802316907080369,2
SKS02,SKS03,EQM_2,0,0.5,120,after_decay,original,2,profile_nrmse,0.2343531544359852,0.19772776973812947,0.03662538469785574,2
SKS02,SKS03,EQM_2,0,0.5,120,after_decay,original,3,peak_depth_error,0.42857142857142855,0.35714285714285715,0.0714285714285714,2
SKS02,SKS03,EQM_2,0,0.5,120,after_decay,original,3,peak_load_error,0.3424937362542283,0.3047357911330307,0.03775794512119762,2
SKS02,SKS03,EQM_2,0,0.5,120,after_decay,original,3,profile_nrmse,0.1881179592918667,0.19026523897621672,-0.002147279684350009,2
SKS02,SKS03,EQM_2,0,0.5,120,after_decay,original,4,peak_depth_error,0.0,0.35714285714285715,-0.35714285714285715,2
SKS02,SKS03,EQM_2,0,0.5,120,after_decay,original,4,peak_load_error,0.0,0.3039334810874649,-0.3039334810874649,2
SKS02,SKS03,EQM_2,0,0.5,120,after_decay,original,4,profile_nrmse,0.1402488485122134,0.17853904300546986,-0.03829019449325646,2
SKS02,SKS03,EQM_2,0,0.5,120,before_decay,boundary_retained,2,peak_depth_error,0.7142857142857142,0.2857142857142857,0.4285714285714285,2
SKS02,SKS03,EQM_2,0,0.5,120,before_decay,boundary_retained,2,peak_load_error,0.3314680720058859,0.4071186868076926,-0.07565061480180665,2
SKS02,SKS03,EQM_2,0,0.5,120,before_decay,boundary_retained,2,profile_nrmse,0.23150297629587602,0.2328513060709112,-0.001348329775035212,2
SKS02,SKS03,EQM_2,0,0.5,120,before_decay,boundary_retained,3,peak_depth_error,0.7142857142857142,0.35714285714285715,0.35714285714285704,2
SKS02,SKS03,EQM_2,0,0.5,120,before_decay,boundary_retained,3,peak_load_error,0.32901961381643563,0.29686826303950997,0.03215135077692566,2
SKS02,SKS03,EQM_2,0,0.5,120,before_decay,boundary_retained,3,profile_nrmse,0.21470377249576683,0.21943891581312114,-0.004735143317354321,2
SKS02,SKS03,EQM_2,0,0.5,120,before_decay,boundary_retained,4,peak_depth_error,0.0,0.35714285714285715,-0.35714285714285715,2
SKS02,SKS03,EQM_2,0,0.5,120,before_decay,boundary_retained,4,peak_load_error,0.0,0.29686826303950997,-0.29686826303950997,2
SKS02,SKS03,EQM_2,0,0.5,120,before_decay,boundary_retained,4,profile_nrmse,0.16442812241088675,0.21062294624278077,-0.046194823831894,2
SKS02,SKS03,EQM_2,0,0.5,120,before_decay,original,2,peak_depth_error,0.42857142857142855,0.2857142857142857,0.14285714285714285,2
SKS02,SKS03,EQM_2,0,0.5,120,before_decay,original,2,peak_load_error,0.2536899500098905,0.4071186868076926,-0.1534287367978021,2
SKS02,SKS03,EQM_2,0,0.5,120,before_decay,original,2,profile_nrmse,0.27400078046415677,0.2328513060709112,0.041149474393245566,2
SKS02,SKS03,EQM_2,0,0.5,120,before_decay,original,3,peak_depth_error,0.7142857142857142,0.35714285714285715,0.35714285714285704,2
SKS02,SKS03,EQM_2,0,0.5,120,before_decay,original,3,peak_load_error,0.32901961381643563,0.29686826303950997,0.03215135077692566,2
SKS02,SKS03,EQM_2,0,0.5,120,before_decay,original,3,profile_nrmse,0.21470377249576683,0.21943891581312114,-0.004735143317354321,2
SKS02,SKS03,EQM_2,0,0.5,120,before_decay,original,4,peak_depth_error,0.0,0.35714285714285715,-0.35714285714285715,2
SKS02,SKS03,EQM_2,0,0.5,120,before_decay,original,4,peak_load_error,0.0,0.29686826303950997,-0.29686826303950997,2
SKS02,SKS03,EQM_2,0,0.5,120,before_decay,original,4,profile_nrmse,0.16442812241088675,0.21062294624278077,-0.046194823831894,2
SKS02,SKS03,EQM_2,0,0.5,120,shaking,boundary_retained,2,peak_depth_error,0.7857142857142856,0.5714285714285714,0.21428571428571425,2
SKS02,SKS03,EQM_2,0,0.5,120,shaking,boundary_retained,2,peak_load_error,0.36045078812593867,0.4515540920965333,-0.09110330397059462,2
SKS02,SKS03,EQM_2,0,0.5,120,shaking,boundary_retained,2,profile_nrmse,0.23826600133915946,0.24532199995629445,-0.007055998617134976,2
SKS02,SKS03,EQM_2,0,0.5,120,shaking,boundary_retained,3,peak_depth_error,0.7857142857142856,0.35714285714285715,0.4285714285714285,2
SKS02,SKS03,EQM_2,0,0.5,120,shaking,boundary_retained,3,peak_load_error,0.3550767147888748,0.33939733908948844,0.01567937569938642,2
SKS02,SKS03,EQM_2,0,0.5,120,shaking,boundary_retained,3,profile_nrmse,0.2202822300286048,0.23327912094902092,-0.012996890920416115,2
SKS02,SKS03,EQM_2,0,0.5,120,shaking,boundary_retained,4,peak_depth_error,0.0,0.35714285714285715,-0.35714285714285715,2
SKS02,SKS03,EQM_2,0,0.5,120,shaking,boundary_retained,4,peak_load_error,0.0,0.33939733908948844,-0.33939733908948844,2
SKS02,SKS03,EQM_2,0,0.5,120,shaking,boundary_retained,4,profile_nrmse,0.1706182977208148,0.2225772606732569,-0.0519589629524421,2
SKS02,SKS03,EQM_2,0,0.5,120,shaking,original,2,peak_depth_error,0.42857142857142855,0.5714285714285714,-0.14285714285714285,2
SKS02,SKS03,EQM_2,0,0.5,120,shaking,original,2,peak_load_error,0.30131487658949124,0.4515540920965333,-0.15023921550704206,2
SKS02,SKS03,EQM_2,0,0.5,120,shaking,original,2,profile_nrmse,0.28554877926942285,0.24532199995629445,0.040226779313128416,2
SKS02,SKS03,EQM_2,0,0.5,120,shaking,original,3,peak_depth_error,0.7857142857142856,0.35714285714285715,0.4285714285714285,2
SKS02,SKS03,EQM_2,0,0.5,120,shaking,original,3,peak_load_error,0.3550767147888748,0.33939733908948844,0.01567937569938642,2
SKS02,SKS03,EQM_2,0,0.5,120,shaking,original,3,profile_nrmse,0.2202822300286048,0.23327912094902092,-0.012996890920416115,2
SKS02,SKS03,EQM_2,0,0.5,120,shaking,original,4,peak_depth_error,0.0,0.35714285714285715,-0.35714285714285715,2
SKS02,SKS03,EQM_2,0,0.5,120,shaking,original,4,peak_load_error,0.0,0.33939733908948844,-0.33939733908948844,2
SKS02,SKS03,EQM_2,0,0.5,120,shaking,original,4,profile_nrmse,0.1706182977208148,0.2225772606732569,-0.0519589629524421,2
SKS02,SKS03,EQM_2,0,0.5,240,after_decay,boundary_retained,2,peak_depth_error,0.42857142857142855,0.2857142857142857,0.14285714285714285,2
SKS02,SKS03,EQM_2,0,0.5,240,after_decay,boundary_retained,2,peak_load_error,0.3424849698468091,0.3656641146803413,-0.0231791448335322,2
SKS02,SKS03,EQM_2,0,0.5,240,after_decay,boundary_retained,2,profile_nrmse,0.201572805844618,0.19772626617591,0.0038465396687080433,2
SKS02,SKS03,EQM_2,0,0.5,240,after_decay,boundary_retained,3,peak_depth_error,0.42857142857142855,0.35714285714285715,0.0714285714285714,2
SKS02,SKS03,EQM_2,0,0.5,240,after_decay,boundary_retained,3,peak_load_error,0.3424849698468091,0.30476225984503735,0.03772271000177177,2
SKS02,SKS03,EQM_2,0,0.5,240,after_decay,boundary_retained,3,profile_nrmse,0.18806617906925643,0.19024584273729722,-0.0021796636680408155,2
SKS02,SKS03,EQM_2,0,0.5,240,after_decay,boundary_retained,4,peak_depth_error,0.0,0.35714285714285715,-0.35714285714285715,2
SKS02,SKS03,EQM_2,0,0.5,240,after_decay,boundary_retained,4,peak_load_error,0.0,0.30389405063643793,-0.30389405063643793,2
SKS02,SKS03,EQM_2,0,0.5,240,after_decay,boundary_retained,4,profile_nrmse,0.14037487116816083,0.17854196977477765,-0.03816709860661682,2
SKS02,SKS03,EQM_2,0,0.5,240,after_decay,original,2,peak_depth_error,0.42857142857142855,0.2857142857142857,0.14285714285714285,2
SKS02,SKS03,EQM_2,0,0.5,240,after_decay,original,2,peak_load_error,0.2677890849414298,0.3656641146803413,-0.09787502973891155,2
SKS02,SKS03,EQM_2,0,0.5,240,after_decay,original,2,profile_nrmse,0.23432335210447633,0.19772626617591,0.03659708592856635,2
SKS02,SKS03,EQM_2,0,0.5,240,after_decay,original,3,peak_depth_error,0.42857142857142855,0.35714285714285715,0.0714285714285714,2
SKS02,SKS03,EQM_2,0,0.5,240,after_decay,original,3,peak_load_error,0.3424849698468091,0.30476225984503735,0.03772271000177177,2
SKS02,SKS03,EQM_2,0,0.5,240,after_decay,original,3,profile_nrmse,0.18806617906925643,0.19024584273729722,-0.0021796636680408155,2
SKS02,SKS03,EQM_2,0,0.5,240,after_decay,original,4,peak_depth_error,0.0,0.35714285714285715,-0.35714285714285715,2
SKS02,SKS03,EQM_2,0,0.5,240,after_decay,original,4,peak_load_error,0.0,0.30389405063643793,-0.30389405063643793,2
SKS02,SKS03,EQM_2,0,0.5,240,after_decay,original,4,profile_nrmse,0.14037487116816083,0.17854196977477765,-0.03816709860661682,2
SKS02,SKS03,EQM_2,0,0.5,240,before_decay,boundary_retained,2,peak_depth_error,0.7142857142857142,0.2857142857142857,0.4285714285714285,2
SKS02,SKS03,EQM_2,0,0.5,240,before_decay,boundary_retained,2,peak_load_error,0.33080403091665067,0.4083323888104228,-0.07752835789377216,2
SKS02,SKS03,EQM_2,0,0.5,240,before_decay,boundary_retained,2,profile_nrmse,0.23119361286016293,0.23252231099613346,-0.0013286981359705158,2
SKS02,SKS03,EQM_2,0,0.5,240,before_decay,boundary_retained,3,peak_depth_error,0.7142857142857142,0.35714285714285715,0.35714285714285704,2
SKS02,SKS03,EQM_2,0,0.5,240,before_decay,boundary_retained,3,peak_load_error,0.3291731129738184,0.29815996419918195,0.031013148774636456,2
SKS02,SKS03,EQM_2,0,0.5,240,before_decay,boundary_retained,3,profile_nrmse,0.21463516693157075,0.2191388278514937,-0.004503660919922922,2
SKS02,SKS03,EQM_2,0,0.5,240,before_decay,boundary_retained,4,peak_depth_error,0.0,0.35714285714285715,-0.35714285714285715,2
SKS02,SKS03,EQM_2,0,0.5,240,before_decay,boundary_retained,4,peak_load_error,0.0,0.29815996419918195,-0.29815996419918195,2
SKS02,SKS03,EQM_2,0,0.5,240,before_decay,boundary_retained,4,profile_nrmse,0.16348544153438802,0.2102829504352663,-0.04679750890087829,2
SKS02,SKS03,EQM_2,0,0.5,240,before_decay,original,2,peak_depth_error,0.42857142857142855,0.2857142857142857,0.14285714285714285,2
SKS02,SKS03,EQM_2,0,0.5,240,before_decay,original,2,peak_load_error,0.25364768703025137,0.4083323888104228,-0.15468470178017144,2
SKS02,SKS03,EQM_2,0,0.5,240,before_decay,original,2,profile_nrmse,0.2734717222591061,0.23252231099613346,0.040949411262972676,2
SKS02,SKS03,EQM_2,0,0.5,240,before_decay,original,3,peak_depth_error,0.7142857142857142,0.35714285714285715,0.35714285714285704,2
SKS02,SKS03,EQM_2,0,0.5,240,before_decay,original,3,peak_load_error,0.3291731129738184,0.29815996419918195,0.031013148774636456,2
SKS02,SKS03,EQM_2,0,0.5,240,before_decay,original,3,profile_nrmse,0.21463516693157075,0.2191388278514937,-0.004503660919922922,2
SKS02,SKS03,EQM_2,0,0.5,240,before_decay,original,4,peak_depth_error,0.0,0.35714285714285715,-0.35714285714285715,2
SKS02,SKS03,EQM_2,0,0.5,240,before_decay,original,4,peak_load_error,0.0,0.29815996419918195,-0.29815996419918195,2
SKS02,SKS03,EQM_2,0,0.5,240,before_decay,original,4,profile_nrmse,0.16348544153438802,0.2102829504352663,-0.04679750890087829,2
SKS02,SKS03,EQM_2,0,0.5,240,shaking,boundary_retained,2,peak_depth_error,0.7857142857142856,0.5714285714285714,0.21428571428571425,2
SKS02,SKS03,EQM_2,0,0.5,240,shaking,boundary_retained,2,peak_load_error,0.35841644153651125,0.4488075393528344,-0.09039109781632317,2
SKS02,SKS03,EQM_2,0,0.5,240,shaking,boundary_retained,2,profile_nrmse,0.2382804433336272,0.2456080873310838,-0.007327643997456626,2
SKS02,SKS03,EQM_2,0,0.5,240,shaking,boundary_retained,3,peak_depth_error,0.7857142857142856,0.35714285714285715,0.4285714285714285,2
SKS02,SKS03,EQM_2,0,0.5,240,shaking,boundary_retained,3,peak_load_error,0.35383669259527134,0.33653555130653834,0.017301141288733016,2
SKS02,SKS03,EQM_2,0,0.5,240,shaking,boundary_retained,3,profile_nrmse,0.22014313149485742,0.23305865494552186,-0.012915523450664448,2
SKS02,SKS03,EQM_2,0,0.5,240,shaking,boundary_retained,4,peak_depth_error,0.0,0.35714285714285715,-0.35714285714285715,2
SKS02,SKS03,EQM_2,0,0.5,240,shaking,boundary_retained,4,peak_load_error,0.0,0.33653555130653834,-0.33653555130653834,2
SKS02,SKS03,EQM_2,0,0.5,240,shaking,boundary_retained,4,profile_nrmse,0.17034849793949963,0.22286245961958595,-0.05251396168008634,2
SKS02,SKS03,EQM_2,0,0.5,240,shaking,original,2,peak_depth_error,0.42857142857142855,0.5714285714285714,-0.14285714285714285,2
SKS02,SKS03,EQM_2,0,0.5,240,shaking,original,2,peak_load_error,0.2995817662747388,0.4488075393528344,-0.1492257730780956,2
SKS02,SKS03,EQM_2,0,0.5,240,shaking,original,2,profile_nrmse,0.2856440580293692,0.2456080873310838,0.04003597069828539,2
SKS02,SKS03,EQM_2,0,0.5,240,shaking,original,3,peak_depth_error,0.7857142857142856,0.35714285714285715,0.4285714285714285,2
SKS02,SKS03,EQM_2,0,0.5,240,shaking,original,3,peak_load_error,0.35383669259527134,0.33653555130653834,0.017301141288733016,2
SKS02,SKS03,EQM_2,0,0.5,240,shaking,original,3,profile_nrmse,0.22014313149485742,0.23305865494552186,-0.012915523450664448,2
SKS02,SKS03,EQM_2,0,0.5,240,shaking,original,4,peak_depth_error,0.0,0.35714285714285715,-0.35714285714285715,2
SKS02,SKS03,EQM_2,0,0.5,240,shaking,original,4,peak_load_error,0.0,0.33653555130653834,-0.33653555130653834,2
SKS02,SKS03,EQM_2,0,0.5,240,shaking,original,4,profile_nrmse,0.17034849793949963,0.22286245961958595,-0.05251396168008634,2
SKS02,SKS03,EQM_2,0,0.75,120,after_decay,boundary_retained,2,peak_depth_error,0.42857142857142855,0.2857142857142857,0.14285714285714285,2
SKS02,SKS03,EQM_2,0,0.75,120,after_decay,boundary_retained,2,peak_load_error,0.3427685929714444,0.3660011210616304,-0.023232528090186028,2
SKS02,SKS03,EQM_2,0,0.75,120,after_decay,boundary_retained,2,profile_nrmse,0.20195537572697497,0.19825877203914638,0.0036966036878285924,2
SKS02,SKS03,EQM_2,0,0.75,120,after_decay,boundary_retained,3,peak_depth_error,0.42857142857142855,0.35714285714285715,0.0714285714285714,2
SKS02,SKS03,EQM_2,0,0.75,120,after_decay,boundary_retained,3,peak_load_error,0.3427685929714444,0.3051267148927238,0.037641878078720575,2
SKS02,SKS03,EQM_2,0,0.75,120,after_decay,boundary_retained,3,profile_nrmse,0.18818911796783377,0.190420773244302,-0.002231655276468264,2
SKS02,SKS03,EQM_2,0,0.75,120,after_decay,boundary_retained,4,peak_depth_error,0.0,0.35714285714285715,-0.35714285714285715,2
SKS02,SKS03,EQM_2,0,0.75,120,after_decay,boundary_retained,4,peak_load_error,0.0,0.3042160046593207,-0.3042160046593207,2
SKS02,SKS03,EQM_2,0,0.75,120,after_decay,boundary_retained,4,profile_nrmse,0.1405291676838545,0.17888343888307667,-0.03835427119922216,2
SKS02,SKS03,EQM_2,0,0.75,120,after_decay,original,2,peak_depth_error,0.42857142857142855,0.2857142857142857,0.14285714285714285,2
SKS02,SKS03,EQM_2,0,0.75,120,after_decay,original,2,peak_load_error,0.26800935663005426,0.3660011210616304,-0.09799176443157617,2
SKS02,SKS03,EQM_2,0,0.75,120,after_decay,original,2,profile_nrmse,0.23482004798391512,0.19825877203914638,0.03656127594476873,2
SKS02,SKS03,EQM_2,0,0.75,120,after_decay,original,3,peak_depth_error,0.42857142857142855,0.35714285714285715,0.0714285714285714,2
SKS02,SKS03,EQM_2,0,0.75,120,after_decay,original,3,peak_load_error,0.3427685929714444,0.3051267148927238,0.037641878078720575,2
SKS02,SKS03,EQM_2,0,0.75,120,after_decay,original,3,profile_nrmse,0.18818911796783377,0.190420773244302,-0.002231655276468264,2
SKS02,SKS03,EQM_2,0,0.75,120,after_decay,original,4,peak_depth_error,0.0,0.35714285714285715,-0.35714285714285715,2
SKS02,SKS03,EQM_2,0,0.75,120,after_decay,original,4,peak_load_error,0.0,0.3042160046593207,-0.3042160046593207,2
SKS02,SKS03,EQM_2,0,0.75,120,after_decay,original,4,profile_nrmse,0.1405291676838545,0.17888343888307667,-0.03835427119922216,2
SKS02,SKS03,EQM_2,0,0.75,120,before_decay,boundary_retained,2,peak_depth_error,0.7142857142857142,0.2857142857142857,0.4285714285714285,2
SKS02,SKS03,EQM_2,0,0.75,120,before_decay,boundary_retained,2,peak_load_error,0.3094814035073886,0.4120887313638729,-0.10260732785648427,2
SKS02,SKS03,EQM_2,0,0.75,120,before_decay,boundary_retained,2,profile_nrmse,0.2326381146756925,0.23439148146051986,-0.0017533667848273482,2
SKS02,SKS03,EQM_2,0,0.75,120,before_decay,boundary_retained,3,peak_depth_error,0.7142857142857142,0.35714285714285715,0.35714285714285704,2
SKS02,SKS03,EQM_2,0,0.75,120,before_decay,boundary_retained,3,peak_load_error,0.3090757868267975,0.28950303334089506,0.019572753485902428,2
SKS02,SKS03,EQM_2,0,0.75,120,before_decay,boundary_retained,3,profile_nrmse,0.21574419965592972,0.220898976705421,-0.005154777049491285,2
SKS02,SKS03,EQM_2,0,0.75,120,before_decay,boundary_retained,4,peak_depth_error,0.0,0.35714285714285715,-0.35714285714285715,2
SKS02,SKS03,EQM_2,0,0.75,120,before_decay,boundary_retained,4,peak_load_error,0.0,0.28950303334089506,-0.28950303334089506,2
SKS02,SKS03,EQM_2,0,0.75,120,before_decay,boundary_retained,4,profile_nrmse,0.1656132193464146,0.21190271936568736,-0.04628950001927275,2
SKS02,SKS03,EQM_2,0,0.75,120,before_decay,original,2,peak_depth_error,0.42857142857142855,0.2857142857142857,0.14285714285714285,2
SKS02,SKS03,EQM_2,0,0.75,120,before_decay,original,2,peak_load_error,0.24138511208851204,0.4120887313638729,-0.17070361927536085,2
SKS02,SKS03,EQM_2,0,0.75,120,before_decay,original,2,profile_nrmse,0.2750375404217228,0.23439148146051986,0.04064605896120292,2
SKS02,SKS03,EQM_2,0,0.75,120,before_decay,original,3,peak_depth_error,0.7142857142857142,0.35714285714285715,0.35714285714285704,2
SKS02,SKS03,EQM_2,0,0.75,120,before_decay,original,3,peak_load_error,0.3090757868267975,0.28950303334089506,0.019572753485902428,2
SKS02,SKS03,EQM_2,0,0.75,120,before_decay,original,3,profile_nrmse,0.21574419965592972,0.220898976705421,-0.005154777049491285,2
SKS02,SKS03,EQM_2,0,0.75,120,before_decay,original,4,peak_depth_error,0.0,0.35714285714285715,-0.35714285714285715,2
SKS02,SKS03,EQM_2,0,0.75,120,before_decay,original,4,peak_load_error,0.0,0.28950303334089506,-0.28950303334089506,2
SKS02,SKS03,EQM_2,0,0.75,120,before_decay,original,4,profile_nrmse,0.1656132193464146,0.21190271936568736,-0.04628950001927275,2
SKS02,SKS03,EQM_2,0,0.75,120,shaking,boundary_retained,2,peak_depth_error,0.7857142857142856,0.5714285714285714,0.21428571428571425,2
SKS02,SKS03,EQM_2,0,0.75,120,shaking,boundary_retained,2,peak_load_error,0.36045078812593867,0.4515540920965333,-0.09110330397059462,2
SKS02,SKS03,EQM_2,0,0.75,120,shaking,boundary_retained,2,profile_nrmse,0.23826600133915946,0.24532199995629445,-0.007055998617134976,2
SKS02,SKS03,EQM_2,0,0.75,120,shaking,boundary_retained,3,peak_depth_error,0.7857142857142856,0.35714285714285715,0.4285714285714285,2
SKS02,SKS03,EQM_2,0,0.75,120,shaking,boundary_retained,3,peak_load_error,0.3550767147888748,0.33939733908948844,0.01567937569938642,2
SKS02,SKS03,EQM_2,0,0.75,120,shaking,boundary_retained,3,profile_nrmse,0.2202822300286048,0.23327912094902092,-0.012996890920416115,2
SKS02,SKS03,EQM_2,0,0.75,120,shaking,boundary_retained,4,peak_depth_error,0.0,0.35714285714285715,-0.35714285714285715,2
SKS02,SKS03,EQM_2,0,0.75,120,shaking,boundary_retained,4,peak_load_error,0.0,0.33939733908948844,-0.33939733908948844,2
SKS02,SKS03,EQM_2,0,0.75,120,shaking,boundary_retained,4,profile_nrmse,0.1706182977208148,0.2225772606732569,-0.0519589629524421,2
SKS02,SKS03,EQM_2,0,0.75,120,shaking,original,2,peak_depth_error,0.42857142857142855,0.5714285714285714,-0.14285714285714285,2
SKS02,SKS03,EQM_2,0,0.75,120,shaking,original,2,peak_load_error,0.30131487658949124,0.4515540920965333,-0.15023921550704206,2
SKS02,SKS03,EQM_2,0,0.75,120,shaking,original,2,profile_nrmse,0.28554877926942285,0.24532199995629445,0.040226779313128416,2
SKS02,SKS03,EQM_2,0,0.75,120,shaking,original,3,peak_depth_error,0.7857142857142856,0.35714285714285715,0.4285714285714285,2
SKS02,SKS03,EQM_2,0,0.75,120,shaking,original,3,peak_load_error,0.3550767147888748,0.33939733908948844,0.01567937569938642,2
SKS02,SKS03,EQM_2,0,0.75,120,shaking,original,3,profile_nrmse,0.2202822300286048,0.23327912094902092,-0.012996890920416115,2
SKS02,SKS03,EQM_2,0,0.75,120,shaking,original,4,peak_depth_error,0.0,0.35714285714285715,-0.35714285714285715,2
SKS02,SKS03,EQM_2,0,0.75,120,shaking,original,4,peak_load_error,0.0,0.33939733908948844,-0.33939733908948844,2
SKS02,SKS03,EQM_2,0,0.75,120,shaking,original,4,profile_nrmse,0.1706182977208148,0.2225772606732569,-0.0519589629524421,2
SKS02,SKS03,EQM_2,0,0.75,240,after_decay,boundary_retained,2,peak_depth_error,0.42857142857142855,0.2857142857142857,0.14285714285714285,2
SKS02,SKS03,EQM_2,0,0.75,240,after_decay,boundary_retained,2,peak_load_error,0.34283350681403923,0.3657692814046406,-0.02293577459060142,2
SKS02,SKS03,EQM_2,0,0.75,240,after_decay,boundary_retained,2,profile_nrmse,0.2019239409632899,0.19821875175123035,0.0037051892120595342,2
SKS02,SKS03,EQM_2,0,0.75,240,after_decay,boundary_retained,3,peak_depth_error,0.42857142857142855,0.35714285714285715,0.0714285714285714,2
SKS02,SKS03,EQM_2,0,0.75,240,after_decay,boundary_retained,3,peak_load_error,0.34283350681403923,0.30506771716100134,0.03776578965303784,2
SKS02,SKS03,EQM_2,0,0.75,240,after_decay,boundary_retained,3,profile_nrmse,0.18813974024314223,0.190438689387915,-0.002298949144772758,2
SKS02,SKS03,EQM_2,0,0.75,240,after_decay,boundary_retained,4,peak_depth_error,0.0,0.35714285714285715,-0.35714285714285715,2
SKS02,SKS03,EQM_2,0,0.75,240,after_decay,boundary_retained,4,peak_load_error,0.0,0.3042390812205629,-0.3042390812205629,2
SKS02,SKS03,EQM_2,0,0.75,240,after_decay,boundary_retained,4,profile_nrmse,0.14049192874128935,0.17886849605096164,-0.0383765673096723,2
SKS02,SKS03,EQM_2,0,0.75,240,after_decay,original,2,peak_depth_error,0.42857142857142855,0.2857142857142857,0.14285714285714285,2
SKS02,SKS03,EQM_2,0,0.75,240,after_decay,original,2,peak_load_error,0.2680695477694318,0.3657692814046406,-0.09769973363520879,2
SKS02,SKS03,EQM_2,0,0.75,240,after_decay,original,2,profile_nrmse,0.23479870873334044,0.19821875175123035,0.03657995698211008,2
SKS02,SKS03,EQM_2,0,0.75,240,after_decay,original,3,peak_depth_error,0.42857142857142855,0.35714285714285715,0.0714285714285714,2
SKS02,SKS03,EQM_2,0,0.75,240,after_decay,original,3,peak_load_error,0.34283350681403923,0.30506771716100134,0.03776578965303784,2
SKS02,SKS03,EQM_2,0,0.75,240,after_decay,original,3,profile_nrmse,0.18813974024314223,0.190438689387915,-0.002298949144772758,2
SKS02,SKS03,EQM_2,0,0.75,240,after_decay,original,4,peak_depth_error,0.0,0.35714285714285715,-0.35714285714285715,2
SKS02,SKS03,EQM_2,0,0.75,240,after_decay,original,4,peak_load_error,0.0,0.3042390812205629,-0.3042390812205629,2
SKS02,SKS03,EQM_2,0,0.75,240,after_decay,original,4,profile_nrmse,0.14049192874128935,0.17886849605096164,-0.0383765673096723,2
SKS02,SKS03,EQM_2,0,0.75,240,before_decay,boundary_retained,2,peak_depth_error,0.7142857142857142,0.2857142857142857,0.4285714285714285,2
SKS02,SKS03,EQM_2,0,0.75,240,before_decay,boundary_retained,2,peak_load_error,0.3098544079403809,0.41297455274066186,-0.10312014480028095,2
SKS02,SKS03,EQM_2,0,0.75,240,before_decay,boundary_retained,2,profile_nrmse,0.23235598450655606,0.23431778025738068,-0.001961795750824613,2
SKS02,SKS03,EQM_2,0,0.75,240,before_decay,boundary_retained,3,peak_depth_error,0.7142857142857142,0.35714285714285715,0.35714285714285704,2
SKS02,SKS03,EQM_2,0,0.75,240,before_decay,boundary_retained,3,peak_load_error,0.3091776885182654,0.28928828824733455,0.019889400270930876,2
SKS02,SKS03,EQM_2,0,0.75,240,before_decay,boundary_retained,3,profile_nrmse,0.21555329456807926,0.22088526223403093,-0.005331967665951662,2
SKS02,SKS03,EQM_2,0,0.75,240,before_decay,boundary_retained,4,peak_depth_error,0.0,0.35714285714285715,-0.35714285714285715,2
SKS02,SKS03,EQM_2,0,0.75,240,before_decay,boundary_retained,4,peak_load_error,0.0,0.28928828824733455,-0.28928828824733455,2
SKS02,SKS03,EQM_2,0,0.75,240,before_decay,boundary_retained,4,profile_nrmse,0.16522187654661105,0.21185694421093987,-0.046635067664328816,2
SKS02,SKS03,EQM_2,0,0.75,240,before_decay,original,2,peak_depth_error,0.42857142857142855,0.2857142857142857,0.14285714285714285,2
SKS02,SKS03,EQM_2,0,0.75,240,before_decay,original,2,peak_load_error,0.24134181365381546,0.41297455274066186,-0.1716327390868464,2
SKS02,SKS03,EQM_2,0,0.75,240,before_decay,original,2,profile_nrmse,0.27517133705920005,0.23431778025738068,0.040853556801819346,2
SKS02,SKS03,EQM_2,0,0.75,240,before_decay,original,3,peak_depth_error,0.7142857142857142,0.35714285714285715,0.35714285714285704,2
SKS02,SKS03,EQM_2,0,0.75,240,before_decay,original,3,peak_load_error,0.3091776885182654,0.28928828824733455,0.019889400270930876,2
SKS02,SKS03,EQM_2,0,0.75,240,before_decay,original,3,profile_nrmse,0.21555329456807926,0.22088526223403093,-0.005331967665951662,2
SKS02,SKS03,EQM_2,0,0.75,240,before_decay,original,4,peak_depth_error,0.0,0.35714285714285715,-0.35714285714285715,2
SKS02,SKS03,EQM_2,0,0.75,240,before_decay,original,4,peak_load_error,0.0,0.28928828824733455,-0.28928828824733455,2
SKS02,SKS03,EQM_2,0,0.75,240,before_decay,original,4,profile_nrmse,0.16522187654661105,0.21185694421093987,-0.046635067664328816,2
SKS02,SKS03,EQM_2,0,0.75,240,shaking,boundary_retained,2,peak_depth_error,0.7857142857142856,0.5714285714285714,0.21428571428571425,2
SKS02,SKS03,EQM_2,0,0.75,240,shaking,boundary_retained,2,peak_load_error,0.35841644153651125,0.4488075393528344,-0.09039109781632317,2
SKS02,SKS03,EQM_2,0,0.75,240,shaking,boundary_retained,2,profile_nrmse,0.2382804433336272,0.2456080873310838,-0.007327643997456626,2
SKS02,SKS03,EQM_2,0,0.75,240,shaking,boundary_retained,3,peak_depth_error,0.7857142857142856,0.35714285714285715,0.4285714285714285,2
SKS02,SKS03,EQM_2,0,0.75,240,shaking,boundary_retained,3,peak_load_error,0.35383669259527134,0.33653555130653834,0.017301141288733016,2
SKS02,SKS03,EQM_2,0,0.75,240,shaking,boundary_retained,3,profile_nrmse,0.22014313149485742,0.23305865494552186,-0.012915523450664448,2
SKS02,SKS03,EQM_2,0,0.75,240,shaking,boundary_retained,4,peak_depth_error,0.0,0.35714285714285715,-0.35714285714285715,2
SKS02,SKS03,EQM_2,0,0.75,240,shaking,boundary_retained,4,peak_load_error,0.0,0.33653555130653834,-0.33653555130653834,2
SKS02,SKS03,EQM_2,0,0.75,240,shaking,boundary_retained,4,profile_nrmse,0.17034849793949963,0.22286245961958595,-0.05251396168008634,2
SKS02,SKS03,EQM_2,0,0.75,240,shaking,original,2,peak_depth_error,0.42857142857142855,0.5714285714285714,-0.14285714285714285,2
SKS02,SKS03,EQM_2,0,0.75,240,shaking,original,2,peak_load_error,0.2995817662747388,0.4488075393528344,-0.1492257730780956,2
SKS02,SKS03,EQM_2,0,0.75,240,shaking,original,2,profile_nrmse,0.2856440580293692,0.2456080873310838,0.04003597069828539,2
SKS02,SKS03,EQM_2,0,0.75,240,shaking,original,3,peak_depth_error,0.7857142857142856,0.35714285714285715,0.4285714285714285,2
SKS02,SKS03,EQM_2,0,0.75,240,shaking,original,3,peak_load_error,0.35383669259527134,0.33653555130653834,0.017301141288733016,2
SKS02,SKS03,EQM_2,0,0.75,240,shaking,original,3,profile_nrmse,0.22014313149485742,0.23305865494552186,-0.012915523450664448,2
SKS02,SKS03,EQM_2,0,0.75,240,shaking,original,4,peak_depth_error,0.0,0.35714285714285715,-0.35714285714285715,2
SKS02,SKS03,EQM_2,0,0.75,240,shaking,original,4,peak_load_error,0.0,0.33653555130653834,-0.33653555130653834,2
SKS02,SKS03,EQM_2,0,0.75,240,shaking,original,4,profile_nrmse,0.17034849793949963,0.22286245961958595,-0.05251396168008634,2
SKS02,SKS03,EQM_2,1,0.25,120,after_decay,boundary_retained,2,peak_depth_error,0.42857142857142855,0.2857142857142857,0.14285714285714285,2
SKS02,SKS03,EQM_2,1,0.25,120,after_decay,boundary_retained,2,peak_load_error,0.3418699772805664,0.3642329012557417,-0.02236292397517531,2
SKS02,SKS03,EQM_2,1,0.25,120,after_decay,boundary_retained,2,profile_nrmse,0.2001687315619288,0.19655790600304576,0.003610825558883035,2
SKS02,SKS03,EQM_2,1,0.25,120,after_decay,boundary_retained,3,peak_depth_error,0.42857142857142855,0.35714285714285715,0.0714285714285714,2
SKS02,SKS03,EQM_2,1,0.25,120,after_decay,boundary_retained,3,peak_load_error,0.3418699772805664,0.30360394595856444,0.03826603132200193,2
SKS02,SKS03,EQM_2,1,0.25,120,after_decay,boundary_retained,3,profile_nrmse,0.18760629854148497,0.18958827761723313,-0.0019819790757481526,2
SKS02,SKS03,EQM_2,1,0.25,120,after_decay,boundary_retained,4,peak_depth_error,0.0,0.35714285714285715,-0.35714285714285715,2
SKS02,SKS03,EQM_2,1,0.25,120,after_decay,boundary_retained,4,peak_load_error,0.0,0.302707802417604,-0.302707802417604,2
SKS02,SKS03,EQM_2,1,0.25,120,after_decay,boundary_retained,4,profile_nrmse,0.13969929153507252,0.1775896507264476,-0.037890359191375074,2
SKS02,SKS03,EQM_2,1,0.25,120,after_decay,original,2,peak_depth_error,0.42857142857142855,0.2857142857142857,0.14285714285714285,2
SKS02,SKS03,EQM_2,1,0.25,120,after_decay,original,2,peak_load_error,0.26656102188598785,0.3642329012557417,-0.09767187936975383,2
SKS02,SKS03,EQM_2,1,0.25,120,after_decay,original,2,profile_nrmse,0.23289876833127182,0.19655790600304576,0.03634086232822606,2
SKS02,SKS03,EQM_2,1,0.25,120,after_decay,original,3,peak_depth_error,0.42857142857142855,0.35714285714285715,0.0714285714285714,2
SKS02,SKS03,EQM_2,1,0.25,120,after_decay,original,3,peak_load_error,0.3418699772805664,0.30360394595856444,0.03826603132200193,2
SKS02,SKS03,EQM_2,1,0.25,120,after_decay,original,3,profile_nrmse,0.18760629854148497,0.18958827761723313,-0.0019819790757481526,2
SKS02,SKS03,EQM_2,1,0.25,120,after_decay,original,4,peak_depth_error,0.0,0.35714285714285715,-0.35714285714285715,2
SKS02,SKS03,EQM_2,1,0.25,120,after_decay,original,4,peak_load_error,0.0,0.302707802417604,-0.302707802417604,2
SKS02,SKS03,EQM_2,1,0.25,120,after_decay,original,4,profile_nrmse,0.13969929153507252,0.1775896507264476,-0.037890359191375074,2
SKS02,SKS03,EQM_2,1,0.25,120,before_decay,boundary_retained,2,peak_depth_error,0.7142857142857142,0.2857142857142857,0.4285714285714285,2
SKS02,SKS03,EQM_2,1,0.25,120,before_decay,boundary_retained,2,peak_load_error,0.3482750058570749,0.38756562131942013,-0.039290615462345246,2
SKS02,SKS03,EQM_2,1,0.25,120,before_decay,boundary_retained,2,profile_nrmse,0.22225965112087132,0.2231839570198823,-0.0009243058990109632,2
SKS02,SKS03,EQM_2,1,0.25,120,before_decay,boundary_retained,3,peak_depth_error,0.5714285714285714,0.35714285714285715,0.21428571428571422,2
SKS02,SKS03,EQM_2,1,0.25,120,before_decay,boundary_retained,3,peak_load_error,0.3479449585074435,0.3108116742696492,0.0371332842377943,2
SKS02,SKS03,EQM_2,1,0.25,120,before_decay,boundary_retained,3,profile_nrmse,0.20766293985140113,0.21225413993346054,-0.0045912000820594046,2
SKS02,SKS03,EQM_2,1,0.25,120,before_decay,boundary_retained,4,peak_depth_error,0.0,0.35714285714285715,-0.35714285714285715,2
SKS02,SKS03,EQM_2,1,0.25,120,before_decay,boundary_retained,4,peak_load_error,0.0,0.3108116742696492,-0.3108116742696492,2
SKS02,SKS03,EQM_2,1,0.25,120,before_decay,boundary_retained,4,profile_nrmse,0.15848301594483494,0.20216218487330118,-0.04367916892846625,2
SKS02,SKS03,EQM_2,1,0.25,120,before_decay,original,2,peak_depth_error,0.42857142857142855,0.2857142857142857,0.14285714285714285,2
SKS02,SKS03,EQM_2,1,0.25,120,before_decay,original,2,peak_load_error,0.2709418559089695,0.38756562131942013,-0.11662376541045061,2
SKS02,SKS03,EQM_2,1,0.25,120,before_decay,original,2,profile_nrmse,0.26461841169021727,0.2231839570198823,0.04143445467033498,2
SKS02,SKS03,EQM_2,1,0.25,120,before_decay,original,3,peak_depth_error,0.5714285714285714,0.35714285714285715,0.21428571428571422,2
SKS02,SKS03,EQM_2,1,0.25,120,before_decay,original,3,peak_load_error,0.3479449585074435,0.3108116742696492,0.0371332842377943,2
SKS02,SKS03,EQM_2,1,0.25,120,before_decay,original,3,profile_nrmse,0.20766293985140113,0.21225413993346054,-0.0045912000820594046,2
SKS02,SKS03,EQM_2,1,0.25,120,before_decay,original,4,peak_depth_error,0.0,0.35714285714285715,-0.35714285714285715,2
SKS02,SKS03,EQM_2,1,0.25,120,before_decay,original,4,peak_load_error,0.0,0.3108116742696492,-0.3108116742696492,2
SKS02,SKS03,EQM_2,1,0.25,120,before_decay,original,4,profile_nrmse,0.15848301594483494,0.20216218487330118,-0.04367916892846625,2
SKS02,SKS03,EQM_2,1,0.25,120,shaking,boundary_retained,2,peak_depth_error,0.7142857142857142,0.2857142857142857,0.4285714285714285,2
SKS02,SKS03,EQM_2,1,0.25,120,shaking,boundary_retained,2,peak_load_error,0.329801973485469,0.3980597478603673,-0.0682577743748983,2
SKS02,SKS03,EQM_2,1,0.25,120,shaking,boundary_retained,2,profile_nrmse,0.22187554651376876,0.22799299136982742,-0.006117444856058682,2
SKS02,SKS03,EQM_2,1,0.25,120,shaking,boundary_retained,3,peak_depth_error,0.7142857142857142,0.35714285714285715,0.35714285714285704,2
SKS02,SKS03,EQM_2,1,0.25,120,shaking,boundary_retained,3,peak_load_error,0.32200156579617867,0.3001950090835782,0.02180655671260051,2
SKS02,SKS03,EQM_2,1,0.25,120,shaking,boundary_retained,3,profile_nrmse,0.20911560134636606,0.219302420170487,-0.010186818824120966,2
SKS02,SKS03,EQM_2,1,0.25,120,shaking,boundary_retained,4,peak_depth_error,0.0,0.35714285714285715,-0.35714285714285715,2
SKS02,SKS03,EQM_2,1,0.25,120,shaking,boundary_retained,4,peak_load_error,0.0,0.3001950090835782,-0.3001950090835782,2
SKS02,SKS03,EQM_2,1,0.25,120,shaking,boundary_retained,4,profile_nrmse,0.16316486232137967,0.20813509340187603,-0.04497023108049636,2
SKS02,SKS03,EQM_2,1,0.25,120,shaking,original,2,peak_depth_error,0.42857142857142855,0.2857142857142857,0.14285714285714285,2
SKS02,SKS03,EQM_2,1,0.25,120,shaking,original,2,peak_load_error,0.2667568199863264,0.3980597478603673,-0.13130292787404094,2
SKS02,SKS03,EQM_2,1,0.25,120,shaking,original,2,profile_nrmse,0.27106346651853613,0.22799299136982742,0.04307047514870871,2
SKS02,SKS03,EQM_2,1,0.25,120,shaking,original,3,peak_depth_error,0.7142857142857142,0.35714285714285715,0.35714285714285704,2
SKS02,SKS03,EQM_2,1,0.25,120,shaking,original,3,peak_load_error,0.32200156579617867,0.3001950090835782,0.02180655671260051,2
SKS02,SKS03,EQM_2,1,0.25,120,shaking,original,3,profile_nrmse,0.20911560134636606,0.219302420170487,-0.010186818824120966,2
SKS02,SKS03,EQM_2,1,0.25,120,shaking,original,4,peak_depth_error,0.0,0.35714285714285715,-0.35714285714285715,2
SKS02,SKS03,EQM_2,1,0.25,120,shaking,original,4,peak_load_error,0.0,0.3001950090835782,-0.3001950090835782,2
SKS02,SKS03,EQM_2,1,0.25,120,shaking,original,4,profile_nrmse,0.16316486232137967,0.20813509340187603,-0.04497023108049636,2
SKS02,SKS03,EQM_2,1,0.25,240,after_decay,boundary_retained,2,peak_depth_error,0.42857142857142855,0.2857142857142857,0.14285714285714285,2
SKS02,SKS03,EQM_2,1,0.25,240,after_decay,boundary_retained,2,peak_load_error,0.3418643909570095,0.36424981273687823,-0.022385421779868714,2
SKS02,SKS03,EQM_2,1,0.25,240,after_decay,boundary_retained,2,profile_nrmse,0.20025222997119788,0.19660628457433343,0.0036459453968644417,2
SKS02,SKS03,EQM_2,1,0.25,240,after_decay,boundary_retained,3,peak_depth_error,0.42857142857142855,0.35714285714285715,0.0714285714285714,2
SKS02,SKS03,EQM_2,1,0.25,240,after_decay,boundary_retained,3,peak_load_error,0.3418643909570095,0.30354463709809537,0.038319753858914146,2
SKS02,SKS03,EQM_2,1,0.25,240,after_decay,boundary_retained,3,profile_nrmse,0.18762542171052438,0.18958497207932543,-0.0019595503688010635,2
SKS02,SKS03,EQM_2,1,0.25,240,after_decay,boundary_retained,4,peak_depth_error,0.0,0.35714285714285715,-0.35714285714285715,2
SKS02,SKS03,EQM_2,1,0.25,240,after_decay,boundary_retained,4,peak_load_error,0.0,0.30269774638883007,-0.30269774638883007,2
SKS02,SKS03,EQM_2,1,0.25,240,after_decay,boundary_retained,4,profile_nrmse,0.13969819414902063,0.17765042608573112,-0.03795223193671047,2
SKS02,SKS03,EQM_2,1,0.25,240,after_decay,original,2,peak_depth_error,0.42857142857142855,0.2857142857142857,0.14285714285714285,2
SKS02,SKS03,EQM_2,1,0.25,240,after_decay,original,2,peak_load_error,0.26655533438503887,0.36424981273687823,-0.09769447835183939,2
SKS02,SKS03,EQM_2,1,0.25,240,after_decay,original,2,profile_nrmse,0.2329090867060476,0.19660628457433343,0.03630280213171415,2
SKS02,SKS03,EQM_2,1,0.25,240,after_decay,original,3,peak_depth_error,0.42857142857142855,0.35714285714285715,0.0714285714285714,2
SKS02,SKS03,EQM_2,1,0.25,240,after_decay,original,3,peak_load_error,0.3418643909570095,0.30354463709809537,0.038319753858914146,2
SKS02,SKS03,EQM_2,1,0.25,240,after_decay,original,3,profile_nrmse,0.18762542171052438,0.18958497207932543,-0.0019595503688010635,2
SKS02,SKS03,EQM_2,1,0.25,240,after_decay,original,4,peak_depth_error,0.0,0.35714285714285715,-0.35714285714285715,2
SKS02,SKS03,EQM_2,1,0.25,240,after_decay,original,4,peak_load_error,0.0,0.30269774638883007,-0.30269774638883007,2
SKS02,SKS03,EQM_2,1,0.25,240,after_decay,original,4,profile_nrmse,0.13969819414902063,0.17765042608573112,-0.03795223193671047,2
SKS02,SKS03,EQM_2,1,0.25,240,before_decay,boundary_retained,2,peak_depth_error,0.7142857142857142,0.2857142857142857,0.4285714285714285,2
SKS02,SKS03,EQM_2,1,0.25,240,before_decay,boundary_retained,2,peak_load_error,0.34819510401905596,0.3875461825124029,-0.039351078493346944,2
SKS02,SKS03,EQM_2,1,0.25,240,before_decay,boundary_retained,2,profile_nrmse,0.2222970341377902,0.22312321319590367,-0.0008261790581134548,2
SKS02,SKS03,EQM_2,1,0.25,240,before_decay,boundary_retained,3,peak_depth_error,0.5714285714285714,0.35714285714285715,0.21428571428571422,2
SKS02,SKS03,EQM_2,1,0.25,240,before_decay,boundary_retained,3,peak_load_error,0.3480069904414838,0.3110629818783184,0.036944008563165445,2
SKS02,SKS03,EQM_2,1,0.25,240,before_decay,boundary_retained,3,profile_nrmse,0.20769029198555344,0.21223696401808156,-0.004546672032528107,2
SKS02,SKS03,EQM_2,1,0.25,240,before_decay,boundary_retained,4,peak_depth_error,0.0,0.35714285714285715,-0.35714285714285715,2
SKS02,SKS03,EQM_2,1,0.25,240,before_decay,boundary_retained,4,peak_load_error,0.0,0.3110629818783184,-0.3110629818783184,2
SKS02,SKS03,EQM_2,1,0.25,240,before_decay,boundary_retained,4,profile_nrmse,0.15850159543623193,0.2021832774602368,-0.04368168202400485,2
SKS02,SKS03,EQM_2,1,0.25,240,before_decay,original,2,peak_depth_error,0.42857142857142855,0.2857142857142857,0.14285714285714285,2
SKS02,SKS03,EQM_2,1,0.25,240,before_decay,original,2,peak_load_error,0.27097344911134186,0.3875461825124029,-0.11657273340106104,2
SKS02,SKS03,EQM_2,1,0.25,240,before_decay,original,2,profile_nrmse,0.2646878371468751,0.22312321319590367,0.04156462395097146,2
SKS02,SKS03,EQM_2,1,0.25,240,before_decay,original,3,peak_depth_error,0.5714285714285714,0.35714285714285715,0.21428571428571422,2
SKS02,SKS03,EQM_2,1,0.25,240,before_decay,original,3,peak_load_error,0.3480069904414838,0.3110629818783184,0.036944008563165445,2
SKS02,SKS03,EQM_2,1,0.25,240,before_decay,original,3,profile_nrmse,0.20769029198555344,0.21223696401808156,-0.004546672032528107,2
SKS02,SKS03,EQM_2,1,0.25,240,before_decay,original,4,peak_depth_error,0.0,0.35714285714285715,-0.35714285714285715,2
SKS02,SKS03,EQM_2,1,0.25,240,before_decay,original,4,peak_load_error,0.0,0.3110629818783184,-0.3110629818783184,2
SKS02,SKS03,EQM_2,1,0.25,240,before_decay,original,4,profile_nrmse,0.15850159543623193,0.2021832774602368,-0.04368168202400485,2
SKS02,SKS03,EQM_2,1,0.25,240,shaking,boundary_retained,2,peak_depth_error,0.7142857142857142,0.2857142857142857,0.4285714285714285,2
SKS02,SKS03,EQM_2,1,0.25,240,shaking,boundary_retained,2,peak_load_error,0.329824419626803,0.3980640669816816,-0.06823964735487859,2
SKS02,SKS03,EQM_2,1,0.25,240,shaking,boundary_retained,2,profile_nrmse,0.22191099092265115,0.22798321613912786,-0.006072225216476712,2
SKS02,SKS03,EQM_2,1,0.25,240,shaking,boundary_retained,3,peak_depth_error,0.7142857142857142,0.35714285714285715,0.35714285714285704,2
SKS02,SKS03,EQM_2,1,0.25,240,shaking,boundary_retained,3,peak_load_error,0.32200999207417014,0.3002158938971693,0.021794098177000898,2
SKS02,SKS03,EQM_2,1,0.25,240,shaking,boundary_retained,3,profile_nrmse,0.20913198694744906,0.21931356309862982,-0.010181576151180746,2
SKS02,SKS03,EQM_2,1,0.25,240,shaking,boundary_retained,4,peak_depth_error,0.0,0.35714285714285715,-0.35714285714285715,2
SKS02,SKS03,EQM_2,1,0.25,240,shaking,boundary_retained,4,peak_load_error,0.0,0.3002158938971693,-0.3002158938971693,2
SKS02,SKS03,EQM_2,1,0.25,240,shaking,boundary_retained,4,profile_nrmse,0.163168426023852,0.2081636043001391,-0.04499517827628711,2
SKS02,SKS03,EQM_2,1,0.25,240,shaking,original,2,peak_depth_error,0.42857142857142855,0.2857142857142857,0.14285714285714285,2
SKS02,SKS03,EQM_2,1,0.25,240,shaking,original,2,peak_load_error,0.2667724818236478,0.3980640669816816,-0.13129158515803377,2
SKS02,SKS03,EQM_2,1,0.25,240,shaking,original,2,profile_nrmse,0.27107553946506185,0.22798321613912786,0.04309232332593399,2
SKS02,SKS03,EQM_2,1,0.25,240,shaking,original,3,peak_depth_error,0.7142857142857142,0.35714285714285715,0.35714285714285704,2
SKS02,SKS03,EQM_2,1,0.25,240,shaking,original,3,peak_load_error,0.32200999207417014,0.3002158938971693,0.021794098177000898,2
SKS02,SKS03,EQM_2,1,0.25,240,shaking,original,3,profile_nrmse,0.20913198694744906,0.21931356309862982,-0.010181576151180746,2
SKS02,SKS03,EQM_2,1,0.25,240,shaking,original,4,peak_depth_error,0.0,0.35714285714285715,-0.35714285714285715,2
SKS02,SKS03,EQM_2,1,0.25,240,shaking,original,4,peak_load_error,0.0,0.3002158938971693,-0.3002158938971693,2
SKS02,SKS03,EQM_2,1,0.25,240,shaking,original,4,profile_nrmse,0.163168426023852,0.2081636043001391,-0.04499517827628711,2
SKS02,SKS03,EQM_2,1,0.5,120,after_decay,boundary_retained,2,peak_depth_error,0.42857142857142855,0.2857142857142857,0.14285714285714285,2
SKS02,SKS03,EQM_2,1,0.5,120,after_decay,boundary_retained,2,peak_load_error,0.3424937362542283,0.36599657146869746,-0.023502835214469137,2
SKS02,SKS03,EQM_2,1,0.5,120,after_decay,boundary_retained,2,profile_nrmse,0.2015796504610044,0.19772776973812947,0.0038518807228749424,2
SKS02,SKS03,EQM_2,1,0.5,120,after_decay,boundary_retained,3,peak_depth_error,0.42857142857142855,0.35714285714285715,0.0714285714285714,2
SKS02,SKS03,EQM_2,1,0.5,120,after_decay,boundary_retained,3,peak_load_error,0.3424937362542283,0.3047357911330307,0.03775794512119762,2
SKS02,SKS03,EQM_2,1,0.5,120,after_decay,boundary_retained,3,profile_nrmse,0.1881179592918667,0.1902323784542089,-0.0021144191623421876,2
SKS02,SKS03,EQM_2,1,0.5,120,after_decay,boundary_retained,4,peak_depth_error,0.0,0.35714285714285715,-0.35714285714285715,2
SKS02,SKS03,EQM_2,1,0.5,120,after_decay,boundary_retained,4,peak_load_error,0.0,0.3039334810874649,-0.3039334810874649,2
SKS02,SKS03,EQM_2,1,0.5,120,after_decay,boundary_retained,4,profile_nrmse,0.14032153771402614,0.17853904300546986,-0.0382175052914437,2
SKS02,SKS03,EQM_2,1,0.5,120,after_decay,original,2,peak_depth_error,0.42857142857142855,0.2857142857142857,0.14285714285714285,2
SKS02,SKS03,EQM_2,1,0.5,120,after_decay,original,2,peak_load_error,0.26778634657419503,0.36599657146869746,-0.0982102248945024,2
SKS02,SKS03,EQM_2,1,0.5,120,after_decay,original,2,profile_nrmse,0.2343531544359852,0.19772776973812947,0.03662538469785574,2
SKS02,SKS03,EQM_2,1,0.5,120,after_decay,original,3,peak_depth_error,0.42857142857142855,0.35714285714285715,0.0714285714285714,2
SKS02,SKS03,EQM_2,1,0.5,120,after_decay,original,3,peak_load_error,0.3424937362542283,0.3047357911330307,0.03775794512119762,2
SKS02,SKS03,EQM_2,1,0.5,120,after_decay,original,3,profile_nrmse,0.1881179592918667,0.1902323784542089,-0.0021144191623421876,2
SKS02,SKS03,EQM_2,1,0.5,120,after_decay,original,4,peak_depth_error,0.0,0.35714285714285715,-0.35714285714285715,2
SKS02,SKS03,EQM_2,1,0.5,120,after_decay,original,4,peak_load_error,0.0,0.3039334810874649,-0.3039334810874649,2
SKS02,SKS03,EQM_2,1,0.5,120,after_decay,original,4,profile_nrmse,0.14032153771402614,0.17853904300546986,-0.0382175052914437,2
SKS02,SKS03,EQM_2,1,0.5,120,before_decay,boundary_retained,2,peak_depth_error,0.7142857142857142,0.2857142857142857,0.4285714285714285,2
SKS02,SKS03,EQM_2,1,0.5,120,before_decay,boundary_retained,2,peak_load_error,0.3294594488906919,0.4075613949055885,-0.07810194601489662,2
SKS02,SKS03,EQM_2,1,0.5,120,before_decay,boundary_retained,2,profile_nrmse,0.23051627190256502,0.23235896799646621,-0.0018426960939011833,2
SKS02,SKS03,EQM_2,1,0.5,120,before_decay,boundary_retained,3,peak_depth_error,0.7142857142857142,0.35714285714285715,0.35714285714285704,2
SKS02,SKS03,EQM_2,1,0.5,120,before_decay,boundary_retained,3,peak_load_error,0.3277876920039862,0.2970196590325419,0.030768032971444287,2
SKS02,SKS03,EQM_2,1,0.5,120,before_decay,boundary_retained,3,profile_nrmse,0.21422653848539927,0.21909183196743423,-0.00486529348203496,2
SKS02,SKS03,EQM_2,1,0.5,120,before_decay,boundary_retained,4,peak_depth_error,0.0,0.35714285714285715,-0.35714285714285715,2
SKS02,SKS03,EQM_2,1,0.5,120,before_decay,boundary_retained,4,peak_load_error,0.0,0.2970196590325419,-0.2970196590325419,2
SKS02,SKS03,EQM_2,1,0.5,120,before_decay,boundary_retained,4,profile_nrmse,0.16346393560862152,0.21031955336054936,-0.04685561775192782,2
SKS02,SKS03,EQM_2,1,0.5,120,before_decay,original,2,peak_depth_error,0.42857142857142855,0.2857142857142857,0.14285714285714285,2
SKS02,SKS03,EQM_2,1,0.5,120,before_decay,original,2,peak_load_error,0.252524831658659,0.4075613949055885,-0.15503656324692952,2
SKS02,SKS03,EQM_2,1,0.5,120,before_decay,original,2,profile_nrmse,0.27325732529770896,0.23235896799646621,0.04089835730124276,2
SKS02,SKS03,EQM_2,1,0.5,120,before_decay,original,3,peak_depth_error,0.7142857142857142,0.35714285714285715,0.35714285714285704,2
SKS02,SKS03,EQM_2,1,0.5,120,before_decay,original,3,peak_load_error,0.3277876920039862,0.2970196590325419,0.030768032971444287,2
SKS02,SKS03,EQM_2,1,0.5,120,before_decay,original,3,profile_nrmse,0.21422653848539927,0.21909183196743423,-0.00486529348203496,2
SKS02,SKS03,EQM_2,1,0.5,120,before_decay,original,4,peak_depth_error,0.0,0.35714285714285715,-0.35714285714285715,2
SKS02,SKS03,EQM_2,1,0.5,120,before_decay,original,4,peak_load_error,0.0,0.2970196590325419,-0.2970196590325419,2
SKS02,SKS03,EQM_2,1,0.5,120,before_decay,original,4,profile_nrmse,0.16346393560862152,0.21031955336054936,-0.04685561775192782,2
SKS02,SKS03,EQM_2,1,0.5,120,shaking,boundary_retained,2,peak_depth_error,0.7142857142857142,0.2857142857142857,0.4285714285714285,2
SKS02,SKS03,EQM_2,1,0.5,120,shaking,boundary_retained,2,peak_load_error,0.329801973485469,0.3980597478603673,-0.0682577743748983,2
SKS02,SKS03,EQM_2,1,0.5,120,shaking,boundary_retained,2,profile_nrmse,0.22187554651376876,0.22799299136982742,-0.006117444856058682,2
SKS02,SKS03,EQM_2,1,0.5,120,shaking,boundary_retained,3,peak_depth_error,0.7142857142857142,0.35714285714285715,0.35714285714285704,2
SKS02,SKS03,EQM_2,1,0.5,120,shaking,boundary_retained,3,peak_load_error,0.32200156579617867,0.3001950090835782,0.02180655671260051,2
SKS02,SKS03,EQM_2,1,0.5,120,shaking,boundary_retained,3,profile_nrmse,0.20911560134636606,0.219302420170487,-0.010186818824120966,2
SKS02,SKS03,EQM_2,1,0.5,120,shaking,boundary_retained,4,peak_depth_error,0.0,0.35714285714285715,-0.35714285714285715,2
SKS02,SKS03,EQM_2,1,0.5,120,shaking,boundary_retained,4,peak_load_error,0.0,0.3001950090835782,-0.3001950090835782,2
SKS02,SKS03,EQM_2,1,0.5,120,shaking,boundary_retained,4,profile_nrmse,0.16316486232137967,0.20813509340187603,-0.04497023108049636,2
SKS02,SKS03,EQM_2,1,0.5,120,shaking,original,2,peak_depth_error,0.42857142857142855,0.2857142857142857,0.14285714285714285,2
SKS02,SKS03,EQM_2,1,0.5,120,shaking,original,2,peak_load_error,0.2667568199863264,0.3980597478603673,-0.13130292787404094,2
SKS02,SKS03,EQM_2,1,0.5,120,shaking,original,2,profile_nrmse,0.27106346651853613,0.22799299136982742,0.04307047514870871,2
SKS02,SKS03,EQM_2,1,0.5,120,shaking,original,3,peak_depth_error,0.7142857142857142,0.35714285714285715,0.35714285714285704,2
SKS02,SKS03,EQM_2,1,0.5,120,shaking,original,3,peak_load_error,0.32200156579617867,0.3001950090835782,0.02180655671260051,2
SKS02,SKS03,EQM_2,1,0.5,120,shaking,original,3,profile_nrmse,0.20911560134636606,0.219302420170487,-0.010186818824120966,2
SKS02,SKS03,EQM_2,1,0.5,120,shaking,original,4,peak_depth_error,0.0,0.35714285714285715,-0.35714285714285715,2
SKS02,SKS03,EQM_2,1,0.5,120,shaking,original,4,peak_load_error,0.0,0.3001950090835782,-0.3001950090835782,2
SKS02,SKS03,EQM_2,1,0.5,120,shaking,original,4,profile_nrmse,0.16316486232137967,0.20813509340187603,-0.04497023108049636,2
SKS02,SKS03,EQM_2,1,0.5,240,after_decay,boundary_retained,2,peak_depth_error,0.42857142857142855,0.2857142857142857,0.14285714285714285,2
SKS02,SKS03,EQM_2,1,0.5,240,after_decay,boundary_retained,2,peak_load_error,0.3424849698468091,0.3659813199254731,-0.023496350078663963,2
SKS02,SKS03,EQM_2,1,0.5,240,after_decay,boundary_retained,2,profile_nrmse,0.20156849923910422,0.19772626617591,0.003842233063194242,2
SKS02,SKS03,EQM_2,1,0.5,240,after_decay,boundary_retained,3,peak_depth_error,0.42857142857142855,0.35714285714285715,0.0714285714285714,2
SKS02,SKS03,EQM_2,1,0.5,240,after_decay,boundary_retained,3,peak_load_error,0.3424849698468091,0.30476225984503735,0.03772271000177177,2
SKS02,SKS03,EQM_2,1,0.5,240,after_decay,boundary_retained,3,profile_nrmse,0.18806736764365317,0.19023682562593364,-0.0021694579822804927,2
SKS02,SKS03,EQM_2,1,0.5,240,after_decay,boundary_retained,4,peak_depth_error,0.0,0.35714285714285715,-0.35714285714285715,2
SKS02,SKS03,EQM_2,1,0.5,240,after_decay,boundary_retained,4,peak_load_error,0.0,0.30389405063643793,-0.30389405063643793,2
SKS02,SKS03,EQM_2,1,0.5,240,after_decay,boundary_retained,4,profile_nrmse,0.14034398227178108,0.17854196977477765,-0.03819798750299658,2
SKS02,SKS03,EQM_2,1,0.5,240,after_decay,original,2,peak_depth_error,0.42857142857142855,0.2857142857142857,0.14285714285714285,2
SKS02,SKS03,EQM_2,1,0.5,240,after_decay,original,2,peak_load_error,0.2677890849414298,0.3659813199254731,-0.09819223498404331,2
SKS02,SKS03,EQM_2,1,0.5,240,after_decay,original,2,profile_nrmse,0.23432335210447633,0.19772626617591,0.03659708592856635,2
SKS02,SKS03,EQM_2,1,0.5,240,after_decay,original,3,peak_depth_error,0.42857142857142855,0.35714285714285715,0.0714285714285714,2
SKS02,SKS03,EQM_2,1,0.5,240,after_decay,original,3,peak_load_error,0.3424849698468091,0.30476225984503735,0.03772271000177177,2
SKS02,SKS03,EQM_2,1,0.5,240,after_decay,original,3,profile_nrmse,0.18806736764365317,0.19023682562593364,-0.0021694579822804927,2
SKS02,SKS03,EQM_2,1,0.5,240,after_decay,original,4,peak_depth_error,0.0,0.35714285714285715,-0.35714285714285715,2
SKS02,SKS03,EQM_2,1,0.5,240,after_decay,original,4,peak_load_error,0.0,0.30389405063643793,-0.30389405063643793,2
SKS02,SKS03,EQM_2,1,0.5,240,after_decay,original,4,profile_nrmse,0.14034398227178108,0.17854196977477765,-0.03819798750299658,2
SKS02,SKS03,EQM_2,1,0.5,240,before_decay,boundary_retained,2,peak_depth_error,0.7142857142857142,0.2857142857142857,0.4285714285714285,2
SKS02,SKS03,EQM_2,1,0.5,240,before_decay,boundary_retained,2,peak_load_error,0.3295112160512881,0.40771700515682985,-0.07820578910554178,2
SKS02,SKS03,EQM_2,1,0.5,240,before_decay,boundary_retained,2,profile_nrmse,0.23056308401220027,0.23243690764837718,-0.0018738236361768995,2
SKS02,SKS03,EQM_2,1,0.5,240,before_decay,boundary_retained,3,peak_depth_error,0.7142857142857142,0.35714285714285715,0.35714285714285704,2
SKS02,SKS03,EQM_2,1,0.5,240,before_decay,boundary_retained,3,peak_load_error,0.3278822947653663,0.2972197022290239,0.03066259253634239,2
SKS02,SKS03,EQM_2,1,0.5,240,before_decay,boundary_retained,3,profile_nrmse,0.21424366500355818,0.21906045165038432,-0.004816786646826152,2
SKS02,SKS03,EQM_2,1,0.5,240,before_decay,boundary_retained,4,peak_depth_error,0.0,0.35714285714285715,-0.35714285714285715,2
SKS02,SKS03,EQM_2,1,0.5,240,before_decay,boundary_retained,4,peak_load_error,0.0,0.2972197022290239,-0.2972197022290239,2
SKS02,SKS03,EQM_2,1,0.5,240,before_decay,boundary_retained,4,profile_nrmse,0.16349697786901485,0.21029229068164917,-0.04679531281263431,2
SKS02,SKS03,EQM_2,1,0.5,240,before_decay,original,2,peak_depth_error,0.42857142857142855,0.2857142857142857,0.14285714285714285,2
SKS02,SKS03,EQM_2,1,0.5,240,before_decay,original,2,peak_load_error,0.2526055683976647,0.40771700515682985,-0.15511143675916517,2
SKS02,SKS03,EQM_2,1,0.5,240,before_decay,original,2,profile_nrmse,0.27327584466803956,0.23243690764837718,0.0408389370196624,2
SKS02,SKS03,EQM_2,1,0.5,240,before_decay,original,3,peak_depth_error,0.7142857142857142,0.35714285714285715,0.35714285714285704,2
SKS02,SKS03,EQM_2,1,0.5,240,before_decay,original,3,peak_load_error,0.3278822947653663,0.2972197022290239,0.03066259253634239,2
SKS02,SKS03,EQM_2,1,0.5,240,before_decay,original,3,profile_nrmse,0.21424366500355818,0.21906045165038432,-0.004816786646826152,2
SKS02,SKS03,EQM_2,1,0.5,240,before_decay,original,4,peak_depth_error,0.0,0.35714285714285715,-0.35714285714285715,2
SKS02,SKS03,EQM_2,1,0.5,240,before_decay,original,4,peak_load_error,0.0,0.2972197022290239,-0.2972197022290239,2
SKS02,SKS03,EQM_2,1,0.5,240,before_decay,original,4,profile_nrmse,0.16349697786901485,0.21029229068164917,-0.04679531281263431,2
SKS02,SKS03,EQM_2,1,0.5,240,shaking,boundary_retained,2,peak_depth_error,0.7142857142857142,0.2857142857142857,0.4285714285714285,2
SKS02,SKS03,EQM_2,1,0.5,240,shaking,boundary_retained,2,peak_load_error,0.329824419626803,0.3980640669816816,-0.06823964735487859,2
SKS02,SKS03,EQM_2,1,0.5,240,shaking,boundary_retained,2,profile_nrmse,0.22191099092265115,0.22798321613912786,-0.006072225216476712,2
SKS02,SKS03,EQM_2,1,0.5,240,shaking,boundary_retained,3,peak_depth_error,0.7142857142857142,0.35714285714285715,0.35714285714285704,2
SKS02,SKS03,EQM_2,1,0.5,240,shaking,boundary_retained,3,peak_load_error,0.32200999207417014,0.3002158938971693,0.021794098177000898,2
SKS02,SKS03,EQM_2,1,0.5,240,shaking,boundary_retained,3,profile_nrmse,0.20913198694744906,0.21931356309862982,-0.010181576151180746,2
SKS02,SKS03,EQM_2,1,0.5,240,shaking,boundary_retained,4,peak_depth_error,0.0,0.35714285714285715,-0.35714285714285715,2
SKS02,SKS03,EQM_2,1,0.5,240,shaking,boundary_retained,4,peak_load_error,0.0,0.3002158938971693,-0.3002158938971693,2
SKS02,SKS03,EQM_2,1,0.5,240,shaking,boundary_retained,4,profile_nrmse,0.163168426023852,0.2081636043001391,-0.04499517827628711,2
SKS02,SKS03,EQM_2,1,0.5,240,shaking,original,2,peak_depth_error,0.42857142857142855,0.2857142857142857,0.14285714285714285,2
SKS02,SKS03,EQM_2,1,0.5,240,shaking,original,2,peak_load_error,0.2667724818236478,0.3980640669816816,-0.13129158515803377,2
SKS02,SKS03,EQM_2,1,0.5,240,shaking,original,2,profile_nrmse,0.27107553946506185,0.22798321613912786,0.04309232332593399,2
SKS02,SKS03,EQM_2,1,0.5,240,shaking,original,3,peak_depth_error,0.7142857142857142,0.35714285714285715,0.35714285714285704,2
SKS02,SKS03,EQM_2,1,0.5,240,shaking,original,3,peak_load_error,0.32200999207417014,0.3002158938971693,0.021794098177000898,2
SKS02,SKS03,EQM_2,1,0.5,240,shaking,original,3,profile_nrmse,0.20913198694744906,0.21931356309862982,-0.010181576151180746,2
SKS02,SKS03,EQM_2,1,0.5,240,shaking,original,4,peak_depth_error,0.0,0.35714285714285715,-0.35714285714285715,2
SKS02,SKS03,EQM_2,1,0.5,240,shaking,original,4,peak_load_error,0.0,0.3002158938971693,-0.3002158938971693,2
SKS02,SKS03,EQM_2,1,0.5,240,shaking,original,4,profile_nrmse,0.163168426023852,0.2081636043001391,-0.04499517827628711,2
SKS02,SKS03,EQM_2,1,0.75,120,after_decay,boundary_retained,2,peak_depth_error,0.42857142857142855,0.2857142857142857,0.14285714285714285,2
SKS02,SKS03,EQM_2,1,0.75,120,after_decay,boundary_retained,2,peak_load_error,0.3428052977001229,0.36612714603740687,-0.02332184833728393,2
SKS02,SKS03,EQM_2,1,0.75,120,after_decay,boundary_retained,2,profile_nrmse,0.2019577922453887,0.19825877203914638,0.003699020206242312,2
SKS02,SKS03,EQM_2,1,0.75,120,after_decay,boundary_retained,3,peak_depth_error,0.42857142857142855,0.35714285714285715,0.0714285714285714,2
SKS02,SKS03,EQM_2,1,0.75,120,after_decay,boundary_retained,3,peak_load_error,0.3428052977001229,0.3051391442819752,0.037666153418147774,2
SKS02,SKS03,EQM_2,1,0.75,120,after_decay,boundary_retained,3,profile_nrmse,0.18818911796783377,0.19044549789758058,-0.002256379929746838,2
SKS02,SKS03,EQM_2,1,0.75,120,after_decay,boundary_retained,4,peak_depth_error,0.0,0.35714285714285715,-0.35714285714285715,2
SKS02,SKS03,EQM_2,1,0.75,120,after_decay,boundary_retained,4,peak_load_error,0.0,0.3042160046593207,-0.3042160046593207,2
SKS02,SKS03,EQM_2,1,0.75,120,after_decay,boundary_retained,4,profile_nrmse,0.14053161474684578,0.17888343888307667,-0.038351824136230894,2
SKS02,SKS03,EQM_2,1,0.75,120,after_decay,original,2,peak_depth_error,0.42857142857142855,0.2857142857142857,0.14285714285714285,2
SKS02,SKS03,EQM_2,1,0.75,120,after_decay,original,2,peak_load_error,0.26804606135873277,0.36612714603740687,-0.09808108467867407,2
SKS02,SKS03,EQM_2,1,0.75,120,after_decay,original,2,profile_nrmse,0.23482004798391512,0.19825877203914638,0.03656127594476873,2
SKS02,SKS03,EQM_2,1,0.75,120,after_decay,original,3,peak_depth_error,0.42857142857142855,0.35714285714285715,0.0714285714285714,2
SKS02,SKS03,EQM_2,1,0.75,120,after_decay,original,3,peak_load_error,0.3428052977001229,0.3051391442819752,0.037666153418147774,2
SKS02,SKS03,EQM_2,1,0.75,120,after_decay,original,3,profile_nrmse,0.18818911796783377,0.19044549789758058,-0.002256379929746838,2
SKS02,SKS03,EQM_2,1,0.75,120,after_decay,original,4,peak_depth_error,0.0,0.35714285714285715,-0.35714285714285715,2
SKS02,SKS03,EQM_2,1,0.75,120,after_decay,original,4,peak_load_error,0.0,0.3042160046593207,-0.3042160046593207,2
SKS02,SKS03,EQM_2,1,0.75,120,after_decay,original,4,profile_nrmse,0.14053161474684578,0.17888343888307667,-0.038351824136230894,2
SKS02,SKS03,EQM_2,1,0.75,120,before_decay,boundary_retained,2,peak_depth_error,0.7142857142857142,0.2857142857142857,0.4285714285714285,2
SKS02,SKS03,EQM_2,1,0.75,120,before_decay,boundary_retained,2,peak_load_error,0.3086056854074609,0.40853279383426777,-0.09992710842680685,2
SKS02,SKS03,EQM_2,1,0.75,120,before_decay,boundary_retained,2,profile_nrmse,0.23110542881521504,0.23318462457269776,-0.0020791957574827213,2
SKS02,SKS03,EQM_2,1,0.75,120,before_decay,boundary_retained,3,peak_depth_error,0.7142857142857142,0.35714285714285715,0.35714285714285704,2
SKS02,SKS03,EQM_2,1,0.75,120,before_decay,boundary_retained,3,peak_load_error,0.3086056854074609,0.28694769720219393,0.021657988205266973,2
SKS02,SKS03,EQM_2,1,0.75,120,before_decay,boundary_retained,3,profile_nrmse,0.21478870933049055,0.2198364213746659,-0.0050477120441753814,2
SKS02,SKS03,EQM_2,1,0.75,120,before_decay,boundary_retained,4,peak_depth_error,0.0,0.35714285714285715,-0.35714285714285715,2
SKS02,SKS03,EQM_2,1,0.75,120,before_decay,boundary_retained,4,peak_load_error,0.0,0.28694769720219393,-0.28694769720219393,2
SKS02,SKS03,EQM_2,1,0.75,120,before_decay,boundary_retained,4,profile_nrmse,0.1639884729594967,0.21119743237705946,-0.04720895941756276,2
SKS02,SKS03,EQM_2,1,0.75,120,before_decay,original,2,peak_depth_error,0.42857142857142855,0.2857142857142857,0.14285714285714285,2
SKS02,SKS03,EQM_2,1,0.75,120,before_decay,original,2,peak_load_error,0.239191938388124,0.40853279383426777,-0.16934085544614375,2
SKS02,SKS03,EQM_2,1,0.75,120,before_decay,original,2,profile_nrmse,0.2740516553740917,0.23318462457269776,0.040867030801393936,2
SKS02,SKS03,EQM_2,1,0.75,120,before_decay,original,3,peak_depth_error,0.7142857142857142,0.35714285714285715,0.35714285714285704,2
SKS02,SKS03,EQM_2,1,0.75,120,before_decay,original,3,peak_load_error,0.3086056854074609,0.28694769720219393,0.021657988205266973,2
SKS02,SKS03,EQM_2,1,0.75,120,before_decay,original,3,profile_nrmse,0.21478870933049055,0.2198364213746659,-0.0050477120441753814,2
SKS02,SKS03,EQM_2,1,0.75,120,before_decay,original,4,peak_depth_error,0.0,0.35714285714285715,-0.35714285714285715,2
SKS02,SKS03,EQM_2,1,0.75,120,before_decay,original,4,peak_load_error,0.0,0.28694769720219393,-0.28694769720219393,2
SKS02,SKS03,EQM_2,1,0.75,120,before_decay,original,4,profile_nrmse,0.1639884729594967,0.21119743237705946,-0.04720895941756276,2
SKS02,SKS03,EQM_2,1,0.75,120,shaking,boundary_retained,2,peak_depth_error,0.7142857142857142,0.2857142857142857,0.4285714285714285,2
SKS02,SKS03,EQM_2,1,0.75,120,shaking,boundary_retained,2,peak_load_error,0.329801973485469,0.3980597478603673,-0.0682577743748983,2
SKS02,SKS03,EQM_2,1,0.75,120,shaking,boundary_retained,2,profile_nrmse,0.22187554651376876,0.22799299136982742,-0.006117444856058682,2
SKS02,SKS03,EQM_2,1,0.75,120,shaking,boundary_retained,3,peak_depth_error,0.7142857142857142,0.35714285714285715,0.35714285714285704,2
SKS02,SKS03,EQM_2,1,0.75,120,shaking,boundary_retained,3,peak_load_error,0.32200156579617867,0.3001950090835782,0.02180655671260051,2
SKS02,SKS03,EQM_2,1,0.75,120,shaking,boundary_retained,3,profile_nrmse,0.20911560134636606,0.219302420170487,-0.010186818824120966,2
SKS02,SKS03,EQM_2,1,0.75,120,shaking,boundary_retained,4,peak_depth_error,0.0,0.35714285714285715,-0.35714285714285715,2
SKS02,SKS03,EQM_2,1,0.75,120,shaking,boundary_retained,4,peak_load_error,0.0,0.3001950090835782,-0.3001950090835782,2
SKS02,SKS03,EQM_2,1,0.75,120,shaking,boundary_retained,4,profile_nrmse,0.16316486232137967,0.20813509340187603,-0.04497023108049636,2
SKS02,SKS03,EQM_2,1,0.75,120,shaking,original,2,peak_depth_error,0.42857142857142855,0.2857142857142857,0.14285714285714285,2
SKS02,SKS03,EQM_2,1,0.75,120,shaking,original,2,peak_load_error,0.2667568199863264,0.3980597478603673,-0.13130292787404094,2
SKS02,SKS03,EQM_2,1,0.75,120,shaking,original,2,profile_nrmse,0.27106346651853613,0.22799299136982742,0.04307047514870871,2
SKS02,SKS03,EQM_2,1,0.75,120,shaking,original,3,peak_depth_error,0.7142857142857142,0.35714285714285715,0.35714285714285704,2
SKS02,SKS03,EQM_2,1,0.75,120,shaking,original,3,peak_load_error,0.32200156579617867,0.3001950090835782,0.02180655671260051,2
SKS02,SKS03,EQM_2,1,0.75,120,shaking,original,3,profile_nrmse,0.20911560134636606,0.219302420170487,-0.010186818824120966,2
SKS02,SKS03,EQM_2,1,0.75,120,shaking,original,4,peak_depth_error,0.0,0.35714285714285715,-0.35714285714285715,2
SKS02,SKS03,EQM_2,1,0.75,120,shaking,original,4,peak_load_error,0.0,0.3001950090835782,-0.3001950090835782,2
SKS02,SKS03,EQM_2,1,0.75,120,shaking,original,4,profile_nrmse,0.16316486232137967,0.20813509340187603,-0.04497023108049636,2
SKS02,SKS03,EQM_2,1,0.75,240,after_decay,boundary_retained,2,peak_depth_error,0.42857142857142855,0.2857142857142857,0.14285714285714285,2
SKS02,SKS03,EQM_2,1,0.75,240,after_decay,boundary_retained,2,peak_load_error,0.34283350681403923,0.36611211229212215,-0.023278605478082914,2
SKS02,SKS03,EQM_2,1,0.75,240,after_decay,boundary_retained,2,profile_nrmse,0.20192152444487615,0.19821875175123035,0.0037027726936458144,2
SKS02,SKS03,EQM_2,1,0.75,240,after_decay,boundary_retained,3,peak_depth_error,0.42857142857142855,0.35714285714285715,0.0714285714285714,2
SKS02,SKS03,EQM_2,1,0.75,240,after_decay,boundary_retained,3,peak_load_error,0.34283350681403923,0.30507615868726123,0.03775734812677797,2
SKS02,SKS03,EQM_2,1,0.75,240,after_decay,boundary_retained,3,profile_nrmse,0.18816280332100233,0.19045053678643759,-0.0022877334654352738,2
SKS02,SKS03,EQM_2,1,0.75,240,after_decay,boundary_retained,4,peak_depth_error,0.0,0.35714285714285715,-0.35714285714285715,2
SKS02,SKS03,EQM_2,1,0.75,240,after_decay,boundary_retained,4,peak_load_error,0.0,0.30424752274682276,-0.30424752274682276,2
SKS02,SKS03,EQM_2,1,0.75,240,after_decay,boundary_retained,4,profile_nrmse,0.1405237031852577,0.17886849605096164,-0.038344792865703956,2
SKS02,SKS03,EQM_2,1,0.75,240,after_decay,original,2,peak_depth_error,0.42857142857142855,0.2857142857142857,0.14285714285714285,2
SKS02,SKS03,EQM_2,1,0.75,240,after_decay,original,2,peak_load_error,0.2680779892956917,0.36611211229212215,-0.09803412299643041,2
SKS02,SKS03,EQM_2,1,0.75,240,after_decay,original,2,profile_nrmse,0.23479870873334044,0.19821875175123035,0.03657995698211008,2
SKS02,SKS03,EQM_2,1,0.75,240,after_decay,original,3,peak_depth_error,0.42857142857142855,0.35714285714285715,0.0714285714285714,2
SKS02,SKS03,EQM_2,1,0.75,240,after_decay,original,3,peak_load_error,0.34283350681403923,0.30507615868726123,0.03775734812677797,2
SKS02,SKS03,EQM_2,1,0.75,240,after_decay,original,3,profile_nrmse,0.18816280332100233,0.19045053678643759,-0.0022877334654352738,2
SKS02,SKS03,EQM_2,1,0.75,240,after_decay,original,4,peak_depth_error,0.0,0.35714285714285715,-0.35714285714285715,2
SKS02,SKS03,EQM_2,1,0.75,240,after_decay,original,4,peak_load_error,0.0,0.30424752274682276,-0.30424752274682276,2
SKS02,SKS03,EQM_2,1,0.75,240,after_decay,original,4,profile_nrmse,0.1405237031852577,0.17886849605096164,-0.038344792865703956,2
SKS02,SKS03,EQM_2,1,0.75,240,before_decay,boundary_retained,2,peak_depth_error,0.7142857142857142,0.2857142857142857,0.4285714285714285,2
SKS02,SKS03,EQM_2,1,0.75,240,before_decay,boundary_retained,2,peak_load_error,0.30854368249797115,0.408488238961056,-0.0999445564630849,2
SKS02,SKS03,EQM_2,1,0.75,240,before_decay,boundary_retained,2,profile_nrmse,0.2310835982210514,0.2331829484633837,-0.002099350242332293,2
SKS02,SKS03,EQM_2,1,0.75,240,before_decay,boundary_retained,3,peak_depth_error,0.7142857142857142,0.35714285714285715,0.35714285714285704,2
SKS02,SKS03,EQM_2,1,0.75,240,before_decay,boundary_retained,3,peak_load_error,0.30854368249797115,0.2869438473827937,0.02159983511517745,2
SKS02,SKS03,EQM_2,1,0.75,240,before_decay,boundary_retained,3,profile_nrmse,0.2147957463248807,0.21982317498221204,-0.00502742865733137,2
SKS02,SKS03,EQM_2,1,0.75,240,before_decay,boundary_retained,4,peak_depth_error,0.0,0.35714285714285715,-0.35714285714285715,2
SKS02,SKS03,EQM_2,1,0.75,240,before_decay,boundary_retained,4,peak_load_error,0.0,0.2869438473827937,-0.2869438473827937,2
SKS02,SKS03,EQM_2,1,0.75,240,before_decay,boundary_retained,4,profile_nrmse,0.16396854904477903,0.2111978365897994,-0.04722928754502034,2
SKS02,SKS03,EQM_2,1,0.75,240,before_decay,original,2,peak_depth_error,0.42857142857142855,0.2857142857142857,0.14285714285714285,2
SKS02,SKS03,EQM_2,1,0.75,240,before_decay,original,2,peak_load_error,0.23913760951743057,0.408488238961056,-0.16935062944362547,2
SKS02,SKS03,EQM_2,1,0.75,240,before_decay,original,2,profile_nrmse,0.27403743560970406,0.2331829484633837,0.04085448714632038,2
SKS02,SKS03,EQM_2,1,0.75,240,before_decay,original,3,peak_depth_error,0.7142857142857142,0.35714285714285715,0.35714285714285704,2
SKS02,SKS03,EQM_2,1,0.75,240,before_decay,original,3,peak_load_error,0.30854368249797115,0.2869438473827937,0.02159983511517745,2
SKS02,SKS03,EQM_2,1,0.75,240,before_decay,original,3,profile_nrmse,0.2147957463248807,0.21982317498221204,-0.00502742865733137,2
SKS02,SKS03,EQM_2,1,0.75,240,before_decay,original,4,peak_depth_error,0.0,0.35714285714285715,-0.35714285714285715,2
SKS02,SKS03,EQM_2,1,0.75,240,before_decay,original,4,peak_load_error,0.0,0.2869438473827937,-0.2869438473827937,2
SKS02,SKS03,EQM_2,1,0.75,240,before_decay,original,4,profile_nrmse,0.16396854904477903,0.2111978365897994,-0.04722928754502034,2
SKS02,SKS03,EQM_2,1,0.75,240,shaking,boundary_retained,2,peak_depth_error,0.7142857142857142,0.2857142857142857,0.4285714285714285,2
SKS02,SKS03,EQM_2,1,0.75,240,shaking,boundary_retained,2,peak_load_error,0.329824419626803,0.3980640669816816,-0.06823964735487859,2
SKS02,SKS03,EQM_2,1,0.75,240,shaking,boundary_retained,2,profile_nrmse,0.22191099092265115,0.22798321613912786,-0.006072225216476712,2
SKS02,SKS03,EQM_2,1,0.75,240,shaking,boundary_retained,3,peak_depth_error,0.7142857142857142,0.35714285714285715,0.35714285714285704,2
SKS02,SKS03,EQM_2,1,0.75,240,shaking,boundary_retained,3,peak_load_error,0.32200999207417014,0.3002158938971693,0.021794098177000898,2
SKS02,SKS03,EQM_2,1,0.75,240,shaking,boundary_retained,3,profile_nrmse,0.20913198694744906,0.21931356309862982,-0.010181576151180746,2
SKS02,SKS03,EQM_2,1,0.75,240,shaking,boundary_retained,4,peak_depth_error,0.0,0.35714285714285715,-0.35714285714285715,2
SKS02,SKS03,EQM_2,1,0.75,240,shaking,boundary_retained,4,peak_load_error,0.0,0.3002158938971693,-0.3002158938971693,2
SKS02,SKS03,EQM_2,1,0.75,240,shaking,boundary_retained,4,profile_nrmse,0.163168426023852,0.2081636043001391,-0.04499517827628711,2
SKS02,SKS03,EQM_2,1,0.75,240,shaking,original,2,peak_depth_error,0.42857142857142855,0.2857142857142857,0.14285714285714285,2
SKS02,SKS03,EQM_2,1,0.75,240,shaking,original,2,peak_load_error,0.2667724818236478,0.3980640669816816,-0.13129158515803377,2
SKS02,SKS03,EQM_2,1,0.75,240,shaking,original,2,profile_nrmse,0.27107553946506185,0.22798321613912786,0.04309232332593399,2
SKS02,SKS03,EQM_2,1,0.75,240,shaking,original,3,peak_depth_error,0.7142857142857142,0.35714285714285715,0.35714285714285704,2
SKS02,SKS03,EQM_2,1,0.75,240,shaking,original,3,peak_load_error,0.32200999207417014,0.3002158938971693,0.021794098177000898,2
SKS02,SKS03,EQM_2,1,0.75,240,shaking,original,3,profile_nrmse,0.20913198694744906,0.21931356309862982,-0.010181576151180746,2
SKS02,SKS03,EQM_2,1,0.75,240,shaking,original,4,peak_depth_error,0.0,0.35714285714285715,-0.35714285714285715,2
SKS02,SKS03,EQM_2,1,0.75,240,shaking,original,4,peak_load_error,0.0,0.3002158938971693,-0.3002158938971693,2
SKS02,SKS03,EQM_2,1,0.75,240,shaking,original,4,profile_nrmse,0.163168426023852,0.2081636043001391,-0.04499517827628711,2
SKS02,SKS03,EQM_3,0,0.25,120,after_decay,boundary_retained,2,peak_depth_error,0.1428571428571429,0.2142857142857143,-0.0714285714285714,2
SKS02,SKS03,EQM_3,0,0.25,120,after_decay,boundary_retained,2,peak_load_error,0.36939768465643075,0.3643302783533856,0.005067406303045113,2
SKS02,SKS03,EQM_3,0,0.25,120,after_decay,boundary_retained,2,profile_nrmse,0.19145746846881856,0.1861769181018451,0.0052805503669734605,2
SKS02,SKS03,EQM_3,0,0.25,120,after_decay,boundary_retained,3,peak_depth_error,0.1428571428571429,0.1428571428571429,0.0,2
SKS02,SKS03,EQM_3,0,0.25,120,after_decay,boundary_retained,3,peak_load_error,0.36939768465643075,0.30622901997346863,0.06316866468296214,2
SKS02,SKS03,EQM_3,0,0.25,120,after_decay,boundary_retained,3,profile_nrmse,0.18312911152127537,0.18083060162828898,0.0022985098929863904,2
SKS02,SKS03,EQM_3,0,0.25,120,after_decay,boundary_retained,4,peak_depth_error,0.0,0.2142857142857143,-0.2142857142857143,2
SKS02,SKS03,EQM_3,0,0.25,120,after_decay,boundary_retained,4,peak_load_error,0.0,0.3011616136704235,-0.3011616136704235,2
SKS02,SKS03,EQM_3,0,0.25,120,after_decay,boundary_retained,4,profile_nrmse,0.13507885102165648,0.16756821046787765,-0.03248935944622117,2
SKS02,SKS03,EQM_3,0,0.25,120,after_decay,original,2,peak_depth_error,0.42857142857142855,0.2142857142857143,0.21428571428571425,2
SKS02,SKS03,EQM_3,0,0.25,120,after_decay,original,2,peak_load_error,0.3271248316299087,0.3643302783533856,-0.037205446723476976,2
SKS02,SKS03,EQM_3,0,0.25,120,after_decay,original,2,profile_nrmse,0.23096723891940402,0.1861769181018451,0.04479032081755892,2
SKS02,SKS03,EQM_3,0,0.25,120,after_decay,original,3,peak_depth_error,0.1428571428571429,0.1428571428571429,0.0,2
SKS02,SKS03,EQM_3,0,0.25,120,after_decay,original,3,peak_load_error,0.36939768465643075,0.30622901997346863,0.06316866468296214,2
SKS02,SKS03,EQM_3,0,0.25,120,after_decay,original,3,profile_nrmse,0.18312911152127537,0.18083060162828898,0.0022985098929863904,2
SKS02,SKS03,EQM_3,0,0.25,120,after_decay,original,4,peak_depth_error,0.0,0.2142857142857143,-0.2142857142857143,2
SKS02,SKS03,EQM_3,0,0.25,120,after_decay,original,4,peak_load_error,0.0,0.3011616136704235,-0.3011616136704235,2
SKS02,SKS03,EQM_3,0,0.25,120,after_decay,original,4,profile_nrmse,0.13507885102165648,0.16756821046787765,-0.03248935944622117,2
SKS02,SKS03,EQM_3,0,0.25,120,before_decay,boundary_retained,2,peak_depth_error,0.42857142857142855,0.2142857142857143,0.21428571428571425,2
SKS02,SKS03,EQM_3,0,0.25,120,before_decay,boundary_retained,2,peak_load_error,0.3843336614524241,0.357504140048771,0.026829521403653106,2
SKS02,SKS03,EQM_3,0,0.25,120,before_decay,boundary_retained,2,profile_nrmse,0.21106584372716286,0.21302522959227693,-0.0019593858651140716,2
SKS02,SKS03,EQM_3,0,0.25,120,before_decay,boundary_retained,3,peak_depth_error,0.42857142857142855,0.35714285714285715,0.0714285714285714,2
SKS02,SKS03,EQM_3,0,0.25,120,before_decay,boundary_retained,3,peak_load_error,0.3843336614524241,0.365719558008289,0.01861410344413514,2
SKS02,SKS03,EQM_3,0,0.25,120,before_decay,boundary_retained,3,profile_nrmse,0.20313054042358492,0.21539902915292225,-0.012268488729337335,2
SKS02,SKS03,EQM_3,0,0.25,120,before_decay,boundary_retained,4,peak_depth_error,0.0,0.2142857142857143,-0.2142857142857143,2
SKS02,SKS03,EQM_3,0,0.25,120,before_decay,boundary_retained,4,peak_load_error,0.0,0.329164162430646,-0.329164162430646,2
SKS02,SKS03,EQM_3,0,0.25,120,before_decay,boundary_retained,4,profile_nrmse,0.1721837542640013,0.1966312368580399,-0.024447482594038644,2
SKS02,SKS03,EQM_3,0,0.25,120,before_decay,original,2,peak_depth_error,0.42857142857142855,0.2142857142857143,0.21428571428571425,2
SKS02,SKS03,EQM_3,0,0.25,120,before_decay,original,2,peak_load_error,0.3613694123617729,0.357504140048771,0.0038652723130018496,2
SKS02,SKS03,EQM_3,0,0.25,120,before_decay,original,2,profile_nrmse,0.2753789101288591,0.21302522959227693,0.062353680536582204,2
SKS02,SKS03,EQM_3,0,0.25,120,before_decay,original,3,peak_depth_error,0.42857142857142855,0.35714285714285715,0.0714285714285714,2
SKS02,SKS03,EQM_3,0,0.25,120,before_decay,original,3,peak_load_error,0.3843336614524241,0.365719558008289,0.01861410344413514,2
SKS02,SKS03,EQM_3,0,0.25,120,before_decay,original,3,profile_nrmse,0.20313054042358492,0.21539902915292225,-0.012268488729337335,2
SKS02,SKS03,EQM_3,0,0.25,120,before_decay,original,4,peak_depth_error,0.0,0.2142857142857143,-0.2142857142857143,2
SKS02,SKS03,EQM_3,0,0.25,120,before_decay,original,4,peak_load_error,0.0,0.329164162430646,-0.329164162430646,2
SKS02,SKS03,EQM_3,0,0.25,120,before_decay,original,4,profile_nrmse,0.1721837542640013,0.1966312368580399,-0.024447482594038644,2
SKS02,SKS03,EQM_3,0,0.25,120,shaking,boundary_retained,2,peak_depth_error,0.7857142857142856,0.5714285714285714,0.21428571428571425,2
SKS02,SKS03,EQM_3,0,0.25,120,shaking,boundary_retained,2,peak_load_error,0.3844466425738392,0.4687403982121917,-0.08429375563835256,2
SKS02,SKS03,EQM_3,0,0.25,120,shaking,boundary_retained,2,profile_nrmse,0.26350240783724943,0.25753118691791493,0.005971220919334497,2
SKS02,SKS03,EQM_3,0,0.25,120,shaking,boundary_retained,3,peak_depth_error,0.7857142857142856,0.7142857142857142,0.0714285714285714,2
SKS02,SKS03,EQM_3,0,0.25,120,shaking,boundary_retained,3,peak_load_error,0.3829134272122696,0.3782729825967118,0.004640444615557793,2
SKS02,SKS03,EQM_3,0,0.25,120,shaking,boundary_retained,3,profile_nrmse,0.23536138607128518,0.2624077438048737,-0.027046357733588516,2
SKS02,SKS03,EQM_3,0,0.25,120,shaking,boundary_retained,4,peak_depth_error,0.0,0.7142857142857142,-0.7142857142857142,2
SKS02,SKS03,EQM_3,0,0.25,120,shaking,boundary_retained,4,peak_load_error,0.0,0.3719609588753725,-0.3719609588753725,2
SKS02,SKS03,EQM_3,0,0.25,120,shaking,boundary_retained,4,profile_nrmse,0.2088553500449282,0.24922862345509547,-0.04037327341016728,2
SKS02,SKS03,EQM_3,0,0.25,120,shaking,original,2,peak_depth_error,0.7857142857142856,0.5714285714285714,0.21428571428571425,2
SKS02,SKS03,EQM_3,0,0.25,120,shaking,original,2,peak_load_error,0.3370960371104193,0.4687403982121917,-0.13164436110177244,2
SKS02,SKS03,EQM_3,0,0.25,120,shaking,original,2,profile_nrmse,0.31139484370796344,0.25753118691791493,0.053863656790048495,2
SKS02,SKS03,EQM_3,0,0.25,120,shaking,original,3,peak_depth_error,0.7857142857142856,0.7142857142857142,0.0714285714285714,2
SKS02,SKS03,EQM_3,0,0.25,120,shaking,original,3,peak_load_error,0.3829134272122696,0.3782729825967118,0.004640444615557793,2
SKS02,SKS03,EQM_3,0,0.25,120,shaking,original,3,profile_nrmse,0.23536138607128518,0.2624077438048737,-0.027046357733588516,2
SKS02,SKS03,EQM_3,0,0.25,120,shaking,original,4,peak_depth_error,0.0,0.7142857142857142,-0.7142857142857142,2
SKS02,SKS03,EQM_3,0,0.25,120,shaking,original,4,peak_load_error,0.0,0.3719609588753725,-0.3719609588753725,2
SKS02,SKS03,EQM_3,0,0.25,120,shaking,original,4,profile_nrmse,0.2088553500449282,0.24922862345509547,-0.04037327341016728,2
SKS02,SKS03,EQM_3,0,0.25,240,after_decay,boundary_retained,2,peak_depth_error,0.1428571428571429,0.2142857142857143,-0.0714285714285714,2
SKS02,SKS03,EQM_3,0,0.25,240,after_decay,boundary_retained,2,peak_load_error,0.3693733589471616,0.3642679921226587,0.0051053668245029105,2
SKS02,SKS03,EQM_3,0,0.25,240,after_decay,boundary_retained,2,profile_nrmse,0.1914454011009028,0.1861384088569452,0.0053069922439576145,2
SKS02,SKS03,EQM_3,0,0.25,240,after_decay,boundary_retained,3,peak_depth_error,0.1428571428571429,0.1428571428571429,0.0,2
SKS02,SKS03,EQM_3,0,0.25,240,after_decay,boundary_retained,3,peak_load_error,0.3693733589471616,0.30625022983179684,0.06312312911536477,2
SKS02,SKS03,EQM_3,0,0.25,240,after_decay,boundary_retained,3,profile_nrmse,0.18311893066731452,0.1809118815866086,0.0022070490807059445,2
SKS02,SKS03,EQM_3,0,0.25,240,after_decay,boundary_retained,4,peak_depth_error,0.0,0.2142857142857143,-0.2142857142857143,2
SKS02,SKS03,EQM_3,0,0.25,240,after_decay,boundary_retained,4,peak_load_error,0.0,0.30114486300729393,-0.30114486300729393,2
SKS02,SKS03,EQM_3,0,0.25,240,after_decay,boundary_retained,4,profile_nrmse,0.13514760896549952,0.16757235908319268,-0.03242475011769316,2
SKS02,SKS03,EQM_3,0,0.25,240,after_decay,original,2,peak_depth_error,0.42857142857142855,0.2142857142857143,0.21428571428571425,2
SKS02,SKS03,EQM_3,0,0.25,240,after_decay,original,2,peak_load_error,0.32710814900264684,0.3642679921226587,-0.037159843120011915,2
SKS02,SKS03,EQM_3,0,0.25,240,after_decay,original,2,profile_nrmse,0.2309669486663966,0.1861384088569452,0.04482853980945144,2
SKS02,SKS03,EQM_3,0,0.25,240,after_decay,original,3,peak_depth_error,0.1428571428571429,0.1428571428571429,0.0,2
SKS02,SKS03,EQM_3,0,0.25,240,after_decay,original,3,peak_load_error,0.3693733589471616,0.30625022983179684,0.06312312911536477,2
SKS02,SKS03,EQM_3,0,0.25,240,after_decay,original,3,profile_nrmse,0.18311893066731452,0.1809118815866086,0.0022070490807059445,2
SKS02,SKS03,EQM_3,0,0.25,240,after_decay,original,4,peak_depth_error,0.0,0.2142857142857143,-0.2142857142857143,2
SKS02,SKS03,EQM_3,0,0.25,240,after_decay,original,4,peak_load_error,0.0,0.30114486300729393,-0.30114486300729393,2
SKS02,SKS03,EQM_3,0,0.25,240,after_decay,original,4,profile_nrmse,0.13514760896549952,0.16757235908319268,-0.03242475011769316,2
SKS02,SKS03,EQM_3,0,0.25,240,before_decay,boundary_retained,2,peak_depth_error,0.42857142857142855,0.2142857142857143,0.21428571428571425,2
SKS02,SKS03,EQM_3,0,0.25,240,before_decay,boundary_retained,2,peak_load_error,0.38380722008303203,0.3572511982570511,0.026556021825980963,2
SKS02,SKS03,EQM_3,0,0.25,240,before_decay,boundary_retained,2,profile_nrmse,0.21092941489077138,0.21292871892295492,-0.001999304032183527,2
SKS02,SKS03,EQM_3,0,0.25,240,before_decay,boundary_retained,3,peak_depth_error,0.42857142857142855,0.35714285714285715,0.0714285714285714,2
SKS02,SKS03,EQM_3,0,0.25,240,before_decay,boundary_retained,3,peak_load_error,0.38380722008303203,0.3665235005104094,0.01728371957262262,2
SKS02,SKS03,EQM_3,0,0.25,240,before_decay,boundary_retained,3,profile_nrmse,0.20309398189914243,0.21488262420935816,-0.011788642310215744,2
SKS02,SKS03,EQM_3,0,0.25,240,before_decay,boundary_retained,4,peak_depth_error,0.0,0.2142857142857143,-0.2142857142857143,2
SKS02,SKS03,EQM_3,0,0.25,240,before_decay,boundary_retained,4,peak_load_error,0.0,0.32958269722982925,-0.32958269722982925,2
SKS02,SKS03,EQM_3,0,0.25,240,before_decay,boundary_retained,4,profile_nrmse,0.17209222561680074,0.19617627960145842,-0.02408405398465769,2
SKS02,SKS03,EQM_3,0,0.25,240,before_decay,original,2,peak_depth_error,0.42857142857142855,0.2142857142857143,0.21428571428571425,2
SKS02,SKS03,EQM_3,0,0.25,240,before_decay,original,2,peak_load_error,0.3615274475316397,0.3572511982570511,0.004276249274588612,2
SKS02,SKS03,EQM_3,0,0.25,240,before_decay,original,2,profile_nrmse,0.275168610350036,0.21292871892295492,0.06223989142708107,2
SKS02,SKS03,EQM_3,0,0.25,240,before_decay,original,3,peak_depth_error,0.42857142857142855,0.35714285714285715,0.0714285714285714,2
SKS02,SKS03,EQM_3,0,0.25,240,before_decay,original,3,peak_load_error,0.38380722008303203,0.3665235005104094,0.01728371957262262,2
SKS02,SKS03,EQM_3,0,0.25,240,before_decay,original,3,profile_nrmse,0.20309398189914243,0.21488262420935816,-0.011788642310215744,2
SKS02,SKS03,EQM_3,0,0.25,240,before_decay,original,4,peak_depth_error,0.0,0.2142857142857143,-0.2142857142857143,2
SKS02,SKS03,EQM_3,0,0.25,240,before_decay,original,4,peak_load_error,0.0,0.32958269722982925,-0.32958269722982925,2
SKS02,SKS03,EQM_3,0,0.25,240,before_decay,original,4,profile_nrmse,0.17209222561680074,0.19617627960145842,-0.02408405398465769,2
SKS02,SKS03,EQM_3,0,0.25,240,shaking,boundary_retained,2,peak_depth_error,0.7857142857142856,0.5714285714285714,0.21428571428571425,2
SKS02,SKS03,EQM_3,0,0.25,240,shaking,boundary_retained,2,peak_load_error,0.38245634517317106,0.47109032299086173,-0.0886339778176907,2
SKS02,SKS03,EQM_3,0,0.25,240,shaking,boundary_retained,2,profile_nrmse,0.2639600511378417,0.26042924362089764,0.0035308075169441094,2
SKS02,SKS03,EQM_3,0,0.25,240,shaking,boundary_retained,3,peak_depth_error,0.7857142857142856,0.7142857142857142,0.0714285714285714,2
SKS02,SKS03,EQM_3,0,0.25,240,shaking,boundary_retained,3,peak_load_error,0.37962723395707376,0.38036940409328307,-0.000742170136209308,2
SKS02,SKS03,EQM_3,0,0.25,240,shaking,boundary_retained,3,profile_nrmse,0.2349621063812281,0.26200813213892576,-0.027046025757697684,2
SKS02,SKS03,EQM_3,0,0.25,240,shaking,boundary_retained,4,peak_depth_error,0.0,0.7142857142857142,-0.7142857142857142,2
SKS02,SKS03,EQM_3,0,0.25,240,shaking,boundary_retained,4,peak_load_error,0.0,0.37287242917875996,-0.37287242917875996,2
SKS02,SKS03,EQM_3,0,0.25,240,shaking,boundary_retained,4,profile_nrmse,0.20972881725009276,0.2492131522630442,-0.03948433501295142,2
SKS02,SKS03,EQM_3,0,0.25,240,shaking,original,2,peak_depth_error,0.7857142857142856,0.5714285714285714,0.21428571428571425,2
SKS02,SKS03,EQM_3,0,0.25,240,shaking,original,2,peak_load_error,0.3330179685747081,0.47109032299086173,-0.13807235441615362,2
SKS02,SKS03,EQM_3,0,0.25,240,shaking,original,2,profile_nrmse,0.312140377394698,0.26042924362089764,0.05171113377380038,2
SKS02,SKS03,EQM_3,0,0.25,240,shaking,original,3,peak_depth_error,0.7857142857142856,0.7142857142857142,0.0714285714285714,2
SKS02,SKS03,EQM_3,0,0.25,240,shaking,original,3,peak_load_error,0.37962723395707376,0.38036940409328307,-0.000742170136209308,2
SKS02,SKS03,EQM_3,0,0.25,240,shaking,original,3,profile_nrmse,0.2349621063812281,0.26200813213892576,-0.027046025757697684,2
SKS02,SKS03,EQM_3,0,0.25,240,shaking,original,4,peak_depth_error,0.0,0.7142857142857142,-0.7142857142857142,2
SKS02,SKS03,EQM_3,0,0.25,240,shaking,original,4,peak_load_error,0.0,0.37287242917875996,-0.37287242917875996,2
SKS02,SKS03,EQM_3,0,0.25,240,shaking,original,4,profile_nrmse,0.20972881725009276,0.2492131522630442,-0.03948433501295142,2
SKS02,SKS03,EQM_3,0,0.5,120,after_decay,boundary_retained,2,peak_depth_error,0.1428571428571429,0.2142857142857143,-0.0714285714285714,2
SKS02,SKS03,EQM_3,0,0.5,120,after_decay,boundary_retained,2,peak_load_error,0.3695444829064591,0.3642949607653445,0.005249522141114571,2
SKS02,SKS03,EQM_3,0,0.5,120,after_decay,boundary_retained,2,profile_nrmse,0.19154803734346093,0.18651526516895012,0.005032772174510827,2
SKS02,SKS03,EQM_3,0,0.5,120,after_decay,boundary_retained,3,peak_depth_error,0.1428571428571429,0.1428571428571429,0.0,2
SKS02,SKS03,EQM_3,0,0.5,120,after_decay,boundary_retained,3,peak_load_error,0.3695444829064591,0.30692337178505846,0.06262111112140059,2
SKS02,SKS03,EQM_3,0,0.5,120,after_decay,boundary_retained,3,profile_nrmse,0.18333399619631485,0.18131626693860817,0.002017729257706685,2
SKS02,SKS03,EQM_3,0,0.5,120,after_decay,boundary_retained,4,peak_depth_error,0.0,0.2142857142857143,-0.2142857142857143,2
SKS02,SKS03,EQM_3,0,0.5,120,after_decay,boundary_retained,4,peak_load_error,0.0,0.3015636914065658,-0.3015636914065658,2
SKS02,SKS03,EQM_3,0,0.5,120,after_decay,boundary_retained,4,profile_nrmse,0.1354609649738854,0.167867443768014,-0.0324064787941286,2
SKS02,SKS03,EQM_3,0,0.5,120,after_decay,original,2,peak_depth_error,0.42857142857142855,0.2142857142857143,0.21428571428571425,2
SKS02,SKS03,EQM_3,0,0.5,120,after_decay,original,2,peak_load_error,0.327061629206865,0.3642949607653445,-0.03723333155847949,2
SKS02,SKS03,EQM_3,0,0.5,120,after_decay,original,2,profile_nrmse,0.23134715747559675,0.18651526516895012,0.04483189230664666,2
SKS02,SKS03,EQM_3,0,0.5,120,after_decay,original,3,peak_depth_error,0.1428571428571429,0.1428571428571429,0.0,2
SKS02,SKS03,EQM_3,0,0.5,120,after_decay,original,3,peak_load_error,0.3695444829064591,0.30692337178505846,0.06262111112140059,2
SKS02,SKS03,EQM_3,0,0.5,120,after_decay,original,3,profile_nrmse,0.18333399619631485,0.18131626693860817,0.002017729257706685,2
SKS02,SKS03,EQM_3,0,0.5,120,after_decay,original,4,peak_depth_error,0.0,0.2142857142857143,-0.2142857142857143,2
SKS02,SKS03,EQM_3,0,0.5,120,after_decay,original,4,peak_load_error,0.0,0.3015636914065658,-0.3015636914065658,2
SKS02,SKS03,EQM_3,0,0.5,120,after_decay,original,4,profile_nrmse,0.1354609649738854,0.167867443768014,-0.0324064787941286,2
SKS02,SKS03,EQM_3,0,0.5,120,before_decay,boundary_retained,2,peak_depth_error,0.7142857142857142,0.2857142857142857,0.4285714285714285,2
SKS02,SKS03,EQM_3,0,0.5,120,before_decay,boundary_retained,2,peak_load_error,0.3670240457442481,0.3645247761825422,0.0024992695617059024,2
SKS02,SKS03,EQM_3,0,0.5,120,before_decay,boundary_retained,2,profile_nrmse,0.2175728753426034,0.23146636689374894,-0.01389349155114554,2
SKS02,SKS03,EQM_3,0,0.5,120,before_decay,boundary_retained,3,peak_depth_error,0.5857142857142869,0.35714285714285715,0.22857142857142973,2
SKS02,SKS03,EQM_3,0,0.5,120,before_decay,boundary_retained,3,peak_load_error,0.3670240457442481,0.366803246207783,0.00022079953646508832,2
SKS02,SKS03,EQM_3,0,0.5,120,before_decay,boundary_retained,3,profile_nrmse,0.2153642039809551,0.24172945445751126,-0.026365250476556176,2
SKS02,SKS03,EQM_3,0,0.5,120,before_decay,boundary_retained,4,peak_depth_error,0.0,0.2142857142857143,-0.2142857142857143,2
SKS02,SKS03,EQM_3,0,0.5,120,before_decay,boundary_retained,4,peak_load_error,0.0,0.33946003260491797,-0.33946003260491797,2
SKS02,SKS03,EQM_3,0,0.5,120,before_decay,boundary_retained,4,profile_nrmse,0.1907355703698445,0.21337667953878936,-0.02264110916894483,2
SKS02,SKS03,EQM_3,0,0.5,120,before_decay,original,2,peak_depth_error,0.42857142857142855,0.2857142857142857,0.14285714285714285,2
SKS02,SKS03,EQM_3,0,0.5,120,before_decay,original,2,peak_load_error,0.3420495065134326,0.3645247761825422,-0.02247526966910962,2
SKS02,SKS03,EQM_3,0,0.5,120,before_decay,original,2,profile_nrmse,0.28691113724336836,0.23146636689374894,0.05544477034961941,2
SKS02,SKS03,EQM_3,0,0.5,120,before_decay,original,3,peak_depth_error,0.5857142857142869,0.35714285714285715,0.22857142857142973,2
SKS02,SKS03,EQM_3,0,0.5,120,before_decay,original,3,peak_load_error,0.3670240457442481,0.366803246207783,0.00022079953646508832,2
SKS02,SKS03,EQM_3,0,0.5,120,before_decay,original,3,profile_nrmse,0.2153642039809551,0.24172945445751126,-0.026365250476556176,2
SKS02,SKS03,EQM_3,0,0.5,120,before_decay,original,4,peak_depth_error,0.0,0.2142857142857143,-0.2142857142857143,2
SKS02,SKS03,EQM_3,0,0.5,120,before_decay,original,4,peak_load_error,0.0,0.33946003260491797,-0.33946003260491797,2
SKS02,SKS03,EQM_3,0,0.5,120,before_decay,original,4,profile_nrmse,0.1907355703698445,0.21337667953878936,-0.02264110916894483,2
SKS02,SKS03,EQM_3,0,0.5,120,shaking,boundary_retained,2,peak_depth_error,0.7857142857142856,0.5714285714285714,0.21428571428571425,2
SKS02,SKS03,EQM_3,0,0.5,120,shaking,boundary_retained,2,peak_load_error,0.3844466425738392,0.4687403982121917,-0.08429375563835256,2
SKS02,SKS03,EQM_3,0,0.5,120,shaking,boundary_retained,2,profile_nrmse,0.26350240783724943,0.25753118691791493,0.005971220919334497,2
SKS02,SKS03,EQM_3,0,0.5,120,shaking,boundary_retained,3,peak_depth_error,0.7857142857142856,0.7142857142857142,0.0714285714285714,2
SKS02,SKS03,EQM_3,0,0.5,120,shaking,boundary_retained,3,peak_load_error,0.3829134272122696,0.3782729825967118,0.004640444615557793,2
SKS02,SKS03,EQM_3,0,0.5,120,shaking,boundary_retained,3,profile_nrmse,0.23536138607128518,0.2624077438048737,-0.027046357733588516,2
SKS02,SKS03,EQM_3,0,0.5,120,shaking,boundary_retained,4,peak_depth_error,0.0,0.7142857142857142,-0.7142857142857142,2
SKS02,SKS03,EQM_3,0,0.5,120,shaking,boundary_retained,4,peak_load_error,0.0,0.3719609588753725,-0.3719609588753725,2
SKS02,SKS03,EQM_3,0,0.5,120,shaking,boundary_retained,4,profile_nrmse,0.2088553500449282,0.24922862345509547,-0.04037327341016728,2
SKS02,SKS03,EQM_3,0,0.5,120,shaking,original,2,peak_depth_error,0.7857142857142856,0.5714285714285714,0.21428571428571425,2
SKS02,SKS03,EQM_3,0,0.5,120,shaking,original,2,peak_load_error,0.3370960371104193,0.4687403982121917,-0.13164436110177244,2
SKS02,SKS03,EQM_3,0,0.5,120,shaking,original,2,profile_nrmse,0.31139484370796344,0.25753118691791493,0.053863656790048495,2
SKS02,SKS03,EQM_3,0,0.5,120,shaking,original,3,peak_depth_error,0.7857142857142856,0.7142857142857142,0.0714285714285714,2
SKS02,SKS03,EQM_3,0,0.5,120,shaking,original,3,peak_load_error,0.3829134272122696,0.3782729825967118,0.004640444615557793,2
SKS02,SKS03,EQM_3,0,0.5,120,shaking,original,3,profile_nrmse,0.23536138607128518,0.2624077438048737,-0.027046357733588516,2
SKS02,SKS03,EQM_3,0,0.5,120,shaking,original,4,peak_depth_error,0.0,0.7142857142857142,-0.7142857142857142,2
SKS02,SKS03,EQM_3,0,0.5,120,shaking,original,4,peak_load_error,0.0,0.3719609588753725,-0.3719609588753725,2
SKS02,SKS03,EQM_3,0,0.5,120,shaking,original,4,profile_nrmse,0.2088553500449282,0.24922862345509547,-0.04037327341016728,2
SKS02,SKS03,EQM_3,0,0.5,240,after_decay,boundary_retained,2,peak_depth_error,0.1428571428571429,0.2142857142857143,-0.0714285714285714,2
SKS02,SKS03,EQM_3,0,0.5,240,after_decay,boundary_retained,2,peak_load_error,0.369595968098829,0.36422495552926687,0.0053710125695621,2
SKS02,SKS03,EQM_3,0,0.5,240,after_decay,boundary_retained,2,profile_nrmse,0.19156124220531012,0.18653378762202355,0.0050274545832865725,2
SKS02,SKS03,EQM_3,0,0.5,240,after_decay,boundary_retained,3,peak_depth_error,0.1428571428571429,0.1428571428571429,0.0,2
SKS02,SKS03,EQM_3,0,0.5,240,after_decay,boundary_retained,3,peak_load_error,0.369595968098829,0.30692943662113426,0.06266653147769474,2
SKS02,SKS03,EQM_3,0,0.5,240,after_decay,boundary_retained,3,profile_nrmse,0.18329802137103035,0.1812178024775467,0.002080218893483636,2
SKS02,SKS03,EQM_3,0,0.5,240,after_decay,boundary_retained,4,peak_depth_error,0.0,0.2142857142857143,-0.2142857142857143,2
SKS02,SKS03,EQM_3,0,0.5,240,after_decay,boundary_retained,4,peak_load_error,0.0,0.30145553715662404,-0.30145553715662404,2
SKS02,SKS03,EQM_3,0,0.5,240,after_decay,boundary_retained,4,profile_nrmse,0.13551238927076187,0.16779181797626863,-0.03227942870550674,2
SKS02,SKS03,EQM_3,0,0.5,240,after_decay,original,2,peak_depth_error,0.42857142857142855,0.2142857142857143,0.21428571428571425,2
SKS02,SKS03,EQM_3,0,0.5,240,after_decay,original,2,peak_load_error,0.3272904816204916,0.36422495552926687,-0.036934473908775245,2
SKS02,SKS03,EQM_3,0,0.5,240,after_decay,original,2,profile_nrmse,0.23132792635843763,0.18653378762202355,0.044794138736414066,2
SKS02,SKS03,EQM_3,0,0.5,240,after_decay,original,3,peak_depth_error,0.1428571428571429,0.1428571428571429,0.0,2
SKS02,SKS03,EQM_3,0,0.5,240,after_decay,original,3,peak_load_error,0.369595968098829,0.30692943662113426,0.06266653147769474,2
SKS02,SKS03,EQM_3,0,0.5,240,after_decay,original,3,profile_nrmse,0.18329802137103035,0.1812178024775467,0.002080218893483636,2
SKS02,SKS03,EQM_3,0,0.5,240,after_decay,original,4,peak_depth_error,0.0,0.2142857142857143,-0.2142857142857143,2
SKS02,SKS03,EQM_3,0,0.5,240,after_decay,original,4,peak_load_error,0.0,0.30145553715662404,-0.30145553715662404,2
SKS02,SKS03,EQM_3,0,0.5,240,after_decay,original,4,profile_nrmse,0.13551238927076187,0.16779181797626863,-0.03227942870550674,2
SKS02,SKS03,EQM_3,0,0.5,240,before_decay,boundary_retained,2,peak_depth_error,0.7142857142857142,0.2857142857142857,0.4285714285714285,2
SKS02,SKS03,EQM_3,0,0.5,240,before_decay,boundary_retained,2,peak_load_error,0.3671247245359103,0.36434607593850854,0.0027786485974017616,2
SKS02,SKS03,EQM_3,0,0.5,240,before_decay,boundary_retained,2,profile_nrmse,0.2176960096777836,0.23093117485660555,-0.01323516517882195,2
SKS02,SKS03,EQM_3,0,0.5,240,before_decay,boundary_retained,3,peak_depth_error,0.5714285714285714,0.35714285714285715,0.21428571428571422,2
SKS02,SKS03,EQM_3,0,0.5,240,before_decay,boundary_retained,3,peak_load_error,0.3671247245359103,0.3663021673760478,0.0008225571598624304,2
SKS02,SKS03,EQM_3,0,0.5,240,before_decay,boundary_retained,3,profile_nrmse,0.21549324434790323,0.24064988361763728,-0.025156639269734035,2
SKS02,SKS03,EQM_3,0,0.5,240,before_decay,boundary_retained,4,peak_depth_error,0.0,0.2142857142857143,-0.2142857142857143,2
SKS02,SKS03,EQM_3,0,0.5,240,before_decay,boundary_retained,4,peak_load_error,0.0,0.3398577194826312,-0.3398577194826312,2
SKS02,SKS03,EQM_3,0,0.5,240,before_decay,boundary_retained,4,profile_nrmse,0.19096085675079655,0.21346234293666988,-0.022501486185873353,2
SKS02,SKS03,EQM_3,0,0.5,240,before_decay,original,2,peak_depth_error,0.42857142857142855,0.2857142857142857,0.14285714285714285,2
SKS02,SKS03,EQM_3,0,0.5,240,before_decay,original,2,peak_load_error,0.34057841666234,0.36434607593850854,-0.0237676592761685,2
SKS02,SKS03,EQM_3,0,0.5,240,before_decay,original,2,profile_nrmse,0.2884884110711184,0.23093117485660555,0.05755723621451282,2
SKS02,SKS03,EQM_3,0,0.5,240,before_decay,original,3,peak_depth_error,0.5714285714285714,0.35714285714285715,0.21428571428571422,2
SKS02,SKS03,EQM_3,0,0.5,240,before_decay,original,3,peak_load_error,0.3671247245359103,0.3663021673760478,0.0008225571598624304,2
SKS02,SKS03,EQM_3,0,0.5,240,before_decay,original,3,profile_nrmse,0.21549324434790323,0.24064988361763728,-0.025156639269734035,2
SKS02,SKS03,EQM_3,0,0.5,240,before_decay,original,4,peak_depth_error,0.0,0.2142857142857143,-0.2142857142857143,2
SKS02,SKS03,EQM_3,0,0.5,240,before_decay,original,4,peak_load_error,0.0,0.3398577194826312,-0.3398577194826312,2
SKS02,SKS03,EQM_3,0,0.5,240,before_decay,original,4,profile_nrmse,0.19096085675079655,0.21346234293666988,-0.022501486185873353,2
SKS02,SKS03,EQM_3,0,0.5,240,shaking,boundary_retained,2,peak_depth_error,0.7857142857142856,0.5714285714285714,0.21428571428571425,2
SKS02,SKS03,EQM_3,0,0.5,240,shaking,boundary_retained,2,peak_load_error,0.38245634517317106,0.47109032299086173,-0.0886339778176907,2
SKS02,SKS03,EQM_3,0,0.5,240,shaking,boundary_retained,2,profile_nrmse,0.2639600511378417,0.26042924362089764,0.0035308075169441094,2
SKS02,SKS03,EQM_3,0,0.5,240,shaking,boundary_retained,3,peak_depth_error,0.7857142857142856,0.7142857142857142,0.0714285714285714,2
SKS02,SKS03,EQM_3,0,0.5,240,shaking,boundary_retained,3,peak_load_error,0.37962723395707376,0.38036940409328307,-0.000742170136209308,2
SKS02,SKS03,EQM_3,0,0.5,240,shaking,boundary_retained,3,profile_nrmse,0.2349621063812281,0.26200813213892576,-0.027046025757697684,2
SKS02,SKS03,EQM_3,0,0.5,240,shaking,boundary_retained,4,peak_depth_error,0.0,0.7142857142857142,-0.7142857142857142,2
SKS02,SKS03,EQM_3,0,0.5,240,shaking,boundary_retained,4,peak_load_error,0.0,0.37287242917875996,-0.37287242917875996,2
SKS02,SKS03,EQM_3,0,0.5,240,shaking,boundary_retained,4,profile_nrmse,0.20972881725009276,0.2492131522630442,-0.03948433501295142,2
SKS02,SKS03,EQM_3,0,0.5,240,shaking,original,2,peak_depth_error,0.7857142857142856,0.5714285714285714,0.21428571428571425,2
SKS02,SKS03,EQM_3,0,0.5,240,shaking,original,2,peak_load_error,0.3330179685747081,0.47109032299086173,-0.13807235441615362,2
SKS02,SKS03,EQM_3,0,0.5,240,shaking,original,2,profile_nrmse,0.312140377394698,0.26042924362089764,0.05171113377380038,2
SKS02,SKS03,EQM_3,0,0.5,240,shaking,original,3,peak_depth_error,0.7857142857142856,0.7142857142857142,0.0714285714285714,2
SKS02,SKS03,EQM_3,0,0.5,240,shaking,original,3,peak_load_error,0.37962723395707376,0.38036940409328307,-0.000742170136209308,2
SKS02,SKS03,EQM_3,0,0.5,240,shaking,original,3,profile_nrmse,0.2349621063812281,0.26200813213892576,-0.027046025757697684,2
SKS02,SKS03,EQM_3,0,0.5,240,shaking,original,4,peak_depth_error,0.0,0.7142857142857142,-0.7142857142857142,2
SKS02,SKS03,EQM_3,0,0.5,240,shaking,original,4,peak_load_error,0.0,0.37287242917875996,-0.37287242917875996,2
SKS02,SKS03,EQM_3,0,0.5,240,shaking,original,4,profile_nrmse,0.20972881725009276,0.2492131522630442,-0.03948433501295142,2
SKS02,SKS03,EQM_3,0,0.75,120,after_decay,boundary_retained,2,peak_depth_error,0.1428571428571429,0.2142857142857143,-0.0714285714285714,2
SKS02,SKS03,EQM_3,0,0.75,120,after_decay,boundary_retained,2,peak_load_error,0.3695187642753043,0.36418731188637754,0.005331452388926794,2
SKS02,SKS03,EQM_3,0,0.75,120,after_decay,boundary_retained,2,profile_nrmse,0.19165831231880745,0.18662670889323024,0.005031603425577194,2
SKS02,SKS03,EQM_3,0,0.75,120,after_decay,boundary_retained,3,peak_depth_error,0.1428571428571429,0.1428571428571429,0.0,2
SKS02,SKS03,EQM_3,0,0.75,120,after_decay,boundary_retained,3,peak_load_error,0.3695187642753043,0.30722220075588236,0.06229656351942192,2
SKS02,SKS03,EQM_3,0,0.75,120,after_decay,boundary_retained,3,profile_nrmse,0.18339222865220361,0.1813896737968956,0.0020025548553080155,2
SKS02,SKS03,EQM_3,0,0.75,120,after_decay,boundary_retained,4,peak_depth_error,0.0,0.2142857142857143,-0.2142857142857143,2
SKS02,SKS03,EQM_3,0,0.75,120,after_decay,boundary_retained,4,peak_load_error,0.0,0.3017579612184488,-0.3017579612184488,2
SKS02,SKS03,EQM_3,0,0.75,120,after_decay,boundary_retained,4,profile_nrmse,0.1355467906827122,0.16792230291182328,-0.03237551222911109,2
SKS02,SKS03,EQM_3,0,0.75,120,after_decay,original,2,peak_depth_error,0.42857142857142855,0.2142857142857143,0.21428571428571425,2
SKS02,SKS03,EQM_3,0,0.75,120,after_decay,original,2,peak_load_error,0.327684234797303,0.36418731188637754,-0.03650307708907452,2
SKS02,SKS03,EQM_3,0,0.75,120,after_decay,original,2,profile_nrmse,0.2314469529139743,0.18662670889323024,0.04482024402074405,2
SKS02,SKS03,EQM_3,0,0.75,120,after_decay,original,3,peak_depth_error,0.1428571428571429,0.1428571428571429,0.0,2
SKS02,SKS03,EQM_3,0,0.75,120,after_decay,original,3,peak_load_error,0.3695187642753043,0.30722220075588236,0.06229656351942192,2
SKS02,SKS03,EQM_3,0,0.75,120,after_decay,original,3,profile_nrmse,0.18339222865220361,0.1813896737968956,0.0020025548553080155,2
SKS02,SKS03,EQM_3,0,0.75,120,after_decay,original,4,peak_depth_error,0.0,0.2142857142857143,-0.2142857142857143,2
SKS02,SKS03,EQM_3,0,0.75,120,after_decay,original,4,peak_load_error,0.0,0.3017579612184488,-0.3017579612184488,2
SKS02,SKS03,EQM_3,0,0.75,120,after_decay,original,4,profile_nrmse,0.1355467906827122,0.16792230291182328,-0.03237551222911109,2
SKS02,SKS03,EQM_3,0,0.75,120,before_decay,boundary_retained,2,peak_depth_error,0.7142857142857142,0.2857142857142857,0.4285714285714285,2
SKS02,SKS03,EQM_3,0,0.75,120,before_decay,boundary_retained,2,peak_load_error,0.33328349548522423,0.3474073816090293,-0.014123886123805038,2
SKS02,SKS03,EQM_3,0,0.75,120,before_decay,boundary_retained,2,profile_nrmse,0.23826694656721856,0.24710740183374874,-0.008840455266530184,2
SKS02,SKS03,EQM_3,0,0.75,120,before_decay,boundary_retained,3,peak_depth_error,0.7142857142857142,0.5714285714285714,0.1428571428571428,2
SKS02,SKS03,EQM_3,0,0.75,120,before_decay,boundary_retained,3,peak_load_error,0.33328349548522423,0.34009817615799964,-0.006814680672775367,2
SKS02,SKS03,EQM_3,0,0.75,120,before_decay,boundary_retained,3,profile_nrmse,0.2320800128974499,0.26191252217412725,-0.029832509276677327,2
SKS02,SKS03,EQM_3,0,0.75,120,before_decay,boundary_retained,4,peak_depth_error,0.0,0.3000000000000012,-0.3000000000000012,2
SKS02,SKS03,EQM_3,0,0.75,120,before_decay,boundary_retained,4,peak_load_error,0.0,0.32301894613518894,-0.32301894613518894,2
SKS02,SKS03,EQM_3,0,0.75,120,before_decay,boundary_retained,4,profile_nrmse,0.20914655825025552,0.23542824466393722,-0.026281686413681712,2
SKS02,SKS03,EQM_3,0,0.75,120,before_decay,original,2,peak_depth_error,0.7142857142857142,0.2857142857142857,0.4285714285714285,2
SKS02,SKS03,EQM_3,0,0.75,120,before_decay,original,2,peak_load_error,0.3001408121368118,0.3474073816090293,-0.047266569472217454,2
SKS02,SKS03,EQM_3,0,0.75,120,before_decay,original,2,profile_nrmse,0.30374698217248053,0.24710740183374874,0.056639580338731815,2
SKS02,SKS03,EQM_3,0,0.75,120,before_decay,original,3,peak_depth_error,0.7142857142857142,0.5714285714285714,0.1428571428571428,2
SKS02,SKS03,EQM_3,0,0.75,120,before_decay,original,3,peak_load_error,0.33328349548522423,0.34009817615799964,-0.006814680672775367,2
SKS02,SKS03,EQM_3,0,0.75,120,before_decay,original,3,profile_nrmse,0.2320800128974499,0.26191252217412725,-0.029832509276677327,2
SKS02,SKS03,EQM_3,0,0.75,120,before_decay,original,4,peak_depth_error,0.0,0.3000000000000012,-0.3000000000000012,2
SKS02,SKS03,EQM_3,0,0.75,120,before_decay,original,4,peak_load_error,0.0,0.32301894613518894,-0.32301894613518894,2
SKS02,SKS03,EQM_3,0,0.75,120,before_decay,original,4,profile_nrmse,0.20914655825025552,0.23542824466393722,-0.026281686413681712,2
SKS02,SKS03,EQM_3,0,0.75,120,shaking,boundary_retained,2,peak_depth_error,0.7857142857142856,0.5714285714285714,0.21428571428571425,2
SKS02,SKS03,EQM_3,0,0.75,120,shaking,boundary_retained,2,peak_load_error,0.3844466425738392,0.4687403982121917,-0.08429375563835256,2
SKS02,SKS03,EQM_3,0,0.75,120,shaking,boundary_retained,2,profile_nrmse,0.26350240783724943,0.25753118691791493,0.005971220919334497,2
SKS02,SKS03,EQM_3,0,0.75,120,shaking,boundary_retained,3,peak_depth_error,0.7857142857142856,0.7142857142857142,0.0714285714285714,2
SKS02,SKS03,EQM_3,0,0.75,120,shaking,boundary_retained,3,peak_load_error,0.3829134272122696,0.3782729825967118,0.004640444615557793,2
SKS02,SKS03,EQM_3,0,0.75,120,shaking,boundary_retained,3,profile_nrmse,0.23536138607128518,0.2624077438048737,-0.027046357733588516,2
SKS02,SKS03,EQM_3,0,0.75,120,shaking,boundary_retained,4,peak_depth_error,0.0,0.7142857142857142,-0.7142857142857142,2
SKS02,SKS03,EQM_3,0,0.75,120,shaking,boundary_retained,4,peak_load_error,0.0,0.3719609588753725,-0.3719609588753725,2
SKS02,SKS03,EQM_3,0,0.75,120,shaking,boundary_retained,4,profile_nrmse,0.2088553500449282,0.24922862345509547,-0.04037327341016728,2
SKS02,SKS03,EQM_3,0,0.75,120,shaking,original,2,peak_depth_error,0.7857142857142856,0.5714285714285714,0.21428571428571425,2
SKS02,SKS03,EQM_3,0,0.75,120,shaking,original,2,peak_load_error,0.3370960371104193,0.4687403982121917,-0.13164436110177244,2
SKS02,SKS03,EQM_3,0,0.75,120,shaking,original,2,profile_nrmse,0.31139484370796344,0.25753118691791493,0.053863656790048495,2
SKS02,SKS03,EQM_3,0,0.75,120,shaking,original,3,peak_depth_error,0.7857142857142856,0.7142857142857142,0.0714285714285714,2
SKS02,SKS03,EQM_3,0,0.75,120,shaking,original,3,peak_load_error,0.3829134272122696,0.3782729825967118,0.004640444615557793,2
SKS02,SKS03,EQM_3,0,0.75,120,shaking,original,3,profile_nrmse,0.23536138607128518,0.2624077438048737,-0.027046357733588516,2
SKS02,SKS03,EQM_3,0,0.75,120,shaking,original,4,peak_depth_error,0.0,0.7142857142857142,-0.7142857142857142,2
SKS02,SKS03,EQM_3,0,0.75,120,shaking,original,4,peak_load_error,0.0,0.3719609588753725,-0.3719609588753725,2
SKS02,SKS03,EQM_3,0,0.75,120,shaking,original,4,profile_nrmse,0.2088553500449282,0.24922862345509547,-0.04037327341016728,2
SKS02,SKS03,EQM_3,0,0.75,240,after_decay,boundary_retained,2,peak_depth_error,0.1428571428571429,0.2142857142857143,-0.0714285714285714,2
SKS02,SKS03,EQM_3,0,0.75,240,after_decay,boundary_retained,2,peak_load_error,0.36960669178588257,0.3642299900350647,0.005376701750817892,2
SKS02,SKS03,EQM_3,0,0.75,240,after_decay,boundary_retained,2,profile_nrmse,0.19163088790974392,0.18662203951667994,0.0050088483930639804,2
SKS02,SKS03,EQM_3,0,0.75,240,after_decay,boundary_retained,3,peak_depth_error,0.1428571428571429,0.1428571428571429,0.0,2
SKS02,SKS03,EQM_3,0,0.75,240,after_decay,boundary_retained,3,peak_load_error,0.36960669178588257,0.30724730997517996,0.06235938181070261,2
SKS02,SKS03,EQM_3,0,0.75,240,after_decay,boundary_retained,3,profile_nrmse,0.18346989909296116,0.18143518435013142,0.0020347147428297283,2
SKS02,SKS03,EQM_3,0,0.75,240,after_decay,boundary_retained,4,peak_depth_error,0.0,0.2142857142857143,-0.2142857142857143,2
SKS02,SKS03,EQM_3,0,0.75,240,after_decay,boundary_retained,4,peak_load_error,0.0,0.3017451506208626,-0.3017451506208626,2
SKS02,SKS03,EQM_3,0,0.75,240,after_decay,boundary_retained,4,profile_nrmse,0.1357112227090213,0.16792255786787785,-0.032211335158856526,2
SKS02,SKS03,EQM_3,0,0.75,240,after_decay,original,2,peak_depth_error,0.42857142857142855,0.2142857142857143,0.21428571428571425,2
SKS02,SKS03,EQM_3,0,0.75,240,after_decay,original,2,peak_load_error,0.327663826455872,0.3642299900350647,-0.03656616357919265,2
SKS02,SKS03,EQM_3,0,0.75,240,after_decay,original,2,profile_nrmse,0.23156591854277725,0.18662203951667994,0.04494387902609731,2
SKS02,SKS03,EQM_3,0,0.75,240,after_decay,original,3,peak_depth_error,0.1428571428571429,0.1428571428571429,0.0,2
SKS02,SKS03,EQM_3,0,0.75,240,after_decay,original,3,peak_load_error,0.36960669178588257,0.30724730997517996,0.06235938181070261,2
SKS02,SKS03,EQM_3,0,0.75,240,after_decay,original,3,profile_nrmse,0.18346989909296116,0.18143518435013142,0.0020347147428297283,2
SKS02,SKS03,EQM_3,0,0.75,240,after_decay,original,4,peak_depth_error,0.0,0.2142857142857143,-0.2142857142857143,2
SKS02,SKS03,EQM_3,0,0.75,240,after_decay,original,4,peak_load_error,0.0,0.3017451506208626,-0.3017451506208626,2
SKS02,SKS03,EQM_3,0,0.75,240,after_decay,original,4,profile_nrmse,0.1357112227090213,0.16792255786787785,-0.032211335158856526,2
SKS02,SKS03,EQM_3,0,0.75,240,before_decay,boundary_retained,2,peak_depth_error,0.7142857142857142,0.2857142857142857,0.4285714285714285,2
SKS02,SKS03,EQM_3,0,0.75,240,before_decay,boundary_retained,2,peak_load_error,0.33238973505950925,0.3410507837083529,-0.00866104864884365,2
SKS02,SKS03,EQM_3,0,0.75,240,before_decay,boundary_retained,2,profile_nrmse,0.23834434462590942,0.24656783107763314,-0.008223486451723702,2
SKS02,SKS03,EQM_3,0,0.75,240,before_decay,boundary_retained,3,peak_depth_error,0.7142857142857142,0.5714285714285714,0.1428571428571428,2
SKS02,SKS03,EQM_3,0,0.75,240,before_decay,boundary_retained,3,peak_load_error,0.33238973505950925,0.3387448657750369,-0.006355130715527624,2
SKS02,SKS03,EQM_3,0,0.75,240,before_decay,boundary_retained,3,profile_nrmse,0.23189052406771335,0.2621610037924461,-0.030270479724732735,2
SKS02,SKS03,EQM_3,0,0.75,240,before_decay,boundary_retained,4,peak_depth_error,0.0,0.42857142857142855,-0.42857142857142855,2
SKS02,SKS03,EQM_3,0,0.75,240,before_decay,boundary_retained,4,peak_load_error,0.0,0.3151974525402627,-0.3151974525402627,2
SKS02,SKS03,EQM_3,0,0.75,240,before_decay,boundary_retained,4,profile_nrmse,0.20978204735378786,0.23519200508608218,-0.0254099577322943,2
SKS02,SKS03,EQM_3,0,0.75,240,before_decay,original,2,peak_depth_error,0.7142857142857142,0.2857142857142857,0.4285714285714285,2
SKS02,SKS03,EQM_3,0,0.75,240,before_decay,original,2,peak_load_error,0.29865676927093937,0.3410507837083529,-0.04239401443741353,2
SKS02,SKS03,EQM_3,0,0.75,240,before_decay,original,2,profile_nrmse,0.3048435279330958,0.24656783107763314,0.0582756968554627,2
SKS02,SKS03,EQM_3,0,0.75,240,before_decay,original,3,peak_depth_error,0.7142857142857142,0.5714285714285714,0.1428571428571428,2
SKS02,SKS03,EQM_3,0,0.75,240,before_decay,original,3,peak_load_error,0.33238973505950925,0.3387448657750369,-0.006355130715527624,2
SKS02,SKS03,EQM_3,0,0.75,240,before_decay,original,3,profile_nrmse,0.23189052406771335,0.2621610037924461,-0.030270479724732735,2
SKS02,SKS03,EQM_3,0,0.75,240,before_decay,original,4,peak_depth_error,0.0,0.42857142857142855,-0.42857142857142855,2
SKS02,SKS03,EQM_3,0,0.75,240,before_decay,original,4,peak_load_error,0.0,0.3151974525402627,-0.3151974525402627,2
SKS02,SKS03,EQM_3,0,0.75,240,before_decay,original,4,profile_nrmse,0.20978204735378786,0.23519200508608218,-0.0254099577322943,2
SKS02,SKS03,EQM_3,0,0.75,240,shaking,boundary_retained,2,peak_depth_error,0.7857142857142856,0.5714285714285714,0.21428571428571425,2
SKS02,SKS03,EQM_3,0,0.75,240,shaking,boundary_retained,2,peak_load_error,0.38245634517317106,0.47109032299086173,-0.0886339778176907,2
SKS02,SKS03,EQM_3,0,0.75,240,shaking,boundary_retained,2,profile_nrmse,0.2639600511378417,0.26042924362089764,0.0035308075169441094,2
SKS02,SKS03,EQM_3,0,0.75,240,shaking,boundary_retained,3,peak_depth_error,0.7857142857142856,0.7142857142857142,0.0714285714285714,2
SKS02,SKS03,EQM_3,0,0.75,240,shaking,boundary_retained,3,peak_load_error,0.37962723395707376,0.38036940409328307,-0.000742170136209308,2
SKS02,SKS03,EQM_3,0,0.75,240,shaking,boundary_retained,3,profile_nrmse,0.2349621063812281,0.26200813213892576,-0.027046025757697684,2
SKS02,SKS03,EQM_3,0,0.75,240,shaking,boundary_retained,4,peak_depth_error,0.0,0.7142857142857142,-0.7142857142857142,2
SKS02,SKS03,EQM_3,0,0.75,240,shaking,boundary_retained,4,peak_load_error,0.0,0.37287242917875996,-0.37287242917875996,2
SKS02,SKS03,EQM_3,0,0.75,240,shaking,boundary_retained,4,profile_nrmse,0.20972881725009276,0.2492131522630442,-0.03948433501295142,2
SKS02,SKS03,EQM_3,0,0.75,240,shaking,original,2,peak_depth_error,0.7857142857142856,0.5714285714285714,0.21428571428571425,2
SKS02,SKS03,EQM_3,0,0.75,240,shaking,original,2,peak_load_error,0.3330179685747081,0.47109032299086173,-0.13807235441615362,2
SKS02,SKS03,EQM_3,0,0.75,240,shaking,original,2,profile_nrmse,0.312140377394698,0.26042924362089764,0.05171113377380038,2
SKS02,SKS03,EQM_3,0,0.75,240,shaking,original,3,peak_depth_error,0.7857142857142856,0.7142857142857142,0.0714285714285714,2
SKS02,SKS03,EQM_3,0,0.75,240,shaking,original,3,peak_load_error,0.37962723395707376,0.38036940409328307,-0.000742170136209308,2
SKS02,SKS03,EQM_3,0,0.75,240,shaking,original,3,profile_nrmse,0.2349621063812281,0.26200813213892576,-0.027046025757697684,2
SKS02,SKS03,EQM_3,0,0.75,240,shaking,original,4,peak_depth_error,0.0,0.7142857142857142,-0.7142857142857142,2
SKS02,SKS03,EQM_3,0,0.75,240,shaking,original,4,peak_load_error,0.0,0.37287242917875996,-0.37287242917875996,2
SKS02,SKS03,EQM_3,0,0.75,240,shaking,original,4,profile_nrmse,0.20972881725009276,0.2492131522630442,-0.03948433501295142,2
SKS02,SKS03,EQM_3,1,0.25,120,after_decay,boundary_retained,2,peak_depth_error,0.1428571428571429,0.2142857142857143,-0.0714285714285714,2
SKS02,SKS03,EQM_3,1,0.25,120,after_decay,boundary_retained,2,peak_load_error,0.369337681049723,0.36427027474667784,0.005067406303045113,2
SKS02,SKS03,EQM_3,1,0.25,120,after_decay,boundary_retained,2,profile_nrmse,0.19145746846881856,0.1861769181018451,0.0052805503669734605,2
SKS02,SKS03,EQM_3,1,0.25,120,after_decay,boundary_retained,3,peak_depth_error,0.1428571428571429,0.1428571428571429,0.0,2
SKS02,SKS03,EQM_3,1,0.25,120,after_decay,boundary_retained,3,peak_load_error,0.369337681049723,0.30622901997346863,0.06310866107625437,2
SKS02,SKS03,EQM_3,1,0.25,120,after_decay,boundary_retained,3,profile_nrmse,0.18312911152127537,0.18083060162828898,0.0022985098929863904,2
SKS02,SKS03,EQM_3,1,0.25,120,after_decay,boundary_retained,4,peak_depth_error,0.0,0.2142857142857143,-0.2142857142857143,2
SKS02,SKS03,EQM_3,1,0.25,120,after_decay,boundary_retained,4,peak_load_error,0.0,0.3011616136704235,-0.3011616136704235,2
SKS02,SKS03,EQM_3,1,0.25,120,after_decay,boundary_retained,4,profile_nrmse,0.13507885102165648,0.16756821046787765,-0.03248935944622117,2
SKS02,SKS03,EQM_3,1,0.25,120,after_decay,original,2,peak_depth_error,0.42857142857142855,0.2142857142857143,0.21428571428571425,2
SKS02,SKS03,EQM_3,1,0.25,120,after_decay,original,2,peak_load_error,0.3268249827160137,0.36427027474667784,-0.037445292030664185,2
SKS02,SKS03,EQM_3,1,0.25,120,after_decay,original,2,profile_nrmse,0.2309695489881709,0.1861769181018451,0.04479263088632579,2
SKS02,SKS03,EQM_3,1,0.25,120,after_decay,original,3,peak_depth_error,0.1428571428571429,0.1428571428571429,0.0,2
SKS02,SKS03,EQM_3,1,0.25,120,after_decay,original,3,peak_load_error,0.369337681049723,0.30622901997346863,0.06310866107625437,2
SKS02,SKS03,EQM_3,1,0.25,120,after_decay,original,3,profile_nrmse,0.18312911152127537,0.18083060162828898,0.0022985098929863904,2
SKS02,SKS03,EQM_3,1,0.25,120,after_decay,original,4,peak_depth_error,0.0,0.2142857142857143,-0.2142857142857143,2
SKS02,SKS03,EQM_3,1,0.25,120,after_decay,original,4,peak_load_error,0.0,0.3011616136704235,-0.3011616136704235,2
SKS02,SKS03,EQM_3,1,0.25,120,after_decay,original,4,profile_nrmse,0.13507885102165648,0.16756821046787765,-0.03248935944622117,2
SKS02,SKS03,EQM_3,1,0.25,120,before_decay,boundary_retained,2,peak_depth_error,0.42857142857142855,0.2142857142857143,0.21428571428571425,2
SKS02,SKS03,EQM_3,1,0.25,120,before_decay,boundary_retained,2,peak_load_error,0.38251071353432214,0.35260234296913834,0.029908370565183806,2
SKS02,SKS03,EQM_3,1,0.25,120,before_decay,boundary_retained,2,profile_nrmse,0.21056950260675805,0.21159310883226057,-0.0010236062255025158,2
SKS02,SKS03,EQM_3,1,0.25,120,before_decay,boundary_retained,3,peak_depth_error,0.42857142857142855,0.35714285714285715,0.0714285714285714,2
SKS02,SKS03,EQM_3,1,0.25,120,before_decay,boundary_retained,3,peak_load_error,0.38251071353432214,0.36598844969544764,0.016522263838874535,2
SKS02,SKS03,EQM_3,1,0.25,120,before_decay,boundary_retained,3,profile_nrmse,0.20276515389715488,0.21436567535042422,-0.011600521453269369,2
SKS02,SKS03,EQM_3,1,0.25,120,before_decay,boundary_retained,4,peak_depth_error,0.0,0.2142857142857143,-0.2142857142857143,2
SKS02,SKS03,EQM_3,1,0.25,120,before_decay,boundary_retained,4,peak_load_error,0.0,0.32629873728884967,-0.32629873728884967,2
SKS02,SKS03,EQM_3,1,0.25,120,before_decay,boundary_retained,4,profile_nrmse,0.17145980670996047,0.1957981559710806,-0.02433834926112014,2
SKS02,SKS03,EQM_3,1,0.25,120,before_decay,original,2,peak_depth_error,0.42857142857142855,0.2142857142857143,0.21428571428571425,2
SKS02,SKS03,EQM_3,1,0.25,120,before_decay,original,2,peak_load_error,0.3604879163291035,0.35260234296913834,0.007885573359965148,2
SKS02,SKS03,EQM_3,1,0.25,120,before_decay,original,2,profile_nrmse,0.27500606998895916,0.21159310883226057,0.06341296115669857,2
SKS02,SKS03,EQM_3,1,0.25,120,before_decay,original,3,peak_depth_error,0.42857142857142855,0.35714285714285715,0.0714285714285714,2
SKS02,SKS03,EQM_3,1,0.25,120,before_decay,original,3,peak_load_error,0.38251071353432214,0.36598844969544764,0.016522263838874535,2
SKS02,SKS03,EQM_3,1,0.25,120,before_decay,original,3,profile_nrmse,0.20276515389715488,0.21436567535042422,-0.011600521453269369,2
SKS02,SKS03,EQM_3,1,0.25,120,before_decay,original,4,peak_depth_error,0.0,0.2142857142857143,-0.2142857142857143,2
SKS02,SKS03,EQM_3,1,0.25,120,before_decay,original,4,peak_load_error,0.0,0.32629873728884967,-0.32629873728884967,2
SKS02,SKS03,EQM_3,1,0.25,120,before_decay,original,4,profile_nrmse,0.17145980670996047,0.1957981559710806,-0.02433834926112014,2
SKS02,SKS03,EQM_3,1,0.25,120,shaking,boundary_retained,2,peak_depth_error,0.7142857142857142,0.2857142857142857,0.4285714285714285,2
SKS02,SKS03,EQM_3,1,0.25,120,shaking,boundary_retained,2,peak_load_error,0.30732752176031003,0.3261517423007577,-0.01882422054044769,2
SKS02,SKS03,EQM_3,1,0.25,120,shaking,boundary_retained,2,profile_nrmse,0.22972280698579378,0.2403823321451758,-0.010659525159381997,2
SKS02,SKS03,EQM_3,1,0.25,120,shaking,boundary_retained,3,peak_depth_error,0.7142857142857142,0.35714285714285715,0.35714285714285704,2
SKS02,SKS03,EQM_3,1,0.25,120,shaking,boundary_retained,3,peak_load_error,0.3060135265509006,0.2967818765393746,0.009231650011525983,2
SKS02,SKS03,EQM_3,1,0.25,120,shaking,boundary_retained,3,profile_nrmse,0.22443559625362627,0.2507123787650526,-0.02627678251142633,2
SKS02,SKS03,EQM_3,1,0.25,120,shaking,boundary_retained,4,peak_depth_error,0.0,0.42857142857142855,-0.42857142857142855,2
SKS02,SKS03,EQM_3,1,0.25,120,shaking,boundary_retained,4,peak_load_error,0.0,0.2967818765393746,-0.2967818765393746,2
SKS02,SKS03,EQM_3,1,0.25,120,shaking,boundary_retained,4,profile_nrmse,0.20032601805655068,0.22351387686138474,-0.02318785880483406,2
SKS02,SKS03,EQM_3,1,0.25,120,shaking,original,2,peak_depth_error,0.7142857142857142,0.2857142857142857,0.4285714285714285,2
SKS02,SKS03,EQM_3,1,0.25,120,shaking,original,2,peak_load_error,0.2580573747760097,0.3261517423007577,-0.06809436752474804,2
SKS02,SKS03,EQM_3,1,0.25,120,shaking,original,2,profile_nrmse,0.2971601609093718,0.2403823321451758,0.05677782876419603,2
SKS02,SKS03,EQM_3,1,0.25,120,shaking,original,3,peak_depth_error,0.7142857142857142,0.35714285714285715,0.35714285714285704,2
SKS02,SKS03,EQM_3,1,0.25,120,shaking,original,3,peak_load_error,0.3060135265509006,0.2967818765393746,0.009231650011525983,2
SKS02,SKS03,EQM_3,1,0.25,120,shaking,original,3,profile_nrmse,0.22443559625362627,0.2507123787650526,-0.02627678251142633,2
SKS02,SKS03,EQM_3,1,0.25,120,shaking,original,4,peak_depth_error,0.0,0.42857142857142855,-0.42857142857142855,2
SKS02,SKS03,EQM_3,1,0.25,120,shaking,original,4,peak_load_error,0.0,0.2967818765393746,-0.2967818765393746,2
SKS02,SKS03,EQM_3,1,0.25,120,shaking,original,4,profile_nrmse,0.20032601805655068,0.22351387686138474,-0.02318785880483406,2
SKS02,SKS03,EQM_3,1,0.25,240,after_decay,boundary_retained,2,peak_depth_error,0.1428571428571429,0.2142857142857143,-0.0714285714285714,2
SKS02,SKS03,EQM_3,1,0.25,240,after_decay,boundary_retained,2,peak_load_error,0.36931243888422965,0.3642598477314135,0.005052591152816116,2
SKS02,SKS03,EQM_3,1,0.25,240,after_decay,boundary_retained,2,profile_nrmse,0.1914454011009028,0.18618436908589997,0.005261032015002845,2
SKS02,SKS03,EQM_3,1,0.25,240,after_decay,boundary_retained,3,peak_depth_error,0.1428571428571429,0.1428571428571429,0.0,2
SKS02,SKS03,EQM_3,1,0.25,240,after_decay,boundary_retained,3,peak_load_error,0.36931243888422965,0.30619745416011007,0.06311498472411958,2
SKS02,SKS03,EQM_3,1,0.25,240,after_decay,boundary_retained,3,profile_nrmse,0.1831263585444755,0.18091119473418915,0.0022151638102863302,2
SKS02,SKS03,EQM_3,1,0.25,240,after_decay,boundary_retained,4,peak_depth_error,0.0,0.2142857142857143,-0.2142857142857143,2
SKS02,SKS03,EQM_3,1,0.25,240,after_decay,boundary_retained,4,peak_load_error,0.0,0.30114486300729393,-0.30114486300729393,2
SKS02,SKS03,EQM_3,1,0.25,240,after_decay,boundary_retained,4,profile_nrmse,0.13514836413766582,0.16757474704674738,-0.03242638290908155,2
SKS02,SKS03,EQM_3,1,0.25,240,after_decay,original,2,peak_depth_error,0.42857142857142855,0.2142857142857143,0.21428571428571425,2
SKS02,SKS03,EQM_3,1,0.25,240,after_decay,original,2,peak_load_error,0.3269707736806896,0.3642598477314135,-0.0372890740507239,2
SKS02,SKS03,EQM_3,1,0.25,240,after_decay,original,2,profile_nrmse,0.23097349537662293,0.18618436908589997,0.04478912629072297,2
SKS02,SKS03,EQM_3,1,0.25,240,after_decay,original,3,peak_depth_error,0.1428571428571429,0.1428571428571429,0.0,2
SKS02,SKS03,EQM_3,1,0.25,240,after_decay,original,3,peak_load_error,0.36931243888422965,0.30619745416011007,0.06311498472411958,2
SKS02,SKS03,EQM_3,1,0.25,240,after_decay,original,3,profile_nrmse,0.1831263585444755,0.18091119473418915,0.0022151638102863302,2
SKS02,SKS03,EQM_3,1,0.25,240,after_decay,original,4,peak_depth_error,0.0,0.2142857142857143,-0.2142857142857143,2
SKS02,SKS03,EQM_3,1,0.25,240,after_decay,original,4,peak_load_error,0.0,0.30114486300729393,-0.30114486300729393,2
SKS02,SKS03,EQM_3,1,0.25,240,after_decay,original,4,profile_nrmse,0.13514836413766582,0.16757474704674738,-0.03242638290908155,2
SKS02,SKS03,EQM_3,1,0.25,240,before_decay,boundary_retained,2,peak_depth_error,0.42857142857142855,0.2142857142857143,0.21428571428571425,2
SKS02,SKS03,EQM_3,1,0.25,240,before_decay,boundary_retained,2,peak_load_error,0.38252026049617227,0.3527557823968078,0.02976447809936439,2
SKS02,SKS03,EQM_3,1,0.25,240,before_decay,boundary_retained,2,profile_nrmse,0.21066863145847828,0.21164418093416149,-0.0009755494756832073,2
SKS02,SKS03,EQM_3,1,0.25,240,before_decay,boundary_retained,3,peak_depth_error,0.42857142857142855,0.35714285714285715,0.0714285714285714,2
SKS02,SKS03,EQM_3,1,0.25,240,before_decay,boundary_retained,3,peak_load_error,0.38252026049617227,0.36616901220980946,0.016351248286362807,2
SKS02,SKS03,EQM_3,1,0.25,240,before_decay,boundary_retained,3,profile_nrmse,0.20279604555340264,0.21441516961370932,-0.011619124060306671,2
SKS02,SKS03,EQM_3,1,0.25,240,before_decay,boundary_retained,4,peak_depth_error,0.0,0.2142857142857143,-0.2142857142857143,2
SKS02,SKS03,EQM_3,1,0.25,240,before_decay,boundary_retained,4,peak_load_error,0.0,0.3264391649870461,-0.3264391649870461,2
SKS02,SKS03,EQM_3,1,0.25,240,before_decay,boundary_retained,4,profile_nrmse,0.17143893043983882,0.19587475884846653,-0.02443582840862772,2
SKS02,SKS03,EQM_3,1,0.25,240,before_decay,original,2,peak_depth_error,0.42857142857142855,0.2142857142857143,0.21428571428571425,2
SKS02,SKS03,EQM_3,1,0.25,240,before_decay,original,2,peak_load_error,0.36081964774326336,0.3527557823968078,0.008063865346455479,2
SKS02,SKS03,EQM_3,1,0.25,240,before_decay,original,2,profile_nrmse,0.2749355099257308,0.21164418093416149,0.06329132899156933,2
SKS02,SKS03,EQM_3,1,0.25,240,before_decay,original,3,peak_depth_error,0.42857142857142855,0.35714285714285715,0.0714285714285714,2
SKS02,SKS03,EQM_3,1,0.25,240,before_decay,original,3,peak_load_error,0.38252026049617227,0.36616901220980946,0.016351248286362807,2
SKS02,SKS03,EQM_3,1,0.25,240,before_decay,original,3,profile_nrmse,0.20279604555340264,0.21441516961370932,-0.011619124060306671,2
SKS02,SKS03,EQM_3,1,0.25,240,before_decay,original,4,peak_depth_error,0.0,0.2142857142857143,-0.2142857142857143,2
SKS02,SKS03,EQM_3,1,0.25,240,before_decay,original,4,peak_load_error,0.0,0.3264391649870461,-0.3264391649870461,2
SKS02,SKS03,EQM_3,1,0.25,240,before_decay,original,4,profile_nrmse,0.17143893043983882,0.19587475884846653,-0.02443582840862772,2
SKS02,SKS03,EQM_3,1,0.25,240,shaking,boundary_retained,2,peak_depth_error,0.7142857142857142,0.2857142857142857,0.4285714285714285,2
SKS02,SKS03,EQM_3,1,0.25,240,shaking,boundary_retained,2,peak_load_error,0.307240658445571,0.3260094021250459,-0.018768743679474897,2
SKS02,SKS03,EQM_3,1,0.25,240,shaking,boundary_retained,2,profile_nrmse,0.22971709944892282,0.24036582225619874,-0.010648722807275898,2
SKS02,SKS03,EQM_3,1,0.25,240,shaking,boundary_retained,3,peak_depth_error,0.7142857142857142,0.35714285714285715,0.35714285714285704,2
SKS02,SKS03,EQM_3,1,0.25,240,shaking,boundary_retained,3,peak_load_error,0.3059533276398711,0.29674059769750416,0.009212729942366965,2
SKS02,SKS03,EQM_3,1,0.25,240,shaking,boundary_retained,3,profile_nrmse,0.22442960336768492,0.25071145426689806,-0.026281850899213144,2
SKS02,SKS03,EQM_3,1,0.25,240,shaking,boundary_retained,4,peak_depth_error,0.0,0.42857142857142855,-0.42857142857142855,2
SKS02,SKS03,EQM_3,1,0.25,240,shaking,boundary_retained,4,peak_load_error,0.0,0.29674059769750416,-0.29674059769750416,2
SKS02,SKS03,EQM_3,1,0.25,240,shaking,boundary_retained,4,profile_nrmse,0.20031075363700726,0.22351056274534353,-0.023199809108336265,2
SKS02,SKS03,EQM_3,1,0.25,240,shaking,original,2,peak_depth_error,0.7142857142857142,0.2857142857142857,0.4285714285714285,2
SKS02,SKS03,EQM_3,1,0.25,240,shaking,original,2,peak_load_error,0.25801565375742863,0.3260094021250459,-0.06799374836761726,2
SKS02,SKS03,EQM_3,1,0.25,240,shaking,original,2,profile_nrmse,0.2971507994880589,0.24036582225619874,0.056784977231860184,2
SKS02,SKS03,EQM_3,1,0.25,240,shaking,original,3,peak_depth_error,0.7142857142857142,0.35714285714285715,0.35714285714285704,2
SKS02,SKS03,EQM_3,1,0.25,240,shaking,original,3,peak_load_error,0.3059533276398711,0.29674059769750416,0.009212729942366965,2
SKS02,SKS03,EQM_3,1,0.25,240,shaking,original,3,profile_nrmse,0.22442960336768492,0.25071145426689806,-0.026281850899213144,2
SKS02,SKS03,EQM_3,1,0.25,240,shaking,original,4,peak_depth_error,0.0,0.42857142857142855,-0.42857142857142855,2
SKS02,SKS03,EQM_3,1,0.25,240,shaking,original,4,peak_load_error,0.0,0.29674059769750416,-0.29674059769750416,2
SKS02,SKS03,EQM_3,1,0.25,240,shaking,original,4,profile_nrmse,0.20031075363700726,0.22351056274534353,-0.023199809108336265,2
SKS02,SKS03,EQM_3,1,0.5,120,after_decay,boundary_retained,2,peak_depth_error,0.1428571428571429,0.2142857142857143,-0.0714285714285714,2
SKS02,SKS03,EQM_3,1,0.5,120,after_decay,boundary_retained,2,peak_load_error,0.36941073003469305,0.36427505426893164,0.005135675765761377,2
SKS02,SKS03,EQM_3,1,0.5,120,after_decay,boundary_retained,2,profile_nrmse,0.19154803734346093,0.18651526516895012,0.005032772174510827,2
SKS02,SKS03,EQM_3,1,0.5,120,after_decay,boundary_retained,3,peak_depth_error,0.1428571428571429,0.1428571428571429,0.0,2
SKS02,SKS03,EQM_3,1,0.5,120,after_decay,boundary_retained,3,peak_load_error,0.36941073003469305,0.30692337178505846,0.06248735824963453,2
SKS02,SKS03,EQM_3,1,0.5,120,after_decay,boundary_retained,3,profile_nrmse,0.18333399619631485,0.18131626693860817,0.002017729257706685,2
SKS02,SKS03,EQM_3,1,0.5,120,after_decay,boundary_retained,4,peak_depth_error,0.0,0.2142857142857143,-0.2142857142857143,2
SKS02,SKS03,EQM_3,1,0.5,120,after_decay,boundary_retained,4,peak_load_error,0.0,0.3015636914065658,-0.3015636914065658,2
SKS02,SKS03,EQM_3,1,0.5,120,after_decay,boundary_retained,4,profile_nrmse,0.13546579628586905,0.167867443768014,-0.032401647482144955,2
SKS02,SKS03,EQM_3,1,0.5,120,after_decay,original,2,peak_depth_error,0.42857142857142855,0.2142857142857143,0.21428571428571425,2
SKS02,SKS03,EQM_3,1,0.5,120,after_decay,original,2,peak_load_error,0.3270451151245654,0.36427505426893164,-0.03722993914436623,2
SKS02,SKS03,EQM_3,1,0.5,120,after_decay,original,2,profile_nrmse,0.23136698234175196,0.18651526516895012,0.04485171717280186,2
SKS02,SKS03,EQM_3,1,0.5,120,after_decay,original,3,peak_depth_error,0.1428571428571429,0.1428571428571429,0.0,2
SKS02,SKS03,EQM_3,1,0.5,120,after_decay,original,3,peak_load_error,0.36941073003469305,0.30692337178505846,0.06248735824963453,2
SKS02,SKS03,EQM_3,1,0.5,120,after_decay,original,3,profile_nrmse,0.18333399619631485,0.18131626693860817,0.002017729257706685,2
SKS02,SKS03,EQM_3,1,0.5,120,after_decay,original,4,peak_depth_error,0.0,0.2142857142857143,-0.2142857142857143,2
SKS02,SKS03,EQM_3,1,0.5,120,after_decay,original,4,peak_load_error,0.0,0.3015636914065658,-0.3015636914065658,2
SKS02,SKS03,EQM_3,1,0.5,120,after_decay,original,4,profile_nrmse,0.13546579628586905,0.167867443768014,-0.032401647482144955,2
SKS02,SKS03,EQM_3,1,0.5,120,before_decay,boundary_retained,2,peak_depth_error,0.7142857142857142,0.2857142857142857,0.4285714285714285,2
SKS02,SKS03,EQM_3,1,0.5,120,before_decay,boundary_retained,2,peak_load_error,0.3663454984186694,0.363255711025356,0.003089787393313448,2
SKS02,SKS03,EQM_3,1,0.5,120,before_decay,boundary_retained,2,profile_nrmse,0.21716680509729275,0.23052192126166843,-0.013355116164375694,2
SKS02,SKS03,EQM_3,1,0.5,120,before_decay,boundary_retained,3,peak_depth_error,0.7142857142857142,0.35714285714285715,0.35714285714285704,2
SKS02,SKS03,EQM_3,1,0.5,120,before_decay,boundary_retained,3,peak_load_error,0.3663454984186694,0.3674700331004141,-0.001124534681744671,2
SKS02,SKS03,EQM_3,1,0.5,120,before_decay,boundary_retained,3,profile_nrmse,0.21499677757736785,0.23968147638767967,-0.02468469881031181,2
SKS02,SKS03,EQM_3,1,0.5,120,before_decay,boundary_retained,4,peak_depth_error,0.0,0.2142857142857143,-0.2142857142857143,2
SKS02,SKS03,EQM_3,1,0.5,120,before_decay,boundary_retained,4,peak_load_error,0.0,0.3386990684090545,-0.3386990684090545,2
SKS02,SKS03,EQM_3,1,0.5,120,before_decay,boundary_retained,4,profile_nrmse,0.19172012252248108,0.2135656998233669,-0.021845577300885814,2
SKS02,SKS03,EQM_3,1,0.5,120,before_decay,original,2,peak_depth_error,0.42857142857142855,0.2857142857142857,0.14285714285714285,2
SKS02,SKS03,EQM_3,1,0.5,120,before_decay,original,2,peak_load_error,0.3407407366642141,0.363255711025356,-0.02251497436114186,2
SKS02,SKS03,EQM_3,1,0.5,120,before_decay,original,2,profile_nrmse,0.2871854199772394,0.23052192126166843,0.05666349871557097,2
SKS02,SKS03,EQM_3,1,0.5,120,before_decay,original,3,peak_depth_error,0.7142857142857142,0.35714285714285715,0.35714285714285704,2
SKS02,SKS03,EQM_3,1,0.5,120,before_decay,original,3,peak_load_error,0.3663454984186694,0.3674700331004141,-0.001124534681744671,2
SKS02,SKS03,EQM_3,1,0.5,120,before_decay,original,3,profile_nrmse,0.21499677757736785,0.23968147638767967,-0.02468469881031181,2
SKS02,SKS03,EQM_3,1,0.5,120,before_decay,original,4,peak_depth_error,0.0,0.2142857142857143,-0.2142857142857143,2
SKS02,SKS03,EQM_3,1,0.5,120,before_decay,original,4,peak_load_error,0.0,0.3386990684090545,-0.3386990684090545,2
SKS02,SKS03,EQM_3,1,0.5,120,before_decay,original,4,profile_nrmse,0.19172012252248108,0.2135656998233669,-0.021845577300885814,2
SKS02,SKS03,EQM_3,1,0.5,120,shaking,boundary_retained,2,peak_depth_error,0.7142857142857142,0.2857142857142857,0.4285714285714285,2
SKS02,SKS03,EQM_3,1,0.5,120,shaking,boundary_retained,2,peak_load_error,0.30732752176031003,0.3261517423007577,-0.01882422054044769,2
SKS02,SKS03,EQM_3,1,0.5,120,shaking,boundary_retained,2,profile_nrmse,0.22972280698579378,0.2403823321451758,-0.010659525159381997,2
SKS02,SKS03,EQM_3,1,0.5,120,shaking,boundary_retained,3,peak_depth_error,0.7142857142857142,0.35714285714285715,0.35714285714285704,2
SKS02,SKS03,EQM_3,1,0.5,120,shaking,boundary_retained,3,peak_load_error,0.3060135265509006,0.2967818765393746,0.009231650011525983,2
SKS02,SKS03,EQM_3,1,0.5,120,shaking,boundary_retained,3,profile_nrmse,0.22443559625362627,0.2507123787650526,-0.02627678251142633,2
SKS02,SKS03,EQM_3,1,0.5,120,shaking,boundary_retained,4,peak_depth_error,0.0,0.42857142857142855,-0.42857142857142855,2
SKS02,SKS03,EQM_3,1,0.5,120,shaking,boundary_retained,4,peak_load_error,0.0,0.2967818765393746,-0.2967818765393746,2
SKS02,SKS03,EQM_3,1,0.5,120,shaking,boundary_retained,4,profile_nrmse,0.20032601805655068,0.22351387686138474,-0.02318785880483406,2
SKS02,SKS03,EQM_3,1,0.5,120,shaking,original,2,peak_depth_error,0.7142857142857142,0.2857142857142857,0.4285714285714285,2
SKS02,SKS03,EQM_3,1,0.5,120,shaking,original,2,peak_load_error,0.2580573747760097,0.3261517423007577,-0.06809436752474804,2
SKS02,SKS03,EQM_3,1,0.5,120,shaking,original,2,profile_nrmse,0.2971601609093718,0.2403823321451758,0.05677782876419603,2
SKS02,SKS03,EQM_3,1,0.5,120,shaking,original,3,peak_depth_error,0.7142857142857142,0.35714285714285715,0.35714285714285704,2
SKS02,SKS03,EQM_3,1,0.5,120,shaking,original,3,peak_load_error,0.3060135265509006,0.2967818765393746,0.009231650011525983,2
SKS02,SKS03,EQM_3,1,0.5,120,shaking,original,3,profile_nrmse,0.22443559625362627,0.2507123787650526,-0.02627678251142633,2
SKS02,SKS03,EQM_3,1,0.5,120,shaking,original,4,peak_depth_error,0.0,0.42857142857142855,-0.42857142857142855,2
SKS02,SKS03,EQM_3,1,0.5,120,shaking,original,4,peak_load_error,0.0,0.2967818765393746,-0.2967818765393746,2
SKS02,SKS03,EQM_3,1,0.5,120,shaking,original,4,profile_nrmse,0.20032601805655068,0.22351387686138474,-0.02318785880483406,2
SKS02,SKS03,EQM_3,1,0.5,240,after_decay,boundary_retained,2,peak_depth_error,0.1428571428571429,0.2142857142857143,-0.0714285714285714,2
SKS02,SKS03,EQM_3,1,0.5,240,after_decay,boundary_retained,2,peak_load_error,0.36966055098674944,0.36421457143618935,0.005445979550560115,2
SKS02,SKS03,EQM_3,1,0.5,240,after_decay,boundary_retained,2,profile_nrmse,0.19156124220531012,0.18653378762202355,0.0050274545832865725,2
SKS02,SKS03,EQM_3,1,0.5,240,after_decay,boundary_retained,3,peak_depth_error,0.1428571428571429,0.1428571428571429,0.0,2
SKS02,SKS03,EQM_3,1,0.5,240,after_decay,boundary_retained,3,peak_load_error,0.36966055098674944,0.30692943662113426,0.06273111436561524,2
SKS02,SKS03,EQM_3,1,0.5,240,after_decay,boundary_retained,3,profile_nrmse,0.18329802137103035,0.1812178024775467,0.002080218893483636,2
SKS02,SKS03,EQM_3,1,0.5,240,after_decay,boundary_retained,4,peak_depth_error,0.0,0.2142857142857143,-0.2142857142857143,2
SKS02,SKS03,EQM_3,1,0.5,240,after_decay,boundary_retained,4,peak_load_error,0.0,0.30145553715662404,-0.30145553715662404,2
SKS02,SKS03,EQM_3,1,0.5,240,after_decay,boundary_retained,4,profile_nrmse,0.13552003417162045,0.16779181797626863,-0.032271783804648166,2
SKS02,SKS03,EQM_3,1,0.5,240,after_decay,original,2,peak_depth_error,0.42857142857142855,0.2142857142857143,0.21428571428571425,2
SKS02,SKS03,EQM_3,1,0.5,240,after_decay,original,2,peak_load_error,0.32726241448409166,0.36421457143618935,-0.03695215695209769,2
SKS02,SKS03,EQM_3,1,0.5,240,after_decay,original,2,profile_nrmse,0.23133638749488447,0.18653378762202355,0.04480259987286091,2
SKS02,SKS03,EQM_3,1,0.5,240,after_decay,original,3,peak_depth_error,0.1428571428571429,0.1428571428571429,0.0,2
SKS02,SKS03,EQM_3,1,0.5,240,after_decay,original,3,peak_load_error,0.36966055098674944,0.30692943662113426,0.06273111436561524,2
SKS02,SKS03,EQM_3,1,0.5,240,after_decay,original,3,profile_nrmse,0.18329802137103035,0.1812178024775467,0.002080218893483636,2
SKS02,SKS03,EQM_3,1,0.5,240,after_decay,original,4,peak_depth_error,0.0,0.2142857142857143,-0.2142857142857143,2
SKS02,SKS03,EQM_3,1,0.5,240,after_decay,original,4,peak_load_error,0.0,0.30145553715662404,-0.30145553715662404,2
SKS02,SKS03,EQM_3,1,0.5,240,after_decay,original,4,profile_nrmse,0.13552003417162045,0.16779181797626863,-0.032271783804648166,2
SKS02,SKS03,EQM_3,1,0.5,240,before_decay,boundary_retained,2,peak_depth_error,0.7142857142857142,0.2857142857142857,0.4285714285714285,2
SKS02,SKS03,EQM_3,1,0.5,240,before_decay,boundary_retained,2,peak_load_error,0.36673656403568594,0.36340716336885753,0.003329400666828408,2
SKS02,SKS03,EQM_3,1,0.5,240,before_decay,boundary_retained,2,profile_nrmse,0.21717514200493457,0.23052649524343824,-0.013351353238503672,2
SKS02,SKS03,EQM_3,1,0.5,240,before_decay,boundary_retained,3,peak_depth_error,0.7142857142857142,0.35714285714285715,0.35714285714285704,2
SKS02,SKS03,EQM_3,1,0.5,240,before_decay,boundary_retained,3,peak_load_error,0.36673656403568594,0.36754469606281015,-0.0008081320271242087,2
SKS02,SKS03,EQM_3,1,0.5,240,before_decay,boundary_retained,3,profile_nrmse,0.2150055951092241,0.23969490689726997,-0.024689311788045884,2
SKS02,SKS03,EQM_3,1,0.5,240,before_decay,boundary_retained,4,peak_depth_error,0.0,0.2142857142857143,-0.2142857142857143,2
SKS02,SKS03,EQM_3,1,0.5,240,before_decay,boundary_retained,4,peak_load_error,0.0,0.33883192486285807,-0.33883192486285807,2
SKS02,SKS03,EQM_3,1,0.5,240,before_decay,boundary_retained,4,profile_nrmse,0.19176082350782175,0.21354841244789574,-0.021787588940073987,2
SKS02,SKS03,EQM_3,1,0.5,240,before_decay,original,2,peak_depth_error,0.42857142857142855,0.2857142857142857,0.14285714285714285,2
SKS02,SKS03,EQM_3,1,0.5,240,before_decay,original,2,peak_load_error,0.3409819890408225,0.36340716336885753,-0.022425174328035036,2
SKS02,SKS03,EQM_3,1,0.5,240,before_decay,original,2,profile_nrmse,0.28722651067867666,0.23052649524343824,0.05670001543523845,2
SKS02,SKS03,EQM_3,1,0.5,240,before_decay,original,3,peak_depth_error,0.7142857142857142,0.35714285714285715,0.35714285714285704,2
SKS02,SKS03,EQM_3,1,0.5,240,before_decay,original,3,peak_load_error,0.36673656403568594,0.36754469606281015,-0.0008081320271242087,2
SKS02,SKS03,EQM_3,1,0.5,240,before_decay,original,3,profile_nrmse,0.2150055951092241,0.23969490689726997,-0.024689311788045884,2
SKS02,SKS03,EQM_3,1,0.5,240,before_decay,original,4,peak_depth_error,0.0,0.2142857142857143,-0.2142857142857143,2
SKS02,SKS03,EQM_3,1,0.5,240,before_decay,original,4,peak_load_error,0.0,0.33883192486285807,-0.33883192486285807,2
SKS02,SKS03,EQM_3,1,0.5,240,before_decay,original,4,profile_nrmse,0.19176082350782175,0.21354841244789574,-0.021787588940073987,2
SKS02,SKS03,EQM_3,1,0.5,240,shaking,boundary_retained,2,peak_depth_error,0.7142857142857142,0.2857142857142857,0.4285714285714285,2
SKS02,SKS03,EQM_3,1,0.5,240,shaking,boundary_retained,2,peak_load_error,0.307240658445571,0.3260094021250459,-0.018768743679474897,2
SKS02,SKS03,EQM_3,1,0.5,240,shaking,boundary_retained,2,profile_nrmse,0.22971709944892282,0.24036582225619874,-0.010648722807275898,2
SKS02,SKS03,EQM_3,1,0.5,240,shaking,boundary_retained,3,peak_depth_error,0.7142857142857142,0.35714285714285715,0.35714285714285704,2
SKS02,SKS03,EQM_3,1,0.5,240,shaking,boundary_retained,3,peak_load_error,0.3059533276398711,0.29674059769750416,0.009212729942366965,2
SKS02,SKS03,EQM_3,1,0.5,240,shaking,boundary_retained,3,profile_nrmse,0.22442960336768492,0.25071145426689806,-0.026281850899213144,2
SKS02,SKS03,EQM_3,1,0.5,240,shaking,boundary_retained,4,peak_depth_error,0.0,0.42857142857142855,-0.42857142857142855,2
SKS02,SKS03,EQM_3,1,0.5,240,shaking,boundary_retained,4,peak_load_error,0.0,0.29674059769750416,-0.29674059769750416,2
SKS02,SKS03,EQM_3,1,0.5,240,shaking,boundary_retained,4,profile_nrmse,0.20031075363700726,0.22351056274534353,-0.023199809108336265,2
SKS02,SKS03,EQM_3,1,0.5,240,shaking,original,2,peak_depth_error,0.7142857142857142,0.2857142857142857,0.4285714285714285,2
SKS02,SKS03,EQM_3,1,0.5,240,shaking,original,2,peak_load_error,0.25801565375742863,0.3260094021250459,-0.06799374836761726,2
SKS02,SKS03,EQM_3,1,0.5,240,shaking,original,2,profile_nrmse,0.2971507994880589,0.24036582225619874,0.056784977231860184,2
SKS02,SKS03,EQM_3,1,0.5,240,shaking,original,3,peak_depth_error,0.7142857142857142,0.35714285714285715,0.35714285714285704,2
SKS02,SKS03,EQM_3,1,0.5,240,shaking,original,3,peak_load_error,0.3059533276398711,0.29674059769750416,0.009212729942366965,2
SKS02,SKS03,EQM_3,1,0.5,240,shaking,original,3,profile_nrmse,0.22442960336768492,0.25071145426689806,-0.026281850899213144,2
SKS02,SKS03,EQM_3,1,0.5,240,shaking,original,4,peak_depth_error,0.0,0.42857142857142855,-0.42857142857142855,2
SKS02,SKS03,EQM_3,1,0.5,240,shaking,original,4,peak_load_error,0.0,0.29674059769750416,-0.29674059769750416,2
SKS02,SKS03,EQM_3,1,0.5,240,shaking,original,4,profile_nrmse,0.20031075363700726,0.22351056274534353,-0.023199809108336265,2
SKS02,SKS03,EQM_3,1,0.75,120,after_decay,boundary_retained,2,peak_depth_error,0.1428571428571429,0.2142857142857143,-0.0714285714285714,2
SKS02,SKS03,EQM_3,1,0.75,120,after_decay,boundary_retained,2,peak_load_error,0.3695393832384654,0.3642079308495386,0.005331452388926794,2
SKS02,SKS03,EQM_3,1,0.75,120,after_decay,boundary_retained,2,profile_nrmse,0.19165831231880745,0.18662670889323024,0.005031603425577194,2
SKS02,SKS03,EQM_3,1,0.75,120,after_decay,boundary_retained,3,peak_depth_error,0.1428571428571429,0.1428571428571429,0.0,2
SKS02,SKS03,EQM_3,1,0.75,120,after_decay,boundary_retained,3,peak_load_error,0.3695393832384654,0.30722220075588236,0.06231718248258303,2
SKS02,SKS03,EQM_3,1,0.75,120,after_decay,boundary_retained,3,profile_nrmse,0.18334027215539783,0.1813398626473555,0.002000409508042332,2
SKS02,SKS03,EQM_3,1,0.75,120,after_decay,boundary_retained,4,peak_depth_error,0.0,0.2142857142857143,-0.2142857142857143,2
SKS02,SKS03,EQM_3,1,0.75,120,after_decay,boundary_retained,4,peak_load_error,0.0,0.3017579612184488,-0.3017579612184488,2
SKS02,SKS03,EQM_3,1,0.75,120,after_decay,boundary_retained,4,profile_nrmse,0.13555275725958116,0.16792125722342827,-0.032368499963847094,2
SKS02,SKS03,EQM_3,1,0.75,120,after_decay,original,2,peak_depth_error,0.42857142857142855,0.2142857142857143,0.21428571428571425,2
SKS02,SKS03,EQM_3,1,0.75,120,after_decay,original,2,peak_load_error,0.327684234797303,0.3642079308495386,-0.03652369605223563,2
SKS02,SKS03,EQM_3,1,0.75,120,after_decay,original,2,profile_nrmse,0.23145660873971127,0.18662670889323024,0.04482989984648101,2
SKS02,SKS03,EQM_3,1,0.75,120,after_decay,original,3,peak_depth_error,0.1428571428571429,0.1428571428571429,0.0,2
SKS02,SKS03,EQM_3,1,0.75,120,after_decay,original,3,peak_load_error,0.3695393832384654,0.30722220075588236,0.06231718248258303,2
SKS02,SKS03,EQM_3,1,0.75,120,after_decay,original,3,profile_nrmse,0.18334027215539783,0.1813398626473555,0.002000409508042332,2
SKS02,SKS03,EQM_3,1,0.75,120,after_decay,original,4,peak_depth_error,0.0,0.2142857142857143,-0.2142857142857143,2
SKS02,SKS03,EQM_3,1,0.75,120,after_decay,original,4,peak_load_error,0.0,0.3017579612184488,-0.3017579612184488,2
SKS02,SKS03,EQM_3,1,0.75,120,after_decay,original,4,profile_nrmse,0.13555275725958116,0.16792125722342827,-0.032368499963847094,2
SKS02,SKS03,EQM_3,1,0.75,120,before_decay,boundary_retained,2,peak_depth_error,0.7142857142857142,0.2857142857142857,0.4285714285714285,2
SKS02,SKS03,EQM_3,1,0.75,120,before_decay,boundary_retained,2,peak_load_error,0.3270575162261702,0.32715669239514544,-9.91761689752152e-05,2
SKS02,SKS03,EQM_3,1,0.75,120,before_decay,boundary_retained,2,profile_nrmse,0.236179285468244,0.24421029667816113,-0.008031011209917158,2
SKS02,SKS03,EQM_3,1,0.75,120,before_decay,boundary_retained,3,peak_depth_error,0.7142857142857142,0.5714285714285714,0.1428571428571428,2
SKS02,SKS03,EQM_3,1,0.75,120,before_decay,boundary_retained,3,peak_load_error,0.3270575162261702,0.33267197791620307,-0.005614461690032879,2
SKS02,SKS03,EQM_3,1,0.75,120,before_decay,boundary_retained,3,profile_nrmse,0.23050350701435296,0.2592244459641258,-0.028720938949772845,2
SKS02,SKS03,EQM_3,1,0.75,120,before_decay,boundary_retained,4,peak_depth_error,0.0,0.2857142857142857,-0.2857142857142857,2
SKS02,SKS03,EQM_3,1,0.75,120,before_decay,boundary_retained,4,peak_load_error,0.0,0.3042639778566492,-0.3042639778566492,2
SKS02,SKS03,EQM_3,1,0.75,120,before_decay,boundary_retained,4,profile_nrmse,0.20636264192426232,0.23352730121172807,-0.02716465928746576,2
SKS02,SKS03,EQM_3,1,0.75,120,before_decay,original,2,peak_depth_error,0.7142857142857142,0.2857142857142857,0.4285714285714285,2
SKS02,SKS03,EQM_3,1,0.75,120,before_decay,original,2,peak_load_error,0.2937479122259502,0.32715669239514544,-0.033408780169195226,2
SKS02,SKS03,EQM_3,1,0.75,120,before_decay,original,2,profile_nrmse,0.3016411359586027,0.24421029667816113,0.05743083928044157,2
SKS02,SKS03,EQM_3,1,0.75,120,before_decay,original,3,peak_depth_error,0.7142857142857142,0.5714285714285714,0.1428571428571428,2
SKS02,SKS03,EQM_3,1,0.75,120,before_decay,original,3,peak_load_error,0.3270575162261702,0.33267197791620307,-0.005614461690032879,2
SKS02,SKS03,EQM_3,1,0.75,120,before_decay,original,3,profile_nrmse,0.23050350701435296,0.2592244459641258,-0.028720938949772845,2
SKS02,SKS03,EQM_3,1,0.75,120,before_decay,original,4,peak_depth_error,0.0,0.2857142857142857,-0.2857142857142857,2
SKS02,SKS03,EQM_3,1,0.75,120,before_decay,original,4,peak_load_error,0.0,0.3042639778566492,-0.3042639778566492,2
SKS02,SKS03,EQM_3,1,0.75,120,before_decay,original,4,profile_nrmse,0.20636264192426232,0.23352730121172807,-0.02716465928746576,2
SKS02,SKS03,EQM_3,1,0.75,120,shaking,boundary_retained,2,peak_depth_error,0.7142857142857142,0.2857142857142857,0.4285714285714285,2
SKS02,SKS03,EQM_3,1,0.75,120,shaking,boundary_retained,2,peak_load_error,0.30732752176031003,0.3261517423007577,-0.01882422054044769,2
SKS02,SKS03,EQM_3,1,0.75,120,shaking,boundary_retained,2,profile_nrmse,0.22972280698579378,0.2403823321451758,-0.010659525159381997,2
SKS02,SKS03,EQM_3,1,0.75,120,shaking,boundary_retained,3,peak_depth_error,0.7142857142857142,0.35714285714285715,0.35714285714285704,2
SKS02,SKS03,EQM_3,1,0.75,120,shaking,boundary_retained,3,peak_load_error,0.3060135265509006,0.2967818765393746,0.009231650011525983,2
SKS02,SKS03,EQM_3,1,0.75,120,shaking,boundary_retained,3,profile_nrmse,0.22443559625362627,0.2507123787650526,-0.02627678251142633,2
SKS02,SKS03,EQM_3,1,0.75,120,shaking,boundary_retained,4,peak_depth_error,0.0,0.42857142857142855,-0.42857142857142855,2
SKS02,SKS03,EQM_3,1,0.75,120,shaking,boundary_retained,4,peak_load_error,0.0,0.2967818765393746,-0.2967818765393746,2
SKS02,SKS03,EQM_3,1,0.75,120,shaking,boundary_retained,4,profile_nrmse,0.20032601805655068,0.22351387686138474,-0.02318785880483406,2
SKS02,SKS03,EQM_3,1,0.75,120,shaking,original,2,peak_depth_error,0.7142857142857142,0.2857142857142857,0.4285714285714285,2
SKS02,SKS03,EQM_3,1,0.75,120,shaking,original,2,peak_load_error,0.2580573747760097,0.3261517423007577,-0.06809436752474804,2
SKS02,SKS03,EQM_3,1,0.75,120,shaking,original,2,profile_nrmse,0.2971601609093718,0.2403823321451758,0.05677782876419603,2
SKS02,SKS03,EQM_3,1,0.75,120,shaking,original,3,peak_depth_error,0.7142857142857142,0.35714285714285715,0.35714285714285704,2
SKS02,SKS03,EQM_3,1,0.75,120,shaking,original,3,peak_load_error,0.3060135265509006,0.2967818765393746,0.009231650011525983,2
SKS02,SKS03,EQM_3,1,0.75,120,shaking,original,3,profile_nrmse,0.22443559625362627,0.2507123787650526,-0.02627678251142633,2
SKS02,SKS03,EQM_3,1,0.75,120,shaking,original,4,peak_depth_error,0.0,0.42857142857142855,-0.42857142857142855,2
SKS02,SKS03,EQM_3,1,0.75,120,shaking,original,4,peak_load_error,0.0,0.2967818765393746,-0.2967818765393746,2
SKS02,SKS03,EQM_3,1,0.75,120,shaking,original,4,profile_nrmse,0.20032601805655068,0.22351387686138474,-0.02318785880483406,2
SKS02,SKS03,EQM_3,1,0.75,240,after_decay,boundary_retained,2,peak_depth_error,0.1428571428571429,0.2142857142857143,-0.0714285714285714,2
SKS02,SKS03,EQM_3,1,0.75,240,after_decay,boundary_retained,2,peak_load_error,0.3695993578668749,0.3642226561160571,0.005376701750817892,2
SKS02,SKS03,EQM_3,1,0.75,240,after_decay,boundary_retained,2,profile_nrmse,0.191666540917177,0.18663111429186108,0.005035426625315906,2
SKS02,SKS03,EQM_3,1,0.75,240,after_decay,boundary_retained,3,peak_depth_error,0.1428571428571429,0.1428571428571429,0.0,2
SKS02,SKS03,EQM_3,1,0.75,240,after_decay,boundary_retained,3,peak_load_error,0.3695993578668749,0.30724730997517996,0.06235204789169499,2
SKS02,SKS03,EQM_3,1,0.75,240,after_decay,boundary_retained,3,profile_nrmse,0.18346989909296116,0.18143537533157106,0.002034523761390107,2
SKS02,SKS03,EQM_3,1,0.75,240,after_decay,boundary_retained,4,peak_depth_error,0.0,0.2142857142857143,-0.2142857142857143,2
SKS02,SKS03,EQM_3,1,0.75,240,after_decay,boundary_retained,4,peak_load_error,0.0,0.3017451506208626,-0.3017451506208626,2
SKS02,SKS03,EQM_3,1,0.75,240,after_decay,boundary_retained,4,profile_nrmse,0.1357112227090213,0.16792276712309528,-0.032211544414073964,2
SKS02,SKS03,EQM_3,1,0.75,240,after_decay,original,2,peak_depth_error,0.42857142857142855,0.2142857142857143,0.21428571428571425,2
SKS02,SKS03,EQM_3,1,0.75,240,after_decay,original,2,peak_load_error,0.32758663791798115,0.3642226561160571,-0.03663601819807594,2
SKS02,SKS03,EQM_3,1,0.75,240,after_decay,original,2,profile_nrmse,0.23156456204782638,0.18663111429186108,0.04493344775596529,2
SKS02,SKS03,EQM_3,1,0.75,240,after_decay,original,3,peak_depth_error,0.1428571428571429,0.1428571428571429,0.0,2
SKS02,SKS03,EQM_3,1,0.75,240,after_decay,original,3,peak_load_error,0.3695993578668749,0.30724730997517996,0.06235204789169499,2
SKS02,SKS03,EQM_3,1,0.75,240,after_decay,original,3,profile_nrmse,0.18346989909296116,0.18143537533157106,0.002034523761390107,2
SKS02,SKS03,EQM_3,1,0.75,240,after_decay,original,4,peak_depth_error,0.0,0.2142857142857143,-0.2142857142857143,2
SKS02,SKS03,EQM_3,1,0.75,240,after_decay,original,4,peak_load_error,0.0,0.3017451506208626,-0.3017451506208626,2
SKS02,SKS03,EQM_3,1,0.75,240,after_decay,original,4,profile_nrmse,0.1357112227090213,0.16792276712309528,-0.032211544414073964,2
SKS02,SKS03,EQM_3,1,0.75,240,before_decay,boundary_retained,2,peak_depth_error,0.7142857142857142,0.2857142857142857,0.4285714285714285,2
SKS02,SKS03,EQM_3,1,0.75,240,before_decay,boundary_retained,2,peak_load_error,0.3271087998600225,0.3275602153554264,-0.00045141549540388126,2
SKS02,SKS03,EQM_3,1,0.75,240,before_decay,boundary_retained,2,profile_nrmse,0.23627107478222864,0.2441951143268225,-0.007924039544593892,2
SKS02,SKS03,EQM_3,1,0.75,240,before_decay,boundary_retained,3,peak_depth_error,0.7142857142857142,0.5714285714285714,0.1428571428571428,2
SKS02,SKS03,EQM_3,1,0.75,240,before_decay,boundary_retained,3,peak_load_error,0.3271087998600225,0.33265158437918657,-0.005542784519164054,2
SKS02,SKS03,EQM_3,1,0.75,240,before_decay,boundary_retained,3,profile_nrmse,0.23050846635609912,0.2591790002523643,-0.028670533896265185,2
SKS02,SKS03,EQM_3,1,0.75,240,before_decay,boundary_retained,4,peak_depth_error,0.0,0.2857142857142857,-0.2857142857142857,2
SKS02,SKS03,EQM_3,1,0.75,240,before_decay,boundary_retained,4,peak_load_error,0.0,0.30464734327320186,-0.30464734327320186,2
SKS02,SKS03,EQM_3,1,0.75,240,before_decay,boundary_retained,4,profile_nrmse,0.20633614379587728,0.233497718480002,-0.02716157468412471,2
SKS02,SKS03,EQM_3,1,0.75,240,before_decay,original,2,peak_depth_error,0.7142857142857142,0.2857142857142857,0.4285714285714285,2
SKS02,SKS03,EQM_3,1,0.75,240,before_decay,original,2,peak_load_error,0.2937283382657792,0.3275602153554264,-0.0338318770896472,2
SKS02,SKS03,EQM_3,1,0.75,240,before_decay,original,2,profile_nrmse,0.30171876257005775,0.2441951143268225,0.05752364824323522,2
SKS02,SKS03,EQM_3,1,0.75,240,before_decay,original,3,peak_depth_error,0.7142857142857142,0.5714285714285714,0.1428571428571428,2
SKS02,SKS03,EQM_3,1,0.75,240,before_decay,original,3,peak_load_error,0.3271087998600225,0.33265158437918657,-0.005542784519164054,2
SKS02,SKS03,EQM_3,1,0.75,240,before_decay,original,3,profile_nrmse,0.23050846635609912,0.2591790002523643,-0.028670533896265185,2
SKS02,SKS03,EQM_3,1,0.75,240,before_decay,original,4,peak_depth_error,0.0,0.2857142857142857,-0.2857142857142857,2
SKS02,SKS03,EQM_3,1,0.75,240,before_decay,original,4,peak_load_error,0.0,0.30464734327320186,-0.30464734327320186,2
SKS02,SKS03,EQM_3,1,0.75,240,before_decay,original,4,profile_nrmse,0.20633614379587728,0.233497718480002,-0.02716157468412471,2
SKS02,SKS03,EQM_3,1,0.75,240,shaking,boundary_retained,2,peak_depth_error,0.7142857142857142,0.2857142857142857,0.4285714285714285,2
SKS02,SKS03,EQM_3,1,0.75,240,shaking,boundary_retained,2,peak_load_error,0.307240658445571,0.3260094021250459,-0.018768743679474897,2
SKS02,SKS03,EQM_3,1,0.75,240,shaking,boundary_retained,2,profile_nrmse,0.22971709944892282,0.24036582225619874,-0.010648722807275898,2
SKS02,SKS03,EQM_3,1,0.75,240,shaking,boundary_retained,3,peak_depth_error,0.7142857142857142,0.35714285714285715,0.35714285714285704,2
SKS02,SKS03,EQM_3,1,0.75,240,shaking,boundary_retained,3,peak_load_error,0.3059533276398711,0.29674059769750416,0.009212729942366965,2
SKS02,SKS03,EQM_3,1,0.75,240,shaking,boundary_retained,3,profile_nrmse,0.22442960336768492,0.25071145426689806,-0.026281850899213144,2
SKS02,SKS03,EQM_3,1,0.75,240,shaking,boundary_retained,4,peak_depth_error,0.0,0.42857142857142855,-0.42857142857142855,2
SKS02,SKS03,EQM_3,1,0.75,240,shaking,boundary_retained,4,peak_load_error,0.0,0.29674059769750416,-0.29674059769750416,2
SKS02,SKS03,EQM_3,1,0.75,240,shaking,boundary_retained,4,profile_nrmse,0.20031075363700726,0.22351056274534353,-0.023199809108336265,2
SKS02,SKS03,EQM_3,1,0.75,240,shaking,original,2,peak_depth_error,0.7142857142857142,0.2857142857142857,0.4285714285714285,2
SKS02,SKS03,EQM_3,1,0.75,240,shaking,original,2,peak_load_error,0.25801565375742863,0.3260094021250459,-0.06799374836761726,2
SKS02,SKS03,EQM_3,1,0.75,240,shaking,original,2,profile_nrmse,0.2971507994880589,0.24036582225619874,0.056784977231860184,2
SKS02,SKS03,EQM_3,1,0.75,240,shaking,original,3,peak_depth_error,0.7142857142857142,0.35714285714285715,0.35714285714285704,2
SKS02,SKS03,EQM_3,1,0.75,240,shaking,original,3,peak_load_error,0.3059533276398711,0.29674059769750416,0.009212729942366965,2
SKS02,SKS03,EQM_3,1,0.75,240,shaking,original,3,profile_nrmse,0.22442960336768492,0.25071145426689806,-0.026281850899213144,2
SKS02,SKS03,EQM_3,1,0.75,240,shaking,original,4,peak_depth_error,0.0,0.42857142857142855,-0.42857142857142855,2
SKS02,SKS03,EQM_3,1,0.75,240,shaking,original,4,peak_load_error,0.0,0.29674059769750416,-0.29674059769750416,2
SKS02,SKS03,EQM_3,1,0.75,240,shaking,original,4,profile_nrmse,0.20031075363700726,0.22351056274534353,-0.023199809108336265,2
SKS02,SKS03,EQM_4,0,0.25,120,after_decay,boundary_retained,2,peak_depth_error,0.42857142857142855,0.2142857142857143,0.21428571428571425,2
SKS02,SKS03,EQM_4,0,0.25,120,after_decay,boundary_retained,2,peak_load_error,0.34606450991743554,0.4383939076593316,-0.09232939774189604,2
SKS02,SKS03,EQM_4,0,0.25,120,after_decay,boundary_retained,2,profile_nrmse,0.19397489568110898,0.22722584495227144,-0.03325094927116243,2
SKS02,SKS03,EQM_4,0,0.25,120,after_decay,boundary_retained,3,peak_depth_error,0.42857142857142855,0.35714285714285715,0.0714285714285714,2
SKS02,SKS03,EQM_4,0,0.25,120,after_decay,boundary_retained,3,peak_load_error,0.34606450991743554,0.2704609819555811,0.07560352796185447,2
SKS02,SKS03,EQM_4,0,0.25,120,after_decay,boundary_retained,3,profile_nrmse,0.18446635731986688,0.1759118145050954,0.008554542814771443,2
SKS02,SKS03,EQM_4,0,0.25,120,after_decay,boundary_retained,4,peak_depth_error,0.0,0.35714285714285715,-0.35714285714285715,2
SKS02,SKS03,EQM_4,0,0.25,120,after_decay,boundary_retained,4,peak_load_error,0.0,0.2704609819555811,-0.2704609819555811,2
SKS02,SKS03,EQM_4,0,0.25,120,after_decay,boundary_retained,4,profile_nrmse,0.08815520344861003,0.17458012789854618,-0.08642492444993616,2
SKS02,SKS03,EQM_4,0,0.25,120,after_decay,original,2,peak_depth_error,0.42857142857142855,0.2142857142857143,0.21428571428571425,2
SKS02,SKS03,EQM_4,0,0.25,120,after_decay,original,2,peak_load_error,0.2547544291375972,0.4383939076593316,-0.1836394785217344,2
SKS02,SKS03,EQM_4,0,0.25,120,after_decay,original,2,profile_nrmse,0.18513221612835318,0.22722584495227144,-0.04209362882391823,2
SKS02,SKS03,EQM_4,0,0.25,120,after_decay,original,3,peak_depth_error,0.42857142857142855,0.35714285714285715,0.0714285714285714,2
SKS02,SKS03,EQM_4,0,0.25,120,after_decay,original,3,peak_load_error,0.34606450991743554,0.2704609819555811,0.07560352796185447,2
SKS02,SKS03,EQM_4,0,0.25,120,after_decay,original,3,profile_nrmse,0.18446635731986688,0.1759118145050954,0.008554542814771443,2
SKS02,SKS03,EQM_4,0,0.25,120,after_decay,original,4,peak_depth_error,0.0,0.35714285714285715,-0.35714285714285715,2
SKS02,SKS03,EQM_4,0,0.25,120,after_decay,original,4,peak_load_error,0.0,0.2704609819555811,-0.2704609819555811,2
SKS02,SKS03,EQM_4,0,0.25,120,after_decay,original,4,profile_nrmse,0.08815520344861003,0.17458012789854618,-0.08642492444993616,2
SKS02,SKS03,EQM_4,0,0.25,120,before_decay,boundary_retained,2,peak_depth_error,0.7142857142857142,0.2142857142857143,0.4999999999999999,2
SKS02,SKS03,EQM_4,0,0.25,120,before_decay,boundary_retained,2,peak_load_error,0.35384587963727987,0.450155871016117,-0.09630999137883708,2
SKS02,SKS03,EQM_4,0,0.25,120,before_decay,boundary_retained,2,profile_nrmse,0.20693995357420336,0.24709345690139994,-0.04015350332719657,2
SKS02,SKS03,EQM_4,0,0.25,120,before_decay,boundary_retained,3,peak_depth_error,0.7142857142857142,0.35714285714285715,0.35714285714285704,2
SKS02,SKS03,EQM_4,0,0.25,120,before_decay,boundary_retained,3,peak_load_error,0.35384587963727987,0.27335506681356553,0.08049081282371434,2
SKS02,SKS03,EQM_4,0,0.25,120,before_decay,boundary_retained,3,profile_nrmse,0.19469279427590525,0.19365553667589167,0.0010372576000135941,2
SKS02,SKS03,EQM_4,0,0.25,120,before_decay,boundary_retained,4,peak_depth_error,0.0,0.35714285714285715,-0.35714285714285715,2
SKS02,SKS03,EQM_4,0,0.25,120,before_decay,boundary_retained,4,peak_load_error,0.0,0.27335506681356553,-0.27335506681356553,2
SKS02,SKS03,EQM_4,0,0.25,120,before_decay,boundary_retained,4,profile_nrmse,0.0976927603332391,0.19196821328324182,-0.09427545295000272,2
SKS02,SKS03,EQM_4,0,0.25,120,before_decay,original,2,peak_depth_error,0.42857142857142855,0.2142857142857143,0.21428571428571425,2
SKS02,SKS03,EQM_4,0,0.25,120,before_decay,original,2,peak_load_error,0.2519190362688481,0.450155871016117,-0.19823683474726886,2
SKS02,SKS03,EQM_4,0,0.25,120,before_decay,original,2,profile_nrmse,0.20408539442223306,0.24709345690139994,-0.04300806247916687,2
SKS02,SKS03,EQM_4,0,0.25,120,before_decay,original,3,peak_depth_error,0.7142857142857142,0.35714285714285715,0.35714285714285704,2
SKS02,SKS03,EQM_4,0,0.25,120,before_decay,original,3,peak_load_error,0.35384587963727987,0.27335506681356553,0.08049081282371434,2
SKS02,SKS03,EQM_4,0,0.25,120,before_decay,original,3,profile_nrmse,0.19469279427590525,0.19365553667589167,0.0010372576000135941,2
SKS02,SKS03,EQM_4,0,0.25,120,before_decay,original,4,peak_depth_error,0.0,0.35714285714285715,-0.35714285714285715,2
SKS02,SKS03,EQM_4,0,0.25,120,before_decay,original,4,peak_load_error,0.0,0.27335506681356553,-0.27335506681356553,2
SKS02,SKS03,EQM_4,0,0.25,120,before_decay,original,4,profile_nrmse,0.0976927603332391,0.19196821328324182,-0.09427545295000272,2
SKS02,SKS03,EQM_4,0,0.25,120,shaking,boundary_retained,2,peak_depth_error,0.7857142857142856,0.5714285714285714,0.21428571428571425,2
SKS02,SKS03,EQM_4,0,0.25,120,shaking,boundary_retained,2,peak_load_error,0.34506670421248736,0.4631340346564808,-0.11806733044399342,2
SKS02,SKS03,EQM_4,0,0.25,120,shaking,boundary_retained,2,profile_nrmse,0.22055447207565354,0.2640352549919045,-0.04348078291625097,2
SKS02,SKS03,EQM_4,0,0.25,120,shaking,boundary_retained,3,peak_depth_error,0.7857142857142856,0.35714285714285715,0.4285714285714285,2
SKS02,SKS03,EQM_4,0,0.25,120,shaking,boundary_retained,3,peak_load_error,0.34506670421248736,0.27856282077001454,0.06650388344247284,2
SKS02,SKS03,EQM_4,0,0.25,120,shaking,boundary_retained,3,profile_nrmse,0.20016295738621837,0.20326654536256894,-0.0031035879763506025,2
SKS02,SKS03,EQM_4,0,0.25,120,shaking,boundary_retained,4,peak_depth_error,0.0,0.35714285714285715,-0.35714285714285715,2
SKS02,SKS03,EQM_4,0,0.25,120,shaking,boundary_retained,4,peak_load_error,0.0,0.27856282077001454,-0.27856282077001454,2
SKS02,SKS03,EQM_4,0,0.25,120,shaking,boundary_retained,4,profile_nrmse,0.1056137615056492,0.20036314989914616,-0.09474938839349697,2
SKS02,SKS03,EQM_4,0,0.25,120,shaking,original,2,peak_depth_error,0.42857142857142855,0.5714285714285714,-0.14285714285714285,2
SKS02,SKS03,EQM_4,0,0.25,120,shaking,original,2,peak_load_error,0.25924532338353057,0.4631340346564808,-0.20388871127295025,2
SKS02,SKS03,EQM_4,0,0.25,120,shaking,original,2,profile_nrmse,0.21417203304484106,0.2640352549919045,-0.04986322194706347,2
SKS02,SKS03,EQM_4,0,0.25,120,shaking,original,3,peak_depth_error,0.7857142857142856,0.35714285714285715,0.4285714285714285,2
SKS02,SKS03,EQM_4,0,0.25,120,shaking,original,3,peak_load_error,0.34506670421248736,0.27856282077001454,0.06650388344247284,2
SKS02,SKS03,EQM_4,0,0.25,120,shaking,original,3,profile_nrmse,0.20016295738621837,0.20326654536256894,-0.0031035879763506025,2
SKS02,SKS03,EQM_4,0,0.25,120,shaking,original,4,peak_depth_error,0.0,0.35714285714285715,-0.35714285714285715,2
SKS02,SKS03,EQM_4,0,0.25,120,shaking,original,4,peak_load_error,0.0,0.27856282077001454,-0.27856282077001454,2
SKS02,SKS03,EQM_4,0,0.25,120,shaking,original,4,profile_nrmse,0.1056137615056492,0.20036314989914616,-0.09474938839349697,2
SKS02,SKS03,EQM_4,0,0.25,240,after_decay,boundary_retained,2,peak_depth_error,0.42857142857142855,0.2142857142857143,0.21428571428571425,2
SKS02,SKS03,EQM_4,0,0.25,240,after_decay,boundary_retained,2,peak_load_error,0.34603819847928496,0.43837964986942357,-0.09234145139013866,2
SKS02,SKS03,EQM_4,0,0.25,240,after_decay,boundary_retained,2,profile_nrmse,0.19407533320300013,0.22720810372679973,-0.03313277052379959,2
SKS02,SKS03,EQM_4,0,0.25,240,after_decay,boundary_retained,3,peak_depth_error,0.42857142857142855,0.35714285714285715,0.0714285714285714,2
SKS02,SKS03,EQM_4,0,0.25,240,after_decay,boundary_retained,3,peak_load_error,0.34603819847928496,0.27050935989176306,0.07552883858752185,2
SKS02,SKS03,EQM_4,0,0.25,240,after_decay,boundary_retained,3,profile_nrmse,0.18447319862771272,0.17593158123009978,0.00854161739761293,2
SKS02,SKS03,EQM_4,0,0.25,240,after_decay,boundary_retained,4,peak_depth_error,0.0,0.35714285714285715,-0.35714285714285715,2
SKS02,SKS03,EQM_4,0,0.25,240,after_decay,boundary_retained,4,peak_load_error,0.0,0.27050935989176306,-0.27050935989176306,2
SKS02,SKS03,EQM_4,0,0.25,240,after_decay,boundary_retained,4,profile_nrmse,0.0881780953178635,0.1745834495369029,-0.08640535421903942,2
SKS02,SKS03,EQM_4,0,0.25,240,after_decay,original,2,peak_depth_error,0.42857142857142855,0.2142857142857143,0.21428571428571425,2
SKS02,SKS03,EQM_4,0,0.25,240,after_decay,original,2,peak_load_error,0.2547937619916269,0.43837964986942357,-0.1835858878777967,2
SKS02,SKS03,EQM_4,0,0.25,240,after_decay,original,2,profile_nrmse,0.18512447276081817,0.22720810372679973,-0.04208363096598158,2
SKS02,SKS03,EQM_4,0,0.25,240,after_decay,original,3,peak_depth_error,0.42857142857142855,0.35714285714285715,0.0714285714285714,2
SKS02,SKS03,EQM_4,0,0.25,240,after_decay,original,3,peak_load_error,0.34603819847928496,0.27050935989176306,0.07552883858752185,2
SKS02,SKS03,EQM_4,0,0.25,240,after_decay,original,3,profile_nrmse,0.18447319862771272,0.17593158123009978,0.00854161739761293,2
SKS02,SKS03,EQM_4,0,0.25,240,after_decay,original,4,peak_depth_error,0.0,0.35714285714285715,-0.35714285714285715,2
SKS02,SKS03,EQM_4,0,0.25,240,after_decay,original,4,peak_load_error,0.0,0.27050935989176306,-0.27050935989176306,2
SKS02,SKS03,EQM_4,0,0.25,240,after_decay,original,4,profile_nrmse,0.0881780953178635,0.1745834495369029,-0.08640535421903942,2
SKS02,SKS03,EQM_4,0,0.25,240,before_decay,boundary_retained,2,peak_depth_error,0.7142857142857142,0.2142857142857143,0.4999999999999999,2
SKS02,SKS03,EQM_4,0,0.25,240,before_decay,boundary_retained,2,peak_load_error,0.35333161219027476,0.45307144965058443,-0.09973983746030968,2
SKS02,SKS03,EQM_4,0,0.25,240,before_decay,boundary_retained,2,profile_nrmse,0.20847488272357698,0.24974804982661158,-0.04127316710303461,2
SKS02,SKS03,EQM_4,0,0.25,240,before_decay,boundary_retained,3,peak_depth_error,0.7142857142857142,0.35714285714285715,0.35714285714285704,2
SKS02,SKS03,EQM_4,0,0.25,240,before_decay,boundary_retained,3,peak_load_error,0.35333161219027476,0.27599068514232405,0.0773409270479507,2
SKS02,SKS03,EQM_4,0,0.25,240,before_decay,boundary_retained,3,profile_nrmse,0.19592257034539437,0.19599753014627153,-7.49598008771557e-05,2
SKS02,SKS03,EQM_4,0,0.25,240,before_decay,boundary_retained,4,peak_depth_error,0.0,0.35714285714285715,-0.35714285714285715,2
SKS02,SKS03,EQM_4,0,0.25,240,before_decay,boundary_retained,4,peak_load_error,0.0,0.27599068514232405,-0.27599068514232405,2
SKS02,SKS03,EQM_4,0,0.25,240,before_decay,boundary_retained,4,profile_nrmse,0.09916570575360388,0.19436667447447825,-0.09520096872087437,2
SKS02,SKS03,EQM_4,0,0.25,240,before_decay,original,2,peak_depth_error,0.42857142857142855,0.2142857142857143,0.21428571428571425,2
SKS02,SKS03,EQM_4,0,0.25,240,before_decay,original,2,peak_load_error,0.25456972559558744,0.45307144965058443,-0.19850172405499703,2
SKS02,SKS03,EQM_4,0,0.25,240,before_decay,original,2,profile_nrmse,0.20624414630440524,0.24974804982661158,-0.04350390352220633,2
SKS02,SKS03,EQM_4,0,0.25,240,before_decay,original,3,peak_depth_error,0.7142857142857142,0.35714285714285715,0.35714285714285704,2
SKS02,SKS03,EQM_4,0,0.25,240,before_decay,original,3,peak_load_error,0.35333161219027476,0.27599068514232405,0.0773409270479507,2
SKS02,SKS03,EQM_4,0,0.25,240,before_decay,original,3,profile_nrmse,0.19592257034539437,0.19599753014627153,-7.49598008771557e-05,2
SKS02,SKS03,EQM_4,0,0.25,240,before_decay,original,4,peak_depth_error,0.0,0.35714285714285715,-0.35714285714285715,2
SKS02,SKS03,EQM_4,0,0.25,240,before_decay,original,4,peak_load_error,0.0,0.27599068514232405,-0.27599068514232405,2
SKS02,SKS03,EQM_4,0,0.25,240,before_decay,original,4,profile_nrmse,0.09916570575360388,0.19436667447447825,-0.09520096872087437,2
SKS02,SKS03,EQM_4,0,0.25,240,shaking,boundary_retained,2,peak_depth_error,0.7857142857142856,0.5714285714285714,0.21428571428571425,2
SKS02,SKS03,EQM_4,0,0.25,240,shaking,boundary_retained,2,peak_load_error,0.34786054844359365,0.4623325313764711,-0.11447198293287741,2
SKS02,SKS03,EQM_4,0,0.25,240,shaking,boundary_retained,2,profile_nrmse,0.22062310546786695,0.2643869094986668,-0.043763804030799824,2
SKS02,SKS03,EQM_4,0,0.25,240,shaking,boundary_retained,3,peak_depth_error,0.7857142857142856,0.35714285714285715,0.4285714285714285,2
SKS02,SKS03,EQM_4,0,0.25,240,shaking,boundary_retained,3,peak_load_error,0.3475642767662028,0.27644420065307834,0.07112007611312442,2
SKS02,SKS03,EQM_4,0,0.25,240,shaking,boundary_retained,3,profile_nrmse,0.19997426741721214,0.20352275474945275,-0.003548487332240613,2
SKS02,SKS03,EQM_4,0,0.25,240,shaking,boundary_retained,4,peak_depth_error,0.0,0.35714285714285715,-0.35714285714285715,2
SKS02,SKS03,EQM_4,0,0.25,240,shaking,boundary_retained,4,peak_load_error,0.0,0.27644420065307834,-0.27644420065307834,2
SKS02,SKS03,EQM_4,0,0.25,240,shaking,boundary_retained,4,profile_nrmse,0.10605371043644538,0.2001805994685609,-0.09412688903211552,2
SKS02,SKS03,EQM_4,0,0.25,240,shaking,original,2,peak_depth_error,0.42857142857142855,0.5714285714285714,-0.14285714285714285,2
SKS02,SKS03,EQM_4,0,0.25,240,shaking,original,2,peak_load_error,0.2616595991054716,0.4623325313764711,-0.2006729322709995,2
SKS02,SKS03,EQM_4,0,0.25,240,shaking,original,2,profile_nrmse,0.2142708480456169,0.2643869094986668,-0.05011606145304989,2
SKS02,SKS03,EQM_4,0,0.25,240,shaking,original,3,peak_depth_error,0.7857142857142856,0.35714285714285715,0.4285714285714285,2
SKS02,SKS03,EQM_4,0,0.25,240,shaking,original,3,peak_load_error,0.3475642767662028,0.27644420065307834,0.07112007611312442,2
SKS02,SKS03,EQM_4,0,0.25,240,shaking,original,3,profile_nrmse,0.19997426741721214,0.20352275474945275,-0.003548487332240613,2
SKS02,SKS03,EQM_4,0,0.25,240,shaking,original,4,peak_depth_error,0.0,0.35714285714285715,-0.35714285714285715,2
SKS02,SKS03,EQM_4,0,0.25,240,shaking,original,4,peak_load_error,0.0,0.27644420065307834,-0.27644420065307834,2
SKS02,SKS03,EQM_4,0,0.25,240,shaking,original,4,profile_nrmse,0.10605371043644538,0.2001805994685609,-0.09412688903211552,2
SKS02,SKS03,EQM_4,0,0.5,120,after_decay,boundary_retained,2,peak_depth_error,0.42857142857142855,0.2142857142857143,0.21428571428571425,2
SKS02,SKS03,EQM_4,0,0.5,120,after_decay,boundary_retained,2,peak_load_error,0.346666987259098,0.43845634970169256,-0.09178936244259454,2
SKS02,SKS03,EQM_4,0,0.5,120,after_decay,boundary_retained,2,profile_nrmse,0.1942955729163779,0.2276362643166044,-0.03334069140022651,2
SKS02,SKS03,EQM_4,0,0.5,120,after_decay,boundary_retained,3,peak_depth_error,0.42857142857142855,0.35714285714285715,0.0714285714285714,2
SKS02,SKS03,EQM_4,0,0.5,120,after_decay,boundary_retained,3,peak_load_error,0.346666987259098,0.270536357726323,0.07613062953277495,2
SKS02,SKS03,EQM_4,0,0.5,120,after_decay,boundary_retained,3,profile_nrmse,0.18450324843110893,0.17643075899955307,0.008072489431555849,2
SKS02,SKS03,EQM_4,0,0.5,120,after_decay,boundary_retained,4,peak_depth_error,0.0,0.35714285714285715,-0.35714285714285715,2
SKS02,SKS03,EQM_4,0,0.5,120,after_decay,boundary_retained,4,peak_load_error,0.0,0.270536357726323,-0.270536357726323,2
SKS02,SKS03,EQM_4,0,0.5,120,after_decay,boundary_retained,4,profile_nrmse,0.08821124630029542,0.17480792312690163,-0.08659667682660623,2
SKS02,SKS03,EQM_4,0,0.5,120,after_decay,original,2,peak_depth_error,0.42857142857142855,0.2142857142857143,0.21428571428571425,2
SKS02,SKS03,EQM_4,0,0.5,120,after_decay,original,2,peak_load_error,0.254955936812711,0.43845634970169256,-0.18350041288898156,2
SKS02,SKS03,EQM_4,0,0.5,120,after_decay,original,2,profile_nrmse,0.18548984359984977,0.2276362643166044,-0.04214642071675462,2
SKS02,SKS03,EQM_4,0,0.5,120,after_decay,original,3,peak_depth_error,0.42857142857142855,0.35714285714285715,0.0714285714285714,2
SKS02,SKS03,EQM_4,0,0.5,120,after_decay,original,3,peak_load_error,0.346666987259098,0.270536357726323,0.07613062953277495,2
SKS02,SKS03,EQM_4,0,0.5,120,after_decay,original,3,profile_nrmse,0.18450324843110893,0.17643075899955307,0.008072489431555849,2
SKS02,SKS03,EQM_4,0,0.5,120,after_decay,original,4,peak_depth_error,0.0,0.35714285714285715,-0.35714285714285715,2
SKS02,SKS03,EQM_4,0,0.5,120,after_decay,original,4,peak_load_error,0.0,0.270536357726323,-0.270536357726323,2
SKS02,SKS03,EQM_4,0,0.5,120,after_decay,original,4,profile_nrmse,0.08821124630029542,0.17480792312690163,-0.08659667682660623,2
SKS02,SKS03,EQM_4,0,0.5,120,before_decay,boundary_retained,2,peak_depth_error,0.7142857142857142,0.2142857142857143,0.4999999999999999,2
SKS02,SKS03,EQM_4,0,0.5,120,before_decay,boundary_retained,2,peak_load_error,0.35006217217269175,0.454426710030162,-0.10436453785747024,2
SKS02,SKS03,EQM_4,0,0.5,120,before_decay,boundary_retained,2,profile_nrmse,0.20925399845688994,0.2506011547568734,-0.04134715629998345,2
SKS02,SKS03,EQM_4,0,0.5,120,before_decay,boundary_retained,3,peak_depth_error,0.7142857142857142,0.35714285714285715,0.35714285714285704,2
SKS02,SKS03,EQM_4,0,0.5,120,before_decay,boundary_retained,3,peak_load_error,0.35006217217269175,0.27357135858523973,0.07649081358745205,2
SKS02,SKS03,EQM_4,0,0.5,120,before_decay,boundary_retained,3,profile_nrmse,0.1966915453365698,0.19681799697984614,-0.00012645164327632075,2
SKS02,SKS03,EQM_4,0,0.5,120,before_decay,boundary_retained,4,peak_depth_error,0.0,0.35714285714285715,-0.35714285714285715,2
SKS02,SKS03,EQM_4,0,0.5,120,before_decay,boundary_retained,4,peak_load_error,0.0,0.27357135858523973,-0.27357135858523973,2
SKS02,SKS03,EQM_4,0,0.5,120,before_decay,boundary_retained,4,profile_nrmse,0.0997861467943039,0.1951628511418929,-0.095376704347589,2
SKS02,SKS03,EQM_4,0,0.5,120,before_decay,original,2,peak_depth_error,0.42857142857142855,0.2142857142857143,0.21428571428571425,2
SKS02,SKS03,EQM_4,0,0.5,120,before_decay,original,2,peak_load_error,0.2510458122288587,0.454426710030162,-0.20338089780130328,2
SKS02,SKS03,EQM_4,0,0.5,120,before_decay,original,2,profile_nrmse,0.2067849523345876,0.2506011547568734,-0.043816202422285774,2
SKS02,SKS03,EQM_4,0,0.5,120,before_decay,original,3,peak_depth_error,0.7142857142857142,0.35714285714285715,0.35714285714285704,2
SKS02,SKS03,EQM_4,0,0.5,120,before_decay,original,3,peak_load_error,0.35006217217269175,0.27357135858523973,0.07649081358745205,2
SKS02,SKS03,EQM_4,0,0.5,120,before_decay,original,3,profile_nrmse,0.1966915453365698,0.19681799697984614,-0.00012645164327632075,2
SKS02,SKS03,EQM_4,0,0.5,120,before_decay,original,4,peak_depth_error,0.0,0.35714285714285715,-0.35714285714285715,2
SKS02,SKS03,EQM_4,0,0.5,120,before_decay,original,4,peak_load_error,0.0,0.27357135858523973,-0.27357135858523973,2
SKS02,SKS03,EQM_4,0,0.5,120,before_decay,original,4,profile_nrmse,0.0997861467943039,0.1951628511418929,-0.095376704347589,2
SKS02,SKS03,EQM_4,0,0.5,120,shaking,boundary_retained,2,peak_depth_error,0.7857142857142856,0.5714285714285714,0.21428571428571425,2
SKS02,SKS03,EQM_4,0,0.5,120,shaking,boundary_retained,2,peak_load_error,0.34506670421248736,0.4631340346564808,-0.11806733044399342,2
SKS02,SKS03,EQM_4,0,0.5,120,shaking,boundary_retained,2,profile_nrmse,0.22055447207565354,0.2640352549919045,-0.04348078291625097,2
SKS02,SKS03,EQM_4,0,0.5,120,shaking,boundary_retained,3,peak_depth_error,0.7857142857142856,0.35714285714285715,0.4285714285714285,2
SKS02,SKS03,EQM_4,0,0.5,120,shaking,boundary_retained,3,peak_load_error,0.34506670421248736,0.27856282077001454,0.06650388344247284,2
SKS02,SKS03,EQM_4,0,0.5,120,shaking,boundary_retained,3,profile_nrmse,0.20016295738621837,0.20326654536256894,-0.0031035879763506025,2
SKS02,SKS03,EQM_4,0,0.5,120,shaking,boundary_retained,4,peak_depth_error,0.0,0.35714285714285715,-0.35714285714285715,2
SKS02,SKS03,EQM_4,0,0.5,120,shaking,boundary_retained,4,peak_load_error,0.0,0.27856282077001454,-0.27856282077001454,2
SKS02,SKS03,EQM_4,0,0.5,120,shaking,boundary_retained,4,profile_nrmse,0.1056137615056492,0.20036314989914616,-0.09474938839349697,2
SKS02,SKS03,EQM_4,0,0.5,120,shaking,original,2,peak_depth_error,0.42857142857142855,0.5714285714285714,-0.14285714285714285,2
SKS02,SKS03,EQM_4,0,0.5,120,shaking,original,2,peak_load_error,0.25924532338353057,0.4631340346564808,-0.20388871127295025,2
SKS02,SKS03,EQM_4,0,0.5,120,shaking,original,2,profile_nrmse,0.21417203304484106,0.2640352549919045,-0.04986322194706347,2
SKS02,SKS03,EQM_4,0,0.5,120,shaking,original,3,peak_depth_error,0.7857142857142856,0.35714285714285715,0.4285714285714285,2
SKS02,SKS03,EQM_4,0,0.5,120,shaking,original,3,peak_load_error,0.34506670421248736,0.27856282077001454,0.06650388344247284,2
SKS02,SKS03,EQM_4,0,0.5,120,shaking,original,3,profile_nrmse,0.20016295738621837,0.20326654536256894,-0.0031035879763506025,2
SKS02,SKS03,EQM_4,0,0.5,120,shaking,original,4,peak_depth_error,0.0,0.35714285714285715,-0.35714285714285715,2
SKS02,SKS03,EQM_4,0,0.5,120,shaking,original,4,peak_load_error,0.0,0.27856282077001454,-0.27856282077001454,2
SKS02,SKS03,EQM_4,0,0.5,120,shaking,original,4,profile_nrmse,0.1056137615056492,0.20036314989914616,-0.09474938839349697,2
SKS02,SKS03,EQM_4,0,0.5,240,after_decay,boundary_retained,2,peak_depth_error,0.42857142857142855,0.2142857142857143,0.21428571428571425,2
SKS02,SKS03,EQM_4,0,0.5,240,after_decay,boundary_retained,2,peak_load_error,0.34667359074485604,0.4384932708683654,-0.09181968012350937,2
SKS02,SKS03,EQM_4,0,0.5,240,after_decay,boundary_retained,2,profile_nrmse,0.1943428235319633,0.2277384498331821,-0.033395626301218756,2
SKS02,SKS03,EQM_4,0,0.5,240,after_decay,boundary_retained,3,peak_depth_error,0.42857142857142855,0.35714285714285715,0.0714285714285714,2
SKS02,SKS03,EQM_4,0,0.5,240,after_decay,boundary_retained,3,peak_load_error,0.34667359074485604,0.2705980233088948,0.07607556743596121,2
SKS02,SKS03,EQM_4,0,0.5,240,after_decay,boundary_retained,3,profile_nrmse,0.18452162618507792,0.17644891296080045,0.008072713224277453,2
SKS02,SKS03,EQM_4,0,0.5,240,after_decay,boundary_retained,4,peak_depth_error,0.0,0.35714285714285715,-0.35714285714285715,2
SKS02,SKS03,EQM_4,0,0.5,240,after_decay,boundary_retained,4,peak_load_error,0.0,0.2705980233088948,-0.2705980233088948,2
SKS02,SKS03,EQM_4,0,0.5,240,after_decay,boundary_retained,4,profile_nrmse,0.08821791934825748,0.17478239315011423,-0.08656447380185675,2
SKS02,SKS03,EQM_4,0,0.5,240,after_decay,original,2,peak_depth_error,0.42857142857142855,0.2142857142857143,0.21428571428571425,2
SKS02,SKS03,EQM_4,0,0.5,240,after_decay,original,2,peak_load_error,0.2549192181094161,0.4384932708683654,-0.18357405275894934,2
SKS02,SKS03,EQM_4,0,0.5,240,after_decay,original,2,profile_nrmse,0.18547772293412287,0.2277384498331821,-0.0422607268990592,2
SKS02,SKS03,EQM_4,0,0.5,240,after_decay,original,3,peak_depth_error,0.42857142857142855,0.35714285714285715,0.0714285714285714,2
SKS02,SKS03,EQM_4,0,0.5,240,after_decay,original,3,peak_load_error,0.34667359074485604,0.2705980233088948,0.07607556743596121,2
SKS02,SKS03,EQM_4,0,0.5,240,after_decay,original,3,profile_nrmse,0.18452162618507792,0.17644891296080045,0.008072713224277453,2
SKS02,SKS03,EQM_4,0,0.5,240,after_decay,original,4,peak_depth_error,0.0,0.35714285714285715,-0.35714285714285715,2
SKS02,SKS03,EQM_4,0,0.5,240,after_decay,original,4,peak_load_error,0.0,0.2705980233088948,-0.2705980233088948,2
SKS02,SKS03,EQM_4,0,0.5,240,after_decay,original,4,profile_nrmse,0.08821791934825748,0.17478239315011423,-0.08656447380185675,2
SKS02,SKS03,EQM_4,0,0.5,240,before_decay,boundary_retained,2,peak_depth_error,0.7142857142857142,0.2142857142857143,0.4999999999999999,2
SKS02,SKS03,EQM_4,0,0.5,240,before_decay,boundary_retained,2,peak_load_error,0.3488124272418874,0.45485434752054416,-0.1060419202786568,2
SKS02,SKS03,EQM_4,0,0.5,240,before_decay,boundary_retained,2,profile_nrmse,0.20956111513029413,0.251976078831033,-0.04241496370073891,2
SKS02,SKS03,EQM_4,0,0.5,240,before_decay,boundary_retained,3,peak_depth_error,0.7142857142857142,0.35714285714285715,0.35714285714285704,2
SKS02,SKS03,EQM_4,0,0.5,240,before_decay,boundary_retained,3,peak_load_error,0.3488124272418874,0.27403730338666227,0.0747751238552251,2
SKS02,SKS03,EQM_4,0,0.5,240,before_decay,boundary_retained,3,profile_nrmse,0.1968469876421557,0.1975869360725312,-0.0007399484303755172,2
SKS02,SKS03,EQM_4,0,0.5,240,before_decay,boundary_retained,4,peak_depth_error,0.0,0.35714285714285715,-0.35714285714285715,2
SKS02,SKS03,EQM_4,0,0.5,240,before_decay,boundary_retained,4,peak_load_error,0.0,0.27403730338666227,-0.27403730338666227,2
SKS02,SKS03,EQM_4,0,0.5,240,before_decay,boundary_retained,4,profile_nrmse,0.10011469305232762,0.19588905708322835,-0.0957743640309007,2
SKS02,SKS03,EQM_4,0,0.5,240,before_decay,original,2,peak_depth_error,0.42857142857142855,0.2142857142857143,0.21428571428571425,2
SKS02,SKS03,EQM_4,0,0.5,240,before_decay,original,2,peak_load_error,0.2513205650002246,0.45485434752054416,-0.20353378252031956,2
SKS02,SKS03,EQM_4,0,0.5,240,before_decay,original,2,profile_nrmse,0.20707238735634065,0.251976078831033,-0.04490369147469238,2
SKS02,SKS03,EQM_4,0,0.5,240,before_decay,original,3,peak_depth_error,0.7142857142857142,0.35714285714285715,0.35714285714285704,2
SKS02,SKS03,EQM_4,0,0.5,240,before_decay,original,3,peak_load_error,0.3488124272418874,0.27403730338666227,0.0747751238552251,2
SKS02,SKS03,EQM_4,0,0.5,240,before_decay,original,3,profile_nrmse,0.1968469876421557,0.1975869360725312,-0.0007399484303755172,2
SKS02,SKS03,EQM_4,0,0.5,240,before_decay,original,4,peak_depth_error,0.0,0.35714285714285715,-0.35714285714285715,2
SKS02,SKS03,EQM_4,0,0.5,240,before_decay,original,4,peak_load_error,0.0,0.27403730338666227,-0.27403730338666227,2
SKS02,SKS03,EQM_4,0,0.5,240,before_decay,original,4,profile_nrmse,0.10011469305232762,0.19588905708322835,-0.0957743640309007,2
SKS02,SKS03,EQM_4,0,0.5,240,shaking,boundary_retained,2,peak_depth_error,0.7857142857142856,0.5714285714285714,0.21428571428571425,2
SKS02,SKS03,EQM_4,0,0.5,240,shaking,boundary_retained,2,peak_load_error,0.34786054844359365,0.4623325313764711,-0.11447198293287741,2
SKS02,SKS03,EQM_4,0,0.5,240,shaking,boundary_retained,2,profile_nrmse,0.22062310546786695,0.2643869094986668,-0.043763804030799824,2
SKS02,SKS03,EQM_4,0,0.5,240,shaking,boundary_retained,3,peak_depth_error,0.7857142857142856,0.35714285714285715,0.4285714285714285,2
SKS02,SKS03,EQM_4,0,0.5,240,shaking,boundary_retained,3,peak_load_error,0.3475642767662028,0.27644420065307834,0.07112007611312442,2
SKS02,SKS03,EQM_4,0,0.5,240,shaking,boundary_retained,3,profile_nrmse,0.19997426741721214,0.20352275474945275,-0.003548487332240613,2
SKS02,SKS03,EQM_4,0,0.5,240,shaking,boundary_retained,4,peak_depth_error,0.0,0.35714285714285715,-0.35714285714285715,2
SKS02,SKS03,EQM_4,0,0.5,240,shaking,boundary_retained,4,peak_load_error,0.0,0.27644420065307834,-0.27644420065307834,2
SKS02,SKS03,EQM_4,0,0.5,240,shaking,boundary_retained,4,profile_nrmse,0.10605371043644538,0.2001805994685609,-0.09412688903211552,2
SKS02,SKS03,EQM_4,0,0.5,240,shaking,original,2,peak_depth_error,0.42857142857142855,0.5714285714285714,-0.14285714285714285,2
SKS02,SKS03,EQM_4,0,0.5,240,shaking,original,2,peak_load_error,0.2616595991054716,0.4623325313764711,-0.2006729322709995,2
SKS02,SKS03,EQM_4,0,0.5,240,shaking,original,2,profile_nrmse,0.2142708480456169,0.2643869094986668,-0.05011606145304989,2
SKS02,SKS03,EQM_4,0,0.5,240,shaking,original,3,peak_depth_error,0.7857142857142856,0.35714285714285715,0.4285714285714285,2
SKS02,SKS03,EQM_4,0,0.5,240,shaking,original,3,peak_load_error,0.3475642767662028,0.27644420065307834,0.07112007611312442,2
SKS02,SKS03,EQM_4,0,0.5,240,shaking,original,3,profile_nrmse,0.19997426741721214,0.20352275474945275,-0.003548487332240613,2
SKS02,SKS03,EQM_4,0,0.5,240,shaking,original,4,peak_depth_error,0.0,0.35714285714285715,-0.35714285714285715,2
SKS02,SKS03,EQM_4,0,0.5,240,shaking,original,4,peak_load_error,0.0,0.27644420065307834,-0.27644420065307834,2
SKS02,SKS03,EQM_4,0,0.5,240,shaking,original,4,profile_nrmse,0.10605371043644538,0.2001805994685609,-0.09412688903211552,2
SKS02,SKS03,EQM_4,0,0.75,120,after_decay,boundary_retained,2,peak_depth_error,0.42857142857142855,0.2142857142857143,0.21428571428571425,2
SKS02,SKS03,EQM_4,0,0.75,120,after_decay,boundary_retained,2,peak_load_error,0.34705669155974395,0.4384996652465824,-0.09144297368683847,2
SKS02,SKS03,EQM_4,0,0.75,120,after_decay,boundary_retained,2,profile_nrmse,0.1947246791253609,0.2281551805712273,-0.0334305014458664,2
SKS02,SKS03,EQM_4,0,0.75,120,after_decay,boundary_retained,3,peak_depth_error,0.42857142857142855,0.35714285714285715,0.0714285714285714,2
SKS02,SKS03,EQM_4,0,0.75,120,after_decay,boundary_retained,3,peak_load_error,0.34705669155974395,0.270700666594312,0.07635602496543194,2
SKS02,SKS03,EQM_4,0,0.75,120,after_decay,boundary_retained,3,profile_nrmse,0.18460488208813441,0.17671637237727225,0.007888509710862149,2
SKS02,SKS03,EQM_4,0,0.75,120,after_decay,boundary_retained,4,peak_depth_error,0.0,0.35714285714285715,-0.35714285714285715,2
SKS02,SKS03,EQM_4,0,0.75,120,after_decay,boundary_retained,4,peak_load_error,0.0,0.270700666594312,-0.270700666594312,2
SKS02,SKS03,EQM_4,0,0.75,120,after_decay,boundary_retained,4,profile_nrmse,0.08822849033600173,0.1750404375156855,-0.08681194717968374,2
SKS02,SKS03,EQM_4,0,0.75,120,after_decay,original,2,peak_depth_error,0.42857142857142855,0.2142857142857143,0.21428571428571425,2
SKS02,SKS03,EQM_4,0,0.75,120,after_decay,original,2,peak_load_error,0.25505902097058053,0.4384996652465824,-0.18344064427600187,2
SKS02,SKS03,EQM_4,0,0.75,120,after_decay,original,2,profile_nrmse,0.18581450057621485,0.2281551805712273,-0.042340679995012453,2
SKS02,SKS03,EQM_4,0,0.75,120,after_decay,original,3,peak_depth_error,0.42857142857142855,0.35714285714285715,0.0714285714285714,2
SKS02,SKS03,EQM_4,0,0.75,120,after_decay,original,3,peak_load_error,0.34705669155974395,0.270700666594312,0.07635602496543194,2
SKS02,SKS03,EQM_4,0,0.75,120,after_decay,original,3,profile_nrmse,0.18460488208813441,0.17671637237727225,0.007888509710862149,2
SKS02,SKS03,EQM_4,0,0.75,120,after_decay,original,4,peak_depth_error,0.0,0.35714285714285715,-0.35714285714285715,2
SKS02,SKS03,EQM_4,0,0.75,120,after_decay,original,4,peak_load_error,0.0,0.270700666594312,-0.270700666594312,2
SKS02,SKS03,EQM_4,0,0.75,120,after_decay,original,4,profile_nrmse,0.08822849033600173,0.1750404375156855,-0.08681194717968374,2
SKS02,SKS03,EQM_4,0,0.75,120,before_decay,boundary_retained,2,peak_depth_error,0.7142857142857142,0.2142857142857143,0.4999999999999999,2
SKS02,SKS03,EQM_4,0,0.75,120,before_decay,boundary_retained,2,peak_load_error,0.3443936825932749,0.4549888358859272,-0.11059515329265227,2
SKS02,SKS03,EQM_4,0,0.75,120,before_decay,boundary_retained,2,profile_nrmse,0.21000233565451493,0.2523653676237966,-0.042363031969281637,2
SKS02,SKS03,EQM_4,0,0.75,120,before_decay,boundary_retained,3,peak_depth_error,0.7142857142857142,0.35714285714285715,0.35714285714285704,2
SKS02,SKS03,EQM_4,0,0.75,120,before_decay,boundary_retained,3,peak_load_error,0.3443936825932749,0.27159163699100225,0.07280204560227263,2
SKS02,SKS03,EQM_4,0,0.75,120,before_decay,boundary_retained,3,profile_nrmse,0.19742578036125974,0.197991938013726,-0.0005661576524662593,2
SKS02,SKS03,EQM_4,0,0.75,120,before_decay,boundary_retained,4,peak_depth_error,0.0,0.35714285714285715,-0.35714285714285715,2
SKS02,SKS03,EQM_4,0,0.75,120,before_decay,boundary_retained,4,peak_load_error,0.0,0.27159163699100225,-0.27159163699100225,2
SKS02,SKS03,EQM_4,0,0.75,120,before_decay,boundary_retained,4,profile_nrmse,0.1006785429240484,0.19644926008152014,-0.09577071715747175,2
SKS02,SKS03,EQM_4,0,0.75,120,before_decay,original,2,peak_depth_error,0.42857142857142855,0.2142857142857143,0.21428571428571425,2
SKS02,SKS03,EQM_4,0,0.75,120,before_decay,original,2,peak_load_error,0.2473420014629506,0.4549888358859272,-0.20764683442297655,2
SKS02,SKS03,EQM_4,0,0.75,120,before_decay,original,2,profile_nrmse,0.20799727086949693,0.2523653676237966,-0.04436809675429963,2
SKS02,SKS03,EQM_4,0,0.75,120,before_decay,original,3,peak_depth_error,0.7142857142857142,0.35714285714285715,0.35714285714285704,2
SKS02,SKS03,EQM_4,0,0.75,120,before_decay,original,3,peak_load_error,0.3443936825932749,0.27159163699100225,0.07280204560227263,2
SKS02,SKS03,EQM_4,0,0.75,120,before_decay,original,3,profile_nrmse,0.19742578036125974,0.197991938013726,-0.0005661576524662593,2
SKS02,SKS03,EQM_4,0,0.75,120,before_decay,original,4,peak_depth_error,0.0,0.35714285714285715,-0.35714285714285715,2
SKS02,SKS03,EQM_4,0,0.75,120,before_decay,original,4,peak_load_error,0.0,0.27159163699100225,-0.27159163699100225,2
SKS02,SKS03,EQM_4,0,0.75,120,before_decay,original,4,profile_nrmse,0.1006785429240484,0.19644926008152014,-0.09577071715747175,2
SKS02,SKS03,EQM_4,0,0.75,120,shaking,boundary_retained,2,peak_depth_error,0.7857142857142856,0.5714285714285714,0.21428571428571425,2
SKS02,SKS03,EQM_4,0,0.75,120,shaking,boundary_retained,2,peak_load_error,0.34506670421248736,0.4631340346564808,-0.11806733044399342,2
SKS02,SKS03,EQM_4,0,0.75,120,shaking,boundary_retained,2,profile_nrmse,0.22055447207565354,0.2640352549919045,-0.04348078291625097,2
SKS02,SKS03,EQM_4,0,0.75,120,shaking,boundary_retained,3,peak_depth_error,0.7857142857142856,0.35714285714285715,0.4285714285714285,2
SKS02,SKS03,EQM_4,0,0.75,120,shaking,boundary_retained,3,peak_load_error,0.34506670421248736,0.27856282077001454,0.06650388344247284,2
SKS02,SKS03,EQM_4,0,0.75,120,shaking,boundary_retained,3,profile_nrmse,0.20016295738621837,0.20326654536256894,-0.0031035879763506025,2
SKS02,SKS03,EQM_4,0,0.75,120,shaking,boundary_retained,4,peak_depth_error,0.0,0.35714285714285715,-0.35714285714285715,2
SKS02,SKS03,EQM_4,0,0.75,120,shaking,boundary_retained,4,peak_load_error,0.0,0.27856282077001454,-0.27856282077001454,2
SKS02,SKS03,EQM_4,0,0.75,120,shaking,boundary_retained,4,profile_nrmse,0.1056137615056492,0.20036314989914616,-0.09474938839349697,2
SKS02,SKS03,EQM_4,0,0.75,120,shaking,original,2,peak_depth_error,0.42857142857142855,0.5714285714285714,-0.14285714285714285,2
SKS02,SKS03,EQM_4,0,0.75,120,shaking,original,2,peak_load_error,0.25924532338353057,0.4631340346564808,-0.20388871127295025,2
SKS02,SKS03,EQM_4,0,0.75,120,shaking,original,2,profile_nrmse,0.21417203304484106,0.2640352549919045,-0.04986322194706347,2
SKS02,SKS03,EQM_4,0,0.75,120,shaking,original,3,peak_depth_error,0.7857142857142856,0.35714285714285715,0.4285714285714285,2
SKS02,SKS03,EQM_4,0,0.75,120,shaking,original,3,peak_load_error,0.34506670421248736,0.27856282077001454,0.06650388344247284,2
SKS02,SKS03,EQM_4,0,0.75,120,shaking,original,3,profile_nrmse,0.20016295738621837,0.20326654536256894,-0.0031035879763506025,2
SKS02,SKS03,EQM_4,0,0.75,120,shaking,original,4,peak_depth_error,0.0,0.35714285714285715,-0.35714285714285715,2
SKS02,SKS03,EQM_4,0,0.75,120,shaking,original,4,peak_load_error,0.0,0.27856282077001454,-0.27856282077001454,2
SKS02,SKS03,EQM_4,0,0.75,120,shaking,original,4,profile_nrmse,0.1056137615056492,0.20036314989914616,-0.09474938839349697,2
SKS02,SKS03,EQM_4,0,0.75,240,after_decay,boundary_retained,2,peak_depth_error,0.42857142857142855,0.2142857142857143,0.21428571428571425,2
SKS02,SKS03,EQM_4,0,0.75,240,after_decay,boundary_retained,2,peak_load_error,0.34697221652649807,0.4385125290098143,-0.09154031248331623,2
SKS02,SKS03,EQM_4,0,0.75,240,after_decay,boundary_retained,2,profile_nrmse,0.19469341112857338,0.2280681297434826,-0.033374718614909205,2
SKS02,SKS03,EQM_4,0,0.75,240,after_decay,boundary_retained,3,peak_depth_error,0.42857142857142855,0.35714285714285715,0.0714285714285714,2
SKS02,SKS03,EQM_4,0,0.75,240,after_decay,boundary_retained,3,peak_load_error,0.34697221652649807,0.27070641411963464,0.07626580240686343,2
SKS02,SKS03,EQM_4,0,0.75,240,after_decay,boundary_retained,3,profile_nrmse,0.1846096600297286,0.1766931658574604,0.007916494172268196,2
SKS02,SKS03,EQM_4,0,0.75,240,after_decay,boundary_retained,4,peak_depth_error,0.0,0.35714285714285715,-0.35714285714285715,2
SKS02,SKS03,EQM_4,0,0.75,240,after_decay,boundary_retained,4,peak_load_error,0.0,0.27070641411963464,-0.27070641411963464,2
SKS02,SKS03,EQM_4,0,0.75,240,after_decay,boundary_retained,4,profile_nrmse,0.0882284658112673,0.17502304352926285,-0.08679457771799556,2
SKS02,SKS03,EQM_4,0,0.75,240,after_decay,original,2,peak_depth_error,0.42857142857142855,0.2142857142857143,0.21428571428571425,2
SKS02,SKS03,EQM_4,0,0.75,240,after_decay,original,2,peak_load_error,0.2549676703488517,0.4385125290098143,-0.1835448586609626,2
SKS02,SKS03,EQM_4,0,0.75,240,after_decay,original,2,profile_nrmse,0.1858114636265731,0.2280681297434826,-0.04225666611690948,2
SKS02,SKS03,EQM_4,0,0.75,240,after_decay,original,3,peak_depth_error,0.42857142857142855,0.35714285714285715,0.0714285714285714,2
SKS02,SKS03,EQM_4,0,0.75,240,after_decay,original,3,peak_load_error,0.34697221652649807,0.27070641411963464,0.07626580240686343,2
SKS02,SKS03,EQM_4,0,0.75,240,after_decay,original,3,profile_nrmse,0.1846096600297286,0.1766931658574604,0.007916494172268196,2
SKS02,SKS03,EQM_4,0,0.75,240,after_decay,original,4,peak_depth_error,0.0,0.35714285714285715,-0.35714285714285715,2
SKS02,SKS03,EQM_4,0,0.75,240,after_decay,original,4,peak_load_error,0.0,0.27070641411963464,-0.27070641411963464,2
SKS02,SKS03,EQM_4,0,0.75,240,after_decay,original,4,profile_nrmse,0.0882284658112673,0.17502304352926285,-0.08679457771799556,2
SKS02,SKS03,EQM_4,0,0.75,240,before_decay,boundary_retained,2,peak_depth_error,0.7142857142857142,0.2142857142857143,0.4999999999999999,2
SKS02,SKS03,EQM_4,0,0.75,240,before_decay,boundary_retained,2,peak_load_error,0.34166273171421574,0.45570229421248376,-0.114039562498268,2
SKS02,SKS03,EQM_4,0,0.75,240,before_decay,boundary_retained,2,profile_nrmse,0.21054792026059382,0.25244039620605946,-0.041892475945465635,2
SKS02,SKS03,EQM_4,0,0.75,240,before_decay,boundary_retained,3,peak_depth_error,0.7142857142857142,0.35714285714285715,0.35714285714285704,2
SKS02,SKS03,EQM_4,0,0.75,240,before_decay,boundary_retained,3,peak_load_error,0.34166273171421574,0.27137969580206067,0.07028303591215508,2
SKS02,SKS03,EQM_4,0,0.75,240,before_decay,boundary_retained,3,profile_nrmse,0.19780411017276706,0.19883408215407636,-0.0010299719813092884,2
SKS02,SKS03,EQM_4,0,0.75,240,before_decay,boundary_retained,4,peak_depth_error,0.0,0.35714285714285715,-0.35714285714285715,2
SKS02,SKS03,EQM_4,0,0.75,240,before_decay,boundary_retained,4,peak_load_error,0.0,0.27137969580206067,-0.27137969580206067,2
SKS02,SKS03,EQM_4,0,0.75,240,before_decay,boundary_retained,4,profile_nrmse,0.10096393305562087,0.19723483156061036,-0.09627089850498949,2
SKS02,SKS03,EQM_4,0,0.75,240,before_decay,original,2,peak_depth_error,0.42857142857142855,0.2142857142857143,0.21428571428571425,2
SKS02,SKS03,EQM_4,0,0.75,240,before_decay,original,2,peak_load_error,0.24684750315618725,0.45570229421248376,-0.2088547910562965,2
SKS02,SKS03,EQM_4,0,0.75,240,before_decay,original,2,profile_nrmse,0.20824034987315748,0.25244039620605946,-0.04420004633290199,2
SKS02,SKS03,EQM_4,0,0.75,240,before_decay,original,3,peak_depth_error,0.7142857142857142,0.35714285714285715,0.35714285714285704,2
SKS02,SKS03,EQM_4,0,0.75,240,before_decay,original,3,peak_load_error,0.34166273171421574,0.27137969580206067,0.07028303591215508,2
SKS02,SKS03,EQM_4,0,0.75,240,before_decay,original,3,profile_nrmse,0.19780411017276706,0.19883408215407636,-0.0010299719813092884,2
SKS02,SKS03,EQM_4,0,0.75,240,before_decay,original,4,peak_depth_error,0.0,0.35714285714285715,-0.35714285714285715,2
SKS02,SKS03,EQM_4,0,0.75,240,before_decay,original,4,peak_load_error,0.0,0.27137969580206067,-0.27137969580206067,2
SKS02,SKS03,EQM_4,0,0.75,240,before_decay,original,4,profile_nrmse,0.10096393305562087,0.19723483156061036,-0.09627089850498949,2
SKS02,SKS03,EQM_4,0,0.75,240,shaking,boundary_retained,2,peak_depth_error,0.7857142857142856,0.5714285714285714,0.21428571428571425,2
SKS02,SKS03,EQM_4,0,0.75,240,shaking,boundary_retained,2,peak_load_error,0.34786054844359365,0.4623325313764711,-0.11447198293287741,2
SKS02,SKS03,EQM_4,0,0.75,240,shaking,boundary_retained,2,profile_nrmse,0.22062310546786695,0.2643869094986668,-0.043763804030799824,2
SKS02,SKS03,EQM_4,0,0.75,240,shaking,boundary_retained,3,peak_depth_error,0.7857142857142856,0.35714285714285715,0.4285714285714285,2
SKS02,SKS03,EQM_4,0,0.75,240,shaking,boundary_retained,3,peak_load_error,0.3475642767662028,0.27644420065307834,0.07112007611312442,2
SKS02,SKS03,EQM_4,0,0.75,240,shaking,boundary_retained,3,profile_nrmse,0.19997426741721214,0.20352275474945275,-0.003548487332240613,2
SKS02,SKS03,EQM_4,0,0.75,240,shaking,boundary_retained,4,peak_depth_error,0.0,0.35714285714285715,-0.35714285714285715,2
SKS02,SKS03,EQM_4,0,0.75,240,shaking,boundary_retained,4,peak_load_error,0.0,0.27644420065307834,-0.27644420065307834,2
SKS02,SKS03,EQM_4,0,0.75,240,shaking,boundary_retained,4,profile_nrmse,0.10605371043644538,0.2001805994685609,-0.09412688903211552,2
SKS02,SKS03,EQM_4,0,0.75,240,shaking,original,2,peak_depth_error,0.42857142857142855,0.5714285714285714,-0.14285714285714285,2
SKS02,SKS03,EQM_4,0,0.75,240,shaking,original,2,peak_load_error,0.2616595991054716,0.4623325313764711,-0.2006729322709995,2
SKS02,SKS03,EQM_4,0,0.75,240,shaking,original,2,profile_nrmse,0.2142708480456169,0.2643869094986668,-0.05011606145304989,2
SKS02,SKS03,EQM_4,0,0.75,240,shaking,original,3,peak_depth_error,0.7857142857142856,0.35714285714285715,0.4285714285714285,2
SKS02,SKS03,EQM_4,0,0.75,240,shaking,original,3,peak_load_error,0.3475642767662028,0.27644420065307834,0.07112007611312442,2
SKS02,SKS03,EQM_4,0,0.75,240,shaking,original,3,profile_nrmse,0.19997426741721214,0.20352275474945275,-0.003548487332240613,2
SKS02,SKS03,EQM_4,0,0.75,240,shaking,original,4,peak_depth_error,0.0,0.35714285714285715,-0.35714285714285715,2
SKS02,SKS03,EQM_4,0,0.75,240,shaking,original,4,peak_load_error,0.0,0.27644420065307834,-0.27644420065307834,2
SKS02,SKS03,EQM_4,0,0.75,240,shaking,original,4,profile_nrmse,0.10605371043644538,0.2001805994685609,-0.09412688903211552,2
SKS02,SKS03,EQM_4,1,0.25,120,after_decay,boundary_retained,2,peak_depth_error,0.42857142857142855,0.2142857142857143,0.21428571428571425,2
SKS02,SKS03,EQM_4,1,0.25,120,after_decay,boundary_retained,2,peak_load_error,0.3460447940171239,0.43832864353139345,-0.09228384951426952,2
SKS02,SKS03,EQM_4,1,0.25,120,after_decay,boundary_retained,2,profile_nrmse,0.1939856400840959,0.2272130571519856,-0.033227417067889675,2
SKS02,SKS03,EQM_4,1,0.25,120,after_decay,boundary_retained,3,peak_depth_error,0.42857142857142855,0.35714285714285715,0.0714285714285714,2
SKS02,SKS03,EQM_4,1,0.25,120,after_decay,boundary_retained,3,peak_load_error,0.3460447940171239,0.2704301319441731,0.07561466207295081,2
SKS02,SKS03,EQM_4,1,0.25,120,after_decay,boundary_retained,3,profile_nrmse,0.18448998940652273,0.17587625274218854,0.008613736664334182,2
SKS02,SKS03,EQM_4,1,0.25,120,after_decay,boundary_retained,4,peak_depth_error,0.0,0.35714285714285715,-0.35714285714285715,2
SKS02,SKS03,EQM_4,1,0.25,120,after_decay,boundary_retained,4,peak_load_error,0.0,0.2704301319441731,-0.2704301319441731,2
SKS02,SKS03,EQM_4,1,0.25,120,after_decay,boundary_retained,4,profile_nrmse,0.08815520344861003,0.1745903956227854,-0.08643519217417536,2
SKS02,SKS03,EQM_4,1,0.25,120,after_decay,original,2,peak_depth_error,0.42857142857142855,0.2142857142857143,0.21428571428571425,2
SKS02,SKS03,EQM_4,1,0.25,120,after_decay,original,2,peak_load_error,0.2547120114615537,0.43832864353139345,-0.18361663206983972,2
SKS02,SKS03,EQM_4,1,0.25,120,after_decay,original,2,profile_nrmse,0.18510062622476478,0.2272130571519856,-0.042112430927220806,2
SKS02,SKS03,EQM_4,1,0.25,120,after_decay,original,3,peak_depth_error,0.42857142857142855,0.35714285714285715,0.0714285714285714,2
SKS02,SKS03,EQM_4,1,0.25,120,after_decay,original,3,peak_load_error,0.3460447940171239,0.2704301319441731,0.07561466207295081,2
SKS02,SKS03,EQM_4,1,0.25,120,after_decay,original,3,profile_nrmse,0.18448998940652273,0.17587625274218854,0.008613736664334182,2
SKS02,SKS03,EQM_4,1,0.25,120,after_decay,original,4,peak_depth_error,0.0,0.35714285714285715,-0.35714285714285715,2
SKS02,SKS03,EQM_4,1,0.25,120,after_decay,original,4,peak_load_error,0.0,0.2704301319441731,-0.2704301319441731,2
SKS02,SKS03,EQM_4,1,0.25,120,after_decay,original,4,profile_nrmse,0.08815520344861003,0.1745903956227854,-0.08643519217417536,2
SKS02,SKS03,EQM_4,1,0.25,120,before_decay,boundary_retained,2,peak_depth_error,0.7142857142857142,0.2142857142857143,0.4999999999999999,2
SKS02,SKS03,EQM_4,1,0.25,120,before_decay,boundary_retained,2,peak_load_error,0.35387068970468327,0.4499597494174283,-0.09608905971274503,2
SKS02,SKS03,EQM_4,1,0.25,120,before_decay,boundary_retained,2,profile_nrmse,0.20713527292054684,0.24767242857715963,-0.0405371556566128,2
SKS02,SKS03,EQM_4,1,0.25,120,before_decay,boundary_retained,3,peak_depth_error,0.7142857142857142,0.35714285714285715,0.35714285714285704,2
SKS02,SKS03,EQM_4,1,0.25,120,before_decay,boundary_retained,3,peak_load_error,0.35387068970468327,0.27486207501640825,0.07900861468827503,2
SKS02,SKS03,EQM_4,1,0.25,120,before_decay,boundary_retained,3,profile_nrmse,0.19468636323970007,0.1937819337023519,0.0009044295373481642,2
SKS02,SKS03,EQM_4,1,0.25,120,before_decay,boundary_retained,4,peak_depth_error,0.0,0.35714285714285715,-0.35714285714285715,2
SKS02,SKS03,EQM_4,1,0.25,120,before_decay,boundary_retained,4,peak_load_error,0.0,0.27486207501640825,-0.27486207501640825,2
SKS02,SKS03,EQM_4,1,0.25,120,before_decay,boundary_retained,4,profile_nrmse,0.09772153121588512,0.19204122559953518,-0.09431969438365005,2
SKS02,SKS03,EQM_4,1,0.25,120,before_decay,original,2,peak_depth_error,0.42857142857142855,0.2142857142857143,0.21428571428571425,2
SKS02,SKS03,EQM_4,1,0.25,120,before_decay,original,2,peak_load_error,0.25343651708796566,0.4499597494174283,-0.19652323232946262,2
SKS02,SKS03,EQM_4,1,0.25,120,before_decay,original,2,profile_nrmse,0.20440008692985417,0.24767242857715963,-0.04327234164730544,2
SKS02,SKS03,EQM_4,1,0.25,120,before_decay,original,3,peak_depth_error,0.7142857142857142,0.35714285714285715,0.35714285714285704,2
SKS02,SKS03,EQM_4,1,0.25,120,before_decay,original,3,peak_load_error,0.35387068970468327,0.27486207501640825,0.07900861468827503,2
SKS02,SKS03,EQM_4,1,0.25,120,before_decay,original,3,profile_nrmse,0.19468636323970007,0.1937819337023519,0.0009044295373481642,2
SKS02,SKS03,EQM_4,1,0.25,120,before_decay,original,4,peak_depth_error,0.0,0.35714285714285715,-0.35714285714285715,2
SKS02,SKS03,EQM_4,1,0.25,120,before_decay,original,4,peak_load_error,0.0,0.27486207501640825,-0.27486207501640825,2
SKS02,SKS03,EQM_4,1,0.25,120,before_decay,original,4,profile_nrmse,0.09772153121588512,0.19204122559953518,-0.09431969438365005,2
SKS02,SKS03,EQM_4,1,0.25,120,shaking,boundary_retained,2,peak_depth_error,0.7142857142857142,0.2142857142857143,0.4999999999999999,2
SKS02,SKS03,EQM_4,1,0.25,120,shaking,boundary_retained,2,peak_load_error,0.3316011768276097,0.45072631873697655,-0.11912514190936688,2
SKS02,SKS03,EQM_4,1,0.25,120,shaking,boundary_retained,2,profile_nrmse,0.20190672276227617,0.24688107169771978,-0.04497434893544362,2
SKS02,SKS03,EQM_4,1,0.25,120,shaking,boundary_retained,3,peak_depth_error,0.7142857142857142,0.35714285714285715,0.35714285714285704,2
SKS02,SKS03,EQM_4,1,0.25,120,shaking,boundary_retained,3,peak_load_error,0.3316011768276097,0.2582343764825151,0.07336680034509453,2
SKS02,SKS03,EQM_4,1,0.25,120,shaking,boundary_retained,3,profile_nrmse,0.19104418197362147,0.19200137723690525,-0.0009571952632837916,2
SKS02,SKS03,EQM_4,1,0.25,120,shaking,boundary_retained,4,peak_depth_error,0.0,0.35714285714285715,-0.35714285714285715,2
SKS02,SKS03,EQM_4,1,0.25,120,shaking,boundary_retained,4,peak_load_error,0.0,0.2582343764825151,-0.2582343764825151,2
SKS02,SKS03,EQM_4,1,0.25,120,shaking,boundary_retained,4,profile_nrmse,0.09817316779033651,0.19053429164252475,-0.09236112385218824,2
SKS02,SKS03,EQM_4,1,0.25,120,shaking,original,2,peak_depth_error,0.42857142857142855,0.2142857142857143,0.21428571428571425,2
SKS02,SKS03,EQM_4,1,0.25,120,shaking,original,2,peak_load_error,0.24208331689342333,0.45072631873697655,-0.20864300184355322,2
SKS02,SKS03,EQM_4,1,0.25,120,shaking,original,2,profile_nrmse,0.2031235817214801,0.24688107169771978,-0.0437574899762397,2
SKS02,SKS03,EQM_4,1,0.25,120,shaking,original,3,peak_depth_error,0.7142857142857142,0.35714285714285715,0.35714285714285704,2
SKS02,SKS03,EQM_4,1,0.25,120,shaking,original,3,peak_load_error,0.3316011768276097,0.2582343764825151,0.07336680034509453,2
SKS02,SKS03,EQM_4,1,0.25,120,shaking,original,3,profile_nrmse,0.19104418197362147,0.19200137723690525,-0.0009571952632837916,2
SKS02,SKS03,EQM_4,1,0.25,120,shaking,original,4,peak_depth_error,0.0,0.35714285714285715,-0.35714285714285715,2
SKS02,SKS03,EQM_4,1,0.25,120,shaking,original,4,peak_load_error,0.0,0.2582343764825151,-0.2582343764825151,2
SKS02,SKS03,EQM_4,1,0.25,120,shaking,original,4,profile_nrmse,0.09817316779033651,0.19053429164252475,-0.09236112385218824,2
SKS02,SKS03,EQM_4,1,0.25,240,after_decay,boundary_retained,2,peak_depth_error,0.42857142857142855,0.2142857142857143,0.21428571428571425,2
SKS02,SKS03,EQM_4,1,0.25,240,after_decay,boundary_retained,2,peak_load_error,0.34592530973144564,0.4383784928117645,-0.09245318308031888,2
SKS02,SKS03,EQM_4,1,0.25,240,after_decay,boundary_retained,2,profile_nrmse,0.1939854733499013,0.2272116727094401,-0.03322619935953881,2
SKS02,SKS03,EQM_4,1,0.25,240,after_decay,boundary_retained,3,peak_depth_error,0.42857142857142855,0.35714285714285715,0.0714285714285714,2
SKS02,SKS03,EQM_4,1,0.25,240,after_decay,boundary_retained,3,peak_load_error,0.34592530973144564,0.27050935989176306,0.07541594983968253,2
SKS02,SKS03,EQM_4,1,0.25,240,after_decay,boundary_retained,3,profile_nrmse,0.1844799003644827,0.17589631411529644,0.008583586249186287,2
SKS02,SKS03,EQM_4,1,0.25,240,after_decay,boundary_retained,4,peak_depth_error,0.0,0.35714285714285715,-0.35714285714285715,2
SKS02,SKS03,EQM_4,1,0.25,240,after_decay,boundary_retained,4,peak_load_error,0.0,0.27050935989176306,-0.27050935989176306,2
SKS02,SKS03,EQM_4,1,0.25,240,after_decay,boundary_retained,4,profile_nrmse,0.08817652931931946,0.1745576822230648,-0.08638115290374535,2
SKS02,SKS03,EQM_4,1,0.25,240,after_decay,original,2,peak_depth_error,0.42857142857142855,0.2142857142857143,0.21428571428571425,2
SKS02,SKS03,EQM_4,1,0.25,240,after_decay,original,2,peak_load_error,0.2547140347901147,0.4383784928117645,-0.1836644580216498,2
SKS02,SKS03,EQM_4,1,0.25,240,after_decay,original,2,profile_nrmse,0.18512973173481168,0.2272116727094401,-0.04208194097462843,2
SKS02,SKS03,EQM_4,1,0.25,240,after_decay,original,3,peak_depth_error,0.42857142857142855,0.35714285714285715,0.0714285714285714,2
SKS02,SKS03,EQM_4,1,0.25,240,after_decay,original,3,peak_load_error,0.34592530973144564,0.27050935989176306,0.07541594983968253,2
SKS02,SKS03,EQM_4,1,0.25,240,after_decay,original,3,profile_nrmse,0.1844799003644827,0.17589631411529644,0.008583586249186287,2
SKS02,SKS03,EQM_4,1,0.25,240,after_decay,original,4,peak_depth_error,0.0,0.35714285714285715,-0.35714285714285715,2
SKS02,SKS03,EQM_4,1,0.25,240,after_decay,original,4,peak_load_error,0.0,0.27050935989176306,-0.27050935989176306,2
SKS02,SKS03,EQM_4,1,0.25,240,after_decay,original,4,profile_nrmse,0.08817652931931946,0.1745576822230648,-0.08638115290374535,2
SKS02,SKS03,EQM_4,1,0.25,240,before_decay,boundary_retained,2,peak_depth_error,0.7142857142857142,0.2142857142857143,0.4999999999999999,2
SKS02,SKS03,EQM_4,1,0.25,240,before_decay,boundary_retained,2,peak_load_error,0.35331408390790614,0.45336173512794736,-0.10004765122004122,2
SKS02,SKS03,EQM_4,1,0.25,240,before_decay,boundary_retained,2,profile_nrmse,0.20844054540287033,0.24975420358623912,-0.041313658183368795,2
SKS02,SKS03,EQM_4,1,0.25,240,before_decay,boundary_retained,3,peak_depth_error,0.7142857142857142,0.35714285714285715,0.35714285714285704,2
SKS02,SKS03,EQM_4,1,0.25,240,before_decay,boundary_retained,3,peak_load_error,0.35331408390790614,0.2761973962323856,0.07711668767552056,2
SKS02,SKS03,EQM_4,1,0.25,240,before_decay,boundary_retained,3,profile_nrmse,0.19588549589823365,0.1958493237137951,3.617218443856263e-05,2
SKS02,SKS03,EQM_4,1,0.25,240,before_decay,boundary_retained,4,peak_depth_error,0.0,0.35714285714285715,-0.35714285714285715,2
SKS02,SKS03,EQM_4,1,0.25,240,before_decay,boundary_retained,4,peak_load_error,0.0,0.2761973962323856,-0.2761973962323856,2
SKS02,SKS03,EQM_4,1,0.25,240,before_decay,boundary_retained,4,profile_nrmse,0.09905671826302861,0.19427080064203278,-0.09521408237900417,2
SKS02,SKS03,EQM_4,1,0.25,240,before_decay,original,2,peak_depth_error,0.42857142857142855,0.2142857142857143,0.21428571428571425,2
SKS02,SKS03,EQM_4,1,0.25,240,before_decay,original,2,peak_load_error,0.2547957697124782,0.45336173512794736,-0.19856596541546917,2
SKS02,SKS03,EQM_4,1,0.25,240,before_decay,original,2,profile_nrmse,0.20593778000378424,0.24975420358623912,-0.04381642358245488,2
SKS02,SKS03,EQM_4,1,0.25,240,before_decay,original,3,peak_depth_error,0.7142857142857142,0.35714285714285715,0.35714285714285704,2
SKS02,SKS03,EQM_4,1,0.25,240,before_decay,original,3,peak_load_error,0.35331408390790614,0.2761973962323856,0.07711668767552056,2
SKS02,SKS03,EQM_4,1,0.25,240,before_decay,original,3,profile_nrmse,0.19588549589823365,0.1958493237137951,3.617218443856263e-05,2
SKS02,SKS03,EQM_4,1,0.25,240,before_decay,original,4,peak_depth_error,0.0,0.35714285714285715,-0.35714285714285715,2
SKS02,SKS03,EQM_4,1,0.25,240,before_decay,original,4,peak_load_error,0.0,0.2761973962323856,-0.2761973962323856,2
SKS02,SKS03,EQM_4,1,0.25,240,before_decay,original,4,profile_nrmse,0.09905671826302861,0.19427080064203278,-0.09521408237900417,2
SKS02,SKS03,EQM_4,1,0.25,240,shaking,boundary_retained,2,peak_depth_error,0.7142857142857142,0.2142857142857143,0.4999999999999999,2
SKS02,SKS03,EQM_4,1,0.25,240,shaking,boundary_retained,2,peak_load_error,0.3315991579404239,0.45074199987113045,-0.11914284193070657,2
SKS02,SKS03,EQM_4,1,0.25,240,shaking,boundary_retained,2,profile_nrmse,0.20189891819298633,0.24687709437958683,-0.044978176186600494,2
SKS02,SKS03,EQM_4,1,0.25,240,shaking,boundary_retained,3,peak_depth_error,0.7142857142857142,0.35714285714285715,0.35714285714285704,2
SKS02,SKS03,EQM_4,1,0.25,240,shaking,boundary_retained,3,peak_load_error,0.3315991579404239,0.258282850374132,0.07331630756629186,2
SKS02,SKS03,EQM_4,1,0.25,240,shaking,boundary_retained,3,profile_nrmse,0.1910438152873835,0.19200164832562838,-0.0009578330382448708,2
SKS02,SKS03,EQM_4,1,0.25,240,shaking,boundary_retained,4,peak_depth_error,0.0,0.35714285714285715,-0.35714285714285715,2
SKS02,SKS03,EQM_4,1,0.25,240,shaking,boundary_retained,4,peak_load_error,0.0,0.258282850374132,-0.258282850374132,2
SKS02,SKS03,EQM_4,1,0.25,240,shaking,boundary_retained,4,profile_nrmse,0.09817517468949952,0.1905148976287251,-0.09233972293922557,2
SKS02,SKS03,EQM_4,1,0.25,240,shaking,original,2,peak_depth_error,0.42857142857142855,0.2142857142857143,0.21428571428571425,2
SKS02,SKS03,EQM_4,1,0.25,240,shaking,original,2,peak_load_error,0.24211223450143643,0.45074199987113045,-0.20862976536969402,2
SKS02,SKS03,EQM_4,1,0.25,240,shaking,original,2,profile_nrmse,0.20311236215070277,0.24687709437958683,-0.043764732228884065,2
SKS02,SKS03,EQM_4,1,0.25,240,shaking,original,3,peak_depth_error,0.7142857142857142,0.35714285714285715,0.35714285714285704,2
SKS02,SKS03,EQM_4,1,0.25,240,shaking,original,3,peak_load_error,0.3315991579404239,0.258282850374132,0.07331630756629186,2
SKS02,SKS03,EQM_4,1,0.25,240,shaking,original,3,profile_nrmse,0.1910438152873835,0.19200164832562838,-0.0009578330382448708,2
SKS02,SKS03,EQM_4,1,0.25,240,shaking,original,4,peak_depth_error,0.0,0.35714285714285715,-0.35714285714285715,2
SKS02,SKS03,EQM_4,1,0.25,240,shaking,original,4,peak_load_error,0.0,0.258282850374132,-0.258282850374132,2
SKS02,SKS03,EQM_4,1,0.25,240,shaking,original,4,profile_nrmse,0.09817517468949952,0.1905148976287251,-0.09233972293922557,2
SKS02,SKS03,EQM_4,1,0.5,120,after_decay,boundary_retained,2,peak_depth_error,0.42857142857142855,0.2142857142857143,0.21428571428571425,2
SKS02,SKS03,EQM_4,1,0.5,120,after_decay,boundary_retained,2,peak_load_error,0.34655486278978376,0.4384876285790973,-0.09193276578931357,2
SKS02,SKS03,EQM_4,1,0.5,120,after_decay,boundary_retained,2,profile_nrmse,0.19429514538787282,0.2276489693508039,-0.03335382396293107,2
SKS02,SKS03,EQM_4,1,0.5,120,after_decay,boundary_retained,3,peak_depth_error,0.42857142857142855,0.35714285714285715,0.0714285714285714,2
SKS02,SKS03,EQM_4,1,0.5,120,after_decay,boundary_retained,3,peak_load_error,0.34655486278978376,0.27056827247818804,0.0759865903115957,2
SKS02,SKS03,EQM_4,1,0.5,120,after_decay,boundary_retained,3,profile_nrmse,0.18449772171925577,0.176399990357554,0.008097731361701777,2
SKS02,SKS03,EQM_4,1,0.5,120,after_decay,boundary_retained,4,peak_depth_error,0.0,0.35714285714285715,-0.35714285714285715,2
SKS02,SKS03,EQM_4,1,0.5,120,after_decay,boundary_retained,4,peak_load_error,0.0,0.27056827247818804,-0.27056827247818804,2
SKS02,SKS03,EQM_4,1,0.5,120,after_decay,boundary_retained,4,profile_nrmse,0.08821453177538369,0.17478177051525193,-0.08656723873986824,2
SKS02,SKS03,EQM_4,1,0.5,120,after_decay,original,2,peak_depth_error,0.42857142857142855,0.2142857142857143,0.21428571428571425,2
SKS02,SKS03,EQM_4,1,0.5,120,after_decay,original,2,peak_load_error,0.2549008282199019,0.4384876285790973,-0.18358680035919545,2
SKS02,SKS03,EQM_4,1,0.5,120,after_decay,original,2,profile_nrmse,0.1854353571912502,0.2276489693508039,-0.0422136121595537,2
SKS02,SKS03,EQM_4,1,0.5,120,after_decay,original,3,peak_depth_error,0.42857142857142855,0.35714285714285715,0.0714285714285714,2
SKS02,SKS03,EQM_4,1,0.5,120,after_decay,original,3,peak_load_error,0.34655486278978376,0.27056827247818804,0.0759865903115957,2
SKS02,SKS03,EQM_4,1,0.5,120,after_decay,original,3,profile_nrmse,0.18449772171925577,0.176399990357554,0.008097731361701777,2
SKS02,SKS03,EQM_4,1,0.5,120,after_decay,original,4,peak_depth_error,0.0,0.35714285714285715,-0.35714285714285715,2
SKS02,SKS03,EQM_4,1,0.5,120,after_decay,original,4,peak_load_error,0.0,0.27056827247818804,-0.27056827247818804,2
SKS02,SKS03,EQM_4,1,0.5,120,after_decay,original,4,profile_nrmse,0.08821453177538369,0.17478177051525193,-0.08656723873986824,2
SKS02,SKS03,EQM_4,1,0.5,120,before_decay,boundary_retained,2,peak_depth_error,0.7142857142857142,0.2142857142857143,0.4999999999999999,2
SKS02,SKS03,EQM_4,1,0.5,120,before_decay,boundary_retained,2,peak_load_error,0.34961149031147654,0.45340244594539736,-0.10379095563392082,2
SKS02,SKS03,EQM_4,1,0.5,120,before_decay,boundary_retained,2,profile_nrmse,0.2087225754556038,0.2505921205555863,-0.04186954509998245,2
SKS02,SKS03,EQM_4,1,0.5,120,before_decay,boundary_retained,3,peak_depth_error,0.7142857142857142,0.35714285714285715,0.35714285714285704,2
SKS02,SKS03,EQM_4,1,0.5,120,before_decay,boundary_retained,3,peak_load_error,0.34961149031147654,0.2730868511188503,0.07652463919262628,2
SKS02,SKS03,EQM_4,1,0.5,120,before_decay,boundary_retained,3,profile_nrmse,0.1961173529825443,0.19643372307264953,-0.00031637009010525297,2
SKS02,SKS03,EQM_4,1,0.5,120,before_decay,boundary_retained,4,peak_depth_error,0.0,0.35714285714285715,-0.35714285714285715,2
SKS02,SKS03,EQM_4,1,0.5,120,before_decay,boundary_retained,4,peak_load_error,0.0,0.2730868511188503,-0.2730868511188503,2
SKS02,SKS03,EQM_4,1,0.5,120,before_decay,boundary_retained,4,profile_nrmse,0.09940981878755986,0.19488064573637398,-0.09547082694881412,2
SKS02,SKS03,EQM_4,1,0.5,120,before_decay,original,2,peak_depth_error,0.42857142857142855,0.2142857142857143,0.21428571428571425,2
SKS02,SKS03,EQM_4,1,0.5,120,before_decay,original,2,peak_load_error,0.25036697268807995,0.45340244594539736,-0.2030354732573174,2
SKS02,SKS03,EQM_4,1,0.5,120,before_decay,original,2,profile_nrmse,0.20647870653970046,0.2505921205555863,-0.044113414015885796,2
SKS02,SKS03,EQM_4,1,0.5,120,before_decay,original,3,peak_depth_error,0.7142857142857142,0.35714285714285715,0.35714285714285704,2
SKS02,SKS03,EQM_4,1,0.5,120,before_decay,original,3,peak_load_error,0.34961149031147654,0.2730868511188503,0.07652463919262628,2
SKS02,SKS03,EQM_4,1,0.5,120,before_decay,original,3,profile_nrmse,0.1961173529825443,0.19643372307264953,-0.00031637009010525297,2
SKS02,SKS03,EQM_4,1,0.5,120,before_decay,original,4,peak_depth_error,0.0,0.35714285714285715,-0.35714285714285715,2
SKS02,SKS03,EQM_4,1,0.5,120,before_decay,original,4,peak_load_error,0.0,0.2730868511188503,-0.2730868511188503,2
SKS02,SKS03,EQM_4,1,0.5,120,before_decay,original,4,profile_nrmse,0.09940981878755986,0.19488064573637398,-0.09547082694881412,2
SKS02,SKS03,EQM_4,1,0.5,120,shaking,boundary_retained,2,peak_depth_error,0.7142857142857142,0.2142857142857143,0.4999999999999999,2
SKS02,SKS03,EQM_4,1,0.5,120,shaking,boundary_retained,2,peak_load_error,0.3316011768276097,0.45072631873697655,-0.11912514190936688,2
SKS02,SKS03,EQM_4,1,0.5,120,shaking,boundary_retained,2,profile_nrmse,0.20190672276227617,0.24688107169771978,-0.04497434893544362,2
SKS02,SKS03,EQM_4,1,0.5,120,shaking,boundary_retained,3,peak_depth_error,0.7142857142857142,0.35714285714285715,0.35714285714285704,2
SKS02,SKS03,EQM_4,1,0.5,120,shaking,boundary_retained,3,peak_load_error,0.3316011768276097,0.2582343764825151,0.07336680034509453,2
SKS02,SKS03,EQM_4,1,0.5,120,shaking,boundary_retained,3,profile_nrmse,0.19104418197362147,0.19200137723690525,-0.0009571952632837916,2
SKS02,SKS03,EQM_4,1,0.5,120,shaking,boundary_retained,4,peak_depth_error,0.0,0.35714285714285715,-0.35714285714285715,2
SKS02,SKS03,EQM_4,1,0.5,120,shaking,boundary_retained,4,peak_load_error,0.0,0.2582343764825151,-0.2582343764825151,2
SKS02,SKS03,EQM_4,1,0.5,120,shaking,boundary_retained,4,profile_nrmse,0.09817316779033651,0.19053429164252475,-0.09236112385218824,2
SKS02,SKS03,EQM_4,1,0.5,120,shaking,original,2,peak_depth_error,0.42857142857142855,0.2142857142857143,0.21428571428571425,2
SKS02,SKS03,EQM_4,1,0.5,120,shaking,original,2,peak_load_error,0.24208331689342333,0.45072631873697655,-0.20864300184355322,2
SKS02,SKS03,EQM_4,1,0.5,120,shaking,original,2,profile_nrmse,0.2031235817214801,0.24688107169771978,-0.0437574899762397,2
SKS02,SKS03,EQM_4,1,0.5,120,shaking,original,3,peak_depth_error,0.7142857142857142,0.35714285714285715,0.35714285714285704,2
SKS02,SKS03,EQM_4,1,0.5,120,shaking,original,3,peak_load_error,0.3316011768276097,0.2582343764825151,0.07336680034509453,2
SKS02,SKS03,EQM_4,1,0.5,120,shaking,original,3,profile_nrmse,0.19104418197362147,0.19200137723690525,-0.0009571952632837916,2
SKS02,SKS03,EQM_4,1,0.5,120,shaking,original,4,peak_depth_error,0.0,0.35714285714285715,-0.35714285714285715,2
SKS02,SKS03,EQM_4,1,0.5,120,shaking,original,4,peak_load_error,0.0,0.2582343764825151,-0.2582343764825151,2
SKS02,SKS03,EQM_4,1,0.5,120,shaking,original,4,profile_nrmse,0.09817316779033651,0.19053429164252475,-0.09236112385218824,2
SKS02,SKS03,EQM_4,1,0.5,240,after_decay,boundary_retained,2,peak_depth_error,0.42857142857142855,0.2142857142857143,0.21428571428571425,2
SKS02,SKS03,EQM_4,1,0.5,240,after_decay,boundary_retained,2,peak_load_error,0.3466725772328777,0.43849293259700095,-0.09182035536412328,2
SKS02,SKS03,EQM_4,1,0.5,240,after_decay,boundary_retained,2,profile_nrmse,0.1943003324898741,0.22764990966933193,-0.033349577179457815,2
SKS02,SKS03,EQM_4,1,0.5,240,after_decay,boundary_retained,3,peak_depth_error,0.42857142857142855,0.35714285714285715,0.0714285714285714,2
SKS02,SKS03,EQM_4,1,0.5,240,after_decay,boundary_retained,3,peak_load_error,0.3466725772328777,0.2705771308882692,0.07609544634460852,2
SKS02,SKS03,EQM_4,1,0.5,240,after_decay,boundary_retained,3,profile_nrmse,0.18451829645768447,0.17641122396556347,0.00810707249212099,2
SKS02,SKS03,EQM_4,1,0.5,240,after_decay,boundary_retained,4,peak_depth_error,0.0,0.35714285714285715,-0.35714285714285715,2
SKS02,SKS03,EQM_4,1,0.5,240,after_decay,boundary_retained,4,peak_load_error,0.0,0.2705771308882692,-0.2705771308882692,2
SKS02,SKS03,EQM_4,1,0.5,240,after_decay,boundary_retained,4,profile_nrmse,0.08821786826398315,0.17477749389865682,-0.08655962563467368,2
SKS02,SKS03,EQM_4,1,0.5,240,after_decay,original,2,peak_depth_error,0.42857142857142855,0.2142857142857143,0.21428571428571425,2
SKS02,SKS03,EQM_4,1,0.5,240,after_decay,original,2,peak_load_error,0.2549612112380343,0.43849293259700095,-0.18353172135896667,2
SKS02,SKS03,EQM_4,1,0.5,240,after_decay,original,2,profile_nrmse,0.18548179585716107,0.22764990966933193,-0.04216811381217085,2
SKS02,SKS03,EQM_4,1,0.5,240,after_decay,original,3,peak_depth_error,0.42857142857142855,0.35714285714285715,0.0714285714285714,2
SKS02,SKS03,EQM_4,1,0.5,240,after_decay,original,3,peak_load_error,0.3466725772328777,0.2705771308882692,0.07609544634460852,2
SKS02,SKS03,EQM_4,1,0.5,240,after_decay,original,3,profile_nrmse,0.18451829645768447,0.17641122396556347,0.00810707249212099,2
SKS02,SKS03,EQM_4,1,0.5,240,after_decay,original,4,peak_depth_error,0.0,0.35714285714285715,-0.35714285714285715,2
SKS02,SKS03,EQM_4,1,0.5,240,after_decay,original,4,peak_load_error,0.0,0.2705771308882692,-0.2705771308882692,2
SKS02,SKS03,EQM_4,1,0.5,240,after_decay,original,4,profile_nrmse,0.08821786826398315,0.17477749389865682,-0.08655962563467368,2
SKS02,SKS03,EQM_4,1,0.5,240,before_decay,boundary_retained,2,peak_depth_error,0.7142857142857142,0.2142857142857143,0.4999999999999999,2
SKS02,SKS03,EQM_4,1,0.5,240,before_decay,boundary_retained,2,peak_load_error,0.3487097910857363,0.4547237879104443,-0.106013996824708,2
SKS02,SKS03,EQM_4,1,0.5,240,before_decay,boundary_retained,2,profile_nrmse,0.20922727456089552,0.2512787636453697,-0.042051489084474175,2
SKS02,SKS03,EQM_4,1,0.5,240,before_decay,boundary_retained,3,peak_depth_error,0.7142857142857142,0.35714285714285715,0.35714285714285704,2
SKS02,SKS03,EQM_4,1,0.5,240,before_decay,boundary_retained,3,peak_load_error,0.3487097910857363,0.27467244921647294,0.07403734186926335,2
SKS02,SKS03,EQM_4,1,0.5,240,before_decay,boundary_retained,3,profile_nrmse,0.19668333024125484,0.19754496372122612,-0.0008616334799712716,2
SKS02,SKS03,EQM_4,1,0.5,240,before_decay,boundary_retained,4,peak_depth_error,0.0,0.35714285714285715,-0.35714285714285715,2
SKS02,SKS03,EQM_4,1,0.5,240,before_decay,boundary_retained,4,peak_load_error,0.0,0.27467244921647294,-0.27467244921647294,2
SKS02,SKS03,EQM_4,1,0.5,240,before_decay,boundary_retained,4,profile_nrmse,0.09985143197404023,0.19599082190375006,-0.09613938992970984,2
SKS02,SKS03,EQM_4,1,0.5,240,before_decay,original,2,peak_depth_error,0.42857142857142855,0.2142857142857143,0.21428571428571425,2
SKS02,SKS03,EQM_4,1,0.5,240,before_decay,original,2,peak_load_error,0.2519668146345667,0.4547237879104443,-0.20275697327587758,2
SKS02,SKS03,EQM_4,1,0.5,240,before_decay,original,2,profile_nrmse,0.20728615627451003,0.2512787636453697,-0.04399260737085968,2
SKS02,SKS03,EQM_4,1,0.5,240,before_decay,original,3,peak_depth_error,0.7142857142857142,0.35714285714285715,0.35714285714285704,2
SKS02,SKS03,EQM_4,1,0.5,240,before_decay,original,3,peak_load_error,0.3487097910857363,0.27467244921647294,0.07403734186926335,2
SKS02,SKS03,EQM_4,1,0.5,240,before_decay,original,3,profile_nrmse,0.19668333024125484,0.19754496372122612,-0.0008616334799712716,2
SKS02,SKS03,EQM_4,1,0.5,240,before_decay,original,4,peak_depth_error,0.0,0.35714285714285715,-0.35714285714285715,2
SKS02,SKS03,EQM_4,1,0.5,240,before_decay,original,4,peak_load_error,0.0,0.27467244921647294,-0.27467244921647294,2
SKS02,SKS03,EQM_4,1,0.5,240,before_decay,original,4,profile_nrmse,0.09985143197404023,0.19599082190375006,-0.09613938992970984,2
SKS02,SKS03,EQM_4,1,0.5,240,shaking,boundary_retained,2,peak_depth_error,0.7142857142857142,0.2142857142857143,0.4999999999999999,2
SKS02,SKS03,EQM_4,1,0.5,240,shaking,boundary_retained,2,peak_load_error,0.3315991579404239,0.45074199987113045,-0.11914284193070657,2
SKS02,SKS03,EQM_4,1,0.5,240,shaking,boundary_retained,2,profile_nrmse,0.20189891819298633,0.24687709437958683,-0.044978176186600494,2
SKS02,SKS03,EQM_4,1,0.5,240,shaking,boundary_retained,3,peak_depth_error,0.7142857142857142,0.35714285714285715,0.35714285714285704,2
SKS02,SKS03,EQM_4,1,0.5,240,shaking,boundary_retained,3,peak_load_error,0.3315991579404239,0.258282850374132,0.07331630756629186,2
SKS02,SKS03,EQM_4,1,0.5,240,shaking,boundary_retained,3,profile_nrmse,0.1910438152873835,0.19200164832562838,-0.0009578330382448708,2
SKS02,SKS03,EQM_4,1,0.5,240,shaking,boundary_retained,4,peak_depth_error,0.0,0.35714285714285715,-0.35714285714285715,2
SKS02,SKS03,EQM_4,1,0.5,240,shaking,boundary_retained,4,peak_load_error,0.0,0.258282850374132,-0.258282850374132,2
SKS02,SKS03,EQM_4,1,0.5,240,shaking,boundary_retained,4,profile_nrmse,0.09817517468949952,0.1905148976287251,-0.09233972293922557,2
SKS02,SKS03,EQM_4,1,0.5,240,shaking,original,2,peak_depth_error,0.42857142857142855,0.2142857142857143,0.21428571428571425,2
SKS02,SKS03,EQM_4,1,0.5,240,shaking,original,2,peak_load_error,0.24211223450143643,0.45074199987113045,-0.20862976536969402,2
SKS02,SKS03,EQM_4,1,0.5,240,shaking,original,2,profile_nrmse,0.20311236215070277,0.24687709437958683,-0.043764732228884065,2
SKS02,SKS03,EQM_4,1,0.5,240,shaking,original,3,peak_depth_error,0.7142857142857142,0.35714285714285715,0.35714285714285704,2
SKS02,SKS03,EQM_4,1,0.5,240,shaking,original,3,peak_load_error,0.3315991579404239,0.258282850374132,0.07331630756629186,2
SKS02,SKS03,EQM_4,1,0.5,240,shaking,original,3,profile_nrmse,0.1910438152873835,0.19200164832562838,-0.0009578330382448708,2
SKS02,SKS03,EQM_4,1,0.5,240,shaking,original,4,peak_depth_error,0.0,0.35714285714285715,-0.35714285714285715,2
SKS02,SKS03,EQM_4,1,0.5,240,shaking,original,4,peak_load_error,0.0,0.258282850374132,-0.258282850374132,2
SKS02,SKS03,EQM_4,1,0.5,240,shaking,original,4,profile_nrmse,0.09817517468949952,0.1905148976287251,-0.09233972293922557,2
SKS02,SKS03,EQM_4,1,0.75,120,after_decay,boundary_retained,2,peak_depth_error,0.42857142857142855,0.2142857142857143,0.21428571428571425,2
SKS02,SKS03,EQM_4,1,0.75,120,after_decay,boundary_retained,2,peak_load_error,0.3469806946662892,0.4385092072406269,-0.09152851257433772,2
SKS02,SKS03,EQM_4,1,0.75,120,after_decay,boundary_retained,2,profile_nrmse,0.19469818868166366,0.22808834479633838,-0.033390156114674704,2
SKS02,SKS03,EQM_4,1,0.75,120,after_decay,boundary_retained,3,peak_depth_error,0.42857142857142855,0.35714285714285715,0.0714285714285714,2
SKS02,SKS03,EQM_4,1,0.75,120,after_decay,boundary_retained,3,peak_load_error,0.3469806946662892,0.2706361374050711,0.07634455726121808,2
SKS02,SKS03,EQM_4,1,0.75,120,after_decay,boundary_retained,3,profile_nrmse,0.18458005341692268,0.17668952369173865,0.007890529725184045,2
SKS02,SKS03,EQM_4,1,0.75,120,after_decay,boundary_retained,4,peak_depth_error,0.0,0.35714285714285715,-0.35714285714285715,2
SKS02,SKS03,EQM_4,1,0.75,120,after_decay,boundary_retained,4,peak_load_error,0.0,0.2706361374050711,-0.2706361374050711,2
SKS02,SKS03,EQM_4,1,0.75,120,after_decay,boundary_retained,4,profile_nrmse,0.08822399864226621,0.1750210750735855,-0.08679707643131929,2
SKS02,SKS03,EQM_4,1,0.75,120,after_decay,original,2,peak_depth_error,0.42857142857142855,0.2142857142857143,0.21428571428571425,2
SKS02,SKS03,EQM_4,1,0.75,120,after_decay,original,2,peak_load_error,0.2550392922286534,0.4385092072406269,-0.18346991501197354,2
SKS02,SKS03,EQM_4,1,0.75,120,after_decay,original,2,profile_nrmse,0.1857683141261624,0.22808834479633838,-0.042320030670175965,2
SKS02,SKS03,EQM_4,1,0.75,120,after_decay,original,3,peak_depth_error,0.42857142857142855,0.35714285714285715,0.0714285714285714,2
SKS02,SKS03,EQM_4,1,0.75,120,after_decay,original,3,peak_load_error,0.3469806946662892,0.2706361374050711,0.07634455726121808,2
SKS02,SKS03,EQM_4,1,0.75,120,after_decay,original,3,profile_nrmse,0.18458005341692268,0.17668952369173865,0.007890529725184045,2
SKS02,SKS03,EQM_4,1,0.75,120,after_decay,original,4,peak_depth_error,0.0,0.35714285714285715,-0.35714285714285715,2
SKS02,SKS03,EQM_4,1,0.75,120,after_decay,original,4,peak_load_error,0.0,0.2706361374050711,-0.2706361374050711,2
SKS02,SKS03,EQM_4,1,0.75,120,after_decay,original,4,profile_nrmse,0.08822399864226621,0.1750210750735855,-0.08679707643131929,2
SKS02,SKS03,EQM_4,1,0.75,120,before_decay,boundary_retained,2,peak_depth_error,0.7142857142857142,0.2142857142857143,0.4999999999999999,2
SKS02,SKS03,EQM_4,1,0.75,120,before_decay,boundary_retained,2,peak_load_error,0.3435644397892258,0.45451956667214066,-0.11095512688291487,2
SKS02,SKS03,EQM_4,1,0.75,120,before_decay,boundary_retained,2,profile_nrmse,0.20945715946698287,0.25174779193486485,-0.042290632467881964,2
SKS02,SKS03,EQM_4,1,0.75,120,before_decay,boundary_retained,3,peak_depth_error,0.7142857142857142,0.35714285714285715,0.35714285714285704,2
SKS02,SKS03,EQM_4,1,0.75,120,before_decay,boundary_retained,3,peak_load_error,0.3435644397892258,0.2709597297912084,0.07260470999801742,2
SKS02,SKS03,EQM_4,1,0.75,120,before_decay,boundary_retained,3,profile_nrmse,0.19685319737717408,0.1979098117938345,-0.001056614416660412,2
SKS02,SKS03,EQM_4,1,0.75,120,before_decay,boundary_retained,4,peak_depth_error,0.0,0.35714285714285715,-0.35714285714285715,2
SKS02,SKS03,EQM_4,1,0.75,120,before_decay,boundary_retained,4,peak_load_error,0.0,0.2709597297912084,-0.2709597297912084,2
SKS02,SKS03,EQM_4,1,0.75,120,before_decay,boundary_retained,4,profile_nrmse,0.10020882443579206,0.19635378465653092,-0.09614496022073887,2
SKS02,SKS03,EQM_4,1,0.75,120,before_decay,original,2,peak_depth_error,0.42857142857142855,0.2142857142857143,0.21428571428571425,2
SKS02,SKS03,EQM_4,1,0.75,120,before_decay,original,2,peak_load_error,0.24656903812586195,0.45451956667214066,-0.2079505285462787,2
SKS02,SKS03,EQM_4,1,0.75,120,before_decay,original,2,profile_nrmse,0.20760748311322919,0.25174779193486485,-0.044140308821635665,2
SKS02,SKS03,EQM_4,1,0.75,120,before_decay,original,3,peak_depth_error,0.7142857142857142,0.35714285714285715,0.35714285714285704,2
SKS02,SKS03,EQM_4,1,0.75,120,before_decay,original,3,peak_load_error,0.3435644397892258,0.2709597297912084,0.07260470999801742,2
SKS02,SKS03,EQM_4,1,0.75,120,before_decay,original,3,profile_nrmse,0.19685319737717408,0.1979098117938345,-0.001056614416660412,2
SKS02,SKS03,EQM_4,1,0.75,120,before_decay,original,4,peak_depth_error,0.0,0.35714285714285715,-0.35714285714285715,2
SKS02,SKS03,EQM_4,1,0.75,120,before_decay,original,4,peak_load_error,0.0,0.2709597297912084,-0.2709597297912084,2
SKS02,SKS03,EQM_4,1,0.75,120,before_decay,original,4,profile_nrmse,0.10020882443579206,0.19635378465653092,-0.09614496022073887,2
SKS02,SKS03,EQM_4,1,0.75,120,shaking,boundary_retained,2,peak_depth_error,0.7142857142857142,0.2142857142857143,0.4999999999999999,2
SKS02,SKS03,EQM_4,1,0.75,120,shaking,boundary_retained,2,peak_load_error,0.3316011768276097,0.45072631873697655,-0.11912514190936688,2
SKS02,SKS03,EQM_4,1,0.75,120,shaking,boundary_retained,2,profile_nrmse,0.20190672276227617,0.24688107169771978,-0.04497434893544362,2
SKS02,SKS03,EQM_4,1,0.75,120,shaking,boundary_retained,3,peak_depth_error,0.7142857142857142,0.35714285714285715,0.35714285714285704,2
SKS02,SKS03,EQM_4,1,0.75,120,shaking,boundary_retained,3,peak_load_error,0.3316011768276097,0.2582343764825151,0.07336680034509453,2
SKS02,SKS03,EQM_4,1,0.75,120,shaking,boundary_retained,3,profile_nrmse,0.19104418197362147,0.19200137723690525,-0.0009571952632837916,2
SKS02,SKS03,EQM_4,1,0.75,120,shaking,boundary_retained,4,peak_depth_error,0.0,0.35714285714285715,-0.35714285714285715,2
SKS02,SKS03,EQM_4,1,0.75,120,shaking,boundary_retained,4,peak_load_error,0.0,0.2582343764825151,-0.2582343764825151,2
SKS02,SKS03,EQM_4,1,0.75,120,shaking,boundary_retained,4,profile_nrmse,0.09817316779033651,0.19053429164252475,-0.09236112385218824,2
SKS02,SKS03,EQM_4,1,0.75,120,shaking,original,2,peak_depth_error,0.42857142857142855,0.2142857142857143,0.21428571428571425,2
SKS02,SKS03,EQM_4,1,0.75,120,shaking,original,2,peak_load_error,0.24208331689342333,0.45072631873697655,-0.20864300184355322,2
SKS02,SKS03,EQM_4,1,0.75,120,shaking,original,2,profile_nrmse,0.2031235817214801,0.24688107169771978,-0.0437574899762397,2
SKS02,SKS03,EQM_4,1,0.75,120,shaking,original,3,peak_depth_error,0.7142857142857142,0.35714285714285715,0.35714285714285704,2
SKS02,SKS03,EQM_4,1,0.75,120,shaking,original,3,peak_load_error,0.3316011768276097,0.2582343764825151,0.07336680034509453,2
SKS02,SKS03,EQM_4,1,0.75,120,shaking,original,3,profile_nrmse,0.19104418197362147,0.19200137723690525,-0.0009571952632837916,2
SKS02,SKS03,EQM_4,1,0.75,120,shaking,original,4,peak_depth_error,0.0,0.35714285714285715,-0.35714285714285715,2
SKS02,SKS03,EQM_4,1,0.75,120,shaking,original,4,peak_load_error,0.0,0.2582343764825151,-0.2582343764825151,2
SKS02,SKS03,EQM_4,1,0.75,120,shaking,original,4,profile_nrmse,0.09817316779033651,0.19053429164252475,-0.09236112385218824,2
SKS02,SKS03,EQM_4,1,0.75,240,after_decay,boundary_retained,2,peak_depth_error,0.42857142857142855,0.2142857142857143,0.21428571428571425,2
SKS02,SKS03,EQM_4,1,0.75,240,after_decay,boundary_retained,2,peak_load_error,0.34693276245278637,0.43849342829214677,-0.0915606658393604,2
SKS02,SKS03,EQM_4,1,0.75,240,after_decay,boundary_retained,2,profile_nrmse,0.1946969224291833,0.2281423951104731,-0.03344547268128979,2
SKS02,SKS03,EQM_4,1,0.75,240,after_decay,boundary_retained,3,peak_depth_error,0.42857142857142855,0.35714285714285715,0.0714285714285714,2
SKS02,SKS03,EQM_4,1,0.75,240,after_decay,boundary_retained,3,peak_load_error,0.34693276245278637,0.27067255570200044,0.0762602067507859,2
SKS02,SKS03,EQM_4,1,0.75,240,after_decay,boundary_retained,3,profile_nrmse,0.18460964468044763,0.17669829775597834,0.007911346924469306,2
SKS02,SKS03,EQM_4,1,0.75,240,after_decay,boundary_retained,4,peak_depth_error,0.0,0.35714285714285715,-0.35714285714285715,2
SKS02,SKS03,EQM_4,1,0.75,240,after_decay,boundary_retained,4,peak_load_error,0.0,0.27067255570200044,-0.27067255570200044,2
SKS02,SKS03,EQM_4,1,0.75,240,after_decay,boundary_retained,4,profile_nrmse,0.08823647701966862,0.1750313615153435,-0.08679488449567488,2
SKS02,SKS03,EQM_4,1,0.75,240,after_decay,original,2,peak_depth_error,0.42857142857142855,0.2142857142857143,0.21428571428571425,2
SKS02,SKS03,EQM_4,1,0.75,240,after_decay,original,2,peak_load_error,0.25495027313503904,0.43849342829214677,-0.18354315515710773,2
SKS02,SKS03,EQM_4,1,0.75,240,after_decay,original,2,profile_nrmse,0.18579909545253173,0.2281423951104731,-0.04234329965794137,2
SKS02,SKS03,EQM_4,1,0.75,240,after_decay,original,3,peak_depth_error,0.42857142857142855,0.35714285714285715,0.0714285714285714,2
SKS02,SKS03,EQM_4,1,0.75,240,after_decay,original,3,peak_load_error,0.34693276245278637,0.27067255570200044,0.0762602067507859,2
SKS02,SKS03,EQM_4,1,0.75,240,after_decay,original,3,profile_nrmse,0.18460964468044763,0.17669829775597834,0.007911346924469306,2
SKS02,SKS03,EQM_4,1,0.75,240,after_decay,original,4,peak_depth_error,0.0,0.35714285714285715,-0.35714285714285715,2
SKS02,SKS03,EQM_4,1,0.75,240,after_decay,original,4,peak_load_error,0.0,0.27067255570200044,-0.27067255570200044,2
SKS02,SKS03,EQM_4,1,0.75,240,after_decay,original,4,profile_nrmse,0.08823647701966862,0.1750313615153435,-0.08679488449567488,2
SKS02,SKS03,EQM_4,1,0.75,240,before_decay,boundary_retained,2,peak_depth_error,0.7142857142857142,0.2142857142857143,0.4999999999999999,2
SKS02,SKS03,EQM_4,1,0.75,240,before_decay,boundary_retained,2,peak_load_error,0.34049939846197114,0.4549100751365083,-0.11441067667453711,2
SKS02,SKS03,EQM_4,1,0.75,240,before_decay,boundary_retained,2,profile_nrmse,0.2097255320414682,0.2522792541948793,-0.04255372215341108,2
SKS02,SKS03,EQM_4,1,0.75,240,before_decay,boundary_retained,3,peak_depth_error,0.7142857142857142,0.35714285714285715,0.35714285714285704,2
SKS02,SKS03,EQM_4,1,0.75,240,before_decay,boundary_retained,3,peak_load_error,0.34049939846197114,0.2705131195056235,0.06998627895634763,2
SKS02,SKS03,EQM_4,1,0.75,240,before_decay,boundary_retained,3,profile_nrmse,0.19716731773465002,0.19838521873447432,-0.0012179009998243007,2
SKS02,SKS03,EQM_4,1,0.75,240,before_decay,boundary_retained,4,peak_depth_error,0.0,0.35714285714285715,-0.35714285714285715,2
SKS02,SKS03,EQM_4,1,0.75,240,before_decay,boundary_retained,4,peak_load_error,0.0,0.2705131195056235,-0.2705131195056235,2
SKS02,SKS03,EQM_4,1,0.75,240,before_decay,boundary_retained,4,profile_nrmse,0.10033344105898094,0.19680318614661924,-0.09646974508763828,2
SKS02,SKS03,EQM_4,1,0.75,240,before_decay,original,2,peak_depth_error,0.42857142857142855,0.2142857142857143,0.21428571428571425,2
SKS02,SKS03,EQM_4,1,0.75,240,before_decay,original,2,peak_load_error,0.24568631425965753,0.4549100751365083,-0.2092237608768507,2
SKS02,SKS03,EQM_4,1,0.75,240,before_decay,original,2,profile_nrmse,0.20808310818765888,0.2522792541948793,-0.04419614600722041,2
SKS02,SKS03,EQM_4,1,0.75,240,before_decay,original,3,peak_depth_error,0.7142857142857142,0.35714285714285715,0.35714285714285704,2
SKS02,SKS03,EQM_4,1,0.75,240,before_decay,original,3,peak_load_error,0.34049939846197114,0.2705131195056235,0.06998627895634763,2
SKS02,SKS03,EQM_4,1,0.75,240,before_decay,original,3,profile_nrmse,0.19716731773465002,0.19838521873447432,-0.0012179009998243007,2
SKS02,SKS03,EQM_4,1,0.75,240,before_decay,original,4,peak_depth_error,0.0,0.35714285714285715,-0.35714285714285715,2
SKS02,SKS03,EQM_4,1,0.75,240,before_decay,original,4,peak_load_error,0.0,0.2705131195056235,-0.2705131195056235,2
SKS02,SKS03,EQM_4,1,0.75,240,before_decay,original,4,profile_nrmse,0.10033344105898094,0.19680318614661924,-0.09646974508763828,2
SKS02,SKS03,EQM_4,1,0.75,240,shaking,boundary_retained,2,peak_depth_error,0.7142857142857142,0.2142857142857143,0.4999999999999999,2
SKS02,SKS03,EQM_4,1,0.75,240,shaking,boundary_retained,2,peak_load_error,0.3315991579404239,0.45074199987113045,-0.11914284193070657,2
SKS02,SKS03,EQM_4,1,0.75,240,shaking,boundary_retained,2,profile_nrmse,0.20189891819298633,0.24687709437958683,-0.044978176186600494,2
SKS02,SKS03,EQM_4,1,0.75,240,shaking,boundary_retained,3,peak_depth_error,0.7142857142857142,0.35714285714285715,0.35714285714285704,2
SKS02,SKS03,EQM_4,1,0.75,240,shaking,boundary_retained,3,peak_load_error,0.3315991579404239,0.258282850374132,0.07331630756629186,2
SKS02,SKS03,EQM_4,1,0.75,240,shaking,boundary_retained,3,profile_nrmse,0.1910438152873835,0.19200164832562838,-0.0009578330382448708,2
SKS02,SKS03,EQM_4,1,0.75,240,shaking,boundary_retained,4,peak_depth_error,0.0,0.35714285714285715,-0.35714285714285715,2
SKS02,SKS03,EQM_4,1,0.75,240,shaking,boundary_retained,4,peak_load_error,0.0,0.258282850374132,-0.258282850374132,2
SKS02,SKS03,EQM_4,1,0.75,240,shaking,boundary_retained,4,profile_nrmse,0.09817517468949952,0.1905148976287251,-0.09233972293922557,2
SKS02,SKS03,EQM_4,1,0.75,240,shaking,original,2,peak_depth_error,0.42857142857142855,0.2142857142857143,0.21428571428571425,2
SKS02,SKS03,EQM_4,1,0.75,240,shaking,original,2,peak_load_error,0.24211223450143643,0.45074199987113045,-0.20862976536969402,2
SKS02,SKS03,EQM_4,1,0.75,240,shaking,original,2,profile_nrmse,0.20311236215070277,0.24687709437958683,-0.043764732228884065,2
SKS02,SKS03,EQM_4,1,0.75,240,shaking,original,3,peak_depth_error,0.7142857142857142,0.35714285714285715,0.35714285714285704,2
SKS02,SKS03,EQM_4,1,0.75,240,shaking,original,3,peak_load_error,0.3315991579404239,0.258282850374132,0.07331630756629186,2
SKS02,SKS03,EQM_4,1,0.75,240,shaking,original,3,profile_nrmse,0.1910438152873835,0.19200164832562838,-0.0009578330382448708,2
SKS02,SKS03,EQM_4,1,0.75,240,shaking,original,4,peak_depth_error,0.0,0.35714285714285715,-0.35714285714285715,2
SKS02,SKS03,EQM_4,1,0.75,240,shaking,original,4,peak_load_error,0.0,0.258282850374132,-0.258282850374132,2
SKS02,SKS03,EQM_4,1,0.75,240,shaking,original,4,profile_nrmse,0.09817517468949952,0.1905148976287251,-0.09233972293922557,2
SKS02,SKS03,EQM_5,0,0.25,120,after_decay,boundary_retained,2,peak_depth_error,0.42857142857142855,0.1428571428571429,0.28571428571428564,2
SKS02,SKS03,EQM_5,0,0.25,120,after_decay,boundary_retained,2,peak_load_error,0.3193373157652638,0.38126582930528974,-0.06192851354002596,2
SKS02,SKS03,EQM_5,0,0.25,120,after_decay,boundary_retained,2,profile_nrmse,0.17476296704610528,0.20284840329578857,-0.028085436249683293,2
SKS02,SKS03,EQM_5,0,0.25,120,after_decay,boundary_retained,3,peak_depth_error,0.42857142857142855,0.35714285714285715,0.0714285714285714,2
SKS02,SKS03,EQM_5,0,0.25,120,after_decay,boundary_retained,3,peak_load_error,0.3193373157652638,0.3202996727807529,-0.0009623570154890793,2
SKS02,SKS03,EQM_5,0,0.25,120,after_decay,boundary_retained,3,profile_nrmse,0.15734530658314405,0.16923445003816123,-0.011889143455017182,2
SKS02,SKS03,EQM_5,0,0.25,120,after_decay,boundary_retained,4,peak_depth_error,0.0,0.35714285714285715,-0.35714285714285715,2
SKS02,SKS03,EQM_5,0,0.25,120,after_decay,boundary_retained,4,peak_load_error,0.0,0.3202996727807529,-0.3202996727807529,2
SKS02,SKS03,EQM_5,0,0.25,120,after_decay,boundary_retained,4,profile_nrmse,0.09606622740199067,0.1696465409656186,-0.07358031356362794,2
SKS02,SKS03,EQM_5,0,0.25,120,after_decay,original,2,peak_depth_error,0.42857142857142855,0.1428571428571429,0.28571428571428564,2
SKS02,SKS03,EQM_5,0,0.25,120,after_decay,original,2,peak_load_error,0.29732453491544497,0.38126582930528974,-0.0839412943898448,2
SKS02,SKS03,EQM_5,0,0.25,120,after_decay,original,2,profile_nrmse,0.18636518438526356,0.20284840329578857,-0.016483218910525038,2
SKS02,SKS03,EQM_5,0,0.25,120,after_decay,original,3,peak_depth_error,0.42857142857142855,0.35714285714285715,0.0714285714285714,2
SKS02,SKS03,EQM_5,0,0.25,120,after_decay,original,3,peak_load_error,0.3193373157652638,0.3202996727807529,-0.0009623570154890793,2
SKS02,SKS03,EQM_5,0,0.25,120,after_decay,original,3,profile_nrmse,0.15734530658314405,0.16923445003816123,-0.011889143455017182,2
SKS02,SKS03,EQM_5,0,0.25,120,after_decay,original,4,peak_depth_error,0.0,0.35714285714285715,-0.35714285714285715,2
SKS02,SKS03,EQM_5,0,0.25,120,after_decay,original,4,peak_load_error,0.0,0.3202996727807529,-0.3202996727807529,2
SKS02,SKS03,EQM_5,0,0.25,120,after_decay,original,4,profile_nrmse,0.09606622740199067,0.1696465409656186,-0.07358031356362794,2
SKS02,SKS03,EQM_5,0,0.25,120,before_decay,boundary_retained,2,peak_depth_error,0.42857142857142855,0.2142857142857143,0.21428571428571425,2
SKS02,SKS03,EQM_5,0,0.25,120,before_decay,boundary_retained,2,peak_load_error,0.3151723017417475,0.3975493643042983,-0.08237706256255084,2
SKS02,SKS03,EQM_5,0,0.25,120,before_decay,boundary_retained,2,profile_nrmse,0.18429004043046254,0.21961533422366553,-0.03532529379320297,2
SKS02,SKS03,EQM_5,0,0.25,120,before_decay,boundary_retained,3,peak_depth_error,0.42857142857142855,0.35714285714285715,0.0714285714285714,2
SKS02,SKS03,EQM_5,0,0.25,120,before_decay,boundary_retained,3,peak_load_error,0.3151723017417475,0.3397980776315972,-0.024625775889849738,2
SKS02,SKS03,EQM_5,0,0.25,120,before_decay,boundary_retained,3,profile_nrmse,0.16728949520283787,0.18753810015154482,-0.020248604948706936,2
SKS02,SKS03,EQM_5,0,0.25,120,before_decay,boundary_retained,4,peak_depth_error,0.0,0.35714285714285715,-0.35714285714285715,2
SKS02,SKS03,EQM_5,0,0.25,120,before_decay,boundary_retained,4,peak_load_error,0.0,0.3397980776315972,-0.3397980776315972,2
SKS02,SKS03,EQM_5,0,0.25,120,before_decay,boundary_retained,4,profile_nrmse,0.12146504281790209,0.1871417872053449,-0.06567674438744284,2
SKS02,SKS03,EQM_5,0,0.25,120,before_decay,original,2,peak_depth_error,0.42857142857142855,0.2142857142857143,0.21428571428571425,2
SKS02,SKS03,EQM_5,0,0.25,120,before_decay,original,2,peak_load_error,0.3244243552510826,0.3975493643042983,-0.07312500905321576,2
SKS02,SKS03,EQM_5,0,0.25,120,before_decay,original,2,profile_nrmse,0.21429753014650008,0.21961533422366553,-0.005317804077165436,2
SKS02,SKS03,EQM_5,0,0.25,120,before_decay,original,3,peak_depth_error,0.42857142857142855,0.35714285714285715,0.0714285714285714,2
SKS02,SKS03,EQM_5,0,0.25,120,before_decay,original,3,peak_load_error,0.3151723017417475,0.3397980776315972,-0.024625775889849738,2
SKS02,SKS03,EQM_5,0,0.25,120,before_decay,original,3,profile_nrmse,0.16728949520283787,0.18753810015154482,-0.020248604948706936,2
SKS02,SKS03,EQM_5,0,0.25,120,before_decay,original,4,peak_depth_error,0.0,0.35714285714285715,-0.35714285714285715,2
SKS02,SKS03,EQM_5,0,0.25,120,before_decay,original,4,peak_load_error,0.0,0.3397980776315972,-0.3397980776315972,2
SKS02,SKS03,EQM_5,0,0.25,120,before_decay,original,4,profile_nrmse,0.12146504281790209,0.1871417872053449,-0.06567674438744284,2
SKS02,SKS03,EQM_5,0,0.25,120,shaking,boundary_retained,2,peak_depth_error,0.7857142857142856,0.5714285714285714,0.21428571428571425,2
SKS02,SKS03,EQM_5,0,0.25,120,shaking,boundary_retained,2,peak_load_error,0.3995685035100597,0.49684114183449923,-0.09727263832443955,2
SKS02,SKS03,EQM_5,0,0.25,120,shaking,boundary_retained,2,profile_nrmse,0.2819159962644419,0.2858997136357303,-0.0039837173712884005,2
SKS02,SKS03,EQM_5,0,0.25,120,shaking,boundary_retained,3,peak_depth_error,0.7857142857142856,0.7142857142857142,0.0714285714285714,2
SKS02,SKS03,EQM_5,0,0.25,120,shaking,boundary_retained,3,peak_load_error,0.39463286990230406,0.36786039280622407,0.026772477096079966,2
SKS02,SKS03,EQM_5,0,0.25,120,shaking,boundary_retained,3,profile_nrmse,0.2363519131968207,0.2492833024712133,-0.012931389274392621,2
SKS02,SKS03,EQM_5,0,0.25,120,shaking,boundary_retained,4,peak_depth_error,0.0,0.7142857142857142,-0.7142857142857142,2
SKS02,SKS03,EQM_5,0,0.25,120,shaking,boundary_retained,4,peak_load_error,0.0,0.35231870324763676,-0.35231870324763676,2
SKS02,SKS03,EQM_5,0,0.25,120,shaking,boundary_retained,4,profile_nrmse,0.14993670404744025,0.2362885803594062,-0.08635187631196596,2
SKS02,SKS03,EQM_5,0,0.25,120,shaking,original,2,peak_depth_error,0.7857142857142856,0.5714285714285714,0.21428571428571425,2
SKS02,SKS03,EQM_5,0,0.25,120,shaking,original,2,peak_load_error,0.34237209179955896,0.49684114183449923,-0.1544690500349403,2
SKS02,SKS03,EQM_5,0,0.25,120,shaking,original,2,profile_nrmse,0.27008301656419653,0.2858997136357303,-0.015816697071533742,2
SKS02,SKS03,EQM_5,0,0.25,120,shaking,original,3,peak_depth_error,0.7857142857142856,0.7142857142857142,0.0714285714285714,2
SKS02,SKS03,EQM_5,0,0.25,120,shaking,original,3,peak_load_error,0.39463286990230406,0.36786039280622407,0.026772477096079966,2
SKS02,SKS03,EQM_5,0,0.25,120,shaking,original,3,profile_nrmse,0.2363519131968207,0.2492833024712133,-0.012931389274392621,2
SKS02,SKS03,EQM_5,0,0.25,120,shaking,original,4,peak_depth_error,0.0,0.7142857142857142,-0.7142857142857142,2
SKS02,SKS03,EQM_5,0,0.25,120,shaking,original,4,peak_load_error,0.0,0.35231870324763676,-0.35231870324763676,2
SKS02,SKS03,EQM_5,0,0.25,120,shaking,original,4,profile_nrmse,0.14993670404744025,0.2362885803594062,-0.08635187631196596,2
SKS02,SKS03,EQM_5,0,0.25,240,after_decay,boundary_retained,2,peak_depth_error,0.42857142857142855,0.1428571428571429,0.28571428571428564,2
SKS02,SKS03,EQM_5,0,0.25,240,after_decay,boundary_retained,2,peak_load_error,0.31929940399033074,0.3812524632020534,-0.06195305921172267,2
SKS02,SKS03,EQM_5,0,0.25,240,after_decay,boundary_retained,2,profile_nrmse,0.17479412782967926,0.2029173401256386,-0.02812321229595935,2
SKS02,SKS03,EQM_5,0,0.25,240,after_decay,boundary_retained,3,peak_depth_error,0.42857142857142855,0.35714285714285715,0.0714285714285714,2
SKS02,SKS03,EQM_5,0,0.25,240,after_decay,boundary_retained,3,peak_load_error,0.31929940399033074,0.3203025382647686,-0.001003134274437878,2
SKS02,SKS03,EQM_5,0,0.25,240,after_decay,boundary_retained,3,profile_nrmse,0.15734163600589984,0.169223259660772,-0.01188162365487215,2
SKS02,SKS03,EQM_5,0,0.25,240,after_decay,boundary_retained,4,peak_depth_error,0.0,0.35714285714285715,-0.35714285714285715,2
SKS02,SKS03,EQM_5,0,0.25,240,after_decay,boundary_retained,4,peak_load_error,0.0,0.3203025382647686,-0.3203025382647686,2
SKS02,SKS03,EQM_5,0,0.25,240,after_decay,boundary_retained,4,profile_nrmse,0.09607384625496256,0.16965568596537278,-0.07358183971041021,2
SKS02,SKS03,EQM_5,0,0.25,240,after_decay,original,2,peak_depth_error,0.42857142857142855,0.1428571428571429,0.28571428571428564,2
SKS02,SKS03,EQM_5,0,0.25,240,after_decay,original,2,peak_load_error,0.29730561773879666,0.3812524632020534,-0.08394684546325679,2
SKS02,SKS03,EQM_5,0,0.25,240,after_decay,original,2,profile_nrmse,0.18640222033918402,0.2029173401256386,-0.016515119786454605,2
SKS02,SKS03,EQM_5,0,0.25,240,after_decay,original,3,peak_depth_error,0.42857142857142855,0.35714285714285715,0.0714285714285714,2
SKS02,SKS03,EQM_5,0,0.25,240,after_decay,original,3,peak_load_error,0.31929940399033074,0.3203025382647686,-0.001003134274437878,2
SKS02,SKS03,EQM_5,0,0.25,240,after_decay,original,3,profile_nrmse,0.15734163600589984,0.169223259660772,-0.01188162365487215,2
SKS02,SKS03,EQM_5,0,0.25,240,after_decay,original,4,peak_depth_error,0.0,0.35714285714285715,-0.35714285714285715,2
SKS02,SKS03,EQM_5,0,0.25,240,after_decay,original,4,peak_load_error,0.0,0.3203025382647686,-0.3203025382647686,2
SKS02,SKS03,EQM_5,0,0.25,240,after_decay,original,4,profile_nrmse,0.09607384625496256,0.16965568596537278,-0.07358183971041021,2
SKS02,SKS03,EQM_5,0,0.25,240,before_decay,boundary_retained,2,peak_depth_error,0.7142857142857142,0.2857142857142857,0.4285714285714285,2
SKS02,SKS03,EQM_5,0,0.25,240,before_decay,boundary_retained,2,peak_load_error,0.3184871360335562,0.39984066865659285,-0.08135353262303666,2
SKS02,SKS03,EQM_5,0,0.25,240,before_decay,boundary_retained,2,profile_nrmse,0.18284324011141223,0.2233368483595678,-0.040493608248155566,2
SKS02,SKS03,EQM_5,0,0.25,240,before_decay,boundary_retained,3,peak_depth_error,0.5857142857142869,0.35714285714285715,0.22857142857142973,2
SKS02,SKS03,EQM_5,0,0.25,240,before_decay,boundary_retained,3,peak_load_error,0.3184871360335562,0.3465982034542292,-0.028111067420672986,2
SKS02,SKS03,EQM_5,0,0.25,240,before_decay,boundary_retained,3,profile_nrmse,0.16825473324121792,0.19170133664475936,-0.02344660340354146,2
SKS02,SKS03,EQM_5,0,0.25,240,before_decay,boundary_retained,4,peak_depth_error,0.0,0.3642857142857149,-0.3642857142857149,2
SKS02,SKS03,EQM_5,0,0.25,240,before_decay,boundary_retained,4,peak_load_error,0.0,0.3433513901466235,-0.3433513901466235,2
SKS02,SKS03,EQM_5,0,0.25,240,before_decay,boundary_retained,4,profile_nrmse,0.12688679945476208,0.19188923905615501,-0.06500243960139293,2
SKS02,SKS03,EQM_5,0,0.25,240,before_decay,original,2,peak_depth_error,0.4571428571428595,0.2857142857142857,0.17142857142857384,2
SKS02,SKS03,EQM_5,0,0.25,240,before_decay,original,2,peak_load_error,0.3267971066946284,0.39984066865659285,-0.07304356196196446,2
SKS02,SKS03,EQM_5,0,0.25,240,before_decay,original,2,profile_nrmse,0.21385376146678564,0.2233368483595678,-0.00948308689278217,2
SKS02,SKS03,EQM_5,0,0.25,240,before_decay,original,3,peak_depth_error,0.5857142857142869,0.35714285714285715,0.22857142857142973,2
SKS02,SKS03,EQM_5,0,0.25,240,before_decay,original,3,peak_load_error,0.3184871360335562,0.3465982034542292,-0.028111067420672986,2
SKS02,SKS03,EQM_5,0,0.25,240,before_decay,original,3,profile_nrmse,0.16825473324121792,0.19170133664475936,-0.02344660340354146,2
SKS02,SKS03,EQM_5,0,0.25,240,before_decay,original,4,peak_depth_error,0.0,0.3642857142857149,-0.3642857142857149,2
SKS02,SKS03,EQM_5,0,0.25,240,before_decay,original,4,peak_load_error,0.0,0.3433513901466235,-0.3433513901466235,2
SKS02,SKS03,EQM_5,0,0.25,240,before_decay,original,4,profile_nrmse,0.12688679945476208,0.19188923905615501,-0.06500243960139293,2
SKS02,SKS03,EQM_5,0,0.25,240,shaking,boundary_retained,2,peak_depth_error,0.7857142857142856,0.5714285714285714,0.21428571428571425,2
SKS02,SKS03,EQM_5,0,0.25,240,shaking,boundary_retained,2,peak_load_error,0.40341803810055143,0.49437731175770844,-0.090959273657157,2
SKS02,SKS03,EQM_5,0,0.25,240,shaking,boundary_retained,2,profile_nrmse,0.28334377277533684,0.28569744500621075,-0.0023536722308739183,2
SKS02,SKS03,EQM_5,0,0.25,240,shaking,boundary_retained,3,peak_depth_error,0.7857142857142856,0.7142857142857142,0.0714285714285714,2
SKS02,SKS03,EQM_5,0,0.25,240,shaking,boundary_retained,3,peak_load_error,0.3967449539509245,0.37126215366073734,0.025482800290187152,2
SKS02,SKS03,EQM_5,0,0.25,240,shaking,boundary_retained,3,profile_nrmse,0.23813463880998906,0.24793536361405205,-0.00980072480406298,2
SKS02,SKS03,EQM_5,0,0.25,240,shaking,boundary_retained,4,peak_depth_error,0.0,0.7142857142857142,-0.7142857142857142,2
SKS02,SKS03,EQM_5,0,0.25,240,shaking,boundary_retained,4,peak_load_error,0.0,0.35494741570229804,-0.35494741570229804,2
SKS02,SKS03,EQM_5,0,0.25,240,shaking,boundary_retained,4,profile_nrmse,0.15145357135222956,0.23747661950350316,-0.0860230481512736,2
SKS02,SKS03,EQM_5,0,0.25,240,shaking,original,2,peak_depth_error,0.7857142857142856,0.5714285714285714,0.21428571428571425,2
SKS02,SKS03,EQM_5,0,0.25,240,shaking,original,2,peak_load_error,0.34251731839627153,0.49437731175770844,-0.15185999336143693,2
SKS02,SKS03,EQM_5,0,0.25,240,shaking,original,2,profile_nrmse,0.2721553317904376,0.28569744500621075,-0.013542113215773172,2
SKS02,SKS03,EQM_5,0,0.25,240,shaking,original,3,peak_depth_error,0.7857142857142856,0.7142857142857142,0.0714285714285714,2
SKS02,SKS03,EQM_5,0,0.25,240,shaking,original,3,peak_load_error,0.3967449539509245,0.37126215366073734,0.025482800290187152,2
SKS02,SKS03,EQM_5,0,0.25,240,shaking,original,3,profile_nrmse,0.23813463880998906,0.24793536361405205,-0.00980072480406298,2
SKS02,SKS03,EQM_5,0,0.25,240,shaking,original,4,peak_depth_error,0.0,0.7142857142857142,-0.7142857142857142,2
SKS02,SKS03,EQM_5,0,0.25,240,shaking,original,4,peak_load_error,0.0,0.35494741570229804,-0.35494741570229804,2
SKS02,SKS03,EQM_5,0,0.25,240,shaking,original,4,profile_nrmse,0.15145357135222956,0.23747661950350316,-0.0860230481512736,2
SKS02,SKS03,EQM_5,0,0.5,120,after_decay,boundary_retained,2,peak_depth_error,0.42857142857142855,0.1428571428571429,0.28571428571428564,2
SKS02,SKS03,EQM_5,0,0.5,120,after_decay,boundary_retained,2,peak_load_error,0.3191065440167397,0.3815464436839627,-0.062439899667222964,2
SKS02,SKS03,EQM_5,0,0.5,120,after_decay,boundary_retained,2,profile_nrmse,0.1750814381982013,0.20307439860067278,-0.02799296040247147,2
SKS02,SKS03,EQM_5,0,0.5,120,after_decay,boundary_retained,3,peak_depth_error,0.42857142857142855,0.35714285714285715,0.0714285714285714,2
SKS02,SKS03,EQM_5,0,0.5,120,after_decay,boundary_retained,3,peak_load_error,0.3191065440167397,0.32041536991514674,-0.0013088258984070011,2
SKS02,SKS03,EQM_5,0,0.5,120,after_decay,boundary_retained,3,profile_nrmse,0.15750037144713933,0.16944540361893237,-0.011945032171793046,2
SKS02,SKS03,EQM_5,0,0.5,120,after_decay,boundary_retained,4,peak_depth_error,0.0,0.35714285714285715,-0.35714285714285715,2
SKS02,SKS03,EQM_5,0,0.5,120,after_decay,boundary_retained,4,peak_load_error,0.0,0.32041536991514674,-0.32041536991514674,2
SKS02,SKS03,EQM_5,0,0.5,120,after_decay,boundary_retained,4,profile_nrmse,0.09622924573207918,0.16987570958999582,-0.07364646385791665,2
SKS02,SKS03,EQM_5,0,0.5,120,after_decay,original,2,peak_depth_error,0.42857142857142855,0.1428571428571429,0.28571428571428564,2
SKS02,SKS03,EQM_5,0,0.5,120,after_decay,original,2,peak_load_error,0.2971388080565198,0.3815464436839627,-0.08440763562744283,2
SKS02,SKS03,EQM_5,0,0.5,120,after_decay,original,2,profile_nrmse,0.18676498669377684,0.20307439860067278,-0.016309411906895915,2
SKS02,SKS03,EQM_5,0,0.5,120,after_decay,original,3,peak_depth_error,0.42857142857142855,0.35714285714285715,0.0714285714285714,2
SKS02,SKS03,EQM_5,0,0.5,120,after_decay,original,3,peak_load_error,0.3191065440167397,0.32041536991514674,-0.0013088258984070011,2
SKS02,SKS03,EQM_5,0,0.5,120,after_decay,original,3,profile_nrmse,0.15750037144713933,0.16944540361893237,-0.011945032171793046,2
SKS02,SKS03,EQM_5,0,0.5,120,after_decay,original,4,peak_depth_error,0.0,0.35714285714285715,-0.35714285714285715,2
SKS02,SKS03,EQM_5,0,0.5,120,after_decay,original,4,peak_load_error,0.0,0.32041536991514674,-0.32041536991514674,2
SKS02,SKS03,EQM_5,0,0.5,120,after_decay,original,4,profile_nrmse,0.09622924573207918,0.16987570958999582,-0.07364646385791665,2
SKS02,SKS03,EQM_5,0,0.5,120,before_decay,boundary_retained,2,peak_depth_error,0.7142857142857142,0.2857142857142857,0.4285714285714285,2
SKS02,SKS03,EQM_5,0,0.5,120,before_decay,boundary_retained,2,peak_load_error,0.3127858838445918,0.40962968253285836,-0.09684379868826652,2
SKS02,SKS03,EQM_5,0,0.5,120,before_decay,boundary_retained,2,profile_nrmse,0.1896675846248589,0.22645640974890985,-0.03678882512405096,2
SKS02,SKS03,EQM_5,0,0.5,120,before_decay,boundary_retained,3,peak_depth_error,0.7142857142857142,0.35714285714285715,0.35714285714285704,2
SKS02,SKS03,EQM_5,0,0.5,120,before_decay,boundary_retained,3,peak_load_error,0.3127858838445918,0.3418142407042242,-0.029028356859632384,2
SKS02,SKS03,EQM_5,0,0.5,120,before_decay,boundary_retained,3,profile_nrmse,0.17351150668279822,0.19578304448460976,-0.022271537801811542,2
SKS02,SKS03,EQM_5,0,0.5,120,before_decay,boundary_retained,4,peak_depth_error,0.0,0.42857142857142855,-0.42857142857142855,2
SKS02,SKS03,EQM_5,0,0.5,120,before_decay,boundary_retained,4,peak_load_error,0.0,0.33875411061833627,-0.33875411061833627,2
SKS02,SKS03,EQM_5,0,0.5,120,before_decay,boundary_retained,4,profile_nrmse,0.13001285316292088,0.19503833273637794,-0.06502547957345706,2
SKS02,SKS03,EQM_5,0,0.5,120,before_decay,original,2,peak_depth_error,0.7142857142857142,0.2857142857142857,0.4285714285714285,2
SKS02,SKS03,EQM_5,0,0.5,120,before_decay,original,2,peak_load_error,0.317556187372577,0.40962968253285836,-0.09207349516028134,2
SKS02,SKS03,EQM_5,0,0.5,120,before_decay,original,2,profile_nrmse,0.2170185919986158,0.22645640974890985,-0.009437817750294022,2
SKS02,SKS03,EQM_5,0,0.5,120,before_decay,original,3,peak_depth_error,0.7142857142857142,0.35714285714285715,0.35714285714285704,2
SKS02,SKS03,EQM_5,0,0.5,120,before_decay,original,3,peak_load_error,0.3127858838445918,0.3418142407042242,-0.029028356859632384,2
SKS02,SKS03,EQM_5,0,0.5,120,before_decay,original,3,profile_nrmse,0.17351150668279822,0.19578304448460976,-0.022271537801811542,2
SKS02,SKS03,EQM_5,0,0.5,120,before_decay,original,4,peak_depth_error,0.0,0.42857142857142855,-0.42857142857142855,2
SKS02,SKS03,EQM_5,0,0.5,120,before_decay,original,4,peak_load_error,0.0,0.33875411061833627,-0.33875411061833627,2
SKS02,SKS03,EQM_5,0,0.5,120,before_decay,original,4,profile_nrmse,0.13001285316292088,0.19503833273637794,-0.06502547957345706,2
SKS02,SKS03,EQM_5,0,0.5,120,shaking,boundary_retained,2,peak_depth_error,0.7857142857142856,0.5714285714285714,0.21428571428571425,2
SKS02,SKS03,EQM_5,0,0.5,120,shaking,boundary_retained,2,peak_load_error,0.3995685035100597,0.49684114183449923,-0.09727263832443955,2
SKS02,SKS03,EQM_5,0,0.5,120,shaking,boundary_retained,2,profile_nrmse,0.2819159962644419,0.2858997136357303,-0.0039837173712884005,2
SKS02,SKS03,EQM_5,0,0.5,120,shaking,boundary_retained,3,peak_depth_error,0.7857142857142856,0.7142857142857142,0.0714285714285714,2
SKS02,SKS03,EQM_5,0,0.5,120,shaking,boundary_retained,3,peak_load_error,0.39463286990230406,0.36786039280622407,0.026772477096079966,2
SKS02,SKS03,EQM_5,0,0.5,120,shaking,boundary_retained,3,profile_nrmse,0.2363519131968207,0.2492833024712133,-0.012931389274392621,2
SKS02,SKS03,EQM_5,0,0.5,120,shaking,boundary_retained,4,peak_depth_error,0.0,0.7142857142857142,-0.7142857142857142,2
SKS02,SKS03,EQM_5,0,0.5,120,shaking,boundary_retained,4,peak_load_error,0.0,0.35231870324763676,-0.35231870324763676,2
SKS02,SKS03,EQM_5,0,0.5,120,shaking,boundary_retained,4,profile_nrmse,0.14993670404744025,0.2362885803594062,-0.08635187631196596,2
SKS02,SKS03,EQM_5,0,0.5,120,shaking,original,2,peak_depth_error,0.7857142857142856,0.5714285714285714,0.21428571428571425,2
SKS02,SKS03,EQM_5,0,0.5,120,shaking,original,2,peak_load_error,0.34237209179955896,0.49684114183449923,-0.1544690500349403,2
SKS02,SKS03,EQM_5,0,0.5,120,shaking,original,2,profile_nrmse,0.27008301656419653,0.2858997136357303,-0.015816697071533742,2
SKS02,SKS03,EQM_5,0,0.5,120,shaking,original,3,peak_depth_error,0.7857142857142856,0.7142857142857142,0.0714285714285714,2
SKS02,SKS03,EQM_5,0,0.5,120,shaking,original,3,peak_load_error,0.39463286990230406,0.36786039280622407,0.026772477096079966,2
SKS02,SKS03,EQM_5,0,0.5,120,shaking,original,3,profile_nrmse,0.2363519131968207,0.2492833024712133,-0.012931389274392621,2
SKS02,SKS03,EQM_5,0,0.5,120,shaking,original,4,peak_depth_error,0.0,0.7142857142857142,-0.7142857142857142,2
SKS02,SKS03,EQM_5,0,0.5,120,shaking,original,4,peak_load_error,0.0,0.35231870324763676,-0.35231870324763676,2
SKS02,SKS03,EQM_5,0,0.5,120,shaking,original,4,profile_nrmse,0.14993670404744025,0.2362885803594062,-0.08635187631196596,2
SKS02,SKS03,EQM_5,0,0.5,240,after_decay,boundary_retained,2,peak_depth_error,0.42857142857142855,0.1428571428571429,0.28571428571428564,2
SKS02,SKS03,EQM_5,0,0.5,240,after_decay,boundary_retained,2,peak_load_error,0.31921159586806924,0.38165258261953505,-0.062440986751465755,2
SKS02,SKS03,EQM_5,0,0.5,240,after_decay,boundary_retained,2,profile_nrmse,0.17512243777726827,0.20305377643144912,-0.027931338654180835,2
SKS02,SKS03,EQM_5,0,0.5,240,after_decay,boundary_retained,3,peak_depth_error,0.42857142857142855,0.35714285714285715,0.0714285714285714,2
SKS02,SKS03,EQM_5,0,0.5,240,after_decay,boundary_retained,3,peak_load_error,0.31921159586806924,0.32036075652591,-0.0011491606578407643,2
SKS02,SKS03,EQM_5,0,0.5,240,after_decay,boundary_retained,3,profile_nrmse,0.15747391606639372,0.16938518026363786,-0.011911264197244142,2
SKS02,SKS03,EQM_5,0,0.5,240,after_decay,boundary_retained,4,peak_depth_error,0.0,0.35714285714285715,-0.35714285714285715,2
SKS02,SKS03,EQM_5,0,0.5,240,after_decay,boundary_retained,4,peak_load_error,0.0,0.32036075652591,-0.32036075652591,2
SKS02,SKS03,EQM_5,0,0.5,240,after_decay,boundary_retained,4,profile_nrmse,0.09622315185081867,0.16980175713757423,-0.07357860528675556,2
SKS02,SKS03,EQM_5,0,0.5,240,after_decay,original,2,peak_depth_error,0.42857142857142855,0.1428571428571429,0.28571428571428564,2
SKS02,SKS03,EQM_5,0,0.5,240,after_decay,original,2,peak_load_error,0.29725969295510685,0.38165258261953505,-0.08439288966442818,2
SKS02,SKS03,EQM_5,0,0.5,240,after_decay,original,2,profile_nrmse,0.18675365433908242,0.20305377643144912,-0.016300122092366684,2
SKS02,SKS03,EQM_5,0,0.5,240,after_decay,original,3,peak_depth_error,0.42857142857142855,0.35714285714285715,0.0714285714285714,2
SKS02,SKS03,EQM_5,0,0.5,240,after_decay,original,3,peak_load_error,0.31921159586806924,0.32036075652591,-0.0011491606578407643,2
SKS02,SKS03,EQM_5,0,0.5,240,after_decay,original,3,profile_nrmse,0.15747391606639372,0.16938518026363786,-0.011911264197244142,2
SKS02,SKS03,EQM_5,0,0.5,240,after_decay,original,4,peak_depth_error,0.0,0.35714285714285715,-0.35714285714285715,2
SKS02,SKS03,EQM_5,0,0.5,240,after_decay,original,4,peak_load_error,0.0,0.32036075652591,-0.32036075652591,2
SKS02,SKS03,EQM_5,0,0.5,240,after_decay,original,4,profile_nrmse,0.09622315185081867,0.16980175713757423,-0.07357860528675556,2
SKS02,SKS03,EQM_5,0,0.5,240,before_decay,boundary_retained,2,peak_depth_error,0.7142857142857142,0.2857142857142857,0.4285714285714285,2
SKS02,SKS03,EQM_5,0,0.5,240,before_decay,boundary_retained,2,peak_load_error,0.30374706327955847,0.40920927266404966,-0.1054622093844912,2
SKS02,SKS03,EQM_5,0,0.5,240,before_decay,boundary_retained,2,profile_nrmse,0.18891344801046578,0.22737225329870653,-0.03845880528824075,2
SKS02,SKS03,EQM_5,0,0.5,240,before_decay,boundary_retained,3,peak_depth_error,0.7142857142857142,0.5714285714285714,0.1428571428571428,2
SKS02,SKS03,EQM_5,0,0.5,240,before_decay,boundary_retained,3,peak_load_error,0.30374706327955847,0.3333282234731653,-0.029581160193606862,2
SKS02,SKS03,EQM_5,0,0.5,240,before_decay,boundary_retained,3,profile_nrmse,0.1747951476252662,0.19753593133697583,-0.022740783711709622,2
SKS02,SKS03,EQM_5,0,0.5,240,before_decay,boundary_retained,4,peak_depth_error,0.0,0.42857142857142855,-0.42857142857142855,2
SKS02,SKS03,EQM_5,0,0.5,240,before_decay,boundary_retained,4,peak_load_error,0.0,0.3315973797898562,-0.3315973797898562,2
SKS02,SKS03,EQM_5,0,0.5,240,before_decay,boundary_retained,4,profile_nrmse,0.1313925620094004,0.1963380358569304,-0.06494547384753002,2
SKS02,SKS03,EQM_5,0,0.5,240,before_decay,original,2,peak_depth_error,0.7142857142857142,0.2857142857142857,0.4285714285714285,2
SKS02,SKS03,EQM_5,0,0.5,240,before_decay,original,2,peak_load_error,0.30784606873206216,0.40920927266404966,-0.10136320393198751,2
SKS02,SKS03,EQM_5,0,0.5,240,before_decay,original,2,profile_nrmse,0.21499017597445322,0.22737225329870653,-0.01238207732425331,2
SKS02,SKS03,EQM_5,0,0.5,240,before_decay,original,3,peak_depth_error,0.7142857142857142,0.5714285714285714,0.1428571428571428,2
SKS02,SKS03,EQM_5,0,0.5,240,before_decay,original,3,peak_load_error,0.30374706327955847,0.3333282234731653,-0.029581160193606862,2
SKS02,SKS03,EQM_5,0,0.5,240,before_decay,original,3,profile_nrmse,0.1747951476252662,0.19753593133697583,-0.022740783711709622,2
SKS02,SKS03,EQM_5,0,0.5,240,before_decay,original,4,peak_depth_error,0.0,0.42857142857142855,-0.42857142857142855,2
SKS02,SKS03,EQM_5,0,0.5,240,before_decay,original,4,peak_load_error,0.0,0.3315973797898562,-0.3315973797898562,2
SKS02,SKS03,EQM_5,0,0.5,240,before_decay,original,4,profile_nrmse,0.1313925620094004,0.1963380358569304,-0.06494547384753002,2
SKS02,SKS03,EQM_5,0,0.5,240,shaking,boundary_retained,2,peak_depth_error,0.7857142857142856,0.5714285714285714,0.21428571428571425,2
SKS02,SKS03,EQM_5,0,0.5,240,shaking,boundary_retained,2,peak_load_error,0.40341803810055143,0.49437731175770844,-0.090959273657157,2
SKS02,SKS03,EQM_5,0,0.5,240,shaking,boundary_retained,2,profile_nrmse,0.28334377277533684,0.28569744500621075,-0.0023536722308739183,2
SKS02,SKS03,EQM_5,0,0.5,240,shaking,boundary_retained,3,peak_depth_error,0.7857142857142856,0.7142857142857142,0.0714285714285714,2
SKS02,SKS03,EQM_5,0,0.5,240,shaking,boundary_retained,3,peak_load_error,0.3967449539509245,0.37126215366073734,0.025482800290187152,2
SKS02,SKS03,EQM_5,0,0.5,240,shaking,boundary_retained,3,profile_nrmse,0.23813463880998906,0.24793536361405205,-0.00980072480406298,2
SKS02,SKS03,EQM_5,0,0.5,240,shaking,boundary_retained,4,peak_depth_error,0.0,0.7142857142857142,-0.7142857142857142,2
SKS02,SKS03,EQM_5,0,0.5,240,shaking,boundary_retained,4,peak_load_error,0.0,0.35494741570229804,-0.35494741570229804,2
SKS02,SKS03,EQM_5,0,0.5,240,shaking,boundary_retained,4,profile_nrmse,0.15145357135222956,0.23747661950350316,-0.0860230481512736,2
SKS02,SKS03,EQM_5,0,0.5,240,shaking,original,2,peak_depth_error,0.7857142857142856,0.5714285714285714,0.21428571428571425,2
SKS02,SKS03,EQM_5,0,0.5,240,shaking,original,2,peak_load_error,0.34251731839627153,0.49437731175770844,-0.15185999336143693,2
SKS02,SKS03,EQM_5,0,0.5,240,shaking,original,2,profile_nrmse,0.2721553317904376,0.28569744500621075,-0.013542113215773172,2
SKS02,SKS03,EQM_5,0,0.5,240,shaking,original,3,peak_depth_error,0.7857142857142856,0.7142857142857142,0.0714285714285714,2
SKS02,SKS03,EQM_5,0,0.5,240,shaking,original,3,peak_load_error,0.3967449539509245,0.37126215366073734,0.025482800290187152,2
SKS02,SKS03,EQM_5,0,0.5,240,shaking,original,3,profile_nrmse,0.23813463880998906,0.24793536361405205,-0.00980072480406298,2
SKS02,SKS03,EQM_5,0,0.5,240,shaking,original,4,peak_depth_error,0.0,0.7142857142857142,-0.7142857142857142,2
SKS02,SKS03,EQM_5,0,0.5,240,shaking,original,4,peak_load_error,0.0,0.35494741570229804,-0.35494741570229804,2
SKS02,SKS03,EQM_5,0,0.5,240,shaking,original,4,profile_nrmse,0.15145357135222956,0.23747661950350316,-0.0860230481512736,2
SKS02,SKS03,EQM_5,0,0.75,120,after_decay,boundary_retained,2,peak_depth_error,0.42857142857142855,0.1428571428571429,0.28571428571428564,2
SKS02,SKS03,EQM_5,0,0.75,120,after_decay,boundary_retained,2,peak_load_error,0.3192180509117697,0.3816954762575643,-0.06247742534579462,2
SKS02,SKS03,EQM_5,0,0.75,120,after_decay,boundary_retained,2,profile_nrmse,0.17524185854132235,0.20315998105574748,-0.027918122514425145,2
SKS02,SKS03,EQM_5,0,0.75,120,after_decay,boundary_retained,3,peak_depth_error,0.42857142857142855,0.35714285714285715,0.0714285714285714,2
SKS02,SKS03,EQM_5,0,0.75,120,after_decay,boundary_retained,3,peak_load_error,0.3192180509117697,0.3203470157091366,-0.0011289647973669326,2
SKS02,SKS03,EQM_5,0,0.75,120,after_decay,boundary_retained,3,profile_nrmse,0.15756718395688632,0.16951741631350992,-0.011950232356623583,2
SKS02,SKS03,EQM_5,0,0.75,120,after_decay,boundary_retained,4,peak_depth_error,0.0,0.35714285714285715,-0.35714285714285715,2
SKS02,SKS03,EQM_5,0,0.75,120,after_decay,boundary_retained,4,peak_load_error,0.0,0.3203470157091366,-0.3203470157091366,2
SKS02,SKS03,EQM_5,0,0.75,120,after_decay,boundary_retained,4,profile_nrmse,0.09636396802006132,0.1698998608105896,-0.0735358927905283,2
SKS02,SKS03,EQM_5,0,0.75,120,after_decay,original,2,peak_depth_error,0.42857142857142855,0.1428571428571429,0.28571428571428564,2
SKS02,SKS03,EQM_5,0,0.75,120,after_decay,original,2,peak_load_error,0.29729242765818675,0.3816954762575643,-0.08440304859937758,2
SKS02,SKS03,EQM_5,0,0.75,120,after_decay,original,2,profile_nrmse,0.18705120527066077,0.20315998105574748,-0.016108775785086703,2
SKS02,SKS03,EQM_5,0,0.75,120,after_decay,original,3,peak_depth_error,0.42857142857142855,0.35714285714285715,0.0714285714285714,2
SKS02,SKS03,EQM_5,0,0.75,120,after_decay,original,3,peak_load_error,0.3192180509117697,0.3203470157091366,-0.0011289647973669326,2
SKS02,SKS03,EQM_5,0,0.75,120,after_decay,original,3,profile_nrmse,0.15756718395688632,0.16951741631350992,-0.011950232356623583,2
SKS02,SKS03,EQM_5,0,0.75,120,after_decay,original,4,peak_depth_error,0.0,0.35714285714285715,-0.35714285714285715,2
SKS02,SKS03,EQM_5,0,0.75,120,after_decay,original,4,peak_load_error,0.0,0.3203470157091366,-0.3203470157091366,2
SKS02,SKS03,EQM_5,0,0.75,120,after_decay,original,4,profile_nrmse,0.09636396802006132,0.1698998608105896,-0.0735358927905283,2
SKS02,SKS03,EQM_5,0,0.75,120,before_decay,boundary_retained,2,peak_depth_error,0.7142857142857142,0.2857142857142857,0.4285714285714285,2
SKS02,SKS03,EQM_5,0,0.75,120,before_decay,boundary_retained,2,peak_load_error,0.2721366071269482,0.4391596423788029,-0.16702303525185472,2
SKS02,SKS03,EQM_5,0,0.75,120,before_decay,boundary_retained,2,profile_nrmse,0.20313234550294051,0.2380331938556434,-0.03490084835270288,2
SKS02,SKS03,EQM_5,0,0.75,120,before_decay,boundary_retained,3,peak_depth_error,0.7142857142857142,0.5714285714285714,0.1428571428571428,2
SKS02,SKS03,EQM_5,0,0.75,120,before_decay,boundary_retained,3,peak_load_error,0.2721366071269482,0.30514685956405574,-0.033010252437107535,2
SKS02,SKS03,EQM_5,0,0.75,120,before_decay,boundary_retained,3,profile_nrmse,0.18457450060923405,0.20759165366613005,-0.023017153056896,2
SKS02,SKS03,EQM_5,0,0.75,120,before_decay,boundary_retained,4,peak_depth_error,0.0,0.42857142857142855,-0.42857142857142855,2
SKS02,SKS03,EQM_5,0,0.75,120,before_decay,boundary_retained,4,peak_load_error,0.0,0.3037306987551232,-0.3037306987551232,2
SKS02,SKS03,EQM_5,0,0.75,120,before_decay,boundary_retained,4,profile_nrmse,0.13757818613530548,0.20703711291523458,-0.0694589267799291,2
SKS02,SKS03,EQM_5,0,0.75,120,before_decay,original,2,peak_depth_error,0.7142857142857142,0.2857142857142857,0.4285714285714285,2
SKS02,SKS03,EQM_5,0,0.75,120,before_decay,original,2,peak_load_error,0.2721366071269482,0.4391596423788029,-0.16702303525185472,2
SKS02,SKS03,EQM_5,0,0.75,120,before_decay,original,2,profile_nrmse,0.22056888129090707,0.2380331938556434,-0.017464312564736337,2
SKS02,SKS03,EQM_5,0,0.75,120,before_decay,original,3,peak_depth_error,0.7142857142857142,0.5714285714285714,0.1428571428571428,2
SKS02,SKS03,EQM_5,0,0.75,120,before_decay,original,3,peak_load_error,0.2721366071269482,0.30514685956405574,-0.033010252437107535,2
SKS02,SKS03,EQM_5,0,0.75,120,before_decay,original,3,profile_nrmse,0.18457450060923405,0.20759165366613005,-0.023017153056896,2
SKS02,SKS03,EQM_5,0,0.75,120,before_decay,original,4,peak_depth_error,0.0,0.42857142857142855,-0.42857142857142855,2
SKS02,SKS03,EQM_5,0,0.75,120,before_decay,original,4,peak_load_error,0.0,0.3037306987551232,-0.3037306987551232,2
SKS02,SKS03,EQM_5,0,0.75,120,before_decay,original,4,profile_nrmse,0.13757818613530548,0.20703711291523458,-0.0694589267799291,2
SKS02,SKS03,EQM_5,0,0.75,120,shaking,boundary_retained,2,peak_depth_error,0.7857142857142856,0.5714285714285714,0.21428571428571425,2
SKS02,SKS03,EQM_5,0,0.75,120,shaking,boundary_retained,2,peak_load_error,0.3995685035100597,0.49684114183449923,-0.09727263832443955,2
SKS02,SKS03,EQM_5,0,0.75,120,shaking,boundary_retained,2,profile_nrmse,0.2819159962644419,0.2858997136357303,-0.0039837173712884005,2
SKS02,SKS03,EQM_5,0,0.75,120,shaking,boundary_retained,3,peak_depth_error,0.7857142857142856,0.7142857142857142,0.0714285714285714,2
SKS02,SKS03,EQM_5,0,0.75,120,shaking,boundary_retained,3,peak_load_error,0.39463286990230406,0.36786039280622407,0.026772477096079966,2
SKS02,SKS03,EQM_5,0,0.75,120,shaking,boundary_retained,3,profile_nrmse,0.2363519131968207,0.2492833024712133,-0.012931389274392621,2
SKS02,SKS03,EQM_5,0,0.75,120,shaking,boundary_retained,4,peak_depth_error,0.0,0.7142857142857142,-0.7142857142857142,2
SKS02,SKS03,EQM_5,0,0.75,120,shaking,boundary_retained,4,peak_load_error,0.0,0.35231870324763676,-0.35231870324763676,2
SKS02,SKS03,EQM_5,0,0.75,120,shaking,boundary_retained,4,profile_nrmse,0.14993670404744025,0.2362885803594062,-0.08635187631196596,2
SKS02,SKS03,EQM_5,0,0.75,120,shaking,original,2,peak_depth_error,0.7857142857142856,0.5714285714285714,0.21428571428571425,2
SKS02,SKS03,EQM_5,0,0.75,120,shaking,original,2,peak_load_error,0.34237209179955896,0.49684114183449923,-0.1544690500349403,2
SKS02,SKS03,EQM_5,0,0.75,120,shaking,original,2,profile_nrmse,0.27008301656419653,0.2858997136357303,-0.015816697071533742,2
SKS02,SKS03,EQM_5,0,0.75,120,shaking,original,3,peak_depth_error,0.7857142857142856,0.7142857142857142,0.0714285714285714,2
SKS02,SKS03,EQM_5,0,0.75,120,shaking,original,3,peak_load_error,0.39463286990230406,0.36786039280622407,0.026772477096079966,2
SKS02,SKS03,EQM_5,0,0.75,120,shaking,original,3,profile_nrmse,0.2363519131968207,0.2492833024712133,-0.012931389274392621,2
SKS02,SKS03,EQM_5,0,0.75,120,shaking,original,4,peak_depth_error,0.0,0.7142857142857142,-0.7142857142857142,2
SKS02,SKS03,EQM_5,0,0.75,120,shaking,original,4,peak_load_error,0.0,0.35231870324763676,-0.35231870324763676,2
SKS02,SKS03,EQM_5,0,0.75,120,shaking,original,4,profile_nrmse,0.14993670404744025,0.2362885803594062,-0.08635187631196596,2
SKS02,SKS03,EQM_5,0,0.75,240,after_decay,boundary_retained,2,peak_depth_error,0.42857142857142855,0.1428571428571429,0.28571428571428564,2
SKS02,SKS03,EQM_5,0,0.75,240,after_decay,boundary_retained,2,peak_load_error,0.3191974078592052,0.38169474610094856,-0.06249733824174333,2
SKS02,SKS03,EQM_5,0,0.75,240,after_decay,boundary_retained,2,profile_nrmse,0.17534103990039743,0.20316320301675264,-0.027822163116355214,2
SKS02,SKS03,EQM_5,0,0.75,240,after_decay,boundary_retained,3,peak_depth_error,0.42857142857142855,0.35714285714285715,0.0714285714285714,2
SKS02,SKS03,EQM_5,0,0.75,240,after_decay,boundary_retained,3,peak_load_error,0.3191974078592052,0.3204122826252876,-0.0012148747660823966,2
SKS02,SKS03,EQM_5,0,0.75,240,after_decay,boundary_retained,3,profile_nrmse,0.15756216471490975,0.16946615913394603,-0.011903994419036307,2
SKS02,SKS03,EQM_5,0,0.75,240,after_decay,boundary_retained,4,peak_depth_error,0.0,0.35714285714285715,-0.35714285714285715,2
SKS02,SKS03,EQM_5,0,0.75,240,after_decay,boundary_retained,4,peak_load_error,0.0,0.3204122826252876,-0.3204122826252876,2
SKS02,SKS03,EQM_5,0,0.75,240,after_decay,boundary_retained,4,profile_nrmse,0.09637965741422035,0.1698898698707954,-0.07351021245657507,2
SKS02,SKS03,EQM_5,0,0.75,240,after_decay,original,2,peak_depth_error,0.42857142857142855,0.1428571428571429,0.28571428571428564,2
SKS02,SKS03,EQM_5,0,0.75,240,after_decay,original,2,peak_load_error,0.29729434940988797,0.38169474610094856,-0.08440039669106053,2
SKS02,SKS03,EQM_5,0,0.75,240,after_decay,original,2,profile_nrmse,0.1870721788993538,0.20316320301675264,-0.01609102411739885,2
SKS02,SKS03,EQM_5,0,0.75,240,after_decay,original,3,peak_depth_error,0.42857142857142855,0.35714285714285715,0.0714285714285714,2
SKS02,SKS03,EQM_5,0,0.75,240,after_decay,original,3,peak_load_error,0.3191974078592052,0.3204122826252876,-0.0012148747660823966,2
SKS02,SKS03,EQM_5,0,0.75,240,after_decay,original,3,profile_nrmse,0.15756216471490975,0.16946615913394603,-0.011903994419036307,2
SKS02,SKS03,EQM_5,0,0.75,240,after_decay,original,4,peak_depth_error,0.0,0.35714285714285715,-0.35714285714285715,2
SKS02,SKS03,EQM_5,0,0.75,240,after_decay,original,4,peak_load_error,0.0,0.3204122826252876,-0.3204122826252876,2
SKS02,SKS03,EQM_5,0,0.75,240,after_decay,original,4,profile_nrmse,0.09637965741422035,0.1698898698707954,-0.07351021245657507,2
SKS02,SKS03,EQM_5,0,0.75,240,before_decay,boundary_retained,2,peak_depth_error,0.7142857142857142,0.2857142857142857,0.4285714285714285,2
SKS02,SKS03,EQM_5,0,0.75,240,before_decay,boundary_retained,2,peak_load_error,0.27313850413377416,0.43576275178286294,-0.16262424764908884,2
SKS02,SKS03,EQM_5,0,0.75,240,before_decay,boundary_retained,2,profile_nrmse,0.20227149975876474,0.23720998699180765,-0.03493848723304292,2
SKS02,SKS03,EQM_5,0,0.75,240,before_decay,boundary_retained,3,peak_depth_error,0.7142857142857142,0.5714285714285714,0.1428571428571428,2
SKS02,SKS03,EQM_5,0,0.75,240,before_decay,boundary_retained,3,peak_load_error,0.27313850413377416,0.3067872888796699,-0.03364878474589578,2
SKS02,SKS03,EQM_5,0,0.75,240,before_decay,boundary_retained,3,profile_nrmse,0.18489334112960557,0.20749232505158235,-0.02259898392197679,2
SKS02,SKS03,EQM_5,0,0.75,240,before_decay,boundary_retained,4,peak_depth_error,0.0,0.42857142857142855,-0.42857142857142855,2
SKS02,SKS03,EQM_5,0,0.75,240,before_decay,boundary_retained,4,peak_load_error,0.0,0.30534673923809635,-0.30534673923809635,2
SKS02,SKS03,EQM_5,0,0.75,240,before_decay,boundary_retained,4,profile_nrmse,0.13794271942674435,0.20681896550086576,-0.0688762460741214,2
SKS02,SKS03,EQM_5,0,0.75,240,before_decay,original,2,peak_depth_error,0.7142857142857142,0.2857142857142857,0.4285714285714285,2
SKS02,SKS03,EQM_5,0,0.75,240,before_decay,original,2,peak_load_error,0.27309343167651323,0.43576275178286294,-0.16266932010634977,2
SKS02,SKS03,EQM_5,0,0.75,240,before_decay,original,2,profile_nrmse,0.22254999693973837,0.23720998699180765,-0.014659990052069263,2
SKS02,SKS03,EQM_5,0,0.75,240,before_decay,original,3,peak_depth_error,0.7142857142857142,0.5714285714285714,0.1428571428571428,2
SKS02,SKS03,EQM_5,0,0.75,240,before_decay,original,3,peak_load_error,0.27313850413377416,0.3067872888796699,-0.03364878474589578,2
SKS02,SKS03,EQM_5,0,0.75,240,before_decay,original,3,profile_nrmse,0.18489334112960557,0.20749232505158235,-0.02259898392197679,2
SKS02,SKS03,EQM_5,0,0.75,240,before_decay,original,4,peak_depth_error,0.0,0.42857142857142855,-0.42857142857142855,2
SKS02,SKS03,EQM_5,0,0.75,240,before_decay,original,4,peak_load_error,0.0,0.30534673923809635,-0.30534673923809635,2
SKS02,SKS03,EQM_5,0,0.75,240,before_decay,original,4,profile_nrmse,0.13794271942674435,0.20681896550086576,-0.0688762460741214,2
SKS02,SKS03,EQM_5,0,0.75,240,shaking,boundary_retained,2,peak_depth_error,0.7857142857142856,0.5714285714285714,0.21428571428571425,2
SKS02,SKS03,EQM_5,0,0.75,240,shaking,boundary_retained,2,peak_load_error,0.40341803810055143,0.49437731175770844,-0.090959273657157,2
SKS02,SKS03,EQM_5,0,0.75,240,shaking,boundary_retained,2,profile_nrmse,0.28334377277533684,0.28569744500621075,-0.0023536722308739183,2
SKS02,SKS03,EQM_5,0,0.75,240,shaking,boundary_retained,3,peak_depth_error,0.7857142857142856,0.7142857142857142,0.0714285714285714,2
SKS02,SKS03,EQM_5,0,0.75,240,shaking,boundary_retained,3,peak_load_error,0.3967449539509245,0.37126215366073734,0.025482800290187152,2
SKS02,SKS03,EQM_5,0,0.75,240,shaking,boundary_retained,3,profile_nrmse,0.23813463880998906,0.24793536361405205,-0.00980072480406298,2
SKS02,SKS03,EQM_5,0,0.75,240,shaking,boundary_retained,4,peak_depth_error,0.0,0.7142857142857142,-0.7142857142857142,2
SKS02,SKS03,EQM_5,0,0.75,240,shaking,boundary_retained,4,peak_load_error,0.0,0.35494741570229804,-0.35494741570229804,2
SKS02,SKS03,EQM_5,0,0.75,240,shaking,boundary_retained,4,profile_nrmse,0.15145357135222956,0.23747661950350316,-0.0860230481512736,2
SKS02,SKS03,EQM_5,0,0.75,240,shaking,original,2,peak_depth_error,0.7857142857142856,0.5714285714285714,0.21428571428571425,2
SKS02,SKS03,EQM_5,0,0.75,240,shaking,original,2,peak_load_error,0.34251731839627153,0.49437731175770844,-0.15185999336143693,2
SKS02,SKS03,EQM_5,0,0.75,240,shaking,original,2,profile_nrmse,0.2721553317904376,0.28569744500621075,-0.013542113215773172,2
SKS02,SKS03,EQM_5,0,0.75,240,shaking,original,3,peak_depth_error,0.7857142857142856,0.7142857142857142,0.0714285714285714,2
SKS02,SKS03,EQM_5,0,0.75,240,shaking,original,3,peak_load_error,0.3967449539509245,0.37126215366073734,0.025482800290187152,2
SKS02,SKS03,EQM_5,0,0.75,240,shaking,original,3,profile_nrmse,0.23813463880998906,0.24793536361405205,-0.00980072480406298,2
SKS02,SKS03,EQM_5,0,0.75,240,shaking,original,4,peak_depth_error,0.0,0.7142857142857142,-0.7142857142857142,2
SKS02,SKS03,EQM_5,0,0.75,240,shaking,original,4,peak_load_error,0.0,0.35494741570229804,-0.35494741570229804,2
SKS02,SKS03,EQM_5,0,0.75,240,shaking,original,4,profile_nrmse,0.15145357135222956,0.23747661950350316,-0.0860230481512736,2
SKS02,SKS03,EQM_5,1,0.25,120,after_decay,boundary_retained,2,peak_depth_error,0.42857142857142855,0.1428571428571429,0.28571428571428564,2
SKS02,SKS03,EQM_5,1,0.25,120,after_decay,boundary_retained,2,peak_load_error,0.31921695997953903,0.38130661787132625,-0.062089657891787275,2
SKS02,SKS03,EQM_5,1,0.25,120,after_decay,boundary_retained,2,profile_nrmse,0.17476217414027756,0.20287386757445125,-0.028111693434173704,2
SKS02,SKS03,EQM_5,1,0.25,120,after_decay,boundary_retained,3,peak_depth_error,0.42857142857142855,0.35714285714285715,0.0714285714285714,2
SKS02,SKS03,EQM_5,1,0.25,120,after_decay,boundary_retained,3,peak_load_error,0.31921695997953903,0.3202638999989581,-0.0010469400194191014,2
SKS02,SKS03,EQM_5,1,0.25,120,after_decay,boundary_retained,3,profile_nrmse,0.15733881795624666,0.16922266889272153,-0.011883850936474885,2
SKS02,SKS03,EQM_5,1,0.25,120,after_decay,boundary_retained,4,peak_depth_error,0.0,0.35714285714285715,-0.35714285714285715,2
SKS02,SKS03,EQM_5,1,0.25,120,after_decay,boundary_retained,4,peak_load_error,0.0,0.3202638999989581,-0.3202638999989581,2
SKS02,SKS03,EQM_5,1,0.25,120,after_decay,boundary_retained,4,profile_nrmse,0.09606501722183046,0.1696507378355718,-0.07358572061374134,2
SKS02,SKS03,EQM_5,1,0.25,120,after_decay,original,2,peak_depth_error,0.42857142857142855,0.1428571428571429,0.28571428571428564,2
SKS02,SKS03,EQM_5,1,0.25,120,after_decay,original,2,peak_load_error,0.29718353734195213,0.38130661787132625,-0.08412308052937417,2
SKS02,SKS03,EQM_5,1,0.25,120,after_decay,original,2,profile_nrmse,0.1863619564159898,0.20287386757445125,-0.016511911158461456,2
SKS02,SKS03,EQM_5,1,0.25,120,after_decay,original,3,peak_depth_error,0.42857142857142855,0.35714285714285715,0.0714285714285714,2
SKS02,SKS03,EQM_5,1,0.25,120,after_decay,original,3,peak_load_error,0.31921695997953903,0.3202638999989581,-0.0010469400194191014,2
SKS02,SKS03,EQM_5,1,0.25,120,after_decay,original,3,profile_nrmse,0.15733881795624666,0.16922266889272153,-0.011883850936474885,2
SKS02,SKS03,EQM_5,1,0.25,120,after_decay,original,4,peak_depth_error,0.0,0.35714285714285715,-0.35714285714285715,2
SKS02,SKS03,EQM_5,1,0.25,120,after_decay,original,4,peak_load_error,0.0,0.3202638999989581,-0.3202638999989581,2
SKS02,SKS03,EQM_5,1,0.25,120,after_decay,original,4,profile_nrmse,0.09606501722183046,0.1696507378355718,-0.07358572061374134,2
SKS02,SKS03,EQM_5,1,0.25,120,before_decay,boundary_retained,2,peak_depth_error,0.42857142857142855,0.2142857142857143,0.21428571428571425,2
SKS02,SKS03,EQM_5,1,0.25,120,before_decay,boundary_retained,2,peak_load_error,0.3147324853020962,0.39861751312115695,-0.08388502781906074,2
SKS02,SKS03,EQM_5,1,0.25,120,before_decay,boundary_retained,2,profile_nrmse,0.1842698353345203,0.22113912447277007,-0.036869289138249745,2
SKS02,SKS03,EQM_5,1,0.25,120,before_decay,boundary_retained,3,peak_depth_error,0.42857142857142855,0.35714285714285715,0.0714285714285714,2
SKS02,SKS03,EQM_5,1,0.25,120,before_decay,boundary_retained,3,peak_load_error,0.3147324853020962,0.3393701842016411,-0.024637698899544924,2
SKS02,SKS03,EQM_5,1,0.25,120,before_decay,boundary_retained,3,profile_nrmse,0.16860360808716446,0.18983167605357038,-0.02122806796640593,2
SKS02,SKS03,EQM_5,1,0.25,120,before_decay,boundary_retained,4,peak_depth_error,0.0,0.35714285714285715,-0.35714285714285715,2
SKS02,SKS03,EQM_5,1,0.25,120,before_decay,boundary_retained,4,peak_load_error,0.0,0.3393701842016411,-0.3393701842016411,2
SKS02,SKS03,EQM_5,1,0.25,120,before_decay,boundary_retained,4,profile_nrmse,0.12404468942317542,0.1900661818968935,-0.06602149247371808,2
SKS02,SKS03,EQM_5,1,0.25,120,before_decay,original,2,peak_depth_error,0.42857142857142855,0.2142857142857143,0.21428571428571425,2
SKS02,SKS03,EQM_5,1,0.25,120,before_decay,original,2,peak_load_error,0.3248529894851191,0.39861751312115695,-0.07376452363603783,2
SKS02,SKS03,EQM_5,1,0.25,120,before_decay,original,2,profile_nrmse,0.2155674989877734,0.22113912447277007,-0.005571625484996651,2
SKS02,SKS03,EQM_5,1,0.25,120,before_decay,original,3,peak_depth_error,0.42857142857142855,0.35714285714285715,0.0714285714285714,2
SKS02,SKS03,EQM_5,1,0.25,120,before_decay,original,3,peak_load_error,0.3147324853020962,0.3393701842016411,-0.024637698899544924,2
SKS02,SKS03,EQM_5,1,0.25,120,before_decay,original,3,profile_nrmse,0.16860360808716446,0.18983167605357038,-0.02122806796640593,2
SKS02,SKS03,EQM_5,1,0.25,120,before_decay,original,4,peak_depth_error,0.0,0.35714285714285715,-0.35714285714285715,2
SKS02,SKS03,EQM_5,1,0.25,120,before_decay,original,4,peak_load_error,0.0,0.3393701842016411,-0.3393701842016411,2
SKS02,SKS03,EQM_5,1,0.25,120,before_decay,original,4,profile_nrmse,0.12404468942317542,0.1900661818968935,-0.06602149247371808,2
SKS02,SKS03,EQM_5,1,0.25,120,shaking,boundary_retained,2,peak_depth_error,0.7142857142857142,0.2142857142857143,0.4999999999999999,2
SKS02,SKS03,EQM_5,1,0.25,120,shaking,boundary_retained,2,peak_load_error,0.3286685578547477,0.44327237426762145,-0.1146038164128737,2
SKS02,SKS03,EQM_5,1,0.25,120,shaking,boundary_retained,2,profile_nrmse,0.21446445871685393,0.24370531840849613,-0.029240859691642196,2
SKS02,SKS03,EQM_5,1,0.25,120,shaking,boundary_retained,3,peak_depth_error,0.7142857142857142,0.5714285714285714,0.1428571428571428,2
SKS02,SKS03,EQM_5,1,0.25,120,shaking,boundary_retained,3,peak_load_error,0.3286685578547477,0.2900315327560875,0.038637025098660224,2
SKS02,SKS03,EQM_5,1,0.25,120,shaking,boundary_retained,3,profile_nrmse,0.1970298958501438,0.20450568814027315,-0.007475792290129346,2
SKS02,SKS03,EQM_5,1,0.25,120,shaking,boundary_retained,4,peak_depth_error,0.0,0.42857142857142855,-0.42857142857142855,2
SKS02,SKS03,EQM_5,1,0.25,120,shaking,boundary_retained,4,peak_load_error,0.0,0.28016568865841374,-0.28016568865841374,2
SKS02,SKS03,EQM_5,1,0.25,120,shaking,boundary_retained,4,profile_nrmse,0.1230424364212803,0.20368505811060128,-0.08064262168932096,2
SKS02,SKS03,EQM_5,1,0.25,120,shaking,original,2,peak_depth_error,0.7142857142857142,0.2142857142857143,0.4999999999999999,2
SKS02,SKS03,EQM_5,1,0.25,120,shaking,original,2,peak_load_error,0.27076839247951534,0.44327237426762145,-0.17250398178810608,2
SKS02,SKS03,EQM_5,1,0.25,120,shaking,original,2,profile_nrmse,0.21411585850806228,0.24370531840849613,-0.02958945990043385,2
SKS02,SKS03,EQM_5,1,0.25,120,shaking,original,3,peak_depth_error,0.7142857142857142,0.5714285714285714,0.1428571428571428,2
SKS02,SKS03,EQM_5,1,0.25,120,shaking,original,3,peak_load_error,0.3286685578547477,0.2900315327560875,0.038637025098660224,2
SKS02,SKS03,EQM_5,1,0.25,120,shaking,original,3,profile_nrmse,0.1970298958501438,0.20450568814027315,-0.007475792290129346,2
SKS02,SKS03,EQM_5,1,0.25,120,shaking,original,4,peak_depth_error,0.0,0.42857142857142855,-0.42857142857142855,2
SKS02,SKS03,EQM_5,1,0.25,120,shaking,original,4,peak_load_error,0.0,0.28016568865841374,-0.28016568865841374,2
SKS02,SKS03,EQM_5,1,0.25,120,shaking,original,4,profile_nrmse,0.1230424364212803,0.20368505811060128,-0.08064262168932096,2
SKS02,SKS03,EQM_5,1,0.25,240,after_decay,boundary_retained,2,peak_depth_error,0.42857142857142855,0.1428571428571429,0.28571428571428564,2
SKS02,SKS03,EQM_5,1,0.25,240,after_decay,boundary_retained,2,peak_load_error,0.31921294059335736,0.38125848099410875,-0.06204554040075144,2
SKS02,SKS03,EQM_5,1,0.25,240,after_decay,boundary_retained,2,profile_nrmse,0.17475725142859735,0.2029109070807208,-0.028153655652123438,2
SKS02,SKS03,EQM_5,1,0.25,240,after_decay,boundary_retained,3,peak_depth_error,0.42857142857142855,0.35714285714285715,0.0714285714285714,2
SKS02,SKS03,EQM_5,1,0.25,240,after_decay,boundary_retained,3,peak_load_error,0.31921294059335736,0.3203466857062537,-0.0011337451128963782,2
SKS02,SKS03,EQM_5,1,0.25,240,after_decay,boundary_retained,3,profile_nrmse,0.15733468471943524,0.1692217917940767,-0.011887107074641454,2
SKS02,SKS03,EQM_5,1,0.25,240,after_decay,boundary_retained,4,peak_depth_error,0.0,0.35714285714285715,-0.35714285714285715,2
SKS02,SKS03,EQM_5,1,0.25,240,after_decay,boundary_retained,4,peak_load_error,0.0,0.3203466857062537,-0.3203466857062537,2
SKS02,SKS03,EQM_5,1,0.25,240,after_decay,boundary_retained,4,profile_nrmse,0.09606022244889176,0.16965040234621986,-0.07359017989732808,2
SKS02,SKS03,EQM_5,1,0.25,240,after_decay,original,2,peak_depth_error,0.42857142857142855,0.1428571428571429,0.28571428571428564,2
SKS02,SKS03,EQM_5,1,0.25,240,after_decay,original,2,peak_load_error,0.2972006824929484,0.38125848099410875,-0.08405779850116038,2
SKS02,SKS03,EQM_5,1,0.25,240,after_decay,original,2,profile_nrmse,0.18635525205795922,0.2029109070807208,-0.016555655022761566,2
SKS02,SKS03,EQM_5,1,0.25,240,after_decay,original,3,peak_depth_error,0.42857142857142855,0.35714285714285715,0.0714285714285714,2
SKS02,SKS03,EQM_5,1,0.25,240,after_decay,original,3,peak_load_error,0.31921294059335736,0.3203466857062537,-0.0011337451128963782,2
SKS02,SKS03,EQM_5,1,0.25,240,after_decay,original,3,profile_nrmse,0.15733468471943524,0.1692217917940767,-0.011887107074641454,2
SKS02,SKS03,EQM_5,1,0.25,240,after_decay,original,4,peak_depth_error,0.0,0.35714285714285715,-0.35714285714285715,2
SKS02,SKS03,EQM_5,1,0.25,240,after_decay,original,4,peak_load_error,0.0,0.3203466857062537,-0.3203466857062537,2
SKS02,SKS03,EQM_5,1,0.25,240,after_decay,original,4,profile_nrmse,0.09606022244889176,0.16965040234621986,-0.07359017989732808,2
SKS02,SKS03,EQM_5,1,0.25,240,before_decay,boundary_retained,2,peak_depth_error,0.7142857142857142,0.2857142857142857,0.4285714285714285,2
SKS02,SKS03,EQM_5,1,0.25,240,before_decay,boundary_retained,2,peak_load_error,0.3178085732044984,0.40191293713335496,-0.08410436392885653,2
SKS02,SKS03,EQM_5,1,0.25,240,before_decay,boundary_retained,2,profile_nrmse,0.18376635036861266,0.22414117269720144,-0.040374822328588786,2
SKS02,SKS03,EQM_5,1,0.25,240,before_decay,boundary_retained,3,peak_depth_error,0.7142857142857142,0.35714285714285715,0.35714285714285704,2
SKS02,SKS03,EQM_5,1,0.25,240,before_decay,boundary_retained,3,peak_load_error,0.3178085732044984,0.3457232498617241,-0.02791467665722569,2
SKS02,SKS03,EQM_5,1,0.25,240,before_decay,boundary_retained,3,profile_nrmse,0.17058726388122308,0.19287524884407636,-0.02228798496285328,2
SKS02,SKS03,EQM_5,1,0.25,240,before_decay,boundary_retained,4,peak_depth_error,0.0,0.42857142857142855,-0.42857142857142855,2
SKS02,SKS03,EQM_5,1,0.25,240,before_decay,boundary_retained,4,peak_load_error,0.0,0.34320556582555406,-0.34320556582555406,2
SKS02,SKS03,EQM_5,1,0.25,240,before_decay,boundary_retained,4,profile_nrmse,0.12803992365404668,0.19303387504388322,-0.06499395138983655,2
SKS02,SKS03,EQM_5,1,0.25,240,before_decay,original,2,peak_depth_error,0.7142857142857142,0.2857142857142857,0.4285714285714285,2
SKS02,SKS03,EQM_5,1,0.25,240,before_decay,original,2,peak_load_error,0.32611039449360935,0.40191293713335496,-0.07580254263974559,2
SKS02,SKS03,EQM_5,1,0.25,240,before_decay,original,2,profile_nrmse,0.21461759535635738,0.22414117269720144,-0.009523577340844039,2
SKS02,SKS03,EQM_5,1,0.25,240,before_decay,original,3,peak_depth_error,0.7142857142857142,0.35714285714285715,0.35714285714285704,2
SKS02,SKS03,EQM_5,1,0.25,240,before_decay,original,3,peak_load_error,0.3178085732044984,0.3457232498617241,-0.02791467665722569,2
SKS02,SKS03,EQM_5,1,0.25,240,before_decay,original,3,profile_nrmse,0.17058726388122308,0.19287524884407636,-0.02228798496285328,2
SKS02,SKS03,EQM_5,1,0.25,240,before_decay,original,4,peak_depth_error,0.0,0.42857142857142855,-0.42857142857142855,2
SKS02,SKS03,EQM_5,1,0.25,240,before_decay,original,4,peak_load_error,0.0,0.34320556582555406,-0.34320556582555406,2
SKS02,SKS03,EQM_5,1,0.25,240,before_decay,original,4,profile_nrmse,0.12803992365404668,0.19303387504388322,-0.06499395138983655,2
SKS02,SKS03,EQM_5,1,0.25,240,shaking,boundary_retained,2,peak_depth_error,0.7142857142857142,0.2142857142857143,0.4999999999999999,2
SKS02,SKS03,EQM_5,1,0.25,240,shaking,boundary_retained,2,peak_load_error,0.32907456401466423,0.4433549197712322,-0.11428035575656803,2
SKS02,SKS03,EQM_5,1,0.25,240,shaking,boundary_retained,2,profile_nrmse,0.21453875319997906,0.24376455379330064,-0.029225800593321596,2
SKS02,SKS03,EQM_5,1,0.25,240,shaking,boundary_retained,3,peak_depth_error,0.7142857142857142,0.5714285714285714,0.1428571428571428,2
SKS02,SKS03,EQM_5,1,0.25,240,shaking,boundary_retained,3,peak_load_error,0.32907456401466423,0.2903736162853856,0.038700947729278595,2
SKS02,SKS03,EQM_5,1,0.25,240,shaking,boundary_retained,3,profile_nrmse,0.19713800744181284,0.2045699789707128,-0.007431971528899961,2
SKS02,SKS03,EQM_5,1,0.25,240,shaking,boundary_retained,4,peak_depth_error,0.0,0.42857142857142855,-0.42857142857142855,2
SKS02,SKS03,EQM_5,1,0.25,240,shaking,boundary_retained,4,peak_load_error,0.0,0.2803100550489602,-0.2803100550489602,2
SKS02,SKS03,EQM_5,1,0.25,240,shaking,boundary_retained,4,profile_nrmse,0.12306296015636702,0.20371293502882823,-0.08064997487246121,2
SKS02,SKS03,EQM_5,1,0.25,240,shaking,original,2,peak_depth_error,0.7142857142857142,0.2142857142857143,0.4999999999999999,2
SKS02,SKS03,EQM_5,1,0.25,240,shaking,original,2,peak_load_error,0.27107867489863,0.4433549197712322,-0.1722762448726022,2
SKS02,SKS03,EQM_5,1,0.25,240,shaking,original,2,profile_nrmse,0.21416919772131549,0.24376455379330064,-0.02959535607198517,2
SKS02,SKS03,EQM_5,1,0.25,240,shaking,original,3,peak_depth_error,0.7142857142857142,0.5714285714285714,0.1428571428571428,2
SKS02,SKS03,EQM_5,1,0.25,240,shaking,original,3,peak_load_error,0.32907456401466423,0.2903736162853856,0.038700947729278595,2
SKS02,SKS03,EQM_5,1,0.25,240,shaking,original,3,profile_nrmse,0.19713800744181284,0.2045699789707128,-0.007431971528899961,2
SKS02,SKS03,EQM_5,1,0.25,240,shaking,original,4,peak_depth_error,0.0,0.42857142857142855,-0.42857142857142855,2
SKS02,SKS03,EQM_5,1,0.25,240,shaking,original,4,peak_load_error,0.0,0.2803100550489602,-0.2803100550489602,2
SKS02,SKS03,EQM_5,1,0.25,240,shaking,original,4,profile_nrmse,0.12306296015636702,0.20371293502882823,-0.08064997487246121,2
SKS02,SKS03,EQM_5,1,0.5,120,after_decay,boundary_retained,2,peak_depth_error,0.42857142857142855,0.1428571428571429,0.28571428571428564,2
SKS02,SKS03,EQM_5,1,0.5,120,after_decay,boundary_retained,2,peak_load_error,0.31906477553370827,0.3815464436839627,-0.06248166815025441,2
SKS02,SKS03,EQM_5,1,0.5,120,after_decay,boundary_retained,2,profile_nrmse,0.17509201618664547,0.20303201536047918,-0.02793999917383372,2
SKS02,SKS03,EQM_5,1,0.5,120,after_decay,boundary_retained,3,peak_depth_error,0.42857142857142855,0.35714285714285715,0.0714285714285714,2
SKS02,SKS03,EQM_5,1,0.5,120,after_decay,boundary_retained,3,peak_load_error,0.31906477553370827,0.3203317444014392,-0.001266968867730922,2
SKS02,SKS03,EQM_5,1,0.5,120,after_decay,boundary_retained,3,profile_nrmse,0.15748390918150584,0.16949832396880038,-0.01201441478729455,2
SKS02,SKS03,EQM_5,1,0.5,120,after_decay,boundary_retained,4,peak_depth_error,0.0,0.35714285714285715,-0.35714285714285715,2
SKS02,SKS03,EQM_5,1,0.5,120,after_decay,boundary_retained,4,peak_load_error,0.0,0.3203317444014392,-0.3203317444014392,2
SKS02,SKS03,EQM_5,1,0.5,120,after_decay,boundary_retained,4,profile_nrmse,0.09619250815657725,0.1699219345020972,-0.07372942634551993,2
SKS02,SKS03,EQM_5,1,0.5,120,after_decay,original,2,peak_depth_error,0.42857142857142855,0.1428571428571429,0.28571428571428564,2
SKS02,SKS03,EQM_5,1,0.5,120,after_decay,original,2,peak_load_error,0.2970893846153719,0.3815464436839627,-0.0844570590685908,2
SKS02,SKS03,EQM_5,1,0.5,120,after_decay,original,2,profile_nrmse,0.186721525193953,0.20303201536047918,-0.016310490166526193,2
SKS02,SKS03,EQM_5,1,0.5,120,after_decay,original,3,peak_depth_error,0.42857142857142855,0.35714285714285715,0.0714285714285714,2
SKS02,SKS03,EQM_5,1,0.5,120,after_decay,original,3,peak_load_error,0.31906477553370827,0.3203317444014392,-0.001266968867730922,2
SKS02,SKS03,EQM_5,1,0.5,120,after_decay,original,3,profile_nrmse,0.15748390918150584,0.16949832396880038,-0.01201441478729455,2
SKS02,SKS03,EQM_5,1,0.5,120,after_decay,original,4,peak_depth_error,0.0,0.35714285714285715,-0.35714285714285715,2
SKS02,SKS03,EQM_5,1,0.5,120,after_decay,original,4,peak_load_error,0.0,0.3203317444014392,-0.3203317444014392,2
SKS02,SKS03,EQM_5,1,0.5,120,after_decay,original,4,profile_nrmse,0.09619250815657725,0.1699219345020972,-0.07372942634551993,2
SKS02,SKS03,EQM_5,1,0.5,120,before_decay,boundary_retained,2,peak_depth_error,0.7142857142857142,0.2857142857142857,0.4285714285714285,2
SKS02,SKS03,EQM_5,1,0.5,120,before_decay,boundary_retained,2,peak_load_error,0.3102628214047937,0.40922386052789306,-0.09896103912309935,2
SKS02,SKS03,EQM_5,1,0.5,120,before_decay,boundary_retained,2,profile_nrmse,0.18877944008387026,0.2267568018387362,-0.03797736175486592,2
SKS02,SKS03,EQM_5,1,0.5,120,before_decay,boundary_retained,3,peak_depth_error,0.7142857142857142,0.4214285714285723,0.29285714285714187,2
SKS02,SKS03,EQM_5,1,0.5,120,before_decay,boundary_retained,3,peak_load_error,0.3102628214047937,0.34003984996768166,-0.029777028562887956,2
SKS02,SKS03,EQM_5,1,0.5,120,before_decay,boundary_retained,3,profile_nrmse,0.17467384841486103,0.19751663382523646,-0.022842785410375432,2
SKS02,SKS03,EQM_5,1,0.5,120,before_decay,boundary_retained,4,peak_depth_error,0.0,0.42857142857142855,-0.42857142857142855,2
SKS02,SKS03,EQM_5,1,0.5,120,before_decay,boundary_retained,4,peak_load_error,0.0,0.335527189798703,-0.335527189798703,2
SKS02,SKS03,EQM_5,1,0.5,120,before_decay,boundary_retained,4,profile_nrmse,0.1301790989859486,0.19603726722812054,-0.06585816824217194,2
SKS02,SKS03,EQM_5,1,0.5,120,before_decay,original,2,peak_depth_error,0.7142857142857142,0.2857142857142857,0.4285714285714285,2
SKS02,SKS03,EQM_5,1,0.5,120,before_decay,original,2,peak_load_error,0.3152956148882299,0.40922386052789306,-0.09392824563966319,2
SKS02,SKS03,EQM_5,1,0.5,120,before_decay,original,2,profile_nrmse,0.21602301441414684,0.2267568018387362,-0.010733787424589372,2
SKS02,SKS03,EQM_5,1,0.5,120,before_decay,original,3,peak_depth_error,0.7142857142857142,0.4214285714285723,0.29285714285714187,2
SKS02,SKS03,EQM_5,1,0.5,120,before_decay,original,3,peak_load_error,0.3102628214047937,0.34003984996768166,-0.029777028562887956,2
SKS02,SKS03,EQM_5,1,0.5,120,before_decay,original,3,profile_nrmse,0.17467384841486103,0.19751663382523646,-0.022842785410375432,2
SKS02,SKS03,EQM_5,1,0.5,120,before_decay,original,4,peak_depth_error,0.0,0.42857142857142855,-0.42857142857142855,2
SKS02,SKS03,EQM_5,1,0.5,120,before_decay,original,4,peak_load_error,0.0,0.335527189798703,-0.335527189798703,2
SKS02,SKS03,EQM_5,1,0.5,120,before_decay,original,4,profile_nrmse,0.1301790989859486,0.19603726722812054,-0.06585816824217194,2
SKS02,SKS03,EQM_5,1,0.5,120,shaking,boundary_retained,2,peak_depth_error,0.7142857142857142,0.2142857142857143,0.4999999999999999,2
SKS02,SKS03,EQM_5,1,0.5,120,shaking,boundary_retained,2,peak_load_error,0.3286685578547477,0.44327237426762145,-0.1146038164128737,2
SKS02,SKS03,EQM_5,1,0.5,120,shaking,boundary_retained,2,profile_nrmse,0.21446445871685393,0.24370531840849613,-0.029240859691642196,2
SKS02,SKS03,EQM_5,1,0.5,120,shaking,boundary_retained,3,peak_depth_error,0.7142857142857142,0.5714285714285714,0.1428571428571428,2
SKS02,SKS03,EQM_5,1,0.5,120,shaking,boundary_retained,3,peak_load_error,0.3286685578547477,0.2900315327560875,0.038637025098660224,2
SKS02,SKS03,EQM_5,1,0.5,120,shaking,boundary_retained,3,profile_nrmse,0.1970298958501438,0.20450568814027315,-0.007475792290129346,2
SKS02,SKS03,EQM_5,1,0.5,120,shaking,boundary_retained,4,peak_depth_error,0.0,0.42857142857142855,-0.42857142857142855,2
SKS02,SKS03,EQM_5,1,0.5,120,shaking,boundary_retained,4,peak_load_error,0.0,0.28016568865841374,-0.28016568865841374,2
SKS02,SKS03,EQM_5,1,0.5,120,shaking,boundary_retained,4,profile_nrmse,0.1230424364212803,0.20368505811060128,-0.08064262168932096,2
SKS02,SKS03,EQM_5,1,0.5,120,shaking,original,2,peak_depth_error,0.7142857142857142,0.2142857142857143,0.4999999999999999,2
SKS02,SKS03,EQM_5,1,0.5,120,shaking,original,2,peak_load_error,0.27076839247951534,0.44327237426762145,-0.17250398178810608,2
SKS02,SKS03,EQM_5,1,0.5,120,shaking,original,2,profile_nrmse,0.21411585850806228,0.24370531840849613,-0.02958945990043385,2
SKS02,SKS03,EQM_5,1,0.5,120,shaking,original,3,peak_depth_error,0.7142857142857142,0.5714285714285714,0.1428571428571428,2
SKS02,SKS03,EQM_5,1,0.5,120,shaking,original,3,peak_load_error,0.3286685578547477,0.2900315327560875,0.038637025098660224,2
SKS02,SKS03,EQM_5,1,0.5,120,shaking,original,3,profile_nrmse,0.1970298958501438,0.20450568814027315,-0.007475792290129346,2
SKS02,SKS03,EQM_5,1,0.5,120,shaking,original,4,peak_depth_error,0.0,0.42857142857142855,-0.42857142857142855,2
SKS02,SKS03,EQM_5,1,0.5,120,shaking,original,4,peak_load_error,0.0,0.28016568865841374,-0.28016568865841374,2
SKS02,SKS03,EQM_5,1,0.5,120,shaking,original,4,profile_nrmse,0.1230424364212803,0.20368505811060128,-0.08064262168932096,2
SKS02,SKS03,EQM_5,1,0.5,240,after_decay,boundary_retained,2,peak_depth_error,0.42857142857142855,0.1428571428571429,0.28571428571428564,2
SKS02,SKS03,EQM_5,1,0.5,240,after_decay,boundary_retained,2,peak_load_error,0.31916653330958067,0.381603016465925,-0.06243648315634431,2
SKS02,SKS03,EQM_5,1,0.5,240,after_decay,boundary_retained,2,profile_nrmse,0.1750684643669553,0.20312323586507497,-0.028054771498119663,2
SKS02,SKS03,EQM_5,1,0.5,240,after_decay,boundary_retained,3,peak_depth_error,0.42857142857142855,0.35714285714285715,0.0714285714285714,2
SKS02,SKS03,EQM_5,1,0.5,240,after_decay,boundary_retained,3,peak_load_error,0.31916653330958067,0.32033782529170307,-0.00117129198212243,2
SKS02,SKS03,EQM_5,1,0.5,240,after_decay,boundary_retained,3,profile_nrmse,0.15746853398819144,0.16934239322837413,-0.011873859240182708,2
SKS02,SKS03,EQM_5,1,0.5,240,after_decay,boundary_retained,4,peak_depth_error,0.0,0.35714285714285715,-0.35714285714285715,2
SKS02,SKS03,EQM_5,1,0.5,240,after_decay,boundary_retained,4,peak_load_error,0.0,0.32033782529170307,-0.32033782529170307,2
SKS02,SKS03,EQM_5,1,0.5,240,after_decay,boundary_retained,4,profile_nrmse,0.09618932980339143,0.16976554190590393,-0.07357621210251249,2
SKS02,SKS03,EQM_5,1,0.5,240,after_decay,original,2,peak_depth_error,0.42857142857142855,0.1428571428571429,0.28571428571428564,2
SKS02,SKS03,EQM_5,1,0.5,240,after_decay,original,2,peak_load_error,0.2972053443869958,0.381603016465925,-0.08439767207892918,2
SKS02,SKS03,EQM_5,1,0.5,240,after_decay,original,2,profile_nrmse,0.1867092916788362,0.20312323586507497,-0.01641394418623876,2
SKS02,SKS03,EQM_5,1,0.5,240,after_decay,original,3,peak_depth_error,0.42857142857142855,0.35714285714285715,0.0714285714285714,2
SKS02,SKS03,EQM_5,1,0.5,240,after_decay,original,3,peak_load_error,0.31916653330958067,0.32033782529170307,-0.00117129198212243,2
SKS02,SKS03,EQM_5,1,0.5,240,after_decay,original,3,profile_nrmse,0.15746853398819144,0.16934239322837413,-0.011873859240182708,2
SKS02,SKS03,EQM_5,1,0.5,240,after_decay,original,4,peak_depth_error,0.0,0.35714285714285715,-0.35714285714285715,2
SKS02,SKS03,EQM_5,1,0.5,240,after_decay,original,4,peak_load_error,0.0,0.32033782529170307,-0.32033782529170307,2
SKS02,SKS03,EQM_5,1,0.5,240,after_decay,original,4,profile_nrmse,0.09618932980339143,0.16976554190590393,-0.07357621210251249,2
SKS02,SKS03,EQM_5,1,0.5,240,before_decay,boundary_retained,2,peak_depth_error,0.7142857142857142,0.2857142857142857,0.4285714285714285,2
SKS02,SKS03,EQM_5,1,0.5,240,before_decay,boundary_retained,2,peak_load_error,0.30334668476293014,0.4093877120945758,-0.10604102733164564,2
SKS02,SKS03,EQM_5,1,0.5,240,before_decay,boundary_retained,2,profile_nrmse,0.186792354057446,0.2275523954719938,-0.040760041414547823,2
SKS02,SKS03,EQM_5,1,0.5,240,before_decay,boundary_retained,3,peak_depth_error,0.7142857142857142,0.5714285714285714,0.1428571428571428,2
SKS02,SKS03,EQM_5,1,0.5,240,before_decay,boundary_retained,3,peak_load_error,0.30334668476293014,0.3336961321294635,-0.030349447366533333,2
SKS02,SKS03,EQM_5,1,0.5,240,before_decay,boundary_retained,3,profile_nrmse,0.17471318355882542,0.19800954882251967,-0.023296365263694233,2
SKS02,SKS03,EQM_5,1,0.5,240,before_decay,boundary_retained,4,peak_depth_error,0.0,0.42857142857142855,-0.42857142857142855,2
SKS02,SKS03,EQM_5,1,0.5,240,before_decay,boundary_retained,4,peak_load_error,0.0,0.33011281299223283,-0.33011281299223283,2
SKS02,SKS03,EQM_5,1,0.5,240,before_decay,boundary_retained,4,profile_nrmse,0.13048012700198652,0.19656725762292154,-0.06608713062093503,2
SKS02,SKS03,EQM_5,1,0.5,240,before_decay,original,2,peak_depth_error,0.7142857142857142,0.2857142857142857,0.4285714285714285,2
SKS02,SKS03,EQM_5,1,0.5,240,before_decay,original,2,peak_load_error,0.3072635290375802,0.4093877120945758,-0.10212418305699558,2
SKS02,SKS03,EQM_5,1,0.5,240,before_decay,original,2,profile_nrmse,0.21319387066355247,0.2275523954719938,-0.01435852480844134,2
SKS02,SKS03,EQM_5,1,0.5,240,before_decay,original,3,peak_depth_error,0.7142857142857142,0.5714285714285714,0.1428571428571428,2
SKS02,SKS03,EQM_5,1,0.5,240,before_decay,original,3,peak_load_error,0.30334668476293014,0.3336961321294635,-0.030349447366533333,2
SKS02,SKS03,EQM_5,1,0.5,240,before_decay,original,3,profile_nrmse,0.17471318355882542,0.19800954882251967,-0.023296365263694233,2
SKS02,SKS03,EQM_5,1,0.5,240,before_decay,original,4,peak_depth_error,0.0,0.42857142857142855,-0.42857142857142855,2
SKS02,SKS03,EQM_5,1,0.5,240,before_decay,original,4,peak_load_error,0.0,0.33011281299223283,-0.33011281299223283,2
SKS02,SKS03,EQM_5,1,0.5,240,before_decay,original,4,profile_nrmse,0.13048012700198652,0.19656725762292154,-0.06608713062093503,2
SKS02,SKS03,EQM_5,1,0.5,240,shaking,boundary_retained,2,peak_depth_error,0.7142857142857142,0.2142857142857143,0.4999999999999999,2
SKS02,SKS03,EQM_5,1,0.5,240,shaking,boundary_retained,2,peak_load_error,0.32907456401466423,0.4433549197712322,-0.11428035575656803,2
SKS02,SKS03,EQM_5,1,0.5,240,shaking,boundary_retained,2,profile_nrmse,0.21453875319997906,0.24376455379330064,-0.029225800593321596,2
SKS02,SKS03,EQM_5,1,0.5,240,shaking,boundary_retained,3,peak_depth_error,0.7142857142857142,0.5714285714285714,0.1428571428571428,2
SKS02,SKS03,EQM_5,1,0.5,240,shaking,boundary_retained,3,peak_load_error,0.32907456401466423,0.2903736162853856,0.038700947729278595,2
SKS02,SKS03,EQM_5,1,0.5,240,shaking,boundary_retained,3,profile_nrmse,0.19713800744181284,0.2045699789707128,-0.007431971528899961,2
SKS02,SKS03,EQM_5,1,0.5,240,shaking,boundary_retained,4,peak_depth_error,0.0,0.42857142857142855,-0.42857142857142855,2
SKS02,SKS03,EQM_5,1,0.5,240,shaking,boundary_retained,4,peak_load_error,0.0,0.2803100550489602,-0.2803100550489602,2
SKS02,SKS03,EQM_5,1,0.5,240,shaking,boundary_retained,4,profile_nrmse,0.12306296015636702,0.20371293502882823,-0.08064997487246121,2
SKS02,SKS03,EQM_5,1,0.5,240,shaking,original,2,peak_depth_error,0.7142857142857142,0.2142857142857143,0.4999999999999999,2
SKS02,SKS03,EQM_5,1,0.5,240,shaking,original,2,peak_load_error,0.27107867489863,0.4433549197712322,-0.1722762448726022,2
SKS02,SKS03,EQM_5,1,0.5,240,shaking,original,2,profile_nrmse,0.21416919772131549,0.24376455379330064,-0.02959535607198517,2
SKS02,SKS03,EQM_5,1,0.5,240,shaking,original,3,peak_depth_error,0.7142857142857142,0.5714285714285714,0.1428571428571428,2
SKS02,SKS03,EQM_5,1,0.5,240,shaking,original,3,peak_load_error,0.32907456401466423,0.2903736162853856,0.038700947729278595,2
SKS02,SKS03,EQM_5,1,0.5,240,shaking,original,3,profile_nrmse,0.19713800744181284,0.2045699789707128,-0.007431971528899961,2
SKS02,SKS03,EQM_5,1,0.5,240,shaking,original,4,peak_depth_error,0.0,0.42857142857142855,-0.42857142857142855,2
SKS02,SKS03,EQM_5,1,0.5,240,shaking,original,4,peak_load_error,0.0,0.2803100550489602,-0.2803100550489602,2
SKS02,SKS03,EQM_5,1,0.5,240,shaking,original,4,profile_nrmse,0.12306296015636702,0.20371293502882823,-0.08064997487246121,2
SKS02,SKS03,EQM_5,1,0.75,120,after_decay,boundary_retained,2,peak_depth_error,0.42857142857142855,0.1428571428571429,0.28571428571428564,2
SKS02,SKS03,EQM_5,1,0.75,120,after_decay,boundary_retained,2,peak_load_error,0.3192180509117697,0.3816954762575643,-0.06247742534579462,2
SKS02,SKS03,EQM_5,1,0.75,120,after_decay,boundary_retained,2,profile_nrmse,0.17524185854132235,0.20315998105574748,-0.027918122514425145,2
SKS02,SKS03,EQM_5,1,0.75,120,after_decay,boundary_retained,3,peak_depth_error,0.42857142857142855,0.35714285714285715,0.0714285714285714,2
SKS02,SKS03,EQM_5,1,0.75,120,after_decay,boundary_retained,3,peak_load_error,0.3192180509117697,0.32034986362325546,-0.0011318127114857968,2
SKS02,SKS03,EQM_5,1,0.75,120,after_decay,boundary_retained,3,profile_nrmse,0.15756718395688632,0.16951741631350992,-0.011950232356623583,2
SKS02,SKS03,EQM_5,1,0.75,120,after_decay,boundary_retained,4,peak_depth_error,0.0,0.35714285714285715,-0.35714285714285715,2
SKS02,SKS03,EQM_5,1,0.75,120,after_decay,boundary_retained,4,peak_load_error,0.0,0.32034986362325546,-0.32034986362325546,2
SKS02,SKS03,EQM_5,1,0.75,120,after_decay,boundary_retained,4,profile_nrmse,0.09636396802006132,0.1698998608105896,-0.0735358927905283,2
SKS02,SKS03,EQM_5,1,0.75,120,after_decay,original,2,peak_depth_error,0.42857142857142855,0.1428571428571429,0.28571428571428564,2
SKS02,SKS03,EQM_5,1,0.75,120,after_decay,original,2,peak_load_error,0.29729242765818675,0.3816954762575643,-0.08440304859937758,2
SKS02,SKS03,EQM_5,1,0.75,120,after_decay,original,2,profile_nrmse,0.18705120527066077,0.20315998105574748,-0.016108775785086703,2
SKS02,SKS03,EQM_5,1,0.75,120,after_decay,original,3,peak_depth_error,0.42857142857142855,0.35714285714285715,0.0714285714285714,2
SKS02,SKS03,EQM_5,1,0.75,120,after_decay,original,3,peak_load_error,0.3192180509117697,0.32034986362325546,-0.0011318127114857968,2
SKS02,SKS03,EQM_5,1,0.75,120,after_decay,original,3,profile_nrmse,0.15756718395688632,0.16951741631350992,-0.011950232356623583,2
SKS02,SKS03,EQM_5,1,0.75,120,after_decay,original,4,peak_depth_error,0.0,0.35714285714285715,-0.35714285714285715,2
SKS02,SKS03,EQM_5,1,0.75,120,after_decay,original,4,peak_load_error,0.0,0.32034986362325546,-0.32034986362325546,2
SKS02,SKS03,EQM_5,1,0.75,120,after_decay,original,4,profile_nrmse,0.09636396802006132,0.1698998608105896,-0.0735358927905283,2
SKS02,SKS03,EQM_5,1,0.75,120,before_decay,boundary_retained,2,peak_depth_error,0.7142857142857142,0.2857142857142857,0.4285714285714285,2
SKS02,SKS03,EQM_5,1,0.75,120,before_decay,boundary_retained,2,peak_load_error,0.2673025225170327,0.4320388401026829,-0.1647363175856502,2
SKS02,SKS03,EQM_5,1,0.75,120,before_decay,boundary_retained,2,profile_nrmse,0.1977765409152252,0.2346837325006601,-0.0369071915854349,2
SKS02,SKS03,EQM_5,1,0.75,120,before_decay,boundary_retained,3,peak_depth_error,0.7142857142857142,0.5714285714285714,0.1428571428571428,2
SKS02,SKS03,EQM_5,1,0.75,120,before_decay,boundary_retained,3,peak_load_error,0.2673025225170327,0.3001899012813376,-0.032887378764304906,2
SKS02,SKS03,EQM_5,1,0.75,120,before_decay,boundary_retained,3,profile_nrmse,0.18193440318098353,0.2053353726257827,-0.02340096944479915,2
SKS02,SKS03,EQM_5,1,0.75,120,before_decay,boundary_retained,4,peak_depth_error,0.0,0.42857142857142855,-0.42857142857142855,2
SKS02,SKS03,EQM_5,1,0.75,120,before_decay,boundary_retained,4,peak_load_error,0.0,0.29935341343730604,-0.29935341343730604,2
SKS02,SKS03,EQM_5,1,0.75,120,before_decay,boundary_retained,4,profile_nrmse,0.1356684298618462,0.2045191240454649,-0.06885069418361867,2
SKS02,SKS03,EQM_5,1,0.75,120,before_decay,original,2,peak_depth_error,0.7142857142857142,0.2857142857142857,0.4285714285714285,2
SKS02,SKS03,EQM_5,1,0.75,120,before_decay,original,2,peak_load_error,0.2673025225170327,0.4320388401026829,-0.1647363175856502,2
SKS02,SKS03,EQM_5,1,0.75,120,before_decay,original,2,profile_nrmse,0.2180418760118683,0.2346837325006601,-0.01664185648879178,2
SKS02,SKS03,EQM_5,1,0.75,120,before_decay,original,3,peak_depth_error,0.7142857142857142,0.5714285714285714,0.1428571428571428,2
SKS02,SKS03,EQM_5,1,0.75,120,before_decay,original,3,peak_load_error,0.2673025225170327,0.3001899012813376,-0.032887378764304906,2
SKS02,SKS03,EQM_5,1,0.75,120,before_decay,original,3,profile_nrmse,0.18193440318098353,0.2053353726257827,-0.02340096944479915,2
SKS02,SKS03,EQM_5,1,0.75,120,before_decay,original,4,peak_depth_error,0.0,0.42857142857142855,-0.42857142857142855,2
SKS02,SKS03,EQM_5,1,0.75,120,before_decay,original,4,peak_load_error,0.0,0.29935341343730604,-0.29935341343730604,2
SKS02,SKS03,EQM_5,1,0.75,120,before_decay,original,4,profile_nrmse,0.1356684298618462,0.2045191240454649,-0.06885069418361867,2
SKS02,SKS03,EQM_5,1,0.75,120,shaking,boundary_retained,2,peak_depth_error,0.7142857142857142,0.2142857142857143,0.4999999999999999,2
SKS02,SKS03,EQM_5,1,0.75,120,shaking,boundary_retained,2,peak_load_error,0.3286685578547477,0.44327237426762145,-0.1146038164128737,2
SKS02,SKS03,EQM_5,1,0.75,120,shaking,boundary_retained,2,profile_nrmse,0.21446445871685393,0.24370531840849613,-0.029240859691642196,2
SKS02,SKS03,EQM_5,1,0.75,120,shaking,boundary_retained,3,peak_depth_error,0.7142857142857142,0.5714285714285714,0.1428571428571428,2
SKS02,SKS03,EQM_5,1,0.75,120,shaking,boundary_retained,3,peak_load_error,0.3286685578547477,0.2900315327560875,0.038637025098660224,2
SKS02,SKS03,EQM_5,1,0.75,120,shaking,boundary_retained,3,profile_nrmse,0.1970298958501438,0.20450568814027315,-0.007475792290129346,2
SKS02,SKS03,EQM_5,1,0.75,120,shaking,boundary_retained,4,peak_depth_error,0.0,0.42857142857142855,-0.42857142857142855,2
SKS02,SKS03,EQM_5,1,0.75,120,shaking,boundary_retained,4,peak_load_error,0.0,0.28016568865841374,-0.28016568865841374,2
SKS02,SKS03,EQM_5,1,0.75,120,shaking,boundary_retained,4,profile_nrmse,0.1230424364212803,0.20368505811060128,-0.08064262168932096,2
SKS02,SKS03,EQM_5,1,0.75,120,shaking,original,2,peak_depth_error,0.7142857142857142,0.2142857142857143,0.4999999999999999,2
SKS02,SKS03,EQM_5,1,0.75,120,shaking,original,2,peak_load_error,0.27076839247951534,0.44327237426762145,-0.17250398178810608,2
SKS02,SKS03,EQM_5,1,0.75,120,shaking,original,2,profile_nrmse,0.21411585850806228,0.24370531840849613,-0.02958945990043385,2
SKS02,SKS03,EQM_5,1,0.75,120,shaking,original,3,peak_depth_error,0.7142857142857142,0.5714285714285714,0.1428571428571428,2
SKS02,SKS03,EQM_5,1,0.75,120,shaking,original,3,peak_load_error,0.3286685578547477,0.2900315327560875,0.038637025098660224,2
SKS02,SKS03,EQM_5,1,0.75,120,shaking,original,3,profile_nrmse,0.1970298958501438,0.20450568814027315,-0.007475792290129346,2
SKS02,SKS03,EQM_5,1,0.75,120,shaking,original,4,peak_depth_error,0.0,0.42857142857142855,-0.42857142857142855,2
SKS02,SKS03,EQM_5,1,0.75,120,shaking,original,4,peak_load_error,0.0,0.28016568865841374,-0.28016568865841374,2
SKS02,SKS03,EQM_5,1,0.75,120,shaking,original,4,profile_nrmse,0.1230424364212803,0.20368505811060128,-0.08064262168932096,2
SKS02,SKS03,EQM_5,1,0.75,240,after_decay,boundary_retained,2,peak_depth_error,0.42857142857142855,0.1428571428571429,0.28571428571428564,2
SKS02,SKS03,EQM_5,1,0.75,240,after_decay,boundary_retained,2,peak_load_error,0.3191790297475823,0.38169474610094856,-0.06251571635336625,2
SKS02,SKS03,EQM_5,1,0.75,240,after_decay,boundary_retained,2,profile_nrmse,0.17534103990039743,0.20316320301675264,-0.027822163116355214,2
SKS02,SKS03,EQM_5,1,0.75,240,after_decay,boundary_retained,3,peak_depth_error,0.42857142857142855,0.35714285714285715,0.0714285714285714,2
SKS02,SKS03,EQM_5,1,0.75,240,after_decay,boundary_retained,3,peak_load_error,0.3191790297475823,0.3204122826252876,-0.0012332528777053153,2
SKS02,SKS03,EQM_5,1,0.75,240,after_decay,boundary_retained,3,profile_nrmse,0.15756216471490975,0.16946615913394603,-0.011903994419036307,2
SKS02,SKS03,EQM_5,1,0.75,240,after_decay,boundary_retained,4,peak_depth_error,0.0,0.35714285714285715,-0.35714285714285715,2
SKS02,SKS03,EQM_5,1,0.75,240,after_decay,boundary_retained,4,peak_load_error,0.0,0.3204122826252876,-0.3204122826252876,2
SKS02,SKS03,EQM_5,1,0.75,240,after_decay,boundary_retained,4,profile_nrmse,0.09637965741422035,0.1698898698707954,-0.07351021245657507,2
SKS02,SKS03,EQM_5,1,0.75,240,after_decay,original,2,peak_depth_error,0.42857142857142855,0.1428571428571429,0.28571428571428564,2
SKS02,SKS03,EQM_5,1,0.75,240,after_decay,original,2,peak_load_error,0.2972759712982651,0.38169474610094856,-0.08441877480268345,2
SKS02,SKS03,EQM_5,1,0.75,240,after_decay,original,2,profile_nrmse,0.1870721788993538,0.20316320301675264,-0.01609102411739885,2
SKS02,SKS03,EQM_5,1,0.75,240,after_decay,original,3,peak_depth_error,0.42857142857142855,0.35714285714285715,0.0714285714285714,2
SKS02,SKS03,EQM_5,1,0.75,240,after_decay,original,3,peak_load_error,0.3191790297475823,0.3204122826252876,-0.0012332528777053153,2
SKS02,SKS03,EQM_5,1,0.75,240,after_decay,original,3,profile_nrmse,0.15756216471490975,0.16946615913394603,-0.011903994419036307,2
SKS02,SKS03,EQM_5,1,0.75,240,after_decay,original,4,peak_depth_error,0.0,0.35714285714285715,-0.35714285714285715,2
SKS02,SKS03,EQM_5,1,0.75,240,after_decay,original,4,peak_load_error,0.0,0.3204122826252876,-0.3204122826252876,2
SKS02,SKS03,EQM_5,1,0.75,240,after_decay,original,4,profile_nrmse,0.09637965741422035,0.1698898698707954,-0.07351021245657507,2
SKS02,SKS03,EQM_5,1,0.75,240,before_decay,boundary_retained,2,peak_depth_error,0.7142857142857142,0.2857142857142857,0.4285714285714285,2
SKS02,SKS03,EQM_5,1,0.75,240,before_decay,boundary_retained,2,peak_load_error,0.26701384253956223,0.433522757836671,-0.1665089152971088,2
SKS02,SKS03,EQM_5,1,0.75,240,before_decay,boundary_retained,2,profile_nrmse,0.1976835453329457,0.23473691807751418,-0.037053372744568505,2
SKS02,SKS03,EQM_5,1,0.75,240,before_decay,boundary_retained,3,peak_depth_error,0.7142857142857142,0.5714285714285714,0.1428571428571428,2
SKS02,SKS03,EQM_5,1,0.75,240,before_decay,boundary_retained,3,peak_load_error,0.26701384253956223,0.3007178960000848,-0.033704053460522604,2
SKS02,SKS03,EQM_5,1,0.75,240,before_decay,boundary_retained,3,profile_nrmse,0.18199327859698694,0.2054570253136407,-0.02346374671665377,2
SKS02,SKS03,EQM_5,1,0.75,240,before_decay,boundary_retained,4,peak_depth_error,0.0,0.42857142857142855,-0.42857142857142855,2
SKS02,SKS03,EQM_5,1,0.75,240,before_decay,boundary_retained,4,peak_load_error,0.0,0.29981268112076875,-0.29981268112076875,2
SKS02,SKS03,EQM_5,1,0.75,240,before_decay,boundary_retained,4,profile_nrmse,0.13568435651250926,0.20457117335565644,-0.06888681684314718,2
SKS02,SKS03,EQM_5,1,0.75,240,before_decay,original,2,peak_depth_error,0.7142857142857142,0.2857142857142857,0.4285714285714285,2
SKS02,SKS03,EQM_5,1,0.75,240,before_decay,original,2,peak_load_error,0.26701384253956223,0.433522757836671,-0.1665089152971088,2
SKS02,SKS03,EQM_5,1,0.75,240,before_decay,original,2,profile_nrmse,0.21828624362119553,0.23473691807751418,-0.016450674456318662,2
SKS02,SKS03,EQM_5,1,0.75,240,before_decay,original,3,peak_depth_error,0.7142857142857142,0.5714285714285714,0.1428571428571428,2
SKS02,SKS03,EQM_5,1,0.75,240,before_decay,original,3,peak_load_error,0.26701384253956223,0.3007178960000848,-0.033704053460522604,2
SKS02,SKS03,EQM_5,1,0.75,240,before_decay,original,3,profile_nrmse,0.18199327859698694,0.2054570253136407,-0.02346374671665377,2
SKS02,SKS03,EQM_5,1,0.75,240,before_decay,original,4,peak_depth_error,0.0,0.42857142857142855,-0.42857142857142855,2
SKS02,SKS03,EQM_5,1,0.75,240,before_decay,original,4,peak_load_error,0.0,0.29981268112076875,-0.29981268112076875,2
SKS02,SKS03,EQM_5,1,0.75,240,before_decay,original,4,profile_nrmse,0.13568435651250926,0.20457117335565644,-0.06888681684314718,2
SKS02,SKS03,EQM_5,1,0.75,240,shaking,boundary_retained,2,peak_depth_error,0.7142857142857142,0.2142857142857143,0.4999999999999999,2
SKS02,SKS03,EQM_5,1,0.75,240,shaking,boundary_retained,2,peak_load_error,0.32907456401466423,0.4433549197712322,-0.11428035575656803,2
SKS02,SKS03,EQM_5,1,0.75,240,shaking,boundary_retained,2,profile_nrmse,0.21453875319997906,0.24376455379330064,-0.029225800593321596,2
SKS02,SKS03,EQM_5,1,0.75,240,shaking,boundary_retained,3,peak_depth_error,0.7142857142857142,0.5714285714285714,0.1428571428571428,2
SKS02,SKS03,EQM_5,1,0.75,240,shaking,boundary_retained,3,peak_load_error,0.32907456401466423,0.2903736162853856,0.038700947729278595,2
SKS02,SKS03,EQM_5,1,0.75,240,shaking,boundary_retained,3,profile_nrmse,0.19713800744181284,0.2045699789707128,-0.007431971528899961,2
SKS02,SKS03,EQM_5,1,0.75,240,shaking,boundary_retained,4,peak_depth_error,0.0,0.42857142857142855,-0.42857142857142855,2
SKS02,SKS03,EQM_5,1,0.75,240,shaking,boundary_retained,4,peak_load_error,0.0,0.2803100550489602,-0.2803100550489602,2
SKS02,SKS03,EQM_5,1,0.75,240,shaking,boundary_retained,4,profile_nrmse,0.12306296015636702,0.20371293502882823,-0.08064997487246121,2
SKS02,SKS03,EQM_5,1,0.75,240,shaking,original,2,peak_depth_error,0.7142857142857142,0.2142857142857143,0.4999999999999999,2
SKS02,SKS03,EQM_5,1,0.75,240,shaking,original,2,peak_load_error,0.27107867489863,0.4433549197712322,-0.1722762448726022,2
SKS02,SKS03,EQM_5,1,0.75,240,shaking,original,2,profile_nrmse,0.21416919772131549,0.24376455379330064,-0.02959535607198517,2
SKS02,SKS03,EQM_5,1,0.75,240,shaking,original,3,peak_depth_error,0.7142857142857142,0.5714285714285714,0.1428571428571428,2
SKS02,SKS03,EQM_5,1,0.75,240,shaking,original,3,peak_load_error,0.32907456401466423,0.2903736162853856,0.038700947729278595,2
SKS02,SKS03,EQM_5,1,0.75,240,shaking,original,3,profile_nrmse,0.19713800744181284,0.2045699789707128,-0.007431971528899961,2
SKS02,SKS03,EQM_5,1,0.75,240,shaking,original,4,peak_depth_error,0.0,0.42857142857142855,-0.42857142857142855,2
SKS02,SKS03,EQM_5,1,0.75,240,shaking,original,4,peak_load_error,0.0,0.2803100550489602,-0.2803100550489602,2
SKS02,SKS03,EQM_5,1,0.75,240,shaking,original,4,profile_nrmse,0.12306296015636702,0.20371293502882823,-0.08064997487246121,2
SKS02,SKS03,EQM_6,0,0.25,120,after_decay,boundary_retained,2,peak_depth_error,0.42857142857142855,0.1428571428571429,0.28571428571428564,2
SKS02,SKS03,EQM_6,0,0.25,120,after_decay,boundary_retained,2,peak_load_error,0.35649520411938973,0.3741666294985156,-0.017671425379125832,2
SKS02,SKS03,EQM_6,0,0.25,120,after_decay,boundary_retained,2,profile_nrmse,0.16613915376740485,0.17018240275789936,-0.004043248990494505,2
SKS02,SKS03,EQM_6,0,0.25,120,after_decay,boundary_retained,3,peak_depth_error,0.42857142857142855,0.35714285714285715,0.0714285714285714,2
SKS02,SKS03,EQM_6,0,0.25,120,after_decay,boundary_retained,3,peak_load_error,0.35649520411938973,0.33634968641913887,0.02014551770025086,2
SKS02,SKS03,EQM_6,0,0.25,120,after_decay,boundary_retained,3,profile_nrmse,0.15762173208158214,0.15817016302561054,-0.0005484309440283996,2
SKS02,SKS03,EQM_6,0,0.25,120,after_decay,boundary_retained,4,peak_depth_error,0.0,0.35714285714285715,-0.35714285714285715,2
SKS02,SKS03,EQM_6,0,0.25,120,after_decay,boundary_retained,4,peak_load_error,0.0,0.33634968641913887,-0.33634968641913887,2
SKS02,SKS03,EQM_6,0,0.25,120,after_decay,boundary_retained,4,profile_nrmse,0.09867059002278382,0.15811258098996608,-0.059441990967182265,2
SKS02,SKS03,EQM_6,0,0.25,120,after_decay,original,2,peak_depth_error,0.42857142857142855,0.1428571428571429,0.28571428571428564,2
SKS02,SKS03,EQM_6,0,0.25,120,after_decay,original,2,peak_load_error,0.33625651866452855,0.3741666294985156,-0.03791011083398707,2
SKS02,SKS03,EQM_6,0,0.25,120,after_decay,original,2,profile_nrmse,0.18233787403280893,0.17018240275789936,0.012155471274909582,2
SKS02,SKS03,EQM_6,0,0.25,120,after_decay,original,3,peak_depth_error,0.42857142857142855,0.35714285714285715,0.0714285714285714,2
SKS02,SKS03,EQM_6,0,0.25,120,after_decay,original,3,peak_load_error,0.35649520411938973,0.33634968641913887,0.02014551770025086,2
SKS02,SKS03,EQM_6,0,0.25,120,after_decay,original,3,profile_nrmse,0.15762173208158214,0.15817016302561054,-0.0005484309440283996,2
SKS02,SKS03,EQM_6,0,0.25,120,after_decay,original,4,peak_depth_error,0.0,0.35714285714285715,-0.35714285714285715,2
SKS02,SKS03,EQM_6,0,0.25,120,after_decay,original,4,peak_load_error,0.0,0.33634968641913887,-0.33634968641913887,2
SKS02,SKS03,EQM_6,0,0.25,120,after_decay,original,4,profile_nrmse,0.09867059002278382,0.15811258098996608,-0.059441990967182265,2
SKS02,SKS03,EQM_6,0,0.25,120,before_decay,boundary_retained,2,peak_depth_error,0.7142857142857142,0.2857142857142857,0.4285714285714285,2
SKS02,SKS03,EQM_6,0,0.25,120,before_decay,boundary_retained,2,peak_load_error,0.38113492715534936,0.4146163767279031,-0.03348144957255378,2
SKS02,SKS03,EQM_6,0,0.25,120,before_decay,boundary_retained,2,profile_nrmse,0.1845685638150162,0.20488447287670505,-0.02031590906168884,2
SKS02,SKS03,EQM_6,0,0.25,120,before_decay,boundary_retained,3,peak_depth_error,0.7142857142857142,0.35714285714285715,0.35714285714285704,2
SKS02,SKS03,EQM_6,0,0.25,120,before_decay,boundary_retained,3,peak_load_error,0.38113492715534936,0.35740326367359887,0.02373166348175046,2
SKS02,SKS03,EQM_6,0,0.25,120,before_decay,boundary_retained,3,profile_nrmse,0.1793571467900982,0.18982460537049725,-0.010467458580399047,2
SKS02,SKS03,EQM_6,0,0.25,120,before_decay,boundary_retained,4,peak_depth_error,0.0,0.35714285714285715,-0.35714285714285715,2
SKS02,SKS03,EQM_6,0,0.25,120,before_decay,boundary_retained,4,peak_load_error,0.0,0.35740326367359887,-0.35740326367359887,2
SKS02,SKS03,EQM_6,0,0.25,120,before_decay,boundary_retained,4,profile_nrmse,0.12586595374234105,0.18738053567137727,-0.061514581929036215,2
SKS02,SKS03,EQM_6,0,0.25,120,before_decay,original,2,peak_depth_error,0.42857142857142855,0.2857142857142857,0.14285714285714285,2
SKS02,SKS03,EQM_6,0,0.25,120,before_decay,original,2,peak_load_error,0.3621707247957169,0.4146163767279031,-0.052445651932186255,2
SKS02,SKS03,EQM_6,0,0.25,120,before_decay,original,2,profile_nrmse,0.21316793973541961,0.20488447287670505,0.008283466858714561,2
SKS02,SKS03,EQM_6,0,0.25,120,before_decay,original,3,peak_depth_error,0.7142857142857142,0.35714285714285715,0.35714285714285704,2
SKS02,SKS03,EQM_6,0,0.25,120,before_decay,original,3,peak_load_error,0.38113492715534936,0.35740326367359887,0.02373166348175046,2
SKS02,SKS03,EQM_6,0,0.25,120,before_decay,original,3,profile_nrmse,0.1793571467900982,0.18982460537049725,-0.010467458580399047,2
SKS02,SKS03,EQM_6,0,0.25,120,before_decay,original,4,peak_depth_error,0.0,0.35714285714285715,-0.35714285714285715,2
SKS02,SKS03,EQM_6,0,0.25,120,before_decay,original,4,peak_load_error,0.0,0.35740326367359887,-0.35740326367359887,2
SKS02,SKS03,EQM_6,0,0.25,120,before_decay,original,4,profile_nrmse,0.12586595374234105,0.18738053567137727,-0.061514581929036215,2
SKS02,SKS03,EQM_6,0,0.25,120,shaking,boundary_retained,2,peak_depth_error,0.7142857142857142,0.3142857142857167,0.39999999999999747,2
SKS02,SKS03,EQM_6,0,0.25,120,shaking,boundary_retained,2,peak_load_error,0.29590570740764177,0.4035342766454467,-0.10762856923780496,2
SKS02,SKS03,EQM_6,0,0.25,120,shaking,boundary_retained,2,profile_nrmse,0.20495687126396606,0.2211959014853317,-0.016239030221365663,2
SKS02,SKS03,EQM_6,0,0.25,120,shaking,boundary_retained,3,peak_depth_error,0.7142857142857142,0.5714285714285714,0.1428571428571428,2
SKS02,SKS03,EQM_6,0,0.25,120,shaking,boundary_retained,3,peak_load_error,0.29590570740764177,0.30277810367493324,-0.0068723962672914835,2
SKS02,SKS03,EQM_6,0,0.25,120,shaking,boundary_retained,3,profile_nrmse,0.1960903595103931,0.20245949868953372,-0.006369139179140629,2
SKS02,SKS03,EQM_6,0,0.25,120,shaking,boundary_retained,4,peak_depth_error,0.0,0.5714285714285714,-0.5714285714285714,2
SKS02,SKS03,EQM_6,0,0.25,120,shaking,boundary_retained,4,peak_load_error,0.0,0.3023244957486575,-0.3023244957486575,2
SKS02,SKS03,EQM_6,0,0.25,120,shaking,boundary_retained,4,profile_nrmse,0.1358714436938932,0.20050908572261206,-0.06463764202871884,2
SKS02,SKS03,EQM_6,0,0.25,120,shaking,original,2,peak_depth_error,0.7142857142857142,0.3142857142857167,0.39999999999999747,2
SKS02,SKS03,EQM_6,0,0.25,120,shaking,original,2,peak_load_error,0.29590570740764177,0.4035342766454467,-0.10762856923780496,2
SKS02,SKS03,EQM_6,0,0.25,120,shaking,original,2,profile_nrmse,0.22759972869692757,0.2211959014853317,0.006403827211595853,2
SKS02,SKS03,EQM_6,0,0.25,120,shaking,original,3,peak_depth_error,0.7142857142857142,0.5714285714285714,0.1428571428571428,2
SKS02,SKS03,EQM_6,0,0.25,120,shaking,original,3,peak_load_error,0.29590570740764177,0.30277810367493324,-0.0068723962672914835,2
SKS02,SKS03,EQM_6,0,0.25,120,shaking,original,3,profile_nrmse,0.1960903595103931,0.20245949868953372,-0.006369139179140629,2
SKS02,SKS03,EQM_6,0,0.25,120,shaking,original,4,peak_depth_error,0.0,0.5714285714285714,-0.5714285714285714,2
SKS02,SKS03,EQM_6,0,0.25,120,shaking,original,4,peak_load_error,0.0,0.3023244957486575,-0.3023244957486575,2
SKS02,SKS03,EQM_6,0,0.25,120,shaking,original,4,profile_nrmse,0.1358714436938932,0.20050908572261206,-0.06463764202871884,2
SKS02,SKS03,EQM_6,0,0.25,240,after_decay,boundary_retained,2,peak_depth_error,0.42857142857142855,0.1428571428571429,0.28571428571428564,2
SKS02,SKS03,EQM_6,0,0.25,240,after_decay,boundary_retained,2,peak_load_error,0.35643922534988787,0.3741867329070152,-0.017747507557127312,2
SKS02,SKS03,EQM_6,0,0.25,240,after_decay,boundary_retained,2,profile_nrmse,0.16613881091344423,0.17016692528056043,-0.004028114367116198,2
SKS02,SKS03,EQM_6,0,0.25,240,after_decay,boundary_retained,3,peak_depth_error,0.42857142857142855,0.35714285714285715,0.0714285714285714,2
SKS02,SKS03,EQM_6,0,0.25,240,after_decay,boundary_retained,3,peak_load_error,0.35643922534988787,0.33637026603177533,0.02006895931811256,2
SKS02,SKS03,EQM_6,0,0.25,240,after_decay,boundary_retained,3,profile_nrmse,0.1576224726334627,0.15817574174701243,-0.0005532691135497134,2
SKS02,SKS03,EQM_6,0,0.25,240,after_decay,boundary_retained,4,peak_depth_error,0.0,0.35714285714285715,-0.35714285714285715,2
SKS02,SKS03,EQM_6,0,0.25,240,after_decay,boundary_retained,4,peak_load_error,0.0,0.33637026603177533,-0.33637026603177533,2
SKS02,SKS03,EQM_6,0,0.25,240,after_decay,boundary_retained,4,profile_nrmse,0.09867697768035433,0.15811247326912192,-0.059435495588767595,2
SKS02,SKS03,EQM_6,0,0.25,240,after_decay,original,2,peak_depth_error,0.42857142857142855,0.1428571428571429,0.28571428571428564,2
SKS02,SKS03,EQM_6,0,0.25,240,after_decay,original,2,peak_load_error,0.336196875583374,0.3741867329070152,-0.03798985732364116,2
SKS02,SKS03,EQM_6,0,0.25,240,after_decay,original,2,profile_nrmse,0.1823386216449569,0.17016692528056043,0.012171696364396467,2
SKS02,SKS03,EQM_6,0,0.25,240,after_decay,original,3,peak_depth_error,0.42857142857142855,0.35714285714285715,0.0714285714285714,2
SKS02,SKS03,EQM_6,0,0.25,240,after_decay,original,3,peak_load_error,0.35643922534988787,0.33637026603177533,0.02006895931811256,2
SKS02,SKS03,EQM_6,0,0.25,240,after_decay,original,3,profile_nrmse,0.1576224726334627,0.15817574174701243,-0.0005532691135497134,2
SKS02,SKS03,EQM_6,0,0.25,240,after_decay,original,4,peak_depth_error,0.0,0.35714285714285715,-0.35714285714285715,2
SKS02,SKS03,EQM_6,0,0.25,240,after_decay,original,4,peak_load_error,0.0,0.33637026603177533,-0.33637026603177533,2
SKS02,SKS03,EQM_6,0,0.25,240,after_decay,original,4,profile_nrmse,0.09867697768035433,0.15811247326912192,-0.059435495588767595,2
SKS02,SKS03,EQM_6,0,0.25,240,before_decay,boundary_retained,2,peak_depth_error,0.7142857142857142,0.2857142857142857,0.4285714285714285,2
SKS02,SKS03,EQM_6,0,0.25,240,before_decay,boundary_retained,2,peak_load_error,0.3786693418330527,0.41799092187054837,-0.03932158003749567,2
SKS02,SKS03,EQM_6,0,0.25,240,before_decay,boundary_retained,2,profile_nrmse,0.18548623245760423,0.20568642746573318,-0.020200195008128946,2
SKS02,SKS03,EQM_6,0,0.25,240,before_decay,boundary_retained,3,peak_depth_error,0.7142857142857142,0.35714285714285715,0.35714285714285704,2
SKS02,SKS03,EQM_6,0,0.25,240,before_decay,boundary_retained,3,peak_load_error,0.3786693418330527,0.34997055275991074,0.028698789073141967,2
SKS02,SKS03,EQM_6,0,0.25,240,before_decay,boundary_retained,3,profile_nrmse,0.17976659201985695,0.1900973267265645,-0.010330734706707534,2
SKS02,SKS03,EQM_6,0,0.25,240,before_decay,boundary_retained,4,peak_depth_error,0.0,0.35714285714285715,-0.35714285714285715,2
SKS02,SKS03,EQM_6,0,0.25,240,before_decay,boundary_retained,4,peak_load_error,0.0,0.34997055275991074,-0.34997055275991074,2
SKS02,SKS03,EQM_6,0,0.25,240,before_decay,boundary_retained,4,profile_nrmse,0.1261974747728283,0.1875113471771851,-0.06131387240435679,2
SKS02,SKS03,EQM_6,0,0.25,240,before_decay,original,2,peak_depth_error,0.42857142857142855,0.2857142857142857,0.14285714285714285,2
SKS02,SKS03,EQM_6,0,0.25,240,before_decay,original,2,peak_load_error,0.3559178975216425,0.41799092187054837,-0.06207302434890591,2
SKS02,SKS03,EQM_6,0,0.25,240,before_decay,original,2,profile_nrmse,0.21357002501523054,0.20568642746573318,0.007883597549497343,2
SKS02,SKS03,EQM_6,0,0.25,240,before_decay,original,3,peak_depth_error,0.7142857142857142,0.35714285714285715,0.35714285714285704,2
SKS02,SKS03,EQM_6,0,0.25,240,before_decay,original,3,peak_load_error,0.3786693418330527,0.34997055275991074,0.028698789073141967,2
SKS02,SKS03,EQM_6,0,0.25,240,before_decay,original,3,profile_nrmse,0.17976659201985695,0.1900973267265645,-0.010330734706707534,2
SKS02,SKS03,EQM_6,0,0.25,240,before_decay,original,4,peak_depth_error,0.0,0.35714285714285715,-0.35714285714285715,2
SKS02,SKS03,EQM_6,0,0.25,240,before_decay,original,4,peak_load_error,0.0,0.34997055275991074,-0.34997055275991074,2
SKS02,SKS03,EQM_6,0,0.25,240,before_decay,original,4,profile_nrmse,0.1261974747728283,0.1875113471771851,-0.06131387240435679,2
SKS02,SKS03,EQM_6,0,0.25,240,shaking,boundary_retained,2,peak_depth_error,0.7142857142857142,0.5714285714285714,0.1428571428571428,2
SKS02,SKS03,EQM_6,0,0.25,240,shaking,boundary_retained,2,peak_load_error,0.2927732130434253,0.4038380478330944,-0.11106483478966912,2
SKS02,SKS03,EQM_6,0,0.25,240,shaking,boundary_retained,2,profile_nrmse,0.20569664532485343,0.2208663435731169,-0.015169698248263447,2
SKS02,SKS03,EQM_6,0,0.25,240,shaking,boundary_retained,3,peak_depth_error,0.7142857142857142,0.5714285714285714,0.1428571428571428,2
SKS02,SKS03,EQM_6,0,0.25,240,shaking,boundary_retained,3,peak_load_error,0.2927732130434253,0.3038706131809436,-0.011097400137518296,2
SKS02,SKS03,EQM_6,0,0.25,240,shaking,boundary_retained,3,profile_nrmse,0.19632067498733732,0.20249199265585205,-0.006171317668514739,2
SKS02,SKS03,EQM_6,0,0.25,240,shaking,boundary_retained,4,peak_depth_error,0.0,0.5714285714285714,-0.5714285714285714,2
SKS02,SKS03,EQM_6,0,0.25,240,shaking,boundary_retained,4,peak_load_error,0.0,0.3036515047507173,-0.3036515047507173,2
SKS02,SKS03,EQM_6,0,0.25,240,shaking,boundary_retained,4,profile_nrmse,0.13561757095503213,0.20041332574196608,-0.06479575478693395,2
SKS02,SKS03,EQM_6,0,0.25,240,shaking,original,2,peak_depth_error,0.7142857142857142,0.5714285714285714,0.1428571428571428,2
SKS02,SKS03,EQM_6,0,0.25,240,shaking,original,2,peak_load_error,0.2927732130434253,0.4038380478330944,-0.11106483478966912,2
SKS02,SKS03,EQM_6,0,0.25,240,shaking,original,2,profile_nrmse,0.22676831765797278,0.2208663435731169,0.005901974084855904,2
SKS02,SKS03,EQM_6,0,0.25,240,shaking,original,3,peak_depth_error,0.7142857142857142,0.5714285714285714,0.1428571428571428,2
SKS02,SKS03,EQM_6,0,0.25,240,shaking,original,3,peak_load_error,0.2927732130434253,0.3038706131809436,-0.011097400137518296,2
SKS02,SKS03,EQM_6,0,0.25,240,shaking,original,3,profile_nrmse,0.19632067498733732,0.20249199265585205,-0.006171317668514739,2
SKS02,SKS03,EQM_6,0,0.25,240,shaking,original,4,peak_depth_error,0.0,0.5714285714285714,-0.5714285714285714,2
SKS02,SKS03,EQM_6,0,0.25,240,shaking,original,4,peak_load_error,0.0,0.3036515047507173,-0.3036515047507173,2
SKS02,SKS03,EQM_6,0,0.25,240,shaking,original,4,profile_nrmse,0.13561757095503213,0.20041332574196608,-0.06479575478693395,2
SKS02,SKS03,EQM_6,0,0.5,120,after_decay,boundary_retained,2,peak_depth_error,0.42857142857142855,0.1428571428571429,0.28571428571428564,2
SKS02,SKS03,EQM_6,0,0.5,120,after_decay,boundary_retained,2,peak_load_error,0.35660216881892115,0.37425216401219014,-0.017649995193269014,2
SKS02,SKS03,EQM_6,0,0.5,120,after_decay,boundary_retained,2,profile_nrmse,0.16615588056269032,0.17017067992685508,-0.004014799364164781,2
SKS02,SKS03,EQM_6,0,0.5,120,after_decay,boundary_retained,3,peak_depth_error,0.42857142857142855,0.35714285714285715,0.0714285714285714,2
SKS02,SKS03,EQM_6,0,0.5,120,after_decay,boundary_retained,3,peak_load_error,0.35660216881892115,0.3363579508015063,0.020244218017414772,2
SKS02,SKS03,EQM_6,0,0.5,120,after_decay,boundary_retained,3,profile_nrmse,0.15762013592258461,0.15818336255801685,-0.0005632266354322207,2
SKS02,SKS03,EQM_6,0,0.5,120,after_decay,boundary_retained,4,peak_depth_error,0.0,0.35714285714285715,-0.35714285714285715,2
SKS02,SKS03,EQM_6,0,0.5,120,after_decay,boundary_retained,4,peak_load_error,0.0,0.3363579508015063,-0.3363579508015063,2
SKS02,SKS03,EQM_6,0,0.5,120,after_decay,boundary_retained,4,profile_nrmse,0.09869495335231396,0.15812214192034396,-0.05942718856803,2
SKS02,SKS03,EQM_6,0,0.5,120,after_decay,original,2,peak_depth_error,0.42857142857142855,0.1428571428571429,0.28571428571428564,2
SKS02,SKS03,EQM_6,0,0.5,120,after_decay,original,2,peak_load_error,0.33630890008086756,0.37425216401219014,-0.03794326393132255,2
SKS02,SKS03,EQM_6,0,0.5,120,after_decay,original,2,profile_nrmse,0.18235399464114388,0.17017067992685508,0.012183314714288775,2
SKS02,SKS03,EQM_6,0,0.5,120,after_decay,original,3,peak_depth_error,0.42857142857142855,0.35714285714285715,0.0714285714285714,2
SKS02,SKS03,EQM_6,0,0.5,120,after_decay,original,3,peak_load_error,0.35660216881892115,0.3363579508015063,0.020244218017414772,2
SKS02,SKS03,EQM_6,0,0.5,120,after_decay,original,3,profile_nrmse,0.15762013592258461,0.15818336255801685,-0.0005632266354322207,2
SKS02,SKS03,EQM_6,0,0.5,120,after_decay,original,4,peak_depth_error,0.0,0.35714285714285715,-0.35714285714285715,2
SKS02,SKS03,EQM_6,0,0.5,120,after_decay,original,4,peak_load_error,0.0,0.3363579508015063,-0.3363579508015063,2
SKS02,SKS03,EQM_6,0,0.5,120,after_decay,original,4,profile_nrmse,0.09869495335231396,0.15812214192034396,-0.05942718856803,2
SKS02,SKS03,EQM_6,0,0.5,120,before_decay,boundary_retained,2,peak_depth_error,0.7142857142857142,0.2857142857142857,0.4285714285714285,2
SKS02,SKS03,EQM_6,0,0.5,120,before_decay,boundary_retained,2,peak_load_error,0.37384800688478315,0.4177803225756026,-0.04393231569081946,2
SKS02,SKS03,EQM_6,0,0.5,120,before_decay,boundary_retained,2,profile_nrmse,0.18770347379870472,0.20683267969841873,-0.01912920589971398,2
SKS02,SKS03,EQM_6,0,0.5,120,before_decay,boundary_retained,3,peak_depth_error,0.7142857142857142,0.35714285714285715,0.35714285714285704,2
SKS02,SKS03,EQM_6,0,0.5,120,before_decay,boundary_retained,3,peak_load_error,0.37384800688478315,0.3454212165136374,0.028426790371145788,2
SKS02,SKS03,EQM_6,0,0.5,120,before_decay,boundary_retained,3,profile_nrmse,0.18070008551079553,0.19097248114044346,-0.010272395629647935,2
SKS02,SKS03,EQM_6,0,0.5,120,before_decay,boundary_retained,4,peak_depth_error,0.0,0.35714285714285715,-0.35714285714285715,2
SKS02,SKS03,EQM_6,0,0.5,120,before_decay,boundary_retained,4,peak_load_error,0.0,0.3454212165136374,-0.3454212165136374,2
SKS02,SKS03,EQM_6,0,0.5,120,before_decay,boundary_retained,4,profile_nrmse,0.12706055462436844,0.18848236980687338,-0.061421815182504926,2
SKS02,SKS03,EQM_6,0,0.5,120,before_decay,original,2,peak_depth_error,0.7142857142857142,0.2857142857142857,0.4285714285714285,2
SKS02,SKS03,EQM_6,0,0.5,120,before_decay,original,2,peak_load_error,0.3497373963352117,0.4177803225756026,-0.06804292624039093,2
SKS02,SKS03,EQM_6,0,0.5,120,before_decay,original,2,profile_nrmse,0.21476455796924096,0.20683267969841873,0.007931878270822243,2
SKS02,SKS03,EQM_6,0,0.5,120,before_decay,original,3,peak_depth_error,0.7142857142857142,0.35714285714285715,0.35714285714285704,2
SKS02,SKS03,EQM_6,0,0.5,120,before_decay,original,3,peak_load_error,0.37384800688478315,0.3454212165136374,0.028426790371145788,2
SKS02,SKS03,EQM_6,0,0.5,120,before_decay,original,3,profile_nrmse,0.18070008551079553,0.19097248114044346,-0.010272395629647935,2
SKS02,SKS03,EQM_6,0,0.5,120,before_decay,original,4,peak_depth_error,0.0,0.35714285714285715,-0.35714285714285715,2
SKS02,SKS03,EQM_6,0,0.5,120,before_decay,original,4,peak_load_error,0.0,0.3454212165136374,-0.3454212165136374,2
SKS02,SKS03,EQM_6,0,0.5,120,before_decay,original,4,profile_nrmse,0.12706055462436844,0.18848236980687338,-0.061421815182504926,2
SKS02,SKS03,EQM_6,0,0.5,120,shaking,boundary_retained,2,peak_depth_error,0.7142857142857142,0.3142857142857167,0.39999999999999747,2
SKS02,SKS03,EQM_6,0,0.5,120,shaking,boundary_retained,2,peak_load_error,0.29590570740764177,0.4035342766454467,-0.10762856923780496,2
SKS02,SKS03,EQM_6,0,0.5,120,shaking,boundary_retained,2,profile_nrmse,0.20495687126396606,0.2211959014853317,-0.016239030221365663,2
SKS02,SKS03,EQM_6,0,0.5,120,shaking,boundary_retained,3,peak_depth_error,0.7142857142857142,0.5714285714285714,0.1428571428571428,2
SKS02,SKS03,EQM_6,0,0.5,120,shaking,boundary_retained,3,peak_load_error,0.29590570740764177,0.30277810367493324,-0.0068723962672914835,2
SKS02,SKS03,EQM_6,0,0.5,120,shaking,boundary_retained,3,profile_nrmse,0.1960903595103931,0.20245949868953372,-0.006369139179140629,2
SKS02,SKS03,EQM_6,0,0.5,120,shaking,boundary_retained,4,peak_depth_error,0.0,0.5714285714285714,-0.5714285714285714,2
SKS02,SKS03,EQM_6,0,0.5,120,shaking,boundary_retained,4,peak_load_error,0.0,0.3023244957486575,-0.3023244957486575,2
SKS02,SKS03,EQM_6,0,0.5,120,shaking,boundary_retained,4,profile_nrmse,0.1358714436938932,0.20050908572261206,-0.06463764202871884,2
SKS02,SKS03,EQM_6,0,0.5,120,shaking,original,2,peak_depth_error,0.7142857142857142,0.3142857142857167,0.39999999999999747,2
SKS02,SKS03,EQM_6,0,0.5,120,shaking,original,2,peak_load_error,0.29590570740764177,0.4035342766454467,-0.10762856923780496,2
SKS02,SKS03,EQM_6,0,0.5,120,shaking,original,2,profile_nrmse,0.22759972869692757,0.2211959014853317,0.006403827211595853,2
SKS02,SKS03,EQM_6,0,0.5,120,shaking,original,3,peak_depth_error,0.7142857142857142,0.5714285714285714,0.1428571428571428,2
SKS02,SKS03,EQM_6,0,0.5,120,shaking,original,3,peak_load_error,0.29590570740764177,0.30277810367493324,-0.0068723962672914835,2
SKS02,SKS03,EQM_6,0,0.5,120,shaking,original,3,profile_nrmse,0.1960903595103931,0.20245949868953372,-0.006369139179140629,2
SKS02,SKS03,EQM_6,0,0.5,120,shaking,original,4,peak_depth_error,0.0,0.5714285714285714,-0.5714285714285714,2
SKS02,SKS03,EQM_6,0,0.5,120,shaking,original,4,peak_load_error,0.0,0.3023244957486575,-0.3023244957486575,2
SKS02,SKS03,EQM_6,0,0.5,120,shaking,original,4,profile_nrmse,0.1358714436938932,0.20050908572261206,-0.06463764202871884,2
SKS02,SKS03,EQM_6,0,0.5,240,after_decay,boundary_retained,2,peak_depth_error,0.42857142857142855,0.1428571428571429,0.28571428571428564,2
SKS02,SKS03,EQM_6,0,0.5,240,after_decay,boundary_retained,2,peak_load_error,0.3565592434266295,0.3742177974190981,-0.017658553992468573,2
SKS02,SKS03,EQM_6,0,0.5,240,after_decay,boundary_retained,2,profile_nrmse,0.16613946079112712,0.17018037995178975,-0.004040919160662598,2
SKS02,SKS03,EQM_6,0,0.5,240,after_decay,boundary_retained,3,peak_depth_error,0.42857142857142855,0.35714285714285715,0.0714285714285714,2
SKS02,SKS03,EQM_6,0,0.5,240,after_decay,boundary_retained,3,peak_load_error,0.3565592434266295,0.33636602875641086,0.020193214670218618,2
SKS02,SKS03,EQM_6,0,0.5,240,after_decay,boundary_retained,3,profile_nrmse,0.157629042835859,0.15817902641363277,-0.0005499835777737841,2
SKS02,SKS03,EQM_6,0,0.5,240,after_decay,boundary_retained,4,peak_depth_error,0.0,0.35714285714285715,-0.35714285714285715,2
SKS02,SKS03,EQM_6,0,0.5,240,after_decay,boundary_retained,4,peak_load_error,0.0,0.33636602875641086,-0.33636602875641086,2
SKS02,SKS03,EQM_6,0,0.5,240,after_decay,boundary_retained,4,profile_nrmse,0.09868622451207741,0.15811938155804928,-0.05943315704597188,2
SKS02,SKS03,EQM_6,0,0.5,240,after_decay,original,2,peak_depth_error,0.42857142857142855,0.1428571428571429,0.28571428571428564,2
SKS02,SKS03,EQM_6,0,0.5,240,after_decay,original,2,peak_load_error,0.33628411261243585,0.3742177974190981,-0.03793368480666226,2
SKS02,SKS03,EQM_6,0,0.5,240,after_decay,original,2,profile_nrmse,0.18234050725493342,0.17018037995178975,0.012160127303143684,2
SKS02,SKS03,EQM_6,0,0.5,240,after_decay,original,3,peak_depth_error,0.42857142857142855,0.35714285714285715,0.0714285714285714,2
SKS02,SKS03,EQM_6,0,0.5,240,after_decay,original,3,peak_load_error,0.3565592434266295,0.33636602875641086,0.020193214670218618,2
SKS02,SKS03,EQM_6,0,0.5,240,after_decay,original,3,profile_nrmse,0.157629042835859,0.15817902641363277,-0.0005499835777737841,2
SKS02,SKS03,EQM_6,0,0.5,240,after_decay,original,4,peak_depth_error,0.0,0.35714285714285715,-0.35714285714285715,2
SKS02,SKS03,EQM_6,0,0.5,240,after_decay,original,4,peak_load_error,0.0,0.33636602875641086,-0.33636602875641086,2
SKS02,SKS03,EQM_6,0,0.5,240,after_decay,original,4,profile_nrmse,0.09868622451207741,0.15811938155804928,-0.05943315704597188,2
SKS02,SKS03,EQM_6,0,0.5,240,before_decay,boundary_retained,2,peak_depth_error,0.7142857142857142,0.2857142857142857,0.4285714285714285,2
SKS02,SKS03,EQM_6,0,0.5,240,before_decay,boundary_retained,2,peak_load_error,0.37322050483362557,0.41777793755613357,-0.04455743272250798,2
SKS02,SKS03,EQM_6,0,0.5,240,before_decay,boundary_retained,2,profile_nrmse,0.1870867569443664,0.2064548232647303,-0.01936806632036389,2
SKS02,SKS03,EQM_6,0,0.5,240,before_decay,boundary_retained,3,peak_depth_error,0.7142857142857142,0.35714285714285715,0.35714285714285704,2
SKS02,SKS03,EQM_6,0,0.5,240,before_decay,boundary_retained,3,peak_load_error,0.37322050483362557,0.3460529848877445,0.027167519945881097,2
SKS02,SKS03,EQM_6,0,0.5,240,before_decay,boundary_retained,3,profile_nrmse,0.18072811007133915,0.1911382336248839,-0.010410123553544759,2
SKS02,SKS03,EQM_6,0,0.5,240,before_decay,boundary_retained,4,peak_depth_error,0.0,0.35714285714285715,-0.35714285714285715,2
SKS02,SKS03,EQM_6,0,0.5,240,before_decay,boundary_retained,4,peak_load_error,0.0,0.3460529848877445,-0.3460529848877445,2
SKS02,SKS03,EQM_6,0,0.5,240,before_decay,boundary_retained,4,profile_nrmse,0.12708137267902445,0.18870551514882689,-0.06162414246980244,2
SKS02,SKS03,EQM_6,0,0.5,240,before_decay,original,2,peak_depth_error,0.7142857142857142,0.2857142857142857,0.4285714285714285,2
SKS02,SKS03,EQM_6,0,0.5,240,before_decay,original,2,peak_load_error,0.34952831879060586,0.41777793755613357,-0.06824961876552765,2
SKS02,SKS03,EQM_6,0,0.5,240,before_decay,original,2,profile_nrmse,0.21459673959738307,0.2064548232647303,0.00814191633265278,2
SKS02,SKS03,EQM_6,0,0.5,240,before_decay,original,3,peak_depth_error,0.7142857142857142,0.35714285714285715,0.35714285714285704,2
SKS02,SKS03,EQM_6,0,0.5,240,before_decay,original,3,peak_load_error,0.37322050483362557,0.3460529848877445,0.027167519945881097,2
SKS02,SKS03,EQM_6,0,0.5,240,before_decay,original,3,profile_nrmse,0.18072811007133915,0.1911382336248839,-0.010410123553544759,2
SKS02,SKS03,EQM_6,0,0.5,240,before_decay,original,4,peak_depth_error,0.0,0.35714285714285715,-0.35714285714285715,2
SKS02,SKS03,EQM_6,0,0.5,240,before_decay,original,4,peak_load_error,0.0,0.3460529848877445,-0.3460529848877445,2
SKS02,SKS03,EQM_6,0,0.5,240,before_decay,original,4,profile_nrmse,0.12708137267902445,0.18870551514882689,-0.06162414246980244,2
SKS02,SKS03,EQM_6,0,0.5,240,shaking,boundary_retained,2,peak_depth_error,0.7142857142857142,0.5714285714285714,0.1428571428571428,2
SKS02,SKS03,EQM_6,0,0.5,240,shaking,boundary_retained,2,peak_load_error,0.2927732130434253,0.4038380478330944,-0.11106483478966912,2
SKS02,SKS03,EQM_6,0,0.5,240,shaking,boundary_retained,2,profile_nrmse,0.20569664532485343,0.2208663435731169,-0.015169698248263447,2
SKS02,SKS03,EQM_6,0,0.5,240,shaking,boundary_retained,3,peak_depth_error,0.7142857142857142,0.5714285714285714,0.1428571428571428,2
SKS02,SKS03,EQM_6,0,0.5,240,shaking,boundary_retained,3,peak_load_error,0.2927732130434253,0.3038706131809436,-0.011097400137518296,2
SKS02,SKS03,EQM_6,0,0.5,240,shaking,boundary_retained,3,profile_nrmse,0.19632067498733732,0.20249199265585205,-0.006171317668514739,2
SKS02,SKS03,EQM_6,0,0.5,240,shaking,boundary_retained,4,peak_depth_error,0.0,0.5714285714285714,-0.5714285714285714,2
SKS02,SKS03,EQM_6,0,0.5,240,shaking,boundary_retained,4,peak_load_error,0.0,0.3036515047507173,-0.3036515047507173,2
SKS02,SKS03,EQM_6,0,0.5,240,shaking,boundary_retained,4,profile_nrmse,0.13561757095503213,0.20041332574196608,-0.06479575478693395,2
SKS02,SKS03,EQM_6,0,0.5,240,shaking,original,2,peak_depth_error,0.7142857142857142,0.5714285714285714,0.1428571428571428,2
SKS02,SKS03,EQM_6,0,0.5,240,shaking,original,2,peak_load_error,0.2927732130434253,0.4038380478330944,-0.11106483478966912,2
SKS02,SKS03,EQM_6,0,0.5,240,shaking,original,2,profile_nrmse,0.22676831765797278,0.2208663435731169,0.005901974084855904,2
SKS02,SKS03,EQM_6,0,0.5,240,shaking,original,3,peak_depth_error,0.7142857142857142,0.5714285714285714,0.1428571428571428,2
SKS02,SKS03,EQM_6,0,0.5,240,shaking,original,3,peak_load_error,0.2927732130434253,0.3038706131809436,-0.011097400137518296,2
SKS02,SKS03,EQM_6,0,0.5,240,shaking,original,3,profile_nrmse,0.19632067498733732,0.20249199265585205,-0.006171317668514739,2
SKS02,SKS03,EQM_6,0,0.5,240,shaking,original,4,peak_depth_error,0.0,0.5714285714285714,-0.5714285714285714,2
SKS02,SKS03,EQM_6,0,0.5,240,shaking,original,4,peak_load_error,0.0,0.3036515047507173,-0.3036515047507173,2
SKS02,SKS03,EQM_6,0,0.5,240,shaking,original,4,profile_nrmse,0.13561757095503213,0.20041332574196608,-0.06479575478693395,2
SKS02,SKS03,EQM_6,0,0.75,120,after_decay,boundary_retained,2,peak_depth_error,0.42857142857142855,0.1428571428571429,0.28571428571428564,2
SKS02,SKS03,EQM_6,0,0.75,120,after_decay,boundary_retained,2,peak_load_error,0.35655268427892994,0.37420977238519865,-0.017657088106268676,2
SKS02,SKS03,EQM_6,0,0.75,120,after_decay,boundary_retained,2,profile_nrmse,0.16614134357661398,0.170194094022943,-0.004052750446329051,2
SKS02,SKS03,EQM_6,0,0.75,120,after_decay,boundary_retained,3,peak_depth_error,0.42857142857142855,0.35714285714285715,0.0714285714285714,2
SKS02,SKS03,EQM_6,0,0.75,120,after_decay,boundary_retained,3,peak_load_error,0.35655268427892994,0.33638638710498503,0.02016629717394494,2
SKS02,SKS03,EQM_6,0,0.75,120,after_decay,boundary_retained,3,profile_nrmse,0.15764693851846012,0.1581783997054753,-0.0005314611870151711,2
SKS02,SKS03,EQM_6,0,0.75,120,after_decay,boundary_retained,4,peak_depth_error,0.0,0.35714285714285715,-0.35714285714285715,2
SKS02,SKS03,EQM_6,0,0.75,120,after_decay,boundary_retained,4,peak_load_error,0.0,0.33638638710498503,-0.33638638710498503,2
SKS02,SKS03,EQM_6,0,0.75,120,after_decay,boundary_retained,4,profile_nrmse,0.09868128886437351,0.15811567781240302,-0.05943438894802949,2
SKS02,SKS03,EQM_6,0,0.75,120,after_decay,original,2,peak_depth_error,0.42857142857142855,0.1428571428571429,0.28571428571428564,2
SKS02,SKS03,EQM_6,0,0.75,120,after_decay,original,2,peak_load_error,0.3363308690015131,0.37420977238519865,-0.03787890338368552,2
SKS02,SKS03,EQM_6,0,0.75,120,after_decay,original,2,profile_nrmse,0.1823352673614022,0.170194094022943,0.012141173338459203,2
SKS02,SKS03,EQM_6,0,0.75,120,after_decay,original,3,peak_depth_error,0.42857142857142855,0.35714285714285715,0.0714285714285714,2
SKS02,SKS03,EQM_6,0,0.75,120,after_decay,original,3,peak_load_error,0.35655268427892994,0.33638638710498503,0.02016629717394494,2
SKS02,SKS03,EQM_6,0,0.75,120,after_decay,original,3,profile_nrmse,0.15764693851846012,0.1581783997054753,-0.0005314611870151711,2
SKS02,SKS03,EQM_6,0,0.75,120,after_decay,original,4,peak_depth_error,0.0,0.35714285714285715,-0.35714285714285715,2
SKS02,SKS03,EQM_6,0,0.75,120,after_decay,original,4,peak_load_error,0.0,0.33638638710498503,-0.33638638710498503,2
SKS02,SKS03,EQM_6,0,0.75,120,after_decay,original,4,profile_nrmse,0.09868128886437351,0.15811567781240302,-0.05943438894802949,2
SKS02,SKS03,EQM_6,0,0.75,120,before_decay,boundary_retained,2,peak_depth_error,0.7142857142857142,0.2857142857142857,0.4285714285714285,2
SKS02,SKS03,EQM_6,0,0.75,120,before_decay,boundary_retained,2,peak_load_error,0.3104816413520548,0.4019992111876074,-0.09151756983555258,2
SKS02,SKS03,EQM_6,0,0.75,120,before_decay,boundary_retained,2,profile_nrmse,0.19282589776587478,0.21165769947908855,-0.018831801713213775,2
SKS02,SKS03,EQM_6,0,0.75,120,before_decay,boundary_retained,3,peak_depth_error,0.7142857142857142,0.5714285714285714,0.1428571428571428,2
SKS02,SKS03,EQM_6,0,0.75,120,before_decay,boundary_retained,3,peak_load_error,0.3104816413520548,0.3054682029287315,0.005013438423323288,2
SKS02,SKS03,EQM_6,0,0.75,120,before_decay,boundary_retained,3,profile_nrmse,0.1865339503933111,0.1965852109516516,-0.010051260558340505,2
SKS02,SKS03,EQM_6,0,0.75,120,before_decay,boundary_retained,4,peak_depth_error,0.0,0.5714285714285714,-0.5714285714285714,2
SKS02,SKS03,EQM_6,0,0.75,120,before_decay,boundary_retained,4,peak_load_error,0.0,0.3054682029287315,-0.3054682029287315,2
SKS02,SKS03,EQM_6,0,0.75,120,before_decay,boundary_retained,4,profile_nrmse,0.13278194509963576,0.19381694757058196,-0.06103500247094619,2
SKS02,SKS03,EQM_6,0,0.75,120,before_decay,original,2,peak_depth_error,0.7142857142857142,0.2857142857142857,0.4285714285714285,2
SKS02,SKS03,EQM_6,0,0.75,120,before_decay,original,2,peak_load_error,0.29755447770070304,0.4019992111876074,-0.10444473348690435,2
SKS02,SKS03,EQM_6,0,0.75,120,before_decay,original,2,profile_nrmse,0.2195616119287048,0.21165769947908855,0.007903912449616246,2
SKS02,SKS03,EQM_6,0,0.75,120,before_decay,original,3,peak_depth_error,0.7142857142857142,0.5714285714285714,0.1428571428571428,2
SKS02,SKS03,EQM_6,0,0.75,120,before_decay,original,3,peak_load_error,0.3104816413520548,0.3054682029287315,0.005013438423323288,2
SKS02,SKS03,EQM_6,0,0.75,120,before_decay,original,3,profile_nrmse,0.1865339503933111,0.1965852109516516,-0.010051260558340505,2
SKS02,SKS03,EQM_6,0,0.75,120,before_decay,original,4,peak_depth_error,0.0,0.5714285714285714,-0.5714285714285714,2
SKS02,SKS03,EQM_6,0,0.75,120,before_decay,original,4,peak_load_error,0.0,0.3054682029287315,-0.3054682029287315,2
SKS02,SKS03,EQM_6,0,0.75,120,before_decay,original,4,profile_nrmse,0.13278194509963576,0.19381694757058196,-0.06103500247094619,2
SKS02,SKS03,EQM_6,0,0.75,120,shaking,boundary_retained,2,peak_depth_error,0.7142857142857142,0.3142857142857167,0.39999999999999747,2
SKS02,SKS03,EQM_6,0,0.75,120,shaking,boundary_retained,2,peak_load_error,0.29590570740764177,0.4035342766454467,-0.10762856923780496,2
SKS02,SKS03,EQM_6,0,0.75,120,shaking,boundary_retained,2,profile_nrmse,0.20495687126396606,0.2211959014853317,-0.016239030221365663,2
SKS02,SKS03,EQM_6,0,0.75,120,shaking,boundary_retained,3,peak_depth_error,0.7142857142857142,0.5714285714285714,0.1428571428571428,2
SKS02,SKS03,EQM_6,0,0.75,120,shaking,boundary_retained,3,peak_load_error,0.29590570740764177,0.30277810367493324,-0.0068723962672914835,2
SKS02,SKS03,EQM_6,0,0.75,120,shaking,boundary_retained,3,profile_nrmse,0.1960903595103931,0.20245949868953372,-0.006369139179140629,2
SKS02,SKS03,EQM_6,0,0.75,120,shaking,boundary_retained,4,peak_depth_error,0.0,0.5714285714285714,-0.5714285714285714,2
SKS02,SKS03,EQM_6,0,0.75,120,shaking,boundary_retained,4,peak_load_error,0.0,0.3023244957486575,-0.3023244957486575,2
SKS02,SKS03,EQM_6,0,0.75,120,shaking,boundary_retained,4,profile_nrmse,0.1358714436938932,0.20050908572261206,-0.06463764202871884,2
SKS02,SKS03,EQM_6,0,0.75,120,shaking,original,2,peak_depth_error,0.7142857142857142,0.3142857142857167,0.39999999999999747,2
SKS02,SKS03,EQM_6,0,0.75,120,shaking,original,2,peak_load_error,0.29590570740764177,0.4035342766454467,-0.10762856923780496,2
SKS02,SKS03,EQM_6,0,0.75,120,shaking,original,2,profile_nrmse,0.22759972869692757,0.2211959014853317,0.006403827211595853,2
SKS02,SKS03,EQM_6,0,0.75,120,shaking,original,3,peak_depth_error,0.7142857142857142,0.5714285714285714,0.1428571428571428,2
SKS02,SKS03,EQM_6,0,0.75,120,shaking,original,3,peak_load_error,0.29590570740764177,0.30277810367493324,-0.0068723962672914835,2
SKS02,SKS03,EQM_6,0,0.75,120,shaking,original,3,profile_nrmse,0.1960903595103931,0.20245949868953372,-0.006369139179140629,2
SKS02,SKS03,EQM_6,0,0.75,120,shaking,original,4,peak_depth_error,0.0,0.5714285714285714,-0.5714285714285714,2
SKS02,SKS03,EQM_6,0,0.75,120,shaking,original,4,peak_load_error,0.0,0.3023244957486575,-0.3023244957486575,2
SKS02,SKS03,EQM_6,0,0.75,120,shaking,original,4,profile_nrmse,0.1358714436938932,0.20050908572261206,-0.06463764202871884,2
SKS02,SKS03,EQM_6,0,0.75,240,after_decay,boundary_retained,2,peak_depth_error,0.42857142857142855,0.1428571428571429,0.28571428571428564,2
SKS02,SKS03,EQM_6,0,0.75,240,after_decay,boundary_retained,2,peak_load_error,0.35658031008623425,0.37420966620198026,-0.01762935611574601,2
SKS02,SKS03,EQM_6,0,0.75,240,after_decay,boundary_retained,2,profile_nrmse,0.16615224165783649,0.1701887543148719,-0.00403651265703539,2
SKS02,SKS03,EQM_6,0,0.75,240,after_decay,boundary_retained,3,peak_depth_error,0.42857142857142855,0.35714285714285715,0.0714285714285714,2
SKS02,SKS03,EQM_6,0,0.75,240,after_decay,boundary_retained,3,peak_load_error,0.35658031008623425,0.336385370053487,0.02019494003274727,2
SKS02,SKS03,EQM_6,0,0.75,240,after_decay,boundary_retained,3,profile_nrmse,0.15762638216689467,0.15817785749148283,-0.0005514753245881784,2
SKS02,SKS03,EQM_6,0,0.75,240,after_decay,boundary_retained,4,peak_depth_error,0.0,0.35714285714285715,-0.35714285714285715,2
SKS02,SKS03,EQM_6,0,0.75,240,after_decay,boundary_retained,4,peak_load_error,0.0,0.336385370053487,-0.336385370053487,2
SKS02,SKS03,EQM_6,0,0.75,240,after_decay,boundary_retained,4,profile_nrmse,0.09868806871720964,0.15811712821019677,-0.05942905949298713,2
SKS02,SKS03,EQM_6,0,0.75,240,after_decay,original,2,peak_depth_error,0.42857142857142855,0.1428571428571429,0.28571428571428564,2
SKS02,SKS03,EQM_6,0,0.75,240,after_decay,original,2,peak_load_error,0.336331895792526,0.37420966620198026,-0.03787777040945428,2
SKS02,SKS03,EQM_6,0,0.75,240,after_decay,original,2,profile_nrmse,0.18234936994255702,0.1701887543148719,0.01216061562768514,2
SKS02,SKS03,EQM_6,0,0.75,240,after_decay,original,3,peak_depth_error,0.42857142857142855,0.35714285714285715,0.0714285714285714,2
SKS02,SKS03,EQM_6,0,0.75,240,after_decay,original,3,peak_load_error,0.35658031008623425,0.336385370053487,0.02019494003274727,2
SKS02,SKS03,EQM_6,0,0.75,240,after_decay,original,3,profile_nrmse,0.15762638216689467,0.15817785749148283,-0.0005514753245881784,2
SKS02,SKS03,EQM_6,0,0.75,240,after_decay,original,4,peak_depth_error,0.0,0.35714285714285715,-0.35714285714285715,2
SKS02,SKS03,EQM_6,0,0.75,240,after_decay,original,4,peak_load_error,0.0,0.336385370053487,-0.336385370053487,2
SKS02,SKS03,EQM_6,0,0.75,240,after_decay,original,4,profile_nrmse,0.09868806871720964,0.15811712821019677,-0.05942905949298713,2
SKS02,SKS03,EQM_6,0,0.75,240,before_decay,boundary_retained,2,peak_depth_error,0.7142857142857142,0.2857142857142857,0.4285714285714285,2
SKS02,SKS03,EQM_6,0,0.75,240,before_decay,boundary_retained,2,peak_load_error,0.30963212930563777,0.4029694825163352,-0.09333735321069743,2
SKS02,SKS03,EQM_6,0,0.75,240,before_decay,boundary_retained,2,profile_nrmse,0.1930383417148396,0.2116658152507867,-0.018627473535947098,2
SKS02,SKS03,EQM_6,0,0.75,240,before_decay,boundary_retained,3,peak_depth_error,0.7142857142857142,0.5714285714285714,0.1428571428571428,2
SKS02,SKS03,EQM_6,0,0.75,240,before_decay,boundary_retained,3,peak_load_error,0.30963212930563777,0.30452315658150386,0.005108972724133895,2
SKS02,SKS03,EQM_6,0,0.75,240,before_decay,boundary_retained,3,profile_nrmse,0.186605548539654,0.19616854368167655,-0.009562995142022537,2
SKS02,SKS03,EQM_6,0,0.75,240,before_decay,boundary_retained,4,peak_depth_error,0.0,0.5714285714285714,-0.5714285714285714,2
SKS02,SKS03,EQM_6,0,0.75,240,before_decay,boundary_retained,4,peak_load_error,0.0,0.30452315658150386,-0.30452315658150386,2
SKS02,SKS03,EQM_6,0,0.75,240,before_decay,boundary_retained,4,profile_nrmse,0.13249989030878073,0.19360566209380678,-0.06110577178502604,2
SKS02,SKS03,EQM_6,0,0.75,240,before_decay,original,2,peak_depth_error,0.7142857142857142,0.2857142857142857,0.4285714285714285,2
SKS02,SKS03,EQM_6,0,0.75,240,before_decay,original,2,peak_load_error,0.2963880859637227,0.4029694825163352,-0.10658139655261252,2
SKS02,SKS03,EQM_6,0,0.75,240,before_decay,original,2,profile_nrmse,0.21964599738926835,0.2116658152507867,0.007980182138481645,2
SKS02,SKS03,EQM_6,0,0.75,240,before_decay,original,3,peak_depth_error,0.7142857142857142,0.5714285714285714,0.1428571428571428,2
SKS02,SKS03,EQM_6,0,0.75,240,before_decay,original,3,peak_load_error,0.30963212930563777,0.30452315658150386,0.005108972724133895,2
SKS02,SKS03,EQM_6,0,0.75,240,before_decay,original,3,profile_nrmse,0.186605548539654,0.19616854368167655,-0.009562995142022537,2
SKS02,SKS03,EQM_6,0,0.75,240,before_decay,original,4,peak_depth_error,0.0,0.5714285714285714,-0.5714285714285714,2
SKS02,SKS03,EQM_6,0,0.75,240,before_decay,original,4,peak_load_error,0.0,0.30452315658150386,-0.30452315658150386,2
SKS02,SKS03,EQM_6,0,0.75,240,before_decay,original,4,profile_nrmse,0.13249989030878073,0.19360566209380678,-0.06110577178502604,2
SKS02,SKS03,EQM_6,0,0.75,240,shaking,boundary_retained,2,peak_depth_error,0.7142857142857142,0.5714285714285714,0.1428571428571428,2
SKS02,SKS03,EQM_6,0,0.75,240,shaking,boundary_retained,2,peak_load_error,0.2927732130434253,0.4038380478330944,-0.11106483478966912,2
SKS02,SKS03,EQM_6,0,0.75,240,shaking,boundary_retained,2,profile_nrmse,0.20569664532485343,0.2208663435731169,-0.015169698248263447,2
SKS02,SKS03,EQM_6,0,0.75,240,shaking,boundary_retained,3,peak_depth_error,0.7142857142857142,0.5714285714285714,0.1428571428571428,2
SKS02,SKS03,EQM_6,0,0.75,240,shaking,boundary_retained,3,peak_load_error,0.2927732130434253,0.3038706131809436,-0.011097400137518296,2
SKS02,SKS03,EQM_6,0,0.75,240,shaking,boundary_retained,3,profile_nrmse,0.19632067498733732,0.20249199265585205,-0.006171317668514739,2
SKS02,SKS03,EQM_6,0,0.75,240,shaking,boundary_retained,4,peak_depth_error,0.0,0.5714285714285714,-0.5714285714285714,2
SKS02,SKS03,EQM_6,0,0.75,240,shaking,boundary_retained,4,peak_load_error,0.0,0.3036515047507173,-0.3036515047507173,2
SKS02,SKS03,EQM_6,0,0.75,240,shaking,boundary_retained,4,profile_nrmse,0.13561757095503213,0.20041332574196608,-0.06479575478693395,2
SKS02,SKS03,EQM_6,0,0.75,240,shaking,original,2,peak_depth_error,0.7142857142857142,0.5714285714285714,0.1428571428571428,2
SKS02,SKS03,EQM_6,0,0.75,240,shaking,original,2,peak_load_error,0.2927732130434253,0.4038380478330944,-0.11106483478966912,2
SKS02,SKS03,EQM_6,0,0.75,240,shaking,original,2,profile_nrmse,0.22676831765797278,0.2208663435731169,0.005901974084855904,2
SKS02,SKS03,EQM_6,0,0.75,240,shaking,original,3,peak_depth_error,0.7142857142857142,0.5714285714285714,0.1428571428571428,2
SKS02,SKS03,EQM_6,0,0.75,240,shaking,original,3,peak_load_error,0.2927732130434253,0.3038706131809436,-0.011097400137518296,2
SKS02,SKS03,EQM_6,0,0.75,240,shaking,original,3,profile_nrmse,0.19632067498733732,0.20249199265585205,-0.006171317668514739,2
SKS02,SKS03,EQM_6,0,0.75,240,shaking,original,4,peak_depth_error,0.0,0.5714285714285714,-0.5714285714285714,2
SKS02,SKS03,EQM_6,0,0.75,240,shaking,original,4,peak_load_error,0.0,0.3036515047507173,-0.3036515047507173,2
SKS02,SKS03,EQM_6,0,0.75,240,shaking,original,4,profile_nrmse,0.13561757095503213,0.20041332574196608,-0.06479575478693395,2
SKS02,SKS03,EQM_6,1,0.25,120,after_decay,boundary_retained,2,peak_depth_error,0.42857142857142855,0.1428571428571429,0.28571428571428564,2
SKS02,SKS03,EQM_6,1,0.25,120,after_decay,boundary_retained,2,peak_load_error,0.35630196165786066,0.3741049322606488,-0.017802970602788154,2
SKS02,SKS03,EQM_6,1,0.25,120,after_decay,boundary_retained,2,profile_nrmse,0.1661393218253964,0.17016594319599995,-0.004026621370603556,2
SKS02,SKS03,EQM_6,1,0.25,120,after_decay,boundary_retained,3,peak_depth_error,0.42857142857142855,0.35714285714285715,0.0714285714285714,2
SKS02,SKS03,EQM_6,1,0.25,120,after_decay,boundary_retained,3,peak_load_error,0.35630196165786066,0.33631819192494516,0.01998376973291549,2
SKS02,SKS03,EQM_6,1,0.25,120,after_decay,boundary_retained,3,profile_nrmse,0.15762617374948693,0.15817016122570154,-0.000543987476214626,2
SKS02,SKS03,EQM_6,1,0.25,120,after_decay,boundary_retained,4,peak_depth_error,0.0,0.35714285714285715,-0.35714285714285715,2
SKS02,SKS03,EQM_6,1,0.25,120,after_decay,boundary_retained,4,peak_load_error,0.0,0.33631819192494516,-0.33631819192494516,2
SKS02,SKS03,EQM_6,1,0.25,120,after_decay,boundary_retained,4,profile_nrmse,0.09866778440844969,0.15811644816679393,-0.05944866375834426,2
SKS02,SKS03,EQM_6,1,0.25,120,after_decay,original,2,peak_depth_error,0.42857142857142855,0.1428571428571429,0.28571428571428564,2
SKS02,SKS03,EQM_6,1,0.25,120,after_decay,original,2,peak_load_error,0.3360999831003412,0.3741049322606488,-0.038004949160307555,2
SKS02,SKS03,EQM_6,1,0.25,120,after_decay,original,2,profile_nrmse,0.18232229324513596,0.17016594319599995,0.012156350049136011,2
SKS02,SKS03,EQM_6,1,0.25,120,after_decay,original,3,peak_depth_error,0.42857142857142855,0.35714285714285715,0.0714285714285714,2
SKS02,SKS03,EQM_6,1,0.25,120,after_decay,original,3,peak_load_error,0.35630196165786066,0.33631819192494516,0.01998376973291549,2
SKS02,SKS03,EQM_6,1,0.25,120,after_decay,original,3,profile_nrmse,0.15762617374948693,0.15817016122570154,-0.000543987476214626,2
SKS02,SKS03,EQM_6,1,0.25,120,after_decay,original,4,peak_depth_error,0.0,0.35714285714285715,-0.35714285714285715,2
SKS02,SKS03,EQM_6,1,0.25,120,after_decay,original,4,peak_load_error,0.0,0.33631819192494516,-0.33631819192494516,2
SKS02,SKS03,EQM_6,1,0.25,120,after_decay,original,4,profile_nrmse,0.09866778440844969,0.15811644816679393,-0.05944866375834426,2
SKS02,SKS03,EQM_6,1,0.25,120,before_decay,boundary_retained,2,peak_depth_error,0.7142857142857142,0.2857142857142857,0.4285714285714285,2
SKS02,SKS03,EQM_6,1,0.25,120,before_decay,boundary_retained,2,peak_load_error,0.3796795406546478,0.4154647999989036,-0.03578525934425583,2
SKS02,SKS03,EQM_6,1,0.25,120,before_decay,boundary_retained,2,profile_nrmse,0.18400042631266605,0.20526135374880228,-0.02126092743613625,2
SKS02,SKS03,EQM_6,1,0.25,120,before_decay,boundary_retained,3,peak_depth_error,0.7142857142857142,0.35714285714285715,0.35714285714285704,2
SKS02,SKS03,EQM_6,1,0.25,120,before_decay,boundary_retained,3,peak_load_error,0.3796795406546478,0.3518383547287879,0.027841185925859963,2
SKS02,SKS03,EQM_6,1,0.25,120,before_decay,boundary_retained,3,profile_nrmse,0.1790857881746134,0.19046359629848128,-0.011377808123867891,2
SKS02,SKS03,EQM_6,1,0.25,120,before_decay,boundary_retained,4,peak_depth_error,0.0,0.35714285714285715,-0.35714285714285715,2
SKS02,SKS03,EQM_6,1,0.25,120,before_decay,boundary_retained,4,peak_load_error,0.0,0.3518383547287879,-0.3518383547287879,2
SKS02,SKS03,EQM_6,1,0.25,120,before_decay,boundary_retained,4,profile_nrmse,0.12715092617721768,0.18793176417069402,-0.060780837993476326,2
SKS02,SKS03,EQM_6,1,0.25,120,before_decay,original,2,peak_depth_error,0.42857142857142855,0.2857142857142857,0.14285714285714285,2
SKS02,SKS03,EQM_6,1,0.25,120,before_decay,original,2,peak_load_error,0.35735873398305185,0.4154647999989036,-0.05810606601585183,2
SKS02,SKS03,EQM_6,1,0.25,120,before_decay,original,2,profile_nrmse,0.21417708599325774,0.20526135374880228,0.008915732244455452,2
SKS02,SKS03,EQM_6,1,0.25,120,before_decay,original,3,peak_depth_error,0.7142857142857142,0.35714285714285715,0.35714285714285704,2
SKS02,SKS03,EQM_6,1,0.25,120,before_decay,original,3,peak_load_error,0.3796795406546478,0.3518383547287879,0.027841185925859963,2
SKS02,SKS03,EQM_6,1,0.25,120,before_decay,original,3,profile_nrmse,0.1790857881746134,0.19046359629848128,-0.011377808123867891,2
SKS02,SKS03,EQM_6,1,0.25,120,before_decay,original,4,peak_depth_error,0.0,0.35714285714285715,-0.35714285714285715,2
SKS02,SKS03,EQM_6,1,0.25,120,before_decay,original,4,peak_load_error,0.0,0.3518383547287879,-0.3518383547287879,2
SKS02,SKS03,EQM_6,1,0.25,120,before_decay,original,4,profile_nrmse,0.12715092617721768,0.18793176417069402,-0.060780837993476326,2
SKS02,SKS03,EQM_6,1,0.25,120,shaking,boundary_retained,2,peak_depth_error,0.7142857142857142,0.2857142857142857,0.4285714285714285,2
SKS02,SKS03,EQM_6,1,0.25,120,shaking,boundary_retained,2,peak_load_error,0.28481196446316853,0.39462826600130085,-0.10981630153813235,2
SKS02,SKS03,EQM_6,1,0.25,120,shaking,boundary_retained,2,profile_nrmse,0.2013242923410323,0.21702493383264235,-0.015700641491610046,2
SKS02,SKS03,EQM_6,1,0.25,120,shaking,boundary_retained,3,peak_depth_error,0.7142857142857142,0.5714285714285714,0.1428571428571428,2
SKS02,SKS03,EQM_6,1,0.25,120,shaking,boundary_retained,3,peak_load_error,0.28481196446316853,0.29175888490356466,-0.0069469204403961315,2
SKS02,SKS03,EQM_6,1,0.25,120,shaking,boundary_retained,3,profile_nrmse,0.19341145962307632,0.19830569514506524,-0.004894235521988907,2
SKS02,SKS03,EQM_6,1,0.25,120,shaking,boundary_retained,4,peak_depth_error,0.0,0.5714285714285714,-0.5714285714285714,2
SKS02,SKS03,EQM_6,1,0.25,120,shaking,boundary_retained,4,peak_load_error,0.0,0.29175888490356466,-0.29175888490356466,2
SKS02,SKS03,EQM_6,1,0.25,120,shaking,boundary_retained,4,profile_nrmse,0.13030391606468078,0.1958787587338804,-0.0655748426691996,2
SKS02,SKS03,EQM_6,1,0.25,120,shaking,original,2,peak_depth_error,0.7142857142857142,0.2857142857142857,0.4285714285714285,2
SKS02,SKS03,EQM_6,1,0.25,120,shaking,original,2,peak_load_error,0.28481196446316853,0.39462826600130085,-0.10981630153813235,2
SKS02,SKS03,EQM_6,1,0.25,120,shaking,original,2,profile_nrmse,0.2204756771543031,0.21702493383264235,0.003450743321660746,2
SKS02,SKS03,EQM_6,1,0.25,120,shaking,original,3,peak_depth_error,0.7142857142857142,0.5714285714285714,0.1428571428571428,2
SKS02,SKS03,EQM_6,1,0.25,120,shaking,original,3,peak_load_error,0.28481196446316853,0.29175888490356466,-0.0069469204403961315,2
SKS02,SKS03,EQM_6,1,0.25,120,shaking,original,3,profile_nrmse,0.19341145962307632,0.19830569514506524,-0.004894235521988907,2
SKS02,SKS03,EQM_6,1,0.25,120,shaking,original,4,peak_depth_error,0.0,0.5714285714285714,-0.5714285714285714,2
SKS02,SKS03,EQM_6,1,0.25,120,shaking,original,4,peak_load_error,0.0,0.29175888490356466,-0.29175888490356466,2
SKS02,SKS03,EQM_6,1,0.25,120,shaking,original,4,profile_nrmse,0.13030391606468078,0.1958787587338804,-0.0655748426691996,2
SKS02,SKS03,EQM_6,1,0.25,240,after_decay,boundary_retained,2,peak_depth_error,0.42857142857142855,0.1428571428571429,0.28571428571428564,2
SKS02,SKS03,EQM_6,1,0.25,240,after_decay,boundary_retained,2,peak_load_error,0.35641947515397565,0.3741905694552654,-0.01777109430128973,2
SKS02,SKS03,EQM_6,1,0.25,240,after_decay,boundary_retained,2,profile_nrmse,0.16613783242010907,0.17016152723566963,-0.004023694815560558,2
SKS02,SKS03,EQM_6,1,0.25,240,after_decay,boundary_retained,3,peak_depth_error,0.42857142857142855,0.35714285714285715,0.0714285714285714,2
SKS02,SKS03,EQM_6,1,0.25,240,after_decay,boundary_retained,3,peak_load_error,0.35641947515397565,0.3363573660408612,0.020062109113114457,2
SKS02,SKS03,EQM_6,1,0.25,240,after_decay,boundary_retained,3,profile_nrmse,0.1576246537314191,0.15817344661946864,-0.0005487928880495638,2
SKS02,SKS03,EQM_6,1,0.25,240,after_decay,boundary_retained,4,peak_depth_error,0.0,0.35714285714285715,-0.35714285714285715,2
SKS02,SKS03,EQM_6,1,0.25,240,after_decay,boundary_retained,4,peak_load_error,0.0,0.3363573660408612,-0.3363573660408612,2
SKS02,SKS03,EQM_6,1,0.25,240,after_decay,boundary_retained,4,profile_nrmse,0.09868469866430726,0.1581133966499824,-0.05942869798567513,2
SKS02,SKS03,EQM_6,1,0.25,240,after_decay,original,2,peak_depth_error,0.42857142857142855,0.1428571428571429,0.28571428571428564,2
SKS02,SKS03,EQM_6,1,0.25,240,after_decay,original,2,peak_load_error,0.33617831618023797,0.3741905694552654,-0.03801225327502747,2
SKS02,SKS03,EQM_6,1,0.25,240,after_decay,original,2,profile_nrmse,0.18233155362355669,0.17016152723566963,0.01217002638788707,2
SKS02,SKS03,EQM_6,1,0.25,240,after_decay,original,3,peak_depth_error,0.42857142857142855,0.35714285714285715,0.0714285714285714,2
SKS02,SKS03,EQM_6,1,0.25,240,after_decay,original,3,peak_load_error,0.35641947515397565,0.3363573660408612,0.020062109113114457,2
SKS02,SKS03,EQM_6,1,0.25,240,after_decay,original,3,profile_nrmse,0.1576246537314191,0.15817344661946864,-0.0005487928880495638,2
SKS02,SKS03,EQM_6,1,0.25,240,after_decay,original,4,peak_depth_error,0.0,0.35714285714285715,-0.35714285714285715,2
SKS02,SKS03,EQM_6,1,0.25,240,after_decay,original,4,peak_load_error,0.0,0.3363573660408612,-0.3363573660408612,2
SKS02,SKS03,EQM_6,1,0.25,240,after_decay,original,4,profile_nrmse,0.09868469866430726,0.1581133966499824,-0.05942869798567513,2
SKS02,SKS03,EQM_6,1,0.25,240,before_decay,boundary_retained,2,peak_depth_error,0.7142857142857142,0.2857142857142857,0.4285714285714285,2
SKS02,SKS03,EQM_6,1,0.25,240,before_decay,boundary_retained,2,peak_load_error,0.37674163892050394,0.41639879865791024,-0.03965715973740627,2
SKS02,SKS03,EQM_6,1,0.25,240,before_decay,boundary_retained,2,profile_nrmse,0.18477556743677503,0.20584007454306166,-0.021064507106286615,2
SKS02,SKS03,EQM_6,1,0.25,240,before_decay,boundary_retained,3,peak_depth_error,0.7142857142857142,0.35714285714285715,0.35714285714285704,2
SKS02,SKS03,EQM_6,1,0.25,240,before_decay,boundary_retained,3,peak_load_error,0.37674163892050394,0.3497581296804393,0.02698350924006468,2
SKS02,SKS03,EQM_6,1,0.25,240,before_decay,boundary_retained,3,profile_nrmse,0.1796354343597526,0.19083094410195436,-0.011195509742201765,2
SKS02,SKS03,EQM_6,1,0.25,240,before_decay,boundary_retained,4,peak_depth_error,0.0,0.35714285714285715,-0.35714285714285715,2
SKS02,SKS03,EQM_6,1,0.25,240,before_decay,boundary_retained,4,peak_load_error,0.0,0.3497581296804393,-0.3497581296804393,2
SKS02,SKS03,EQM_6,1,0.25,240,before_decay,boundary_retained,4,profile_nrmse,0.1272770407385907,0.18821321759557572,-0.06093617685698501,2
SKS02,SKS03,EQM_6,1,0.25,240,before_decay,original,2,peak_depth_error,0.42857142857142855,0.2857142857142857,0.14285714285714285,2
SKS02,SKS03,EQM_6,1,0.25,240,before_decay,original,2,peak_load_error,0.35476643319474416,0.41639879865791024,-0.06163236546316608,2
SKS02,SKS03,EQM_6,1,0.25,240,before_decay,original,2,profile_nrmse,0.2143929660957905,0.20584007454306166,0.008552891552728828,2
SKS02,SKS03,EQM_6,1,0.25,240,before_decay,original,3,peak_depth_error,0.7142857142857142,0.35714285714285715,0.35714285714285704,2
SKS02,SKS03,EQM_6,1,0.25,240,before_decay,original,3,peak_load_error,0.37674163892050394,0.3497581296804393,0.02698350924006468,2
SKS02,SKS03,EQM_6,1,0.25,240,before_decay,original,3,profile_nrmse,0.1796354343597526,0.19083094410195436,-0.011195509742201765,2
SKS02,SKS03,EQM_6,1,0.25,240,before_decay,original,4,peak_depth_error,0.0,0.35714285714285715,-0.35714285714285715,2
SKS02,SKS03,EQM_6,1,0.25,240,before_decay,original,4,peak_load_error,0.0,0.3497581296804393,-0.3497581296804393,2
SKS02,SKS03,EQM_6,1,0.25,240,before_decay,original,4,profile_nrmse,0.1272770407385907,0.18821321759557572,-0.06093617685698501,2
SKS02,SKS03,EQM_6,1,0.25,240,shaking,boundary_retained,2,peak_depth_error,0.7142857142857142,0.2857142857142857,0.4285714285714285,2
SKS02,SKS03,EQM_6,1,0.25,240,shaking,boundary_retained,2,peak_load_error,0.2848291726483184,0.3947377292166784,-0.10990855656835995,2
SKS02,SKS03,EQM_6,1,0.25,240,shaking,boundary_retained,2,profile_nrmse,0.20132266467926552,0.2171520106661955,-0.01582934598692999,2
SKS02,SKS03,EQM_6,1,0.25,240,shaking,boundary_retained,3,peak_depth_error,0.7142857142857142,0.5714285714285714,0.1428571428571428,2
SKS02,SKS03,EQM_6,1,0.25,240,shaking,boundary_retained,3,peak_load_error,0.2848291726483184,0.29213662818395375,-0.007307455535635304,2
SKS02,SKS03,EQM_6,1,0.25,240,shaking,boundary_retained,3,profile_nrmse,0.1933793431844732,0.19839858716187445,-0.005019243977401264,2
SKS02,SKS03,EQM_6,1,0.25,240,shaking,boundary_retained,4,peak_depth_error,0.0,0.5714285714285714,-0.5714285714285714,2
SKS02,SKS03,EQM_6,1,0.25,240,shaking,boundary_retained,4,peak_load_error,0.0,0.29213662818395375,-0.29213662818395375,2
SKS02,SKS03,EQM_6,1,0.25,240,shaking,boundary_retained,4,profile_nrmse,0.1303307868252599,0.19585582528794787,-0.06552503846268798,2
SKS02,SKS03,EQM_6,1,0.25,240,shaking,original,2,peak_depth_error,0.7142857142857142,0.2857142857142857,0.4285714285714285,2
SKS02,SKS03,EQM_6,1,0.25,240,shaking,original,2,peak_load_error,0.2848291726483184,0.3947377292166784,-0.10990855656835995,2
SKS02,SKS03,EQM_6,1,0.25,240,shaking,original,2,profile_nrmse,0.2205508668659787,0.2171520106661955,0.003398856199783168,2
SKS02,SKS03,EQM_6,1,0.25,240,shaking,original,3,peak_depth_error,0.7142857142857142,0.5714285714285714,0.1428571428571428,2
SKS02,SKS03,EQM_6,1,0.25,240,shaking,original,3,peak_load_error,0.2848291726483184,0.29213662818395375,-0.007307455535635304,2
SKS02,SKS03,EQM_6,1,0.25,240,shaking,original,3,profile_nrmse,0.1933793431844732,0.19839858716187445,-0.005019243977401264,2
SKS02,SKS03,EQM_6,1,0.25,240,shaking,original,4,peak_depth_error,0.0,0.5714285714285714,-0.5714285714285714,2
SKS02,SKS03,EQM_6,1,0.25,240,shaking,original,4,peak_load_error,0.0,0.29213662818395375,-0.29213662818395375,2
SKS02,SKS03,EQM_6,1,0.25,240,shaking,original,4,profile_nrmse,0.1303307868252599,0.19585582528794787,-0.06552503846268798,2
SKS02,SKS03,EQM_6,1,0.5,120,after_decay,boundary_retained,2,peak_depth_error,0.42857142857142855,0.1428571428571429,0.28571428571428564,2
SKS02,SKS03,EQM_6,1,0.5,120,after_decay,boundary_retained,2,peak_load_error,0.35660216881892115,0.37425216401219014,-0.017649995193269014,2
SKS02,SKS03,EQM_6,1,0.5,120,after_decay,boundary_retained,2,profile_nrmse,0.16615588056269032,0.17017067992685508,-0.004014799364164781,2
SKS02,SKS03,EQM_6,1,0.5,120,after_decay,boundary_retained,3,peak_depth_error,0.42857142857142855,0.35714285714285715,0.0714285714285714,2
SKS02,SKS03,EQM_6,1,0.5,120,after_decay,boundary_retained,3,peak_load_error,0.35660216881892115,0.3363579508015063,0.020244218017414772,2
SKS02,SKS03,EQM_6,1,0.5,120,after_decay,boundary_retained,3,profile_nrmse,0.15762013592258461,0.15818336255801685,-0.0005632266354322207,2
SKS02,SKS03,EQM_6,1,0.5,120,after_decay,boundary_retained,4,peak_depth_error,0.0,0.35714285714285715,-0.35714285714285715,2
SKS02,SKS03,EQM_6,1,0.5,120,after_decay,boundary_retained,4,peak_load_error,0.0,0.3363579508015063,-0.3363579508015063,2
SKS02,SKS03,EQM_6,1,0.5,120,after_decay,boundary_retained,4,profile_nrmse,0.09870041994997784,0.15812214192034396,-0.05942172197036612,2
SKS02,SKS03,EQM_6,1,0.5,120,after_decay,original,2,peak_depth_error,0.42857142857142855,0.1428571428571429,0.28571428571428564,2
SKS02,SKS03,EQM_6,1,0.5,120,after_decay,original,2,peak_load_error,0.33630890008086756,0.37425216401219014,-0.03794326393132255,2
SKS02,SKS03,EQM_6,1,0.5,120,after_decay,original,2,profile_nrmse,0.18235399464114388,0.17017067992685508,0.012183314714288775,2
SKS02,SKS03,EQM_6,1,0.5,120,after_decay,original,3,peak_depth_error,0.42857142857142855,0.35714285714285715,0.0714285714285714,2
SKS02,SKS03,EQM_6,1,0.5,120,after_decay,original,3,peak_load_error,0.35660216881892115,0.3363579508015063,0.020244218017414772,2
SKS02,SKS03,EQM_6,1,0.5,120,after_decay,original,3,profile_nrmse,0.15762013592258461,0.15818336255801685,-0.0005632266354322207,2
SKS02,SKS03,EQM_6,1,0.5,120,after_decay,original,4,peak_depth_error,0.0,0.35714285714285715,-0.35714285714285715,2
SKS02,SKS03,EQM_6,1,0.5,120,after_decay,original,4,peak_load_error,0.0,0.3363579508015063,-0.3363579508015063,2
SKS02,SKS03,EQM_6,1,0.5,120,after_decay,original,4,profile_nrmse,0.09870041994997784,0.15812214192034396,-0.05942172197036612,2
SKS02,SKS03,EQM_6,1,0.5,120,before_decay,boundary_retained,2,peak_depth_error,0.7142857142857142,0.2857142857142857,0.4285714285714285,2
SKS02,SKS03,EQM_6,1,0.5,120,before_decay,boundary_retained,2,peak_load_error,0.37329791856749456,0.41774573394131553,-0.044447815373821004,2
SKS02,SKS03,EQM_6,1,0.5,120,before_decay,boundary_retained,2,profile_nrmse,0.1865069876325061,0.20672134975749573,-0.020214362124989643,2
SKS02,SKS03,EQM_6,1,0.5,120,before_decay,boundary_retained,3,peak_depth_error,0.7142857142857142,0.35714285714285715,0.35714285714285704,2
SKS02,SKS03,EQM_6,1,0.5,120,before_decay,boundary_retained,3,peak_load_error,0.37329791856749456,0.34616778185245684,0.027130136715037723,2
SKS02,SKS03,EQM_6,1,0.5,120,before_decay,boundary_retained,3,profile_nrmse,0.1813670777328118,0.1915518599678542,-0.010184782235042406,2
SKS02,SKS03,EQM_6,1,0.5,120,before_decay,boundary_retained,4,peak_depth_error,0.0,0.35714285714285715,-0.35714285714285715,2
SKS02,SKS03,EQM_6,1,0.5,120,before_decay,boundary_retained,4,peak_load_error,0.0,0.34616778185245684,-0.34616778185245684,2
SKS02,SKS03,EQM_6,1,0.5,120,before_decay,boundary_retained,4,profile_nrmse,0.12753154484199772,0.1887831538915704,-0.061251609049572685,2
SKS02,SKS03,EQM_6,1,0.5,120,before_decay,original,2,peak_depth_error,0.7142857142857142,0.2857142857142857,0.4285714285714285,2
SKS02,SKS03,EQM_6,1,0.5,120,before_decay,original,2,peak_load_error,0.3499618985323918,0.41774573394131553,-0.06778383540892374,2
SKS02,SKS03,EQM_6,1,0.5,120,before_decay,original,2,profile_nrmse,0.21465309125620588,0.20672134975749573,0.007931741498710149,2
SKS02,SKS03,EQM_6,1,0.5,120,before_decay,original,3,peak_depth_error,0.7142857142857142,0.35714285714285715,0.35714285714285704,2
SKS02,SKS03,EQM_6,1,0.5,120,before_decay,original,3,peak_load_error,0.37329791856749456,0.34616778185245684,0.027130136715037723,2
SKS02,SKS03,EQM_6,1,0.5,120,before_decay,original,3,profile_nrmse,0.1813670777328118,0.1915518599678542,-0.010184782235042406,2
SKS02,SKS03,EQM_6,1,0.5,120,before_decay,original,4,peak_depth_error,0.0,0.35714285714285715,-0.35714285714285715,2
SKS02,SKS03,EQM_6,1,0.5,120,before_decay,original,4,peak_load_error,0.0,0.34616778185245684,-0.34616778185245684,2
SKS02,SKS03,EQM_6,1,0.5,120,before_decay,original,4,profile_nrmse,0.12753154484199772,0.1887831538915704,-0.061251609049572685,2
SKS02,SKS03,EQM_6,1,0.5,120,shaking,boundary_retained,2,peak_depth_error,0.7142857142857142,0.2857142857142857,0.4285714285714285,2
SKS02,SKS03,EQM_6,1,0.5,120,shaking,boundary_retained,2,peak_load_error,0.28481196446316853,0.39462826600130085,-0.10981630153813235,2
SKS02,SKS03,EQM_6,1,0.5,120,shaking,boundary_retained,2,profile_nrmse,0.2013242923410323,0.21702493383264235,-0.015700641491610046,2
SKS02,SKS03,EQM_6,1,0.5,120,shaking,boundary_retained,3,peak_depth_error,0.7142857142857142,0.5714285714285714,0.1428571428571428,2
SKS02,SKS03,EQM_6,1,0.5,120,shaking,boundary_retained,3,peak_load_error,0.28481196446316853,0.29175888490356466,-0.0069469204403961315,2
SKS02,SKS03,EQM_6,1,0.5,120,shaking,boundary_retained,3,profile_nrmse,0.19341145962307632,0.19830569514506524,-0.004894235521988907,2
SKS02,SKS03,EQM_6,1,0.5,120,shaking,boundary_retained,4,peak_depth_error,0.0,0.5714285714285714,-0.5714285714285714,2
SKS02,SKS03,EQM_6,1,0.5,120,shaking,boundary_retained,4,peak_load_error,0.0,0.29175888490356466,-0.29175888490356466,2
SKS02,SKS03,EQM_6,1,0.5,120,shaking,boundary_retained,4,profile_nrmse,0.13030391606468078,0.1958787587338804,-0.0655748426691996,2
SKS02,SKS03,EQM_6,1,0.5,120,shaking,original,2,peak_depth_error,0.7142857142857142,0.2857142857142857,0.4285714285714285,2
SKS02,SKS03,EQM_6,1,0.5,120,shaking,original,2,peak_load_error,0.28481196446316853,0.39462826600130085,-0.10981630153813235,2
SKS02,SKS03,EQM_6,1,0.5,120,shaking,original,2,profile_nrmse,0.2204756771543031,0.21702493383264235,0.003450743321660746,2
SKS02,SKS03,EQM_6,1,0.5,120,shaking,original,3,peak_depth_error,0.7142857142857142,0.5714285714285714,0.1428571428571428,2
SKS02,SKS03,EQM_6,1,0.5,120,shaking,original,3,peak_load_error,0.28481196446316853,0.29175888490356466,-0.0069469204403961315,2
SKS02,SKS03,EQM_6,1,0.5,120,shaking,original,3,profile_nrmse,0.19341145962307632,0.19830569514506524,-0.004894235521988907,2
SKS02,SKS03,EQM_6,1,0.5,120,shaking,original,4,peak_depth_error,0.0,0.5714285714285714,-0.5714285714285714,2
SKS02,SKS03,EQM_6,1,0.5,120,shaking,original,4,peak_load_error,0.0,0.29175888490356466,-0.29175888490356466,2
SKS02,SKS03,EQM_6,1,0.5,120,shaking,original,4,profile_nrmse,0.13030391606468078,0.1958787587338804,-0.0655748426691996,2
SKS02,SKS03,EQM_6,1,0.5,240,after_decay,boundary_retained,2,peak_depth_error,0.42857142857142855,0.1428571428571429,0.28571428571428564,2
SKS02,SKS03,EQM_6,1,0.5,240,after_decay,boundary_retained,2,peak_load_error,0.3565176739974528,0.37417622798992134,-0.017658553992468573,2
SKS02,SKS03,EQM_6,1,0.5,240,after_decay,boundary_retained,2,profile_nrmse,0.16613946079112712,0.1701817971956892,-0.004042336404562058,2
SKS02,SKS03,EQM_6,1,0.5,240,after_decay,boundary_retained,3,peak_depth_error,0.42857142857142855,0.35714285714285715,0.0714285714285714,2
SKS02,SKS03,EQM_6,1,0.5,240,after_decay,boundary_retained,3,peak_load_error,0.3565176739974528,0.33636602875641086,0.020151645241041904,2
SKS02,SKS03,EQM_6,1,0.5,240,after_decay,boundary_retained,3,profile_nrmse,0.157629042835859,0.15817902641363277,-0.0005499835777737841,2
SKS02,SKS03,EQM_6,1,0.5,240,after_decay,boundary_retained,4,peak_depth_error,0.0,0.35714285714285715,-0.35714285714285715,2
SKS02,SKS03,EQM_6,1,0.5,240,after_decay,boundary_retained,4,peak_load_error,0.0,0.33636602875641086,-0.33636602875641086,2
SKS02,SKS03,EQM_6,1,0.5,240,after_decay,boundary_retained,4,profile_nrmse,0.09868622451207741,0.15811938155804928,-0.05943315704597188,2
SKS02,SKS03,EQM_6,1,0.5,240,after_decay,original,2,peak_depth_error,0.42857142857142855,0.1428571428571429,0.28571428571428564,2
SKS02,SKS03,EQM_6,1,0.5,240,after_decay,original,2,peak_load_error,0.33628411261243585,0.37417622798992134,-0.03789211537748555,2
SKS02,SKS03,EQM_6,1,0.5,240,after_decay,original,2,profile_nrmse,0.18234050725493342,0.1701817971956892,0.012158710059244224,2
SKS02,SKS03,EQM_6,1,0.5,240,after_decay,original,3,peak_depth_error,0.42857142857142855,0.35714285714285715,0.0714285714285714,2
SKS02,SKS03,EQM_6,1,0.5,240,after_decay,original,3,peak_load_error,0.3565176739974528,0.33636602875641086,0.020151645241041904,2
SKS02,SKS03,EQM_6,1,0.5,240,after_decay,original,3,profile_nrmse,0.157629042835859,0.15817902641363277,-0.0005499835777737841,2
SKS02,SKS03,EQM_6,1,0.5,240,after_decay,original,4,peak_depth_error,0.0,0.35714285714285715,-0.35714285714285715,2
SKS02,SKS03,EQM_6,1,0.5,240,after_decay,original,4,peak_load_error,0.0,0.33636602875641086,-0.33636602875641086,2
SKS02,SKS03,EQM_6,1,0.5,240,after_decay,original,4,profile_nrmse,0.09868622451207741,0.15811938155804928,-0.05943315704597188,2
SKS02,SKS03,EQM_6,1,0.5,240,before_decay,boundary_retained,2,peak_depth_error,0.7142857142857142,0.2857142857142857,0.4285714285714285,2
SKS02,SKS03,EQM_6,1,0.5,240,before_decay,boundary_retained,2,peak_load_error,0.3733898379799064,0.4176811317817999,-0.044291293801893505,2
SKS02,SKS03,EQM_6,1,0.5,240,before_decay,boundary_retained,2,profile_nrmse,0.18667820501935956,0.2066982525361346,-0.02002004751677504,2
SKS02,SKS03,EQM_6,1,0.5,240,before_decay,boundary_retained,3,peak_depth_error,0.7142857142857142,0.35714285714285715,0.35714285714285704,2
SKS02,SKS03,EQM_6,1,0.5,240,before_decay,boundary_retained,3,peak_load_error,0.3733898379799064,0.3462686401134231,0.02712119786648326,2
SKS02,SKS03,EQM_6,1,0.5,240,before_decay,boundary_retained,3,profile_nrmse,0.1813224669257064,0.19154061328285604,-0.010218146357149668,2
SKS02,SKS03,EQM_6,1,0.5,240,before_decay,boundary_retained,4,peak_depth_error,0.0,0.35714285714285715,-0.35714285714285715,2
SKS02,SKS03,EQM_6,1,0.5,240,before_decay,boundary_retained,4,peak_load_error,0.0,0.3462686401134231,-0.3462686401134231,2
SKS02,SKS03,EQM_6,1,0.5,240,before_decay,boundary_retained,4,profile_nrmse,0.12748833520768277,0.18872189074082013,-0.061233555533137383,2
SKS02,SKS03,EQM_6,1,0.5,240,before_decay,original,2,peak_depth_error,0.7142857142857142,0.2857142857142857,0.4285714285714285,2
SKS02,SKS03,EQM_6,1,0.5,240,before_decay,original,2,peak_load_error,0.3500577116662765,0.4176811317817999,-0.06762342011552336,2
SKS02,SKS03,EQM_6,1,0.5,240,before_decay,original,2,profile_nrmse,0.21460751267813138,0.2066982525361346,0.007909260141996777,2
SKS02,SKS03,EQM_6,1,0.5,240,before_decay,original,3,peak_depth_error,0.7142857142857142,0.35714285714285715,0.35714285714285704,2
SKS02,SKS03,EQM_6,1,0.5,240,before_decay,original,3,peak_load_error,0.3733898379799064,0.3462686401134231,0.02712119786648326,2
SKS02,SKS03,EQM_6,1,0.5,240,before_decay,original,3,profile_nrmse,0.1813224669257064,0.19154061328285604,-0.010218146357149668,2
SKS02,SKS03,EQM_6,1,0.5,240,before_decay,original,4,peak_depth_error,0.0,0.35714285714285715,-0.35714285714285715,2
SKS02,SKS03,EQM_6,1,0.5,240,before_decay,original,4,peak_load_error,0.0,0.3462686401134231,-0.3462686401134231,2
SKS02,SKS03,EQM_6,1,0.5,240,before_decay,original,4,profile_nrmse,0.12748833520768277,0.18872189074082013,-0.061233555533137383,2
SKS02,SKS03,EQM_6,1,0.5,240,shaking,boundary_retained,2,peak_depth_error,0.7142857142857142,0.2857142857142857,0.4285714285714285,2
SKS02,SKS03,EQM_6,1,0.5,240,shaking,boundary_retained,2,peak_load_error,0.2848291726483184,0.3947377292166784,-0.10990855656835995,2
SKS02,SKS03,EQM_6,1,0.5,240,shaking,boundary_retained,2,profile_nrmse,0.20132266467926552,0.2171520106661955,-0.01582934598692999,2
SKS02,SKS03,EQM_6,1,0.5,240,shaking,boundary_retained,3,peak_depth_error,0.7142857142857142,0.5714285714285714,0.1428571428571428,2
SKS02,SKS03,EQM_6,1,0.5,240,shaking,boundary_retained,3,peak_load_error,0.2848291726483184,0.29213662818395375,-0.007307455535635304,2
SKS02,SKS03,EQM_6,1,0.5,240,shaking,boundary_retained,3,profile_nrmse,0.1933793431844732,0.19839858716187445,-0.005019243977401264,2
SKS02,SKS03,EQM_6,1,0.5,240,shaking,boundary_retained,4,peak_depth_error,0.0,0.5714285714285714,-0.5714285714285714,2
SKS02,SKS03,EQM_6,1,0.5,240,shaking,boundary_retained,4,peak_load_error,0.0,0.29213662818395375,-0.29213662818395375,2
SKS02,SKS03,EQM_6,1,0.5,240,shaking,boundary_retained,4,profile_nrmse,0.1303307868252599,0.19585582528794787,-0.06552503846268798,2
SKS02,SKS03,EQM_6,1,0.5,240,shaking,original,2,peak_depth_error,0.7142857142857142,0.2857142857142857,0.4285714285714285,2
SKS02,SKS03,EQM_6,1,0.5,240,shaking,original,2,peak_load_error,0.2848291726483184,0.3947377292166784,-0.10990855656835995,2
SKS02,SKS03,EQM_6,1,0.5,240,shaking,original,2,profile_nrmse,0.2205508668659787,0.2171520106661955,0.003398856199783168,2
SKS02,SKS03,EQM_6,1,0.5,240,shaking,original,3,peak_depth_error,0.7142857142857142,0.5714285714285714,0.1428571428571428,2
SKS02,SKS03,EQM_6,1,0.5,240,shaking,original,3,peak_load_error,0.2848291726483184,0.29213662818395375,-0.007307455535635304,2
SKS02,SKS03,EQM_6,1,0.5,240,shaking,original,3,profile_nrmse,0.1933793431844732,0.19839858716187445,-0.005019243977401264,2
SKS02,SKS03,EQM_6,1,0.5,240,shaking,original,4,peak_depth_error,0.0,0.5714285714285714,-0.5714285714285714,2
SKS02,SKS03,EQM_6,1,0.5,240,shaking,original,4,peak_load_error,0.0,0.29213662818395375,-0.29213662818395375,2
SKS02,SKS03,EQM_6,1,0.5,240,shaking,original,4,profile_nrmse,0.1303307868252599,0.19585582528794787,-0.06552503846268798,2
SKS02,SKS03,EQM_6,1,0.75,120,after_decay,boundary_retained,2,peak_depth_error,0.42857142857142855,0.1428571428571429,0.28571428571428564,2
SKS02,SKS03,EQM_6,1,0.75,120,after_decay,boundary_retained,2,peak_load_error,0.35655268427892994,0.37420977238519865,-0.017657088106268676,2
SKS02,SKS03,EQM_6,1,0.75,120,after_decay,boundary_retained,2,profile_nrmse,0.16614134357661398,0.17019553749941216,-0.004054193922798197,2
SKS02,SKS03,EQM_6,1,0.75,120,after_decay,boundary_retained,3,peak_depth_error,0.42857142857142855,0.35714285714285715,0.0714285714285714,2
SKS02,SKS03,EQM_6,1,0.75,120,after_decay,boundary_retained,3,peak_load_error,0.35655268427892994,0.33638638710498503,0.02016629717394494,2
SKS02,SKS03,EQM_6,1,0.75,120,after_decay,boundary_retained,3,profile_nrmse,0.15764693851846012,0.1581783997054753,-0.0005314611870151711,2
SKS02,SKS03,EQM_6,1,0.75,120,after_decay,boundary_retained,4,peak_depth_error,0.0,0.35714285714285715,-0.35714285714285715,2
SKS02,SKS03,EQM_6,1,0.75,120,after_decay,boundary_retained,4,peak_load_error,0.0,0.33638638710498503,-0.33638638710498503,2
SKS02,SKS03,EQM_6,1,0.75,120,after_decay,boundary_retained,4,profile_nrmse,0.0986839074264868,0.15811567781240302,-0.0594317703859162,2
SKS02,SKS03,EQM_6,1,0.75,120,after_decay,original,2,peak_depth_error,0.42857142857142855,0.1428571428571429,0.28571428571428564,2
SKS02,SKS03,EQM_6,1,0.75,120,after_decay,original,2,peak_load_error,0.3363308690015131,0.37420977238519865,-0.03787890338368552,2
SKS02,SKS03,EQM_6,1,0.75,120,after_decay,original,2,profile_nrmse,0.1823352673614022,0.17019553749941216,0.012139729861990058,2
SKS02,SKS03,EQM_6,1,0.75,120,after_decay,original,3,peak_depth_error,0.42857142857142855,0.35714285714285715,0.0714285714285714,2
SKS02,SKS03,EQM_6,1,0.75,120,after_decay,original,3,peak_load_error,0.35655268427892994,0.33638638710498503,0.02016629717394494,2
SKS02,SKS03,EQM_6,1,0.75,120,after_decay,original,3,profile_nrmse,0.15764693851846012,0.1581783997054753,-0.0005314611870151711,2
SKS02,SKS03,EQM_6,1,0.75,120,after_decay,original,4,peak_depth_error,0.0,0.35714285714285715,-0.35714285714285715,2
SKS02,SKS03,EQM_6,1,0.75,120,after_decay,original,4,peak_load_error,0.0,0.33638638710498503,-0.33638638710498503,2
SKS02,SKS03,EQM_6,1,0.75,120,after_decay,original,4,profile_nrmse,0.0986839074264868,0.15811567781240302,-0.0594317703859162,2
SKS02,SKS03,EQM_6,1,0.75,120,before_decay,boundary_retained,2,peak_depth_error,0.7142857142857142,0.2857142857142857,0.4285714285714285,2
SKS02,SKS03,EQM_6,1,0.75,120,before_decay,boundary_retained,2,peak_load_error,0.3061396949384979,0.3993721796657824,-0.09323248472728447,2
SKS02,SKS03,EQM_6,1,0.75,120,before_decay,boundary_retained,2,profile_nrmse,0.1919819943552088,0.20974467966327476,-0.017762685308065948,2
SKS02,SKS03,EQM_6,1,0.75,120,before_decay,boundary_retained,3,peak_depth_error,0.7142857142857142,0.5714285714285714,0.1428571428571428,2
SKS02,SKS03,EQM_6,1,0.75,120,before_decay,boundary_retained,3,peak_load_error,0.3061396949384979,0.3028631144759025,0.0032765804625954353,2
SKS02,SKS03,EQM_6,1,0.75,120,before_decay,boundary_retained,3,profile_nrmse,0.18515048734873762,0.194311849808808,-0.009161362460070405,2
SKS02,SKS03,EQM_6,1,0.75,120,before_decay,boundary_retained,4,peak_depth_error,0.0,0.5714285714285714,-0.5714285714285714,2
SKS02,SKS03,EQM_6,1,0.75,120,before_decay,boundary_retained,4,peak_load_error,0.0,0.3028631144759025,-0.3028631144759025,2
SKS02,SKS03,EQM_6,1,0.75,120,before_decay,boundary_retained,4,profile_nrmse,0.13006817342977528,0.19180043560405202,-0.061732262174276714,2
SKS02,SKS03,EQM_6,1,0.75,120,before_decay,original,2,peak_depth_error,0.7142857142857142,0.2857142857142857,0.4285714285714285,2
SKS02,SKS03,EQM_6,1,0.75,120,before_decay,original,2,peak_load_error,0.2928518008282683,0.3993721796657824,-0.1065203788375141,2
SKS02,SKS03,EQM_6,1,0.75,120,before_decay,original,2,profile_nrmse,0.21615913290779284,0.20974467966327476,0.006414453244518101,2
SKS02,SKS03,EQM_6,1,0.75,120,before_decay,original,3,peak_depth_error,0.7142857142857142,0.5714285714285714,0.1428571428571428,2
SKS02,SKS03,EQM_6,1,0.75,120,before_decay,original,3,peak_load_error,0.3061396949384979,0.3028631144759025,0.0032765804625954353,2
SKS02,SKS03,EQM_6,1,0.75,120,before_decay,original,3,profile_nrmse,0.18515048734873762,0.194311849808808,-0.009161362460070405,2
SKS02,SKS03,EQM_6,1,0.75,120,before_decay,original,4,peak_depth_error,0.0,0.5714285714285714,-0.5714285714285714,2
SKS02,SKS03,EQM_6,1,0.75,120,before_decay,original,4,peak_load_error,0.0,0.3028631144759025,-0.3028631144759025,2
SKS02,SKS03,EQM_6,1,0.75,120,before_decay,original,4,profile_nrmse,0.13006817342977528,0.19180043560405202,-0.061732262174276714,2
SKS02,SKS03,EQM_6,1,0.75,120,shaking,boundary_retained,2,peak_depth_error,0.7142857142857142,0.2857142857142857,0.4285714285714285,2
SKS02,SKS03,EQM_6,1,0.75,120,shaking,boundary_retained,2,peak_load_error,0.28481196446316853,0.39462826600130085,-0.10981630153813235,2
SKS02,SKS03,EQM_6,1,0.75,120,shaking,boundary_retained,2,profile_nrmse,0.2013242923410323,0.21702493383264235,-0.015700641491610046,2
SKS02,SKS03,EQM_6,1,0.75,120,shaking,boundary_retained,3,peak_depth_error,0.7142857142857142,0.5714285714285714,0.1428571428571428,2
SKS02,SKS03,EQM_6,1,0.75,120,shaking,boundary_retained,3,peak_load_error,0.28481196446316853,0.29175888490356466,-0.0069469204403961315,2
SKS02,SKS03,EQM_6,1,0.75,120,shaking,boundary_retained,3,profile_nrmse,0.19341145962307632,0.19830569514506524,-0.004894235521988907,2
SKS02,SKS03,EQM_6,1,0.75,120,shaking,boundary_retained,4,peak_depth_error,0.0,0.5714285714285714,-0.5714285714285714,2
SKS02,SKS03,EQM_6,1,0.75,120,shaking,boundary_retained,4,peak_load_error,0.0,0.29175888490356466,-0.29175888490356466,2
SKS02,SKS03,EQM_6,1,0.75,120,shaking,boundary_retained,4,profile_nrmse,0.13030391606468078,0.1958787587338804,-0.0655748426691996,2
SKS02,SKS03,EQM_6,1,0.75,120,shaking,original,2,peak_depth_error,0.7142857142857142,0.2857142857142857,0.4285714285714285,2
SKS02,SKS03,EQM_6,1,0.75,120,shaking,original,2,peak_load_error,0.28481196446316853,0.39462826600130085,-0.10981630153813235,2
SKS02,SKS03,EQM_6,1,0.75,120,shaking,original,2,profile_nrmse,0.2204756771543031,0.21702493383264235,0.003450743321660746,2
SKS02,SKS03,EQM_6,1,0.75,120,shaking,original,3,peak_depth_error,0.7142857142857142,0.5714285714285714,0.1428571428571428,2
SKS02,SKS03,EQM_6,1,0.75,120,shaking,original,3,peak_load_error,0.28481196446316853,0.29175888490356466,-0.0069469204403961315,2
SKS02,SKS03,EQM_6,1,0.75,120,shaking,original,3,profile_nrmse,0.19341145962307632,0.19830569514506524,-0.004894235521988907,2
SKS02,SKS03,EQM_6,1,0.75,120,shaking,original,4,peak_depth_error,0.0,0.5714285714285714,-0.5714285714285714,2
SKS02,SKS03,EQM_6,1,0.75,120,shaking,original,4,peak_load_error,0.0,0.29175888490356466,-0.29175888490356466,2
SKS02,SKS03,EQM_6,1,0.75,120,shaking,original,4,profile_nrmse,0.13030391606468078,0.1958787587338804,-0.0655748426691996,2
SKS02,SKS03,EQM_6,1,0.75,240,after_decay,boundary_retained,2,peak_depth_error,0.42857142857142855,0.1428571428571429,0.28571428571428564,2
SKS02,SKS03,EQM_6,1,0.75,240,after_decay,boundary_retained,2,peak_load_error,0.35658031008623425,0.37420966620198026,-0.01762935611574601,2
SKS02,SKS03,EQM_6,1,0.75,240,after_decay,boundary_retained,2,profile_nrmse,0.16615224165783649,0.1701887543148719,-0.00403651265703539,2
SKS02,SKS03,EQM_6,1,0.75,240,after_decay,boundary_retained,3,peak_depth_error,0.42857142857142855,0.35714285714285715,0.0714285714285714,2
SKS02,SKS03,EQM_6,1,0.75,240,after_decay,boundary_retained,3,peak_load_error,0.35658031008623425,0.33637700582426894,0.020203304261965316,2
SKS02,SKS03,EQM_6,1,0.75,240,after_decay,boundary_retained,3,profile_nrmse,0.15762638216689467,0.15817991717202856,-0.0005535350051338941,2
SKS02,SKS03,EQM_6,1,0.75,240,after_decay,boundary_retained,4,peak_depth_error,0.0,0.35714285714285715,-0.35714285714285715,2
SKS02,SKS03,EQM_6,1,0.75,240,after_decay,boundary_retained,4,peak_load_error,0.0,0.33637700582426894,-0.33637700582426894,2
SKS02,SKS03,EQM_6,1,0.75,240,after_decay,boundary_retained,4,profile_nrmse,0.09869650593648205,0.15811906289631114,-0.05942255695982908,2
SKS02,SKS03,EQM_6,1,0.75,240,after_decay,original,2,peak_depth_error,0.42857142857142855,0.1428571428571429,0.28571428571428564,2
SKS02,SKS03,EQM_6,1,0.75,240,after_decay,original,2,peak_load_error,0.336331895792526,0.37420966620198026,-0.03787777040945428,2
SKS02,SKS03,EQM_6,1,0.75,240,after_decay,original,2,profile_nrmse,0.18234687992171572,0.1701887543148719,0.012158125606843817,2
SKS02,SKS03,EQM_6,1,0.75,240,after_decay,original,3,peak_depth_error,0.42857142857142855,0.35714285714285715,0.0714285714285714,2
SKS02,SKS03,EQM_6,1,0.75,240,after_decay,original,3,peak_load_error,0.35658031008623425,0.33637700582426894,0.020203304261965316,2
SKS02,SKS03,EQM_6,1,0.75,240,after_decay,original,3,profile_nrmse,0.15762638216689467,0.15817991717202856,-0.0005535350051338941,2
SKS02,SKS03,EQM_6,1,0.75,240,after_decay,original,4,peak_depth_error,0.0,0.35714285714285715,-0.35714285714285715,2
SKS02,SKS03,EQM_6,1,0.75,240,after_decay,original,4,peak_load_error,0.0,0.33637700582426894,-0.33637700582426894,2
SKS02,SKS03,EQM_6,1,0.75,240,after_decay,original,4,profile_nrmse,0.09869650593648205,0.15811906289631114,-0.05942255695982908,2
SKS02,SKS03,EQM_6,1,0.75,240,before_decay,boundary_retained,2,peak_depth_error,0.7142857142857142,0.2857142857142857,0.4285714285714285,2
SKS02,SKS03,EQM_6,1,0.75,240,before_decay,boundary_retained,2,peak_load_error,0.3061398047254724,0.3993795686523882,-0.09323976392691584,2
SKS02,SKS03,EQM_6,1,0.75,240,before_decay,boundary_retained,2,profile_nrmse,0.19199740587904815,0.20971379840687265,-0.017716392527824518,2
SKS02,SKS03,EQM_6,1,0.75,240,before_decay,boundary_retained,3,peak_depth_error,0.7142857142857142,0.5714285714285714,0.1428571428571428,2
SKS02,SKS03,EQM_6,1,0.75,240,before_decay,boundary_retained,3,peak_load_error,0.3061398047254724,0.3028627030300798,0.003277101695392595,2
SKS02,SKS03,EQM_6,1,0.75,240,before_decay,boundary_retained,3,profile_nrmse,0.18518500476696317,0.1943060023566348,-0.009120997589671623,2
SKS02,SKS03,EQM_6,1,0.75,240,before_decay,boundary_retained,4,peak_depth_error,0.0,0.5714285714285714,-0.5714285714285714,2
SKS02,SKS03,EQM_6,1,0.75,240,before_decay,boundary_retained,4,peak_load_error,0.0,0.3028627030300798,-0.3028627030300798,2
SKS02,SKS03,EQM_6,1,0.75,240,before_decay,boundary_retained,4,profile_nrmse,0.1301135456041358,0.19179742161218444,-0.06168387600804863,2
SKS02,SKS03,EQM_6,1,0.75,240,before_decay,original,2,peak_depth_error,0.7142857142857142,0.2857142857142857,0.4285714285714285,2
SKS02,SKS03,EQM_6,1,0.75,240,before_decay,original,2,peak_load_error,0.29284640835210685,0.3993795686523882,-0.10653316030028141,2
SKS02,SKS03,EQM_6,1,0.75,240,before_decay,original,2,profile_nrmse,0.21617060802946048,0.20971379840687265,0.006456809622587795,2
SKS02,SKS03,EQM_6,1,0.75,240,before_decay,original,3,peak_depth_error,0.7142857142857142,0.5714285714285714,0.1428571428571428,2
SKS02,SKS03,EQM_6,1,0.75,240,before_decay,original,3,peak_load_error,0.3061398047254724,0.3028627030300798,0.003277101695392595,2
SKS02,SKS03,EQM_6,1,0.75,240,before_decay,original,3,profile_nrmse,0.18518500476696317,0.1943060023566348,-0.009120997589671623,2
SKS02,SKS03,EQM_6,1,0.75,240,before_decay,original,4,peak_depth_error,0.0,0.5714285714285714,-0.5714285714285714,2
SKS02,SKS03,EQM_6,1,0.75,240,before_decay,original,4,peak_load_error,0.0,0.3028627030300798,-0.3028627030300798,2
SKS02,SKS03,EQM_6,1,0.75,240,before_decay,original,4,profile_nrmse,0.1301135456041358,0.19179742161218444,-0.06168387600804863,2
SKS02,SKS03,EQM_6,1,0.75,240,shaking,boundary_retained,2,peak_depth_error,0.7142857142857142,0.2857142857142857,0.4285714285714285,2
SKS02,SKS03,EQM_6,1,0.75,240,shaking,boundary_retained,2,peak_load_error,0.2848291726483184,0.3947377292166784,-0.10990855656835995,2
SKS02,SKS03,EQM_6,1,0.75,240,shaking,boundary_retained,2,profile_nrmse,0.20132266467926552,0.2171520106661955,-0.01582934598692999,2
SKS02,SKS03,EQM_6,1,0.75,240,shaking,boundary_retained,3,peak_depth_error,0.7142857142857142,0.5714285714285714,0.1428571428571428,2
SKS02,SKS03,EQM_6,1,0.75,240,shaking,boundary_retained,3,peak_load_error,0.2848291726483184,0.29213662818395375,-0.007307455535635304,2
SKS02,SKS03,EQM_6,1,0.75,240,shaking,boundary_retained,3,profile_nrmse,0.1933793431844732,0.19839858716187445,-0.005019243977401264,2
SKS02,SKS03,EQM_6,1,0.75,240,shaking,boundary_retained,4,peak_depth_error,0.0,0.5714285714285714,-0.5714285714285714,2
SKS02,SKS03,EQM_6,1,0.75,240,shaking,boundary_retained,4,peak_load_error,0.0,0.29213662818395375,-0.29213662818395375,2
SKS02,SKS03,EQM_6,1,0.75,240,shaking,boundary_retained,4,profile_nrmse,0.1303307868252599,0.19585582528794787,-0.06552503846268798,2
SKS02,SKS03,EQM_6,1,0.75,240,shaking,original,2,peak_depth_error,0.7142857142857142,0.2857142857142857,0.4285714285714285,2
SKS02,SKS03,EQM_6,1,0.75,240,shaking,original,2,peak_load_error,0.2848291726483184,0.3947377292166784,-0.10990855656835995,2
SKS02,SKS03,EQM_6,1,0.75,240,shaking,original,2,profile_nrmse,0.2205508668659787,0.2171520106661955,0.003398856199783168,2
SKS02,SKS03,EQM_6,1,0.75,240,shaking,original,3,peak_depth_error,0.7142857142857142,0.5714285714285714,0.1428571428571428,2
SKS02,SKS03,EQM_6,1,0.75,240,shaking,original,3,peak_load_error,0.2848291726483184,0.29213662818395375,-0.007307455535635304,2
SKS02,SKS03,EQM_6,1,0.75,240,shaking,original,3,profile_nrmse,0.1933793431844732,0.19839858716187445,-0.005019243977401264,2
SKS02,SKS03,EQM_6,1,0.75,240,shaking,original,4,peak_depth_error,0.0,0.5714285714285714,-0.5714285714285714,2
SKS02,SKS03,EQM_6,1,0.75,240,shaking,original,4,peak_load_error,0.0,0.29213662818395375,-0.29213662818395375,2
SKS02,SKS03,EQM_6,1,0.75,240,shaking,original,4,profile_nrmse,0.1303307868252599,0.19585582528794787,-0.06552503846268798,2
SKS03,SKS02,EQM_1,0,0.25,120,after_decay,boundary_retained,2,peak_depth_error,0.42857142857142855,0.14285714285714282,0.2857142857142857,2
SKS03,SKS02,EQM_1,0,0.25,120,after_decay,boundary_retained,2,peak_load_error,0.1939972841755542,0.09179910879098413,0.10219817538457007,2
SKS03,SKS02,EQM_1,0,0.25,120,after_decay,boundary_retained,2,profile_nrmse,0.12506030231968168,0.23045200269511035,-0.10539170037542865,2
SKS03,SKS02,EQM_1,0,0.25,120,after_decay,boundary_retained,3,peak_depth_error,0.14285714285714282,0.07142857142857142,0.0714285714285714,2
SKS03,SKS02,EQM_1,0,0.25,120,after_decay,boundary_retained,3,peak_load_error,0.08722270525929048,0.0737810031117381,0.013441702147552373,2
SKS03,SKS02,EQM_1,0,0.25,120,after_decay,boundary_retained,3,profile_nrmse,0.07014137349078109,0.1409755072100757,-0.07083413371929462,2
SKS03,SKS02,EQM_1,0,0.25,120,after_decay,boundary_retained,4,peak_depth_error,0.14285714285714285,0.07142857142857142,0.07142857142857142,2
SKS03,SKS02,EQM_1,0,0.25,120,after_decay,boundary_retained,4,peak_load_error,0.09726731288602285,0.0270348391915626,0.07023247369446024,2
SKS03,SKS02,EQM_1,0,0.25,120,after_decay,boundary_retained,4,profile_nrmse,0.07396403791000483,0.1273546782284704,-0.05339064031846558,2
SKS03,SKS02,EQM_1,0,0.25,120,after_decay,original,2,peak_depth_error,0.14285714285714282,0.14285714285714282,0.0,2
SKS03,SKS02,EQM_1,0,0.25,120,after_decay,original,2,peak_load_error,0.08722270525929048,0.09179910879098413,-0.004576403531693651,2
SKS03,SKS02,EQM_1,0,0.25,120,after_decay,original,2,profile_nrmse,0.1352506145163821,0.23045200269511035,-0.09520138817872824,2
SKS03,SKS02,EQM_1,0,0.25,120,after_decay,original,3,peak_depth_error,0.14285714285714285,0.07142857142857142,0.07142857142857142,2
SKS03,SKS02,EQM_1,0,0.25,120,after_decay,original,3,peak_load_error,0.09726731288602285,0.0737810031117381,0.023486309774284744,2
SKS03,SKS02,EQM_1,0,0.25,120,after_decay,original,3,profile_nrmse,0.1017571468364674,0.1409755072100757,-0.039218360373608305,2
SKS03,SKS02,EQM_1,0,0.25,120,after_decay,original,4,peak_depth_error,0.14285714285714285,0.07142857142857142,0.07142857142857142,2
SKS03,SKS02,EQM_1,0,0.25,120,after_decay,original,4,peak_load_error,0.09726731288602285,0.0270348391915626,0.07023247369446024,2
SKS03,SKS02,EQM_1,0,0.25,120,after_decay,original,4,profile_nrmse,0.07396403791000483,0.1273546782284704,-0.05339064031846558,2
SKS03,SKS02,EQM_1,0,0.25,120,before_decay,boundary_retained,2,peak_depth_error,0.42857142857142855,0.14285714285714282,0.2857142857142857,2
SKS03,SKS02,EQM_1,0,0.25,120,before_decay,boundary_retained,2,peak_load_error,0.17666967767615885,0.08338861824841501,0.09328105942774384,2
SKS03,SKS02,EQM_1,0,0.25,120,before_decay,boundary_retained,2,profile_nrmse,0.12405524928498604,0.23001629818725935,-0.10596104890227331,2
SKS03,SKS02,EQM_1,0,0.25,120,before_decay,boundary_retained,3,peak_depth_error,0.14285714285714282,0.07142857142857142,0.0714285714285714,2
SKS03,SKS02,EQM_1,0,0.25,120,before_decay,boundary_retained,3,peak_load_error,0.06463445766899908,0.07590292697136354,-0.011268469302364456,2
SKS03,SKS02,EQM_1,0,0.25,120,before_decay,boundary_retained,3,profile_nrmse,0.06598942819050754,0.1411849907119177,-0.07519556252141016,2
SKS03,SKS02,EQM_1,0,0.25,120,before_decay,boundary_retained,4,peak_depth_error,0.14285714285714285,0.07142857142857142,0.07142857142857142,2
SKS03,SKS02,EQM_1,0,0.25,120,before_decay,boundary_retained,4,peak_load_error,0.09806312238133934,0.03647494220069411,0.06158818018064523,2
SKS03,SKS02,EQM_1,0,0.25,120,before_decay,boundary_retained,4,profile_nrmse,0.06891658879584639,0.1277436290753365,-0.05882704027949012,2
SKS03,SKS02,EQM_1,0,0.25,120,before_decay,original,2,peak_depth_error,0.14285714285714282,0.14285714285714282,0.0,2
SKS03,SKS02,EQM_1,0,0.25,120,before_decay,original,2,peak_load_error,0.06463445766899908,0.08338861824841501,-0.01875416057941593,2
SKS03,SKS02,EQM_1,0,0.25,120,before_decay,original,2,profile_nrmse,0.13114658334581236,0.23001629818725935,-0.09886971484144699,2
SKS03,SKS02,EQM_1,0,0.25,120,before_decay,original,3,peak_depth_error,0.14285714285714285,0.07142857142857142,0.07142857142857142,2
SKS03,SKS02,EQM_1,0,0.25,120,before_decay,original,3,peak_load_error,0.09806312238133934,0.07590292697136354,0.022160195409975797,2
SKS03,SKS02,EQM_1,0,0.25,120,before_decay,original,3,profile_nrmse,0.0993897644809553,0.1411849907119177,-0.041795226230962414,2
SKS03,SKS02,EQM_1,0,0.25,120,before_decay,original,4,peak_depth_error,0.14285714285714285,0.07142857142857142,0.07142857142857142,2
SKS03,SKS02,EQM_1,0,0.25,120,before_decay,original,4,peak_load_error,0.09806312238133934,0.03647494220069411,0.06158818018064523,2
SKS03,SKS02,EQM_1,0,0.25,120,before_decay,original,4,profile_nrmse,0.06891658879584639,0.1277436290753365,-0.05882704027949012,2
SKS03,SKS02,EQM_1,0,0.25,120,shaking,boundary_retained,2,peak_depth_error,0.5,0.14285714285714282,0.35714285714285715,2
SKS03,SKS02,EQM_1,0,0.25,120,shaking,boundary_retained,2,peak_load_error,0.26566040377952704,0.09115757294374746,0.17450283083577955,2
SKS03,SKS02,EQM_1,0,0.25,120,shaking,boundary_retained,2,profile_nrmse,0.1598840445755406,0.23663890573352153,-0.07675486115798094,2
SKS03,SKS02,EQM_1,0,0.25,120,shaking,boundary_retained,3,peak_depth_error,0.21428571428571425,0.14285714285714285,0.0714285714285714,2
SKS03,SKS02,EQM_1,0,0.25,120,shaking,boundary_retained,3,peak_load_error,0.09152323778788546,0.1204189991577151,-0.028895761369829645,2
SKS03,SKS02,EQM_1,0,0.25,120,shaking,boundary_retained,3,profile_nrmse,0.07762086900771678,0.15838952681890295,-0.08076865781118618,2
SKS03,SKS02,EQM_1,0,0.25,120,shaking,boundary_retained,4,peak_depth_error,0.21428571428571427,0.07142857142857142,0.14285714285714285,2
SKS03,SKS02,EQM_1,0,0.25,120,shaking,boundary_retained,4,peak_load_error,0.14679802802534428,0.039245710526346636,0.10755231749899764,2
SKS03,SKS02,EQM_1,0,0.25,120,shaking,boundary_retained,4,profile_nrmse,0.09299515874451436,0.13336374538619122,-0.04036858664167687,2
SKS03,SKS02,EQM_1,0,0.25,120,shaking,original,2,peak_depth_error,0.21428571428571425,0.14285714285714282,0.07142857142857142,2
SKS03,SKS02,EQM_1,0,0.25,120,shaking,original,2,peak_load_error,0.09152323778788546,0.09115757294374746,0.00036566484413801115,2
SKS03,SKS02,EQM_1,0,0.25,120,shaking,original,2,profile_nrmse,0.1597931315876639,0.23663890573352153,-0.07684577414585762,2
SKS03,SKS02,EQM_1,0,0.25,120,shaking,original,3,peak_depth_error,0.21428571428571427,0.14285714285714285,0.07142857142857142,2
SKS03,SKS02,EQM_1,0,0.25,120,shaking,original,3,peak_load_error,0.14679802802534428,0.1204189991577151,0.026379028867629176,2
SKS03,SKS02,EQM_1,0,0.25,120,shaking,original,3,profile_nrmse,0.11941062060822144,0.15838952681890295,-0.03897890621068152,2
SKS03,SKS02,EQM_1,0,0.25,120,shaking,original,4,peak_depth_error,0.21428571428571427,0.07142857142857142,0.14285714285714285,2
SKS03,SKS02,EQM_1,0,0.25,120,shaking,original,4,peak_load_error,0.14679802802534428,0.039245710526346636,0.10755231749899764,2
SKS03,SKS02,EQM_1,0,0.25,120,shaking,original,4,profile_nrmse,0.09299515874451436,0.13336374538619122,-0.04036858664167687,2
SKS03,SKS02,EQM_1,0,0.25,240,after_decay,boundary_retained,2,peak_depth_error,0.42857142857142855,0.14285714285714282,0.2857142857142857,2
SKS03,SKS02,EQM_1,0,0.25,240,after_decay,boundary_retained,2,peak_load_error,0.1940078501615095,0.09177526925078781,0.10223258091072168,2
SKS03,SKS02,EQM_1,0,0.25,240,after_decay,boundary_retained,2,profile_nrmse,0.12504113071787287,0.23045307434361728,-0.10541194362574441,2
SKS03,SKS02,EQM_1,0,0.25,240,after_decay,boundary_retained,3,peak_depth_error,0.14285714285714282,0.07142857142857142,0.0714285714285714,2
SKS03,SKS02,EQM_1,0,0.25,240,after_decay,boundary_retained,3,peak_load_error,0.0872265356008515,0.07380069692985029,0.013425838671001208,2
SKS03,SKS02,EQM_1,0,0.25,240,after_decay,boundary_retained,3,profile_nrmse,0.0701353329378849,0.14097567386386525,-0.07084034092598035,2
SKS03,SKS02,EQM_1,0,0.25,240,after_decay,boundary_retained,4,peak_depth_error,0.14285714285714285,0.07142857142857142,0.07142857142857142,2
SKS03,SKS02,EQM_1,0,0.25,240,after_decay,boundary_retained,4,peak_load_error,0.09726975538098416,0.027028948430362142,0.07024080695062201,2
SKS03,SKS02,EQM_1,0,0.25,240,after_decay,boundary_retained,4,profile_nrmse,0.0739490374751293,0.12733510187067162,-0.05338606439554231,2
SKS03,SKS02,EQM_1,0,0.25,240,after_decay,original,2,peak_depth_error,0.14285714285714282,0.14285714285714282,0.0,2
SKS03,SKS02,EQM_1,0,0.25,240,after_decay,original,2,peak_load_error,0.0872265356008515,0.09177526925078781,-0.004548733649936309,2
SKS03,SKS02,EQM_1,0,0.25,240,after_decay,original,2,profile_nrmse,0.135249842436116,0.23045307434361728,-0.09520323190750127,2
SKS03,SKS02,EQM_1,0,0.25,240,after_decay,original,3,peak_depth_error,0.14285714285714285,0.07142857142857142,0.07142857142857142,2
SKS03,SKS02,EQM_1,0,0.25,240,after_decay,original,3,peak_load_error,0.09726975538098416,0.07380069692985029,0.023469058451133867,2
SKS03,SKS02,EQM_1,0,0.25,240,after_decay,original,3,profile_nrmse,0.10174517681240382,0.14097567386386525,-0.039230497051461435,2
SKS03,SKS02,EQM_1,0,0.25,240,after_decay,original,4,peak_depth_error,0.14285714285714285,0.07142857142857142,0.07142857142857142,2
SKS03,SKS02,EQM_1,0,0.25,240,after_decay,original,4,peak_load_error,0.09726975538098416,0.027028948430362142,0.07024080695062201,2
SKS03,SKS02,EQM_1,0,0.25,240,after_decay,original,4,profile_nrmse,0.0739490374751293,0.12733510187067162,-0.05338606439554231,2
SKS03,SKS02,EQM_1,0,0.25,240,before_decay,boundary_retained,2,peak_depth_error,0.42857142857142855,0.14285714285714282,0.2857142857142857,2
SKS03,SKS02,EQM_1,0,0.25,240,before_decay,boundary_retained,2,peak_load_error,0.17639344786550132,0.08337547453193533,0.09301797333356601,2
SKS03,SKS02,EQM_1,0,0.25,240,before_decay,boundary_retained,2,profile_nrmse,0.12391286812189048,0.23033312748539092,-0.10642025936350043,2
SKS03,SKS02,EQM_1,0,0.25,240,before_decay,boundary_retained,3,peak_depth_error,0.14285714285714282,0.07142857142857142,0.0714285714285714,2
SKS03,SKS02,EQM_1,0,0.25,240,before_decay,boundary_retained,3,peak_load_error,0.06444813418134743,0.07537963293932032,-0.01093149875797289,2
SKS03,SKS02,EQM_1,0,0.25,240,before_decay,boundary_retained,3,profile_nrmse,0.06581872319740942,0.1413728510764602,-0.07555412787905078,2
SKS03,SKS02,EQM_1,0,0.25,240,before_decay,boundary_retained,4,peak_depth_error,0.14285714285714285,0.07142857142857142,0.07142857142857142,2
SKS03,SKS02,EQM_1,0,0.25,240,before_decay,boundary_retained,4,peak_load_error,0.09815452786234609,0.03641439778495618,0.06174013007738991,2
SKS03,SKS02,EQM_1,0,0.25,240,before_decay,boundary_retained,4,profile_nrmse,0.06878335144242205,0.1276275114363785,-0.058844159993956445,2
SKS03,SKS02,EQM_1,0,0.25,240,before_decay,original,2,peak_depth_error,0.14285714285714282,0.14285714285714282,0.0,2
SKS03,SKS02,EQM_1,0,0.25,240,before_decay,original,2,peak_load_error,0.06444813418134743,0.08337547453193533,-0.0189273403505879,2
SKS03,SKS02,EQM_1,0,0.25,240,before_decay,original,2,profile_nrmse,0.13084505012937492,0.23033312748539092,-0.09948807735601597,2
SKS03,SKS02,EQM_1,0,0.25,240,before_decay,original,3,peak_depth_error,0.14285714285714285,0.07142857142857142,0.07142857142857142,2
SKS03,SKS02,EQM_1,0,0.25,240,before_decay,original,3,peak_load_error,0.09815452786234609,0.07537963293932032,0.02277489492302577,2
SKS03,SKS02,EQM_1,0,0.25,240,before_decay,original,3,profile_nrmse,0.09942638437219854,0.1413728510764602,-0.04194646670426165,2
SKS03,SKS02,EQM_1,0,0.25,240,before_decay,original,4,peak_depth_error,0.14285714285714285,0.07142857142857142,0.07142857142857142,2
SKS03,SKS02,EQM_1,0,0.25,240,before_decay,original,4,peak_load_error,0.09815452786234609,0.03641439778495618,0.06174013007738991,2
SKS03,SKS02,EQM_1,0,0.25,240,before_decay,original,4,profile_nrmse,0.06878335144242205,0.1276275114363785,-0.058844159993956445,2
SKS03,SKS02,EQM_1,0,0.25,240,shaking,boundary_retained,2,peak_depth_error,0.5,0.14285714285714282,0.35714285714285715,2
SKS03,SKS02,EQM_1,0,0.25,240,shaking,boundary_retained,2,peak_load_error,0.2622162776094709,0.0899521728897253,0.17226410471974563,2
SKS03,SKS02,EQM_1,0,0.25,240,shaking,boundary_retained,2,profile_nrmse,0.16008999184552652,0.23792492943853086,-0.07783493759300432,2
SKS03,SKS02,EQM_1,0,0.25,240,shaking,boundary_retained,3,peak_depth_error,0.21428571428571425,0.14285714285714285,0.0714285714285714,2
SKS03,SKS02,EQM_1,0,0.25,240,shaking,boundary_retained,3,peak_load_error,0.091130738164432,0.12012027434617191,-0.02898953618173991,2
SKS03,SKS02,EQM_1,0,0.25,240,shaking,boundary_retained,3,profile_nrmse,0.07744933377272532,0.15876262086936055,-0.08131328709663523,2
SKS03,SKS02,EQM_1,0,0.25,240,shaking,boundary_retained,4,peak_depth_error,0.21428571428571427,0.07142857142857142,0.14285714285714285,2
SKS03,SKS02,EQM_1,0,0.25,240,shaking,boundary_retained,4,peak_load_error,0.14749993887877544,0.038067894213349544,0.10943204466542589,2
SKS03,SKS02,EQM_1,0,0.25,240,shaking,boundary_retained,4,profile_nrmse,0.09280298715905604,0.13362404318592208,-0.04082105602686604,2
SKS03,SKS02,EQM_1,0,0.25,240,shaking,original,2,peak_depth_error,0.21428571428571425,0.14285714285714282,0.07142857142857142,2
SKS03,SKS02,EQM_1,0,0.25,240,shaking,original,2,peak_load_error,0.091130738164432,0.0899521728897253,0.0011785652747066978,2
SKS03,SKS02,EQM_1,0,0.25,240,shaking,original,2,profile_nrmse,0.16085202057151435,0.23792492943853086,-0.07707290886701651,2
SKS03,SKS02,EQM_1,0,0.25,240,shaking,original,3,peak_depth_error,0.21428571428571427,0.14285714285714285,0.07142857142857142,2
SKS03,SKS02,EQM_1,0,0.25,240,shaking,original,3,peak_load_error,0.14749993887877544,0.12012027434617191,0.02737966453260353,2
SKS03,SKS02,EQM_1,0,0.25,240,shaking,original,3,profile_nrmse,0.11975837475022261,0.15876262086936055,-0.03900424611913794,2
SKS03,SKS02,EQM_1,0,0.25,240,shaking,original,4,peak_depth_error,0.21428571428571427,0.07142857142857142,0.14285714285714285,2
SKS03,SKS02,EQM_1,0,0.25,240,shaking,original,4,peak_load_error,0.14749993887877544,0.038067894213349544,0.10943204466542589,2
SKS03,SKS02,EQM_1,0,0.25,240,shaking,original,4,profile_nrmse,0.09280298715905604,0.13362404318592208,-0.04082105602686604,2
SKS03,SKS02,EQM_1,0,0.5,120,after_decay,boundary_retained,2,peak_depth_error,0.42857142857142855,0.14285714285714282,0.2857142857142857,2
SKS03,SKS02,EQM_1,0,0.5,120,after_decay,boundary_retained,2,peak_load_error,0.1940878316514193,0.09184577058903386,0.10224206106238543,2
SKS03,SKS02,EQM_1,0,0.5,120,after_decay,boundary_retained,2,profile_nrmse,0.1250752214649275,0.23046126013390655,-0.10538603866897904,2
SKS03,SKS02,EQM_1,0,0.5,120,after_decay,boundary_retained,3,peak_depth_error,0.14285714285714282,0.07142857142857142,0.0714285714285714,2
SKS03,SKS02,EQM_1,0,0.5,120,after_decay,boundary_retained,3,peak_load_error,0.08724399980520954,0.07378290139542587,0.01346109840978367,2
SKS03,SKS02,EQM_1,0,0.5,120,after_decay,boundary_retained,3,profile_nrmse,0.07013802297373876,0.14098755648912306,-0.0708495335153843,2
SKS03,SKS02,EQM_1,0,0.5,120,after_decay,boundary_retained,4,peak_depth_error,0.14285714285714285,0.07142857142857142,0.07142857142857142,2
SKS03,SKS02,EQM_1,0,0.5,120,after_decay,boundary_retained,4,peak_load_error,0.09729962131685087,0.027129824745587606,0.07016979657126327,2
SKS03,SKS02,EQM_1,0,0.5,120,after_decay,boundary_retained,4,profile_nrmse,0.07407928024424704,0.12734335289486656,-0.053264072650619526,2
SKS03,SKS02,EQM_1,0,0.5,120,after_decay,original,2,peak_depth_error,0.14285714285714282,0.14285714285714282,0.0,2
SKS03,SKS02,EQM_1,0,0.5,120,after_decay,original,2,peak_load_error,0.08724399980520954,0.09184577058903386,-0.0046017707838243195,2
SKS03,SKS02,EQM_1,0,0.5,120,after_decay,original,2,profile_nrmse,0.13533974362173498,0.23046126013390655,-0.09512151651217156,2
SKS03,SKS02,EQM_1,0,0.5,120,after_decay,original,3,peak_depth_error,0.14285714285714285,0.07142857142857142,0.07142857142857142,2
SKS03,SKS02,EQM_1,0,0.5,120,after_decay,original,3,peak_load_error,0.09729962131685087,0.07378290139542587,0.023516719921424997,2
SKS03,SKS02,EQM_1,0,0.5,120,after_decay,original,3,profile_nrmse,0.10180098217331311,0.14098755648912306,-0.03918657431580995,2
SKS03,SKS02,EQM_1,0,0.5,120,after_decay,original,4,peak_depth_error,0.14285714285714285,0.07142857142857142,0.07142857142857142,2
SKS03,SKS02,EQM_1,0,0.5,120,after_decay,original,4,peak_load_error,0.09729962131685087,0.027129824745587606,0.07016979657126327,2
SKS03,SKS02,EQM_1,0,0.5,120,after_decay,original,4,profile_nrmse,0.07407928024424704,0.12734335289486656,-0.053264072650619526,2
SKS03,SKS02,EQM_1,0,0.5,120,before_decay,boundary_retained,2,peak_depth_error,0.42857142857142855,0.14285714285714282,0.2857142857142857,2
SKS03,SKS02,EQM_1,0,0.5,120,before_decay,boundary_retained,2,peak_load_error,0.17373403503714216,0.08364143229036873,0.09009260274677343,2
SKS03,SKS02,EQM_1,0,0.5,120,before_decay,boundary_retained,2,profile_nrmse,0.1230313538057608,0.23083761655008855,-0.10780626274432777,2
SKS03,SKS02,EQM_1,0,0.5,120,before_decay,boundary_retained,3,peak_depth_error,0.14285714285714282,0.07142857142857142,0.0714285714285714,2
SKS03,SKS02,EQM_1,0,0.5,120,before_decay,boundary_retained,3,peak_load_error,0.06235669154418858,0.07575667177517868,-0.013399980230990101,2
SKS03,SKS02,EQM_1,0,0.5,120,before_decay,boundary_retained,3,profile_nrmse,0.065416299554397,0.14168942366123935,-0.07627312410684234,2
SKS03,SKS02,EQM_1,0,0.5,120,before_decay,boundary_retained,4,peak_depth_error,0.14285714285714285,0.07142857142857142,0.07142857142857142,2
SKS03,SKS02,EQM_1,0,0.5,120,before_decay,boundary_retained,4,peak_load_error,0.09806211709025425,0.03735310078923363,0.06070901630102062,2
SKS03,SKS02,EQM_1,0,0.5,120,before_decay,boundary_retained,4,profile_nrmse,0.06859695093086442,0.1284119816252601,-0.05981503069439568,2
SKS03,SKS02,EQM_1,0,0.5,120,before_decay,original,2,peak_depth_error,0.14285714285714282,0.14285714285714282,0.0,2
SKS03,SKS02,EQM_1,0,0.5,120,before_decay,original,2,peak_load_error,0.06235669154418858,0.08364143229036873,-0.02128474074618015,2
SKS03,SKS02,EQM_1,0,0.5,120,before_decay,original,2,profile_nrmse,0.13057367046666712,0.23083761655008855,-0.10026394608342143,2
SKS03,SKS02,EQM_1,0,0.5,120,before_decay,original,3,peak_depth_error,0.14285714285714285,0.07142857142857142,0.07142857142857142,2
SKS03,SKS02,EQM_1,0,0.5,120,before_decay,original,3,peak_load_error,0.09806211709025425,0.07575667177517868,0.02230544531507557,2
SKS03,SKS02,EQM_1,0,0.5,120,before_decay,original,3,profile_nrmse,0.09911992957332791,0.14168942366123935,-0.04256949408791145,2
SKS03,SKS02,EQM_1,0,0.5,120,before_decay,original,4,peak_depth_error,0.14285714285714285,0.07142857142857142,0.07142857142857142,2
SKS03,SKS02,EQM_1,0,0.5,120,before_decay,original,4,peak_load_error,0.09806211709025425,0.03735310078923363,0.06070901630102062,2
SKS03,SKS02,EQM_1,0,0.5,120,before_decay,original,4,profile_nrmse,0.06859695093086442,0.1284119816252601,-0.05981503069439568,2
SKS03,SKS02,EQM_1,0,0.5,120,shaking,boundary_retained,2,peak_depth_error,0.5,0.14285714285714282,0.35714285714285715,2
SKS03,SKS02,EQM_1,0,0.5,120,shaking,boundary_retained,2,peak_load_error,0.26566040377952704,0.09115757294374746,0.17450283083577955,2
SKS03,SKS02,EQM_1,0,0.5,120,shaking,boundary_retained,2,profile_nrmse,0.1598840445755406,0.23663890573352153,-0.07675486115798094,2
SKS03,SKS02,EQM_1,0,0.5,120,shaking,boundary_retained,3,peak_depth_error,0.21428571428571425,0.14285714285714285,0.0714285714285714,2
SKS03,SKS02,EQM_1,0,0.5,120,shaking,boundary_retained,3,peak_load_error,0.09152323778788546,0.1204189991577151,-0.028895761369829645,2
SKS03,SKS02,EQM_1,0,0.5,120,shaking,boundary_retained,3,profile_nrmse,0.07762086900771678,0.15838952681890295,-0.08076865781118618,2
SKS03,SKS02,EQM_1,0,0.5,120,shaking,boundary_retained,4,peak_depth_error,0.21428571428571427,0.07142857142857142,0.14285714285714285,2
SKS03,SKS02,EQM_1,0,0.5,120,shaking,boundary_retained,4,peak_load_error,0.14679802802534428,0.039245710526346636,0.10755231749899764,2
SKS03,SKS02,EQM_1,0,0.5,120,shaking,boundary_retained,4,profile_nrmse,0.09299515874451436,0.13336374538619122,-0.04036858664167687,2
SKS03,SKS02,EQM_1,0,0.5,120,shaking,original,2,peak_depth_error,0.21428571428571425,0.14285714285714282,0.07142857142857142,2
SKS03,SKS02,EQM_1,0,0.5,120,shaking,original,2,peak_load_error,0.09152323778788546,0.09115757294374746,0.00036566484413801115,2
SKS03,SKS02,EQM_1,0,0.5,120,shaking,original,2,profile_nrmse,0.1597931315876639,0.23663890573352153,-0.07684577414585762,2
SKS03,SKS02,EQM_1,0,0.5,120,shaking,original,3,peak_depth_error,0.21428571428571427,0.14285714285714285,0.07142857142857142,2
SKS03,SKS02,EQM_1,0,0.5,120,shaking,original,3,peak_load_error,0.14679802802534428,0.1204189991577151,0.026379028867629176,2
SKS03,SKS02,EQM_1,0,0.5,120,shaking,original,3,profile_nrmse,0.11941062060822144,0.15838952681890295,-0.03897890621068152,2
SKS03,SKS02,EQM_1,0,0.5,120,shaking,original,4,peak_depth_error,0.21428571428571427,0.07142857142857142,0.14285714285714285,2
SKS03,SKS02,EQM_1,0,0.5,120,shaking,original,4,peak_load_error,0.14679802802534428,0.039245710526346636,0.10755231749899764,2
SKS03,SKS02,EQM_1,0,0.5,120,shaking,original,4,profile_nrmse,0.09299515874451436,0.13336374538619122,-0.04036858664167687,2
SKS03,SKS02,EQM_1,0,0.5,240,after_decay,boundary_retained,2,peak_depth_error,0.42857142857142855,0.14285714285714282,0.2857142857142857,2
SKS03,SKS02,EQM_1,0,0.5,240,after_decay,boundary_retained,2,peak_load_error,0.19405986093856917,0.0918126768415235,0.10224718409704565,2
SKS03,SKS02,EQM_1,0,0.5,240,after_decay,boundary_retained,2,profile_nrmse,0.12503421049900604,0.2305243679492215,-0.10549015745021546,2
SKS03,SKS02,EQM_1,0,0.5,240,after_decay,boundary_retained,3,peak_depth_error,0.14285714285714282,0.07142857142857142,0.0714285714285714,2
SKS03,SKS02,EQM_1,0,0.5,240,after_decay,boundary_retained,3,peak_load_error,0.08723085354424172,0.07377429932014157,0.01345655422410015,2
SKS03,SKS02,EQM_1,0,0.5,240,after_decay,boundary_retained,3,profile_nrmse,0.07013487309190031,0.14099206522154523,-0.07085719212964492,2
SKS03,SKS02,EQM_1,0,0.5,240,after_decay,boundary_retained,4,peak_depth_error,0.14285714285714285,0.07142857142857142,0.07142857142857142,2
SKS03,SKS02,EQM_1,0,0.5,240,after_decay,boundary_retained,4,peak_load_error,0.09729209224862599,0.02706726022661219,0.0702248320220138,2
SKS03,SKS02,EQM_1,0,0.5,240,after_decay,boundary_retained,4,profile_nrmse,0.07406279122191403,0.1273805887784969,-0.05331779755658287,2
SKS03,SKS02,EQM_1,0,0.5,240,after_decay,original,2,peak_depth_error,0.14285714285714282,0.14285714285714282,0.0,2
SKS03,SKS02,EQM_1,0,0.5,240,after_decay,original,2,peak_load_error,0.08723085354424172,0.0918126768415235,-0.004581823297281788,2
SKS03,SKS02,EQM_1,0,0.5,240,after_decay,original,2,profile_nrmse,0.13533464087561942,0.2305243679492215,-0.09518972707360207,2
SKS03,SKS02,EQM_1,0,0.5,240,after_decay,original,3,peak_depth_error,0.14285714285714285,0.07142857142857142,0.07142857142857142,2
SKS03,SKS02,EQM_1,0,0.5,240,after_decay,original,3,peak_load_error,0.09729209224862599,0.07377429932014157,0.023517792928484424,2
SKS03,SKS02,EQM_1,0,0.5,240,after_decay,original,3,profile_nrmse,0.10181444804743287,0.14099206522154523,-0.03917761717411236,2
SKS03,SKS02,EQM_1,0,0.5,240,after_decay,original,4,peak_depth_error,0.14285714285714285,0.07142857142857142,0.07142857142857142,2
SKS03,SKS02,EQM_1,0,0.5,240,after_decay,original,4,peak_load_error,0.09729209224862599,0.02706726022661219,0.0702248320220138,2
SKS03,SKS02,EQM_1,0,0.5,240,after_decay,original,4,profile_nrmse,0.07406279122191403,0.1273805887784969,-0.05331779755658287,2
SKS03,SKS02,EQM_1,0,0.5,240,before_decay,boundary_retained,2,peak_depth_error,0.42857142857142855,0.14285714285714282,0.2857142857142857,2
SKS03,SKS02,EQM_1,0,0.5,240,before_decay,boundary_retained,2,peak_load_error,0.173623485395261,0.08301716292432448,0.09060632247093653,2
SKS03,SKS02,EQM_1,0,0.5,240,before_decay,boundary_retained,2,profile_nrmse,0.12294770605247371,0.23091342217498098,-0.10796571612250727,2
SKS03,SKS02,EQM_1,0,0.5,240,before_decay,boundary_retained,3,peak_depth_error,0.14285714285714282,0.07142857142857142,0.0714285714285714,2
SKS03,SKS02,EQM_1,0,0.5,240,before_decay,boundary_retained,3,peak_load_error,0.06231061661806898,0.07579198272954724,-0.013481366111478259,2
SKS03,SKS02,EQM_1,0,0.5,240,before_decay,boundary_retained,3,profile_nrmse,0.06541146424735433,0.1418500837707144,-0.07643861952336008,2
SKS03,SKS02,EQM_1,0,0.5,240,before_decay,boundary_retained,4,peak_depth_error,0.14285714285714285,0.07142857142857142,0.07142857142857142,2
SKS03,SKS02,EQM_1,0,0.5,240,before_decay,boundary_retained,4,peak_load_error,0.0979727691847213,0.03675448037683732,0.06121828880788398,2
SKS03,SKS02,EQM_1,0,0.5,240,before_decay,boundary_retained,4,profile_nrmse,0.06875937167140676,0.1284353369287377,-0.05967596525733094,2
SKS03,SKS02,EQM_1,0,0.5,240,before_decay,original,2,peak_depth_error,0.14285714285714282,0.14285714285714282,0.0,2
SKS03,SKS02,EQM_1,0,0.5,240,before_decay,original,2,peak_load_error,0.06231061661806898,0.08301716292432448,-0.020706546306255513,2
SKS03,SKS02,EQM_1,0,0.5,240,before_decay,original,2,profile_nrmse,0.1305347694554181,0.23091342217498098,-0.1003786527195629,2
SKS03,SKS02,EQM_1,0,0.5,240,before_decay,original,3,peak_depth_error,0.14285714285714285,0.07142857142857142,0.07142857142857142,2
SKS03,SKS02,EQM_1,0,0.5,240,before_decay,original,3,peak_load_error,0.0979727691847213,0.07579198272954724,0.02218078645517406,2
SKS03,SKS02,EQM_1,0,0.5,240,before_decay,original,3,profile_nrmse,0.09905601152138979,0.1418500837707144,-0.04279407224932462,2
SKS03,SKS02,EQM_1,0,0.5,240,before_decay,original,4,peak_depth_error,0.14285714285714285,0.07142857142857142,0.07142857142857142,2
SKS03,SKS02,EQM_1,0,0.5,240,before_decay,original,4,peak_load_error,0.0979727691847213,0.03675448037683732,0.06121828880788398,2
SKS03,SKS02,EQM_1,0,0.5,240,before_decay,original,4,profile_nrmse,0.06875937167140676,0.1284353369287377,-0.05967596525733094,2
SKS03,SKS02,EQM_1,0,0.5,240,shaking,boundary_retained,2,peak_depth_error,0.5,0.14285714285714282,0.35714285714285715,2
SKS03,SKS02,EQM_1,0,0.5,240,shaking,boundary_retained,2,peak_load_error,0.2622162776094709,0.0899521728897253,0.17226410471974563,2
SKS03,SKS02,EQM_1,0,0.5,240,shaking,boundary_retained,2,profile_nrmse,0.16008999184552652,0.23792492943853086,-0.07783493759300432,2
SKS03,SKS02,EQM_1,0,0.5,240,shaking,boundary_retained,3,peak_depth_error,0.21428571428571425,0.14285714285714285,0.0714285714285714,2
SKS03,SKS02,EQM_1,0,0.5,240,shaking,boundary_retained,3,peak_load_error,0.091130738164432,0.12012027434617191,-0.02898953618173991,2
SKS03,SKS02,EQM_1,0,0.5,240,shaking,boundary_retained,3,profile_nrmse,0.07744933377272532,0.15876262086936055,-0.08131328709663523,2
SKS03,SKS02,EQM_1,0,0.5,240,shaking,boundary_retained,4,peak_depth_error,0.21428571428571427,0.07142857142857142,0.14285714285714285,2
SKS03,SKS02,EQM_1,0,0.5,240,shaking,boundary_retained,4,peak_load_error,0.14749993887877544,0.038067894213349544,0.10943204466542589,2
SKS03,SKS02,EQM_1,0,0.5,240,shaking,boundary_retained,4,profile_nrmse,0.09280298715905604,0.13362404318592208,-0.04082105602686604,2
SKS03,SKS02,EQM_1,0,0.5,240,shaking,original,2,peak_depth_error,0.21428571428571425,0.14285714285714282,0.07142857142857142,2
SKS03,SKS02,EQM_1,0,0.5,240,shaking,original,2,peak_load_error,0.091130738164432,0.0899521728897253,0.0011785652747066978,2
SKS03,SKS02,EQM_1,0,0.5,240,shaking,original,2,profile_nrmse,0.16085202057151435,0.23792492943853086,-0.07707290886701651,2
SKS03,SKS02,EQM_1,0,0.5,240,shaking,original,3,peak_depth_error,0.21428571428571427,0.14285714285714285,0.07142857142857142,2
SKS03,SKS02,EQM_1,0,0.5,240,shaking,original,3,peak_load_error,0.14749993887877544,0.12012027434617191,0.02737966453260353,2
SKS03,SKS02,EQM_1,0,0.5,240,shaking,original,3,profile_nrmse,0.11975837475022261,0.15876262086936055,-0.03900424611913794,2
SKS03,SKS02,EQM_1,0,0.5,240,shaking,original,4,peak_depth_error,0.21428571428571427,0.07142857142857142,0.14285714285714285,2
SKS03,SKS02,EQM_1,0,0.5,240,shaking,original,4,peak_load_error,0.14749993887877544,0.038067894213349544,0.10943204466542589,2
SKS03,SKS02,EQM_1,0,0.5,240,shaking,original,4,profile_nrmse,0.09280298715905604,0.13362404318592208,-0.04082105602686604,2
SKS03,SKS02,EQM_1,0,0.75,120,after_decay,boundary_retained,2,peak_depth_error,0.42857142857142855,0.14285714285714282,0.2857142857142857,2
SKS03,SKS02,EQM_1,0,0.75,120,after_decay,boundary_retained,2,peak_load_error,0.1940589835538828,0.09188848944812748,0.10217049410575532,2
SKS03,SKS02,EQM_1,0,0.75,120,after_decay,boundary_retained,2,profile_nrmse,0.12505137646761016,0.23049809434841326,-0.10544671788080308,2
SKS03,SKS02,EQM_1,0,0.75,120,after_decay,boundary_retained,3,peak_depth_error,0.14285714285714282,0.07142857142857142,0.0714285714285714,2
SKS03,SKS02,EQM_1,0,0.75,120,after_decay,boundary_retained,3,peak_load_error,0.08723458277245058,0.07376500779814983,0.01346957497430075,2
SKS03,SKS02,EQM_1,0,0.75,120,after_decay,boundary_retained,3,profile_nrmse,0.07013300358505954,0.1409772068964077,-0.07084420331134815,2
SKS03,SKS02,EQM_1,0,0.75,120,after_decay,boundary_retained,4,peak_depth_error,0.14285714285714285,0.07142857142857142,0.07142857142857142,2
SKS03,SKS02,EQM_1,0,0.75,120,after_decay,boundary_retained,4,peak_load_error,0.09728574217852451,0.027123459792406827,0.07016228238611769,2
SKS03,SKS02,EQM_1,0,0.75,120,after_decay,boundary_retained,4,profile_nrmse,0.07416500073364683,0.12743793894026198,-0.05327293820661514,2
SKS03,SKS02,EQM_1,0,0.75,120,after_decay,original,2,peak_depth_error,0.14285714285714282,0.14285714285714282,0.0,2
SKS03,SKS02,EQM_1,0,0.75,120,after_decay,original,2,peak_load_error,0.08723458277245058,0.09188848944812748,-0.004653906675676906,2
SKS03,SKS02,EQM_1,0,0.75,120,after_decay,original,2,profile_nrmse,0.13539370126838998,0.23049809434841326,-0.09510439308002328,2
SKS03,SKS02,EQM_1,0,0.75,120,after_decay,original,3,peak_depth_error,0.14285714285714285,0.07142857142857142,0.07142857142857142,2
SKS03,SKS02,EQM_1,0,0.75,120,after_decay,original,3,peak_load_error,0.09728574217852451,0.07376500779814983,0.023520734380374678,2
SKS03,SKS02,EQM_1,0,0.75,120,after_decay,original,3,profile_nrmse,0.10181203262831123,0.1409772068964077,-0.03916517426809645,2
SKS03,SKS02,EQM_1,0,0.75,120,after_decay,original,4,peak_depth_error,0.14285714285714285,0.07142857142857142,0.07142857142857142,2
SKS03,SKS02,EQM_1,0,0.75,120,after_decay,original,4,peak_load_error,0.09728574217852451,0.027123459792406827,0.07016228238611769,2
SKS03,SKS02,EQM_1,0,0.75,120,after_decay,original,4,profile_nrmse,0.07416500073364683,0.12743793894026198,-0.05327293820661514,2
SKS03,SKS02,EQM_1,0,0.75,120,before_decay,boundary_retained,2,peak_depth_error,0.42857142857142855,0.14285714285714282,0.2857142857142857,2
SKS03,SKS02,EQM_1,0,0.75,120,before_decay,boundary_retained,2,peak_load_error,0.17357494337821375,0.08981415630124799,0.08376078707696576,2
SKS03,SKS02,EQM_1,0,0.75,120,before_decay,boundary_retained,2,profile_nrmse,0.12103370385035495,0.23466250289344048,-0.11362879904308555,2
SKS03,SKS02,EQM_1,0,0.75,120,before_decay,boundary_retained,3,peak_depth_error,0.14285714285714282,0.07142857142857142,0.0714285714285714,2
SKS03,SKS02,EQM_1,0,0.75,120,before_decay,boundary_retained,3,peak_load_error,0.058834997382297846,0.07962252486451248,-0.02078752748221463,2
SKS03,SKS02,EQM_1,0,0.75,120,before_decay,boundary_retained,3,profile_nrmse,0.06435172621194132,0.14443040784416006,-0.08007868163221873,2
SKS03,SKS02,EQM_1,0,0.75,120,before_decay,boundary_retained,4,peak_depth_error,0.14285714285714285,0.07142857142857142,0.07142857142857142,2
SKS03,SKS02,EQM_1,0,0.75,120,before_decay,boundary_retained,4,peak_load_error,0.10235126240956458,0.042907711795440305,0.05944355061412427,2
SKS03,SKS02,EQM_1,0,0.75,120,before_decay,boundary_retained,4,profile_nrmse,0.07259535009377681,0.13055243423159885,-0.05795708413782203,2
SKS03,SKS02,EQM_1,0,0.75,120,before_decay,original,2,peak_depth_error,0.14285714285714282,0.14285714285714282,0.0,2
SKS03,SKS02,EQM_1,0,0.75,120,before_decay,original,2,peak_load_error,0.058834997382297846,0.08981415630124799,-0.030979158918950145,2
SKS03,SKS02,EQM_1,0,0.75,120,before_decay,original,2,profile_nrmse,0.135619026449751,0.23466250289344048,-0.0990434764436895,2
SKS03,SKS02,EQM_1,0,0.75,120,before_decay,original,3,peak_depth_error,0.14285714285714285,0.07142857142857142,0.07142857142857142,2
SKS03,SKS02,EQM_1,0,0.75,120,before_decay,original,3,peak_load_error,0.10235126240956458,0.07962252486451248,0.0227287375450521,2
SKS03,SKS02,EQM_1,0,0.75,120,before_decay,original,3,profile_nrmse,0.10007049302223761,0.14443040784416006,-0.04435991482192244,2
SKS03,SKS02,EQM_1,0,0.75,120,before_decay,original,4,peak_depth_error,0.14285714285714285,0.07142857142857142,0.07142857142857142,2
SKS03,SKS02,EQM_1,0,0.75,120,before_decay,original,4,peak_load_error,0.10235126240956458,0.042907711795440305,0.05944355061412427,2
SKS03,SKS02,EQM_1,0,0.75,120,before_decay,original,4,profile_nrmse,0.07259535009377681,0.13055243423159885,-0.05795708413782203,2
SKS03,SKS02,EQM_1,0,0.75,120,shaking,boundary_retained,2,peak_depth_error,0.5,0.14285714285714282,0.35714285714285715,2
SKS03,SKS02,EQM_1,0,0.75,120,shaking,boundary_retained,2,peak_load_error,0.26566040377952704,0.09115757294374746,0.17450283083577955,2
SKS03,SKS02,EQM_1,0,0.75,120,shaking,boundary_retained,2,profile_nrmse,0.1598840445755406,0.23663890573352153,-0.07675486115798094,2
SKS03,SKS02,EQM_1,0,0.75,120,shaking,boundary_retained,3,peak_depth_error,0.21428571428571425,0.14285714285714285,0.0714285714285714,2
SKS03,SKS02,EQM_1,0,0.75,120,shaking,boundary_retained,3,peak_load_error,0.09152323778788546,0.1204189991577151,-0.028895761369829645,2
SKS03,SKS02,EQM_1,0,0.75,120,shaking,boundary_retained,3,profile_nrmse,0.07762086900771678,0.15838952681890295,-0.08076865781118618,2
SKS03,SKS02,EQM_1,0,0.75,120,shaking,boundary_retained,4,peak_depth_error,0.21428571428571427,0.07142857142857142,0.14285714285714285,2
SKS03,SKS02,EQM_1,0,0.75,120,shaking,boundary_retained,4,peak_load_error,0.14679802802534428,0.039245710526346636,0.10755231749899764,2
SKS03,SKS02,EQM_1,0,0.75,120,shaking,boundary_retained,4,profile_nrmse,0.09299515874451436,0.13336374538619122,-0.04036858664167687,2
SKS03,SKS02,EQM_1,0,0.75,120,shaking,original,2,peak_depth_error,0.21428571428571425,0.14285714285714282,0.07142857142857142,2
SKS03,SKS02,EQM_1,0,0.75,120,shaking,original,2,peak_load_error,0.09152323778788546,0.09115757294374746,0.00036566484413801115,2
SKS03,SKS02,EQM_1,0,0.75,120,shaking,original,2,profile_nrmse,0.1597931315876639,0.23663890573352153,-0.07684577414585762,2
SKS03,SKS02,EQM_1,0,0.75,120,shaking,original,3,peak_depth_error,0.21428571428571427,0.14285714285714285,0.07142857142857142,2
SKS03,SKS02,EQM_1,0,0.75,120,shaking,original,3,peak_load_error,0.14679802802534428,0.1204189991577151,0.026379028867629176,2
SKS03,SKS02,EQM_1,0,0.75,120,shaking,original,3,profile_nrmse,0.11941062060822144,0.15838952681890295,-0.03897890621068152,2
SKS03,SKS02,EQM_1,0,0.75,120,shaking,original,4,peak_depth_error,0.21428571428571427,0.07142857142857142,0.14285714285714285,2
SKS03,SKS02,EQM_1,0,0.75,120,shaking,original,4,peak_load_error,0.14679802802534428,0.039245710526346636,0.10755231749899764,2
SKS03,SKS02,EQM_1,0,0.75,120,shaking,original,4,profile_nrmse,0.09299515874451436,0.13336374538619122,-0.04036858664167687,2
SKS03,SKS02,EQM_1,0,0.75,240,after_decay,boundary_retained,2,peak_depth_error,0.42857142857142855,0.14285714285714282,0.2857142857142857,2
SKS03,SKS02,EQM_1,0,0.75,240,after_decay,boundary_retained,2,peak_load_error,0.19407549857947437,0.09183653323230263,0.10223896534717172,2
SKS03,SKS02,EQM_1,0,0.75,240,after_decay,boundary_retained,2,profile_nrmse,0.1250403418113579,0.2304927364270895,-0.10545239461573164,2
SKS03,SKS02,EQM_1,0,0.75,240,after_decay,boundary_retained,3,peak_depth_error,0.14285714285714282,0.07142857142857142,0.0714285714285714,2
SKS03,SKS02,EQM_1,0,0.75,240,after_decay,boundary_retained,3,peak_load_error,0.08722962947627495,0.07377217466041452,0.013457454815860428,2
SKS03,SKS02,EQM_1,0,0.75,240,after_decay,boundary_retained,3,profile_nrmse,0.07013492708957525,0.14098732694030794,-0.07085239985073269,2
SKS03,SKS02,EQM_1,0,0.75,240,after_decay,boundary_retained,4,peak_depth_error,0.14285714285714285,0.07142857142857142,0.07142857142857142,2
SKS03,SKS02,EQM_1,0,0.75,240,after_decay,boundary_retained,4,peak_load_error,0.09730352984338875,0.02708558235844419,0.07021794748494456,2
SKS03,SKS02,EQM_1,0,0.75,240,after_decay,boundary_retained,4,profile_nrmse,0.07418269412197206,0.1274196923328012,-0.05323699821082913,2
SKS03,SKS02,EQM_1,0,0.75,240,after_decay,original,2,peak_depth_error,0.14285714285714282,0.14285714285714282,0.0,2
SKS03,SKS02,EQM_1,0,0.75,240,after_decay,original,2,peak_load_error,0.08722962947627495,0.09183653323230263,-0.004606903756027684,2
SKS03,SKS02,EQM_1,0,0.75,240,after_decay,original,2,profile_nrmse,0.13536273002440133,0.2304927364270895,-0.09513000640268819,2
SKS03,SKS02,EQM_1,0,0.75,240,after_decay,original,3,peak_depth_error,0.14285714285714285,0.07142857142857142,0.07142857142857142,2
SKS03,SKS02,EQM_1,0,0.75,240,after_decay,original,3,peak_load_error,0.09730352984338875,0.07377217466041452,0.023531355182974223,2
SKS03,SKS02,EQM_1,0,0.75,240,after_decay,original,3,profile_nrmse,0.10180179936215775,0.14098732694030794,-0.0391855275781502,2
SKS03,SKS02,EQM_1,0,0.75,240,after_decay,original,4,peak_depth_error,0.14285714285714285,0.07142857142857142,0.07142857142857142,2
SKS03,SKS02,EQM_1,0,0.75,240,after_decay,original,4,peak_load_error,0.09730352984338875,0.02708558235844419,0.07021794748494456,2
SKS03,SKS02,EQM_1,0,0.75,240,after_decay,original,4,profile_nrmse,0.07418269412197206,0.1274196923328012,-0.05323699821082913,2
SKS03,SKS02,EQM_1,0,0.75,240,before_decay,boundary_retained,2,peak_depth_error,0.42857142857142855,0.14285714285714282,0.2857142857142857,2
SKS03,SKS02,EQM_1,0,0.75,240,before_decay,boundary_retained,2,peak_load_error,0.1749962513477532,0.08918694755656416,0.08580930379118905,2
SKS03,SKS02,EQM_1,0,0.75,240,before_decay,boundary_retained,2,profile_nrmse,0.12142318089310021,0.23438620752298206,-0.11296302662988185,2
SKS03,SKS02,EQM_1,0,0.75,240,before_decay,boundary_retained,3,peak_depth_error,0.14285714285714282,0.07142857142857142,0.0714285714285714,2
SKS03,SKS02,EQM_1,0,0.75,240,before_decay,boundary_retained,3,peak_load_error,0.05905275151726033,0.07864975653802986,-0.019597005020769526,2
SKS03,SKS02,EQM_1,0,0.75,240,before_decay,boundary_retained,3,profile_nrmse,0.06456231278060212,0.14425101752204283,-0.07968870474144071,2
SKS03,SKS02,EQM_1,0,0.75,240,before_decay,boundary_retained,4,peak_depth_error,0.14285714285714285,0.07142857142857142,0.07142857142857142,2
SKS03,SKS02,EQM_1,0,0.75,240,before_decay,boundary_retained,4,peak_load_error,0.10249106434062775,0.04243271122123258,0.060058353119395176,2
SKS03,SKS02,EQM_1,0,0.75,240,before_decay,boundary_retained,4,profile_nrmse,0.0715535809181423,0.1306462197752248,-0.05909263885708252,2
SKS03,SKS02,EQM_1,0,0.75,240,before_decay,original,2,peak_depth_error,0.14285714285714282,0.14285714285714282,0.0,2
SKS03,SKS02,EQM_1,0,0.75,240,before_decay,original,2,peak_load_error,0.05905275151726033,0.08918694755656416,-0.030134196039303826,2
SKS03,SKS02,EQM_1,0,0.75,240,before_decay,original,2,profile_nrmse,0.13386731165640403,0.23438620752298206,-0.10051889586657804,2
SKS03,SKS02,EQM_1,0,0.75,240,before_decay,original,3,peak_depth_error,0.14285714285714285,0.07142857142857142,0.07142857142857142,2
SKS03,SKS02,EQM_1,0,0.75,240,before_decay,original,3,peak_load_error,0.10249106434062775,0.07864975653802986,0.023841307802597897,2
SKS03,SKS02,EQM_1,0,0.75,240,before_decay,original,3,profile_nrmse,0.09955280527371331,0.14425101752204283,-0.044698212248329525,2
SKS03,SKS02,EQM_1,0,0.75,240,before_decay,original,4,peak_depth_error,0.14285714285714285,0.07142857142857142,0.07142857142857142,2
SKS03,SKS02,EQM_1,0,0.75,240,before_decay,original,4,peak_load_error,0.10249106434062775,0.04243271122123258,0.060058353119395176,2
SKS03,SKS02,EQM_1,0,0.75,240,before_decay,original,4,profile_nrmse,0.0715535809181423,0.1306462197752248,-0.05909263885708252,2
SKS03,SKS02,EQM_1,0,0.75,240,shaking,boundary_retained,2,peak_depth_error,0.5,0.14285714285714282,0.35714285714285715,2
SKS03,SKS02,EQM_1,0,0.75,240,shaking,boundary_retained,2,peak_load_error,0.2622162776094709,0.0899521728897253,0.17226410471974563,2
SKS03,SKS02,EQM_1,0,0.75,240,shaking,boundary_retained,2,profile_nrmse,0.16008999184552652,0.23792492943853086,-0.07783493759300432,2
SKS03,SKS02,EQM_1,0,0.75,240,shaking,boundary_retained,3,peak_depth_error,0.21428571428571425,0.14285714285714285,0.0714285714285714,2
SKS03,SKS02,EQM_1,0,0.75,240,shaking,boundary_retained,3,peak_load_error,0.091130738164432,0.12012027434617191,-0.02898953618173991,2
SKS03,SKS02,EQM_1,0,0.75,240,shaking,boundary_retained,3,profile_nrmse,0.07744933377272532,0.15876262086936055,-0.08131328709663523,2
SKS03,SKS02,EQM_1,0,0.75,240,shaking,boundary_retained,4,peak_depth_error,0.21428571428571427,0.07142857142857142,0.14285714285714285,2
SKS03,SKS02,EQM_1,0,0.75,240,shaking,boundary_retained,4,peak_load_error,0.14749993887877544,0.038067894213349544,0.10943204466542589,2
SKS03,SKS02,EQM_1,0,0.75,240,shaking,boundary_retained,4,profile_nrmse,0.09280298715905604,0.13362404318592208,-0.04082105602686604,2
SKS03,SKS02,EQM_1,0,0.75,240,shaking,original,2,peak_depth_error,0.21428571428571425,0.14285714285714282,0.07142857142857142,2
SKS03,SKS02,EQM_1,0,0.75,240,shaking,original,2,peak_load_error,0.091130738164432,0.0899521728897253,0.0011785652747066978,2
SKS03,SKS02,EQM_1,0,0.75,240,shaking,original,2,profile_nrmse,0.16085202057151435,0.23792492943853086,-0.07707290886701651,2
SKS03,SKS02,EQM_1,0,0.75,240,shaking,original,3,peak_depth_error,0.21428571428571427,0.14285714285714285,0.07142857142857142,2
SKS03,SKS02,EQM_1,0,0.75,240,shaking,original,3,peak_load_error,0.14749993887877544,0.12012027434617191,0.02737966453260353,2
SKS03,SKS02,EQM_1,0,0.75,240,shaking,original,3,profile_nrmse,0.11975837475022261,0.15876262086936055,-0.03900424611913794,2
SKS03,SKS02,EQM_1,0,0.75,240,shaking,original,4,peak_depth_error,0.21428571428571427,0.07142857142857142,0.14285714285714285,2
SKS03,SKS02,EQM_1,0,0.75,240,shaking,original,4,peak_load_error,0.14749993887877544,0.038067894213349544,0.10943204466542589,2
SKS03,SKS02,EQM_1,0,0.75,240,shaking,original,4,profile_nrmse,0.09280298715905604,0.13362404318592208,-0.04082105602686604,2
SKS03,SKS02,EQM_1,1,0.25,120,after_decay,boundary_retained,2,peak_depth_error,0.42857142857142855,0.14285714285714282,0.2857142857142857,2
SKS03,SKS02,EQM_1,1,0.25,120,after_decay,boundary_retained,2,peak_load_error,0.19400208852187473,0.09180226982012442,0.10219981870175032,2
SKS03,SKS02,EQM_1,1,0.25,120,after_decay,boundary_retained,2,profile_nrmse,0.1250646819664279,0.23040848374436984,-0.10534380177794193,2
SKS03,SKS02,EQM_1,1,0.25,120,after_decay,boundary_retained,3,peak_depth_error,0.14285714285714282,0.07142857142857142,0.0714285714285714,2
SKS03,SKS02,EQM_1,1,0.25,120,after_decay,boundary_retained,3,peak_load_error,0.0872227579736484,0.07378012325040081,0.013442634723247582,2
SKS03,SKS02,EQM_1,1,0.25,120,after_decay,boundary_retained,3,profile_nrmse,0.07014249139454076,0.14096487211381176,-0.07082238071927097,2
SKS03,SKS02,EQM_1,1,0.25,120,after_decay,boundary_retained,4,peak_depth_error,0.14285714285714285,0.07142857142857142,0.07142857142857142,2
SKS03,SKS02,EQM_1,1,0.25,120,after_decay,boundary_retained,4,peak_load_error,0.09727211723234339,0.027036827679990657,0.07023528955235273,2
SKS03,SKS02,EQM_1,1,0.25,120,after_decay,boundary_retained,4,profile_nrmse,0.0739593441093111,0.1273433829062388,-0.05338403879692773,2
SKS03,SKS02,EQM_1,1,0.25,120,after_decay,original,2,peak_depth_error,0.14285714285714282,0.14285714285714282,0.0,2
SKS03,SKS02,EQM_1,1,0.25,120,after_decay,original,2,peak_load_error,0.0872227579736484,0.09180226982012442,-0.004579511846476019,2
SKS03,SKS02,EQM_1,1,0.25,120,after_decay,original,2,profile_nrmse,0.13523348803809726,0.23040848374436984,-0.09517499570627258,2
SKS03,SKS02,EQM_1,1,0.25,120,after_decay,original,3,peak_depth_error,0.14285714285714285,0.07142857142857142,0.07142857142857142,2
SKS03,SKS02,EQM_1,1,0.25,120,after_decay,original,3,peak_load_error,0.09727211723234339,0.07378012325040081,0.02349199398194257,2
SKS03,SKS02,EQM_1,1,0.25,120,after_decay,original,3,profile_nrmse,0.10176372485120617,0.14096487211381176,-0.03920114726260557,2
SKS03,SKS02,EQM_1,1,0.25,120,after_decay,original,4,peak_depth_error,0.14285714285714285,0.07142857142857142,0.07142857142857142,2
SKS03,SKS02,EQM_1,1,0.25,120,after_decay,original,4,peak_load_error,0.09727211723234339,0.027036827679990657,0.07023528955235273,2
SKS03,SKS02,EQM_1,1,0.25,120,after_decay,original,4,profile_nrmse,0.0739593441093111,0.1273433829062388,-0.05338403879692773,2
SKS03,SKS02,EQM_1,1,0.25,120,before_decay,boundary_retained,2,peak_depth_error,0.42857142857142855,0.14285714285714282,0.2857142857142857,2
SKS03,SKS02,EQM_1,1,0.25,120,before_decay,boundary_retained,2,peak_load_error,0.17478700935772365,0.082154518733101,0.09263249062462264,2
SKS03,SKS02,EQM_1,1,0.25,120,before_decay,boundary_retained,2,profile_nrmse,0.12355012604565463,0.23016646460772167,-0.10661633856206706,2
SKS03,SKS02,EQM_1,1,0.25,120,before_decay,boundary_retained,3,peak_depth_error,0.14285714285714282,0.07142857142857142,0.0714285714285714,2
SKS03,SKS02,EQM_1,1,0.25,120,before_decay,boundary_retained,3,peak_load_error,0.06376953312326032,0.07452180217375336,-0.010752269050493035,2
SKS03,SKS02,EQM_1,1,0.25,120,before_decay,boundary_retained,3,profile_nrmse,0.06558277428940652,0.14115201199163863,-0.07556923770223209,2
SKS03,SKS02,EQM_1,1,0.25,120,before_decay,boundary_retained,4,peak_depth_error,0.14285714285714285,0.07142857142857142,0.07142857142857142,2
SKS03,SKS02,EQM_1,1,0.25,120,before_decay,boundary_retained,4,peak_load_error,0.09687808848479455,0.03585102908323219,0.06102705940156236,2
SKS03,SKS02,EQM_1,1,0.25,120,before_decay,boundary_retained,4,profile_nrmse,0.06811779123503026,0.12769118315774125,-0.05957339192271101,2
SKS03,SKS02,EQM_1,1,0.25,120,before_decay,original,2,peak_depth_error,0.14285714285714282,0.14285714285714282,0.0,2
SKS03,SKS02,EQM_1,1,0.25,120,before_decay,original,2,peak_load_error,0.06376953312326032,0.082154518733101,-0.018384985609840684,2
SKS03,SKS02,EQM_1,1,0.25,120,before_decay,original,2,profile_nrmse,0.13021278978913875,0.23016646460772167,-0.09995367481858293,2
SKS03,SKS02,EQM_1,1,0.25,120,before_decay,original,3,peak_depth_error,0.14285714285714285,0.07142857142857142,0.07142857142857142,2
SKS03,SKS02,EQM_1,1,0.25,120,before_decay,original,3,peak_load_error,0.09687808848479455,0.07452180217375336,0.022356286311041196,2
SKS03,SKS02,EQM_1,1,0.25,120,before_decay,original,3,profile_nrmse,0.09902168665406247,0.14115201199163863,-0.04213032533757615,2
SKS03,SKS02,EQM_1,1,0.25,120,before_decay,original,4,peak_depth_error,0.14285714285714285,0.07142857142857142,0.07142857142857142,2
SKS03,SKS02,EQM_1,1,0.25,120,before_decay,original,4,peak_load_error,0.09687808848479455,0.03585102908323219,0.06102705940156236,2
SKS03,SKS02,EQM_1,1,0.25,120,before_decay,original,4,profile_nrmse,0.06811779123503026,0.12769118315774125,-0.05957339192271101,2
SKS03,SKS02,EQM_1,1,0.25,120,shaking,boundary_retained,2,peak_depth_error,0.5,0.14285714285714282,0.35714285714285715,2
SKS03,SKS02,EQM_1,1,0.25,120,shaking,boundary_retained,2,peak_load_error,0.22651266762325134,0.06844154361751456,0.15807112400573675,2
SKS03,SKS02,EQM_1,1,0.25,120,shaking,boundary_retained,2,profile_nrmse,0.15093674877305222,0.2215684739020623,-0.07063172512901009,2
SKS03,SKS02,EQM_1,1,0.25,120,shaking,boundary_retained,3,peak_depth_error,0.21428571428571425,0.14285714285714285,0.0714285714285714,2
SKS03,SKS02,EQM_1,1,0.25,120,shaking,boundary_retained,3,peak_load_error,0.06638488533151436,0.11013002266522695,-0.04374513733371259,2
SKS03,SKS02,EQM_1,1,0.25,120,shaking,boundary_retained,3,profile_nrmse,0.07392051695152553,0.14873269398251815,-0.07481217703099263,2
SKS03,SKS02,EQM_1,1,0.25,120,shaking,boundary_retained,4,peak_depth_error,0.21428571428571427,0.07142857142857142,0.14285714285714285,2
SKS03,SKS02,EQM_1,1,0.25,120,shaking,boundary_retained,4,peak_load_error,0.13727337262016445,0.023561737845452346,0.1137116347747121,2
SKS03,SKS02,EQM_1,1,0.25,120,shaking,boundary_retained,4,profile_nrmse,0.08254903357926725,0.12331555845612703,-0.04076652487685978,2
SKS03,SKS02,EQM_1,1,0.25,120,shaking,original,2,peak_depth_error,0.21428571428571425,0.14285714285714282,0.07142857142857142,2
SKS03,SKS02,EQM_1,1,0.25,120,shaking,original,2,peak_load_error,0.06638488533151436,0.06844154361751456,-0.002056658286000195,2
SKS03,SKS02,EQM_1,1,0.25,120,shaking,original,2,profile_nrmse,0.14762286261020743,0.2215684739020623,-0.07394561129185485,2
SKS03,SKS02,EQM_1,1,0.25,120,shaking,original,3,peak_depth_error,0.21428571428571427,0.14285714285714285,0.07142857142857142,2
SKS03,SKS02,EQM_1,1,0.25,120,shaking,original,3,peak_load_error,0.13727337262016445,0.11013002266522695,0.0271433499549375,2
SKS03,SKS02,EQM_1,1,0.25,120,shaking,original,3,profile_nrmse,0.11330157798193005,0.14873269398251815,-0.03543111600058811,2
SKS03,SKS02,EQM_1,1,0.25,120,shaking,original,4,peak_depth_error,0.21428571428571427,0.07142857142857142,0.14285714285714285,2
SKS03,SKS02,EQM_1,1,0.25,120,shaking,original,4,peak_load_error,0.13727337262016445,0.023561737845452346,0.1137116347747121,2
SKS03,SKS02,EQM_1,1,0.25,120,shaking,original,4,profile_nrmse,0.08254903357926725,0.12331555845612703,-0.04076652487685978,2
SKS03,SKS02,EQM_1,1,0.25,240,after_decay,boundary_retained,2,peak_depth_error,0.42857142857142855,0.14285714285714282,0.2857142857142857,2
SKS03,SKS02,EQM_1,1,0.25,240,after_decay,boundary_retained,2,peak_load_error,0.1940228185327084,0.09179047905010074,0.10223233948260767,2
SKS03,SKS02,EQM_1,1,0.25,240,after_decay,boundary_retained,2,profile_nrmse,0.12503752204833396,0.23044581461031544,-0.10540829256198148,2
SKS03,SKS02,EQM_1,1,0.25,240,after_decay,boundary_retained,3,peak_depth_error,0.14285714285714282,0.07142857142857142,0.0714285714285714,2
SKS03,SKS02,EQM_1,1,0.25,240,after_decay,boundary_retained,3,peak_load_error,0.08722858255749233,0.07378126561404788,0.013447316943444448,2
SKS03,SKS02,EQM_1,1,0.25,240,after_decay,boundary_retained,3,profile_nrmse,0.07013221460644029,0.14096908975806036,-0.07083687515162007,2
SKS03,SKS02,EQM_1,1,0.25,240,after_decay,boundary_retained,4,peak_depth_error,0.14285714285714285,0.07142857142857142,0.07142857142857142,2
SKS03,SKS02,EQM_1,1,0.25,240,after_decay,boundary_retained,4,peak_load_error,0.09728393541192903,0.027031223029222846,0.0702527123827062,2
SKS03,SKS02,EQM_1,1,0.25,240,after_decay,boundary_retained,4,profile_nrmse,0.07395714216105953,0.12734190248006236,-0.05338476031900284,2
SKS03,SKS02,EQM_1,1,0.25,240,after_decay,original,2,peak_depth_error,0.14285714285714282,0.14285714285714282,0.0,2
SKS03,SKS02,EQM_1,1,0.25,240,after_decay,original,2,peak_load_error,0.08722858255749233,0.09179047905010074,-0.004561896492608401,2
SKS03,SKS02,EQM_1,1,0.25,240,after_decay,original,2,profile_nrmse,0.1352360353216854,0.23044581461031544,-0.09520977928863003,2
SKS03,SKS02,EQM_1,1,0.25,240,after_decay,original,3,peak_depth_error,0.14285714285714285,0.07142857142857142,0.07142857142857142,2
SKS03,SKS02,EQM_1,1,0.25,240,after_decay,original,3,peak_load_error,0.09728393541192903,0.07378126561404788,0.023502669797881154,2
SKS03,SKS02,EQM_1,1,0.25,240,after_decay,original,3,profile_nrmse,0.1017388737317828,0.14096908975806036,-0.03923021602627756,2
SKS03,SKS02,EQM_1,1,0.25,240,after_decay,original,4,peak_depth_error,0.14285714285714285,0.07142857142857142,0.07142857142857142,2
SKS03,SKS02,EQM_1,1,0.25,240,after_decay,original,4,peak_load_error,0.09728393541192903,0.027031223029222846,0.0702527123827062,2
SKS03,SKS02,EQM_1,1,0.25,240,after_decay,original,4,profile_nrmse,0.07395714216105953,0.12734190248006236,-0.05338476031900284,2
SKS03,SKS02,EQM_1,1,0.25,240,before_decay,boundary_retained,2,peak_depth_error,0.42857142857142855,0.14285714285714282,0.2857142857142857,2
SKS03,SKS02,EQM_1,1,0.25,240,before_decay,boundary_retained,2,peak_load_error,0.1745649116663724,0.08217399174429532,0.09239091992207707,2
SKS03,SKS02,EQM_1,1,0.25,240,before_decay,boundary_retained,2,profile_nrmse,0.12345183674205643,0.23019223259171206,-0.10674039584965565,2
SKS03,SKS02,EQM_1,1,0.25,240,before_decay,boundary_retained,3,peak_depth_error,0.14285714285714282,0.07142857142857142,0.0714285714285714,2
SKS03,SKS02,EQM_1,1,0.25,240,before_decay,boundary_retained,3,peak_load_error,0.0636816791939655,0.07447610773652984,-0.010794428542564335,2
SKS03,SKS02,EQM_1,1,0.25,240,before_decay,boundary_retained,3,profile_nrmse,0.065528606909985,0.14133591035504883,-0.07580730344506385,2
SKS03,SKS02,EQM_1,1,0.25,240,before_decay,boundary_retained,4,peak_depth_error,0.14285714285714285,0.07142857142857142,0.07142857142857142,2
SKS03,SKS02,EQM_1,1,0.25,240,before_decay,boundary_retained,4,peak_load_error,0.09682526097912893,0.03587409222788981,0.06095116875123912,2
SKS03,SKS02,EQM_1,1,0.25,240,before_decay,boundary_retained,4,profile_nrmse,0.0680941504946454,0.1278645193468053,-0.05977036885215988,2
SKS03,SKS02,EQM_1,1,0.25,240,before_decay,original,2,peak_depth_error,0.14285714285714282,0.14285714285714282,0.0,2
SKS03,SKS02,EQM_1,1,0.25,240,before_decay,original,2,peak_load_error,0.0636816791939655,0.08217399174429532,-0.018492312550329813,2
SKS03,SKS02,EQM_1,1,0.25,240,before_decay,original,2,profile_nrmse,0.13021980423879498,0.23019223259171206,-0.09997242835291711,2
SKS03,SKS02,EQM_1,1,0.25,240,before_decay,original,3,peak_depth_error,0.14285714285714285,0.07142857142857142,0.07142857142857142,2
SKS03,SKS02,EQM_1,1,0.25,240,before_decay,original,3,peak_load_error,0.09682526097912893,0.07447610773652984,0.02234915324259909,2
SKS03,SKS02,EQM_1,1,0.25,240,before_decay,original,3,profile_nrmse,0.09894823323886026,0.14133591035504883,-0.042387677116188585,2
SKS03,SKS02,EQM_1,1,0.25,240,before_decay,original,4,peak_depth_error,0.14285714285714285,0.07142857142857142,0.07142857142857142,2
SKS03,SKS02,EQM_1,1,0.25,240,before_decay,original,4,peak_load_error,0.09682526097912893,0.03587409222788981,0.06095116875123912,2
SKS03,SKS02,EQM_1,1,0.25,240,before_decay,original,4,profile_nrmse,0.0680941504946454,0.1278645193468053,-0.05977036885215988,2
SKS03,SKS02,EQM_1,1,0.25,240,shaking,boundary_retained,2,peak_depth_error,0.5,0.14285714285714282,0.35714285714285715,2
SKS03,SKS02,EQM_1,1,0.25,240,shaking,boundary_retained,2,peak_load_error,0.22654108442186688,0.06847269505044323,0.15806838937142365,2
SKS03,SKS02,EQM_1,1,0.25,240,shaking,boundary_retained,2,profile_nrmse,0.1509297496551359,0.22165250775721215,-0.07072275810207626,2
SKS03,SKS02,EQM_1,1,0.25,240,shaking,boundary_retained,3,peak_depth_error,0.21428571428571425,0.14285714285714285,0.0714285714285714,2
SKS03,SKS02,EQM_1,1,0.25,240,shaking,boundary_retained,3,peak_load_error,0.0664148436386742,0.11011420603354152,-0.043699362394867325,2
SKS03,SKS02,EQM_1,1,0.25,240,shaking,boundary_retained,3,profile_nrmse,0.07392371584632715,0.1488115382635809,-0.07488782241725372,2
SKS03,SKS02,EQM_1,1,0.25,240,shaking,boundary_retained,4,peak_depth_error,0.21428571428571427,0.07142857142857142,0.14285714285714285,2
SKS03,SKS02,EQM_1,1,0.25,240,shaking,boundary_retained,4,peak_load_error,0.13724157620569466,0.02361013420994546,0.1136314419957492,2
SKS03,SKS02,EQM_1,1,0.25,240,shaking,boundary_retained,4,profile_nrmse,0.08254728946887323,0.12336563482506699,-0.040818345356193754,2
SKS03,SKS02,EQM_1,1,0.25,240,shaking,original,2,peak_depth_error,0.21428571428571425,0.14285714285714282,0.07142857142857142,2
SKS03,SKS02,EQM_1,1,0.25,240,shaking,original,2,peak_load_error,0.0664148436386742,0.06847269505044323,-0.0020578514117690384,2
SKS03,SKS02,EQM_1,1,0.25,240,shaking,original,2,profile_nrmse,0.14759864556862312,0.22165250775721215,-0.07405386218858903,2
SKS03,SKS02,EQM_1,1,0.25,240,shaking,original,3,peak_depth_error,0.21428571428571427,0.14285714285714285,0.07142857142857142,2
SKS03,SKS02,EQM_1,1,0.25,240,shaking,original,3,peak_load_error,0.13724157620569466,0.11011420603354152,0.027127370172153137,2
SKS03,SKS02,EQM_1,1,0.25,240,shaking,original,3,profile_nrmse,0.11332531277547672,0.1488115382635809,-0.03548622548810416,2
SKS03,SKS02,EQM_1,1,0.25,240,shaking,original,4,peak_depth_error,0.21428571428571427,0.07142857142857142,0.14285714285714285,2
SKS03,SKS02,EQM_1,1,0.25,240,shaking,original,4,peak_load_error,0.13724157620569466,0.02361013420994546,0.1136314419957492,2
SKS03,SKS02,EQM_1,1,0.25,240,shaking,original,4,profile_nrmse,0.08254728946887323,0.12336563482506699,-0.040818345356193754,2
SKS03,SKS02,EQM_1,1,0.5,120,after_decay,boundary_retained,2,peak_depth_error,0.42857142857142855,0.14285714285714282,0.2857142857142857,2
SKS03,SKS02,EQM_1,1,0.5,120,after_decay,boundary_retained,2,peak_load_error,0.19408097545738529,0.09184577058903386,0.10223520486835143,2
SKS03,SKS02,EQM_1,1,0.5,120,after_decay,boundary_retained,2,profile_nrmse,0.1250752214649275,0.23046126013390655,-0.10538603866897904,2
SKS03,SKS02,EQM_1,1,0.5,120,after_decay,boundary_retained,3,peak_depth_error,0.14285714285714282,0.07142857142857142,0.0714285714285714,2
SKS03,SKS02,EQM_1,1,0.5,120,after_decay,boundary_retained,3,peak_load_error,0.08724399980520954,0.07378290139542587,0.01346109840978367,2
SKS03,SKS02,EQM_1,1,0.5,120,after_decay,boundary_retained,3,profile_nrmse,0.07013802297373876,0.14098755648912306,-0.0708495335153843,2
SKS03,SKS02,EQM_1,1,0.5,120,after_decay,boundary_retained,4,peak_depth_error,0.14285714285714285,0.07142857142857142,0.07142857142857142,2
SKS03,SKS02,EQM_1,1,0.5,120,after_decay,boundary_retained,4,peak_load_error,0.09729276512281687,0.027129824745587606,0.07016294037722927,2
SKS03,SKS02,EQM_1,1,0.5,120,after_decay,boundary_retained,4,profile_nrmse,0.07407928024424704,0.12734335289486656,-0.053264072650619526,2
SKS03,SKS02,EQM_1,1,0.5,120,after_decay,original,2,peak_depth_error,0.14285714285714282,0.14285714285714282,0.0,2
SKS03,SKS02,EQM_1,1,0.5,120,after_decay,original,2,peak_load_error,0.08724399980520954,0.09184577058903386,-0.0046017707838243195,2
SKS03,SKS02,EQM_1,1,0.5,120,after_decay,original,2,profile_nrmse,0.13533974362173498,0.23046126013390655,-0.09512151651217156,2
SKS03,SKS02,EQM_1,1,0.5,120,after_decay,original,3,peak_depth_error,0.14285714285714285,0.07142857142857142,0.07142857142857142,2
SKS03,SKS02,EQM_1,1,0.5,120,after_decay,original,3,peak_load_error,0.09729276512281687,0.07378290139542587,0.023509863727391,2
SKS03,SKS02,EQM_1,1,0.5,120,after_decay,original,3,profile_nrmse,0.10180098217331311,0.14098755648912306,-0.03918657431580995,2
SKS03,SKS02,EQM_1,1,0.5,120,after_decay,original,4,peak_depth_error,0.14285714285714285,0.07142857142857142,0.07142857142857142,2
SKS03,SKS02,EQM_1,1,0.5,120,after_decay,original,4,peak_load_error,0.09729276512281687,0.027129824745587606,0.07016294037722927,2
SKS03,SKS02,EQM_1,1,0.5,120,after_decay,original,4,profile_nrmse,0.07407928024424704,0.12734335289486656,-0.053264072650619526,2
SKS03,SKS02,EQM_1,1,0.5,120,before_decay,boundary_retained,2,peak_depth_error,0.42857142857142855,0.14285714285714282,0.2857142857142857,2
SKS03,SKS02,EQM_1,1,0.5,120,before_decay,boundary_retained,2,peak_load_error,0.1718327451548619,0.0821347399174539,0.08969800523740801,2
SKS03,SKS02,EQM_1,1,0.5,120,before_decay,boundary_retained,2,profile_nrmse,0.12250360973787643,0.23089452335789157,-0.10839091362001516,2
SKS03,SKS02,EQM_1,1,0.5,120,before_decay,boundary_retained,3,peak_depth_error,0.14285714285714282,0.07142857142857142,0.0714285714285714,2
SKS03,SKS02,EQM_1,1,0.5,120,before_decay,boundary_retained,3,peak_load_error,0.06176658085465419,0.07462009132228181,-0.012853510467627623,2
SKS03,SKS02,EQM_1,1,0.5,120,before_decay,boundary_retained,3,profile_nrmse,0.06506284594943677,0.14168248901716854,-0.07661964306773177,2
SKS03,SKS02,EQM_1,1,0.5,120,before_decay,boundary_retained,4,peak_depth_error,0.14285714285714285,0.07142857142857142,0.07142857142857142,2
SKS03,SKS02,EQM_1,1,0.5,120,before_decay,boundary_retained,4,peak_load_error,0.0968998117616167,0.03681579205562588,0.060084019705990824,2
SKS03,SKS02,EQM_1,1,0.5,120,before_decay,boundary_retained,4,profile_nrmse,0.0678711276155545,0.12845181239096726,-0.06058068477541275,2
SKS03,SKS02,EQM_1,1,0.5,120,before_decay,original,2,peak_depth_error,0.14285714285714282,0.14285714285714282,0.0,2
SKS03,SKS02,EQM_1,1,0.5,120,before_decay,original,2,peak_load_error,0.06176658085465419,0.0821347399174539,-0.020368159062799707,2
SKS03,SKS02,EQM_1,1,0.5,120,before_decay,original,2,profile_nrmse,0.12990287597548095,0.23089452335789157,-0.10099164738241062,2
SKS03,SKS02,EQM_1,1,0.5,120,before_decay,original,3,peak_depth_error,0.14285714285714285,0.07142857142857142,0.07142857142857142,2
SKS03,SKS02,EQM_1,1,0.5,120,before_decay,original,3,peak_load_error,0.0968998117616167,0.07462009132228181,0.02227972043933489,2
SKS03,SKS02,EQM_1,1,0.5,120,before_decay,original,3,profile_nrmse,0.09862224632184619,0.14168248901716854,-0.04306024269532236,2
SKS03,SKS02,EQM_1,1,0.5,120,before_decay,original,4,peak_depth_error,0.14285714285714285,0.07142857142857142,0.07142857142857142,2
SKS03,SKS02,EQM_1,1,0.5,120,before_decay,original,4,peak_load_error,0.0968998117616167,0.03681579205562588,0.060084019705990824,2
SKS03,SKS02,EQM_1,1,0.5,120,before_decay,original,4,profile_nrmse,0.0678711276155545,0.12845181239096726,-0.06058068477541275,2
SKS03,SKS02,EQM_1,1,0.5,120,shaking,boundary_retained,2,peak_depth_error,0.5,0.14285714285714282,0.35714285714285715,2
SKS03,SKS02,EQM_1,1,0.5,120,shaking,boundary_retained,2,peak_load_error,0.22651266762325134,0.06844154361751456,0.15807112400573675,2
SKS03,SKS02,EQM_1,1,0.5,120,shaking,boundary_retained,2,profile_nrmse,0.15093674877305222,0.2215684739020623,-0.07063172512901009,2
SKS03,SKS02,EQM_1,1,0.5,120,shaking,boundary_retained,3,peak_depth_error,0.21428571428571425,0.14285714285714285,0.0714285714285714,2
SKS03,SKS02,EQM_1,1,0.5,120,shaking,boundary_retained,3,peak_load_error,0.06638488533151436,0.11013002266522695,-0.04374513733371259,2
SKS03,SKS02,EQM_1,1,0.5,120,shaking,boundary_retained,3,profile_nrmse,0.07392051695152553,0.14873269398251815,-0.07481217703099263,2
SKS03,SKS02,EQM_1,1,0.5,120,shaking,boundary_retained,4,peak_depth_error,0.21428571428571427,0.07142857142857142,0.14285714285714285,2
SKS03,SKS02,EQM_1,1,0.5,120,shaking,boundary_retained,4,peak_load_error,0.13727337262016445,0.023561737845452346,0.1137116347747121,2
SKS03,SKS02,EQM_1,1,0.5,120,shaking,boundary_retained,4,profile_nrmse,0.08254903357926725,0.12331555845612703,-0.04076652487685978,2
SKS03,SKS02,EQM_1,1,0.5,120,shaking,original,2,peak_depth_error,0.21428571428571425,0.14285714285714282,0.07142857142857142,2
SKS03,SKS02,EQM_1,1,0.5,120,shaking,original,2,peak_load_error,0.06638488533151436,0.06844154361751456,-0.002056658286000195,2
SKS03,SKS02,EQM_1,1,0.5,120,shaking,original,2,profile_nrmse,0.14762286261020743,0.2215684739020623,-0.07394561129185485,2
SKS03,SKS02,EQM_1,1,0.5,120,shaking,original,3,peak_depth_error,0.21428571428571427,0.14285714285714285,0.07142857142857142,2
SKS03,SKS02,EQM_1,1,0.5,120,shaking,original,3,peak_load_error,0.13727337262016445,0.11013002266522695,0.0271433499549375,2
SKS03,SKS02,EQM_1,1,0.5,120,shaking,original,3,profile_nrmse,0.11330157798193005,0.14873269398251815,-0.03543111600058811,2
SKS03,SKS02,EQM_1,1,0.5,120,shaking,original,4,peak_depth_error,0.21428571428571427,0.07142857142857142,0.14285714285714285,2
SKS03,SKS02,EQM_1,1,0.5,120,shaking,original,4,peak_load_error,0.13727337262016445,0.023561737845452346,0.1137116347747121,2
SKS03,SKS02,EQM_1,1,0.5,120,shaking,original,4,profile_nrmse,0.08254903357926725,0.12331555845612703,-0.04076652487685978,2
SKS03,SKS02,EQM_1,1,0.5,240,after_decay,boundary_retained,2,peak_depth_error,0.42857142857142855,0.14285714285714282,0.2857142857142857,2
SKS03,SKS02,EQM_1,1,0.5,240,after_decay,boundary_retained,2,peak_load_error,0.19405286002482885,0.0918126768415235,0.10224018318330534,2
SKS03,SKS02,EQM_1,1,0.5,240,after_decay,boundary_retained,2,profile_nrmse,0.12503471648194,0.2305243679492215,-0.1054896514672815,2
SKS03,SKS02,EQM_1,1,0.5,240,after_decay,boundary_retained,3,peak_depth_error,0.14285714285714282,0.07142857142857142,0.0714285714285714,2
SKS03,SKS02,EQM_1,1,0.5,240,after_decay,boundary_retained,3,peak_load_error,0.08723085354424172,0.07377803628404554,0.013452817260196176,2
SKS03,SKS02,EQM_1,1,0.5,240,after_decay,boundary_retained,3,profile_nrmse,0.07013411154856639,0.14099206522154523,-0.07085795367297884,2
SKS03,SKS02,EQM_1,1,0.5,240,after_decay,boundary_retained,4,peak_depth_error,0.14285714285714285,0.07142857142857142,0.07142857142857142,2
SKS03,SKS02,EQM_1,1,0.5,240,after_decay,boundary_retained,4,peak_load_error,0.09728509133488568,0.02706726022661219,0.07021783110827348,2
SKS03,SKS02,EQM_1,1,0.5,240,after_decay,boundary_retained,4,profile_nrmse,0.07406279122191403,0.12738059042810254,-0.05331779920618852,2
SKS03,SKS02,EQM_1,1,0.5,240,after_decay,original,2,peak_depth_error,0.14285714285714282,0.14285714285714282,0.0,2
SKS03,SKS02,EQM_1,1,0.5,240,after_decay,original,2,peak_load_error,0.08723085354424172,0.0918126768415235,-0.004581823297281788,2
SKS03,SKS02,EQM_1,1,0.5,240,after_decay,original,2,profile_nrmse,0.1353338517151996,0.2305243679492215,-0.0951905162340219,2
SKS03,SKS02,EQM_1,1,0.5,240,after_decay,original,3,peak_depth_error,0.14285714285714285,0.07142857142857142,0.07142857142857142,2
SKS03,SKS02,EQM_1,1,0.5,240,after_decay,original,3,peak_load_error,0.09728509133488568,0.07377803628404554,0.023507055050840137,2
SKS03,SKS02,EQM_1,1,0.5,240,after_decay,original,3,profile_nrmse,0.10181444804743287,0.14099206522154523,-0.03917761717411236,2
SKS03,SKS02,EQM_1,1,0.5,240,after_decay,original,4,peak_depth_error,0.14285714285714285,0.07142857142857142,0.07142857142857142,2
SKS03,SKS02,EQM_1,1,0.5,240,after_decay,original,4,peak_load_error,0.09728509133488568,0.02706726022661219,0.07021783110827348,2
SKS03,SKS02,EQM_1,1,0.5,240,after_decay,original,4,profile_nrmse,0.07406279122191403,0.12738059042810254,-0.05331779920618852,2
SKS03,SKS02,EQM_1,1,0.5,240,before_decay,boundary_retained,2,peak_depth_error,0.42857142857142855,0.14285714285714282,0.2857142857142857,2
SKS03,SKS02,EQM_1,1,0.5,240,before_decay,boundary_retained,2,peak_load_error,0.17185315666286266,0.08197393783691458,0.0898792188259481,2
SKS03,SKS02,EQM_1,1,0.5,240,before_decay,boundary_retained,2,profile_nrmse,0.12252005108451515,0.23083419656707327,-0.10831414548255813,2
SKS03,SKS02,EQM_1,1,0.5,240,before_decay,boundary_retained,3,peak_depth_error,0.14285714285714282,0.07142857142857142,0.0714285714285714,2
SKS03,SKS02,EQM_1,1,0.5,240,before_decay,boundary_retained,3,peak_load_error,0.06178948333336028,0.07460937247450355,-0.012819889141143272,2
SKS03,SKS02,EQM_1,1,0.5,240,before_decay,boundary_retained,3,profile_nrmse,0.06505448254889189,0.14171546022086462,-0.07666097767197272,2
SKS03,SKS02,EQM_1,1,0.5,240,before_decay,boundary_retained,4,peak_depth_error,0.14285714285714285,0.07142857142857142,0.07142857142857142,2
SKS03,SKS02,EQM_1,1,0.5,240,before_decay,boundary_retained,4,peak_load_error,0.09687338886165317,0.03665246831113224,0.06022092055052093,2
SKS03,SKS02,EQM_1,1,0.5,240,before_decay,boundary_retained,4,profile_nrmse,0.06786956000399744,0.12844161683779798,-0.06057205683380055,2
SKS03,SKS02,EQM_1,1,0.5,240,before_decay,original,2,peak_depth_error,0.14285714285714282,0.14285714285714282,0.0,2
SKS03,SKS02,EQM_1,1,0.5,240,before_decay,original,2,peak_load_error,0.06178948333336028,0.08197393783691458,-0.020184454503554293,2
SKS03,SKS02,EQM_1,1,0.5,240,before_decay,original,2,profile_nrmse,0.12989697282073046,0.23083419656707327,-0.10093722374634284,2
SKS03,SKS02,EQM_1,1,0.5,240,before_decay,original,3,peak_depth_error,0.14285714285714285,0.07142857142857142,0.07142857142857142,2
SKS03,SKS02,EQM_1,1,0.5,240,before_decay,original,3,peak_load_error,0.09687338886165317,0.07460937247450355,0.022264016387149616,2
SKS03,SKS02,EQM_1,1,0.5,240,before_decay,original,3,profile_nrmse,0.09863389955211407,0.14171546022086462,-0.04308156066875054,2
SKS03,SKS02,EQM_1,1,0.5,240,before_decay,original,4,peak_depth_error,0.14285714285714285,0.07142857142857142,0.07142857142857142,2
SKS03,SKS02,EQM_1,1,0.5,240,before_decay,original,4,peak_load_error,0.09687338886165317,0.03665246831113224,0.06022092055052093,2
SKS03,SKS02,EQM_1,1,0.5,240,before_decay,original,4,profile_nrmse,0.06786956000399744,0.12844161683779798,-0.06057205683380055,2
SKS03,SKS02,EQM_1,1,0.5,240,shaking,boundary_retained,2,peak_depth_error,0.5,0.14285714285714282,0.35714285714285715,2
SKS03,SKS02,EQM_1,1,0.5,240,shaking,boundary_retained,2,peak_load_error,0.22654108442186688,0.06847269505044323,0.15806838937142365,2
SKS03,SKS02,EQM_1,1,0.5,240,shaking,boundary_retained,2,profile_nrmse,0.1509297496551359,0.22165250775721215,-0.07072275810207626,2
SKS03,SKS02,EQM_1,1,0.5,240,shaking,boundary_retained,3,peak_depth_error,0.21428571428571425,0.14285714285714285,0.0714285714285714,2
SKS03,SKS02,EQM_1,1,0.5,240,shaking,boundary_retained,3,peak_load_error,0.0664148436386742,0.11011420603354152,-0.043699362394867325,2
SKS03,SKS02,EQM_1,1,0.5,240,shaking,boundary_retained,3,profile_nrmse,0.07392371584632715,0.1488115382635809,-0.07488782241725372,2
SKS03,SKS02,EQM_1,1,0.5,240,shaking,boundary_retained,4,peak_depth_error,0.21428571428571427,0.07142857142857142,0.14285714285714285,2
SKS03,SKS02,EQM_1,1,0.5,240,shaking,boundary_retained,4,peak_load_error,0.13724157620569466,0.02361013420994546,0.1136314419957492,2
SKS03,SKS02,EQM_1,1,0.5,240,shaking,boundary_retained,4,profile_nrmse,0.08254728946887323,0.12336563482506699,-0.040818345356193754,2
SKS03,SKS02,EQM_1,1,0.5,240,shaking,original,2,peak_depth_error,0.21428571428571425,0.14285714285714282,0.07142857142857142,2
SKS03,SKS02,EQM_1,1,0.5,240,shaking,original,2,peak_load_error,0.0664148436386742,0.06847269505044323,-0.0020578514117690384,2
SKS03,SKS02,EQM_1,1,0.5,240,shaking,original,2,profile_nrmse,0.14759864556862312,0.22165250775721215,-0.07405386218858903,2
SKS03,SKS02,EQM_1,1,0.5,240,shaking,original,3,peak_depth_error,0.21428571428571427,0.14285714285714285,0.07142857142857142,2
SKS03,SKS02,EQM_1,1,0.5,240,shaking,original,3,peak_load_error,0.13724157620569466,0.11011420603354152,0.027127370172153137,2
SKS03,SKS02,EQM_1,1,0.5,240,shaking,original,3,profile_nrmse,0.11332531277547672,0.1488115382635809,-0.03548622548810416,2
SKS03,SKS02,EQM_1,1,0.5,240,shaking,original,4,peak_depth_error,0.21428571428571427,0.07142857142857142,0.14285714285714285,2
SKS03,SKS02,EQM_1,1,0.5,240,shaking,original,4,peak_load_error,0.13724157620569466,0.02361013420994546,0.1136314419957492,2
SKS03,SKS02,EQM_1,1,0.5,240,shaking,original,4,profile_nrmse,0.08254728946887323,0.12336563482506699,-0.040818345356193754,2
SKS03,SKS02,EQM_1,1,0.75,120,after_decay,boundary_retained,2,peak_depth_error,0.42857142857142855,0.14285714285714282,0.2857142857142857,2
SKS03,SKS02,EQM_1,1,0.75,120,after_decay,boundary_retained,2,peak_load_error,0.1940453929759672,0.09188848944812748,0.10215690352783972,2
SKS03,SKS02,EQM_1,1,0.75,120,after_decay,boundary_retained,2,profile_nrmse,0.12505137646761016,0.23049649876287737,-0.10544512229526717,2
SKS03,SKS02,EQM_1,1,0.75,120,after_decay,boundary_retained,3,peak_depth_error,0.14285714285714282,0.07142857142857142,0.0714285714285714,2
SKS03,SKS02,EQM_1,1,0.75,120,after_decay,boundary_retained,3,peak_load_error,0.08724430618001723,0.07377061929009195,0.013473686889925285,2
SKS03,SKS02,EQM_1,1,0.75,120,after_decay,boundary_retained,3,profile_nrmse,0.07013211322322908,0.1409772068964077,-0.07084509367317861,2
SKS03,SKS02,EQM_1,1,0.75,120,after_decay,boundary_retained,4,peak_depth_error,0.14285714285714285,0.07142857142857142,0.07142857142857142,2
SKS03,SKS02,EQM_1,1,0.75,120,after_decay,boundary_retained,4,peak_load_error,0.09727215160060891,0.027123459792406827,0.07014869180820209,2
SKS03,SKS02,EQM_1,1,0.75,120,after_decay,boundary_retained,4,profile_nrmse,0.07416500073364683,0.12743472627216207,-0.05326972553851523,2
SKS03,SKS02,EQM_1,1,0.75,120,after_decay,original,2,peak_depth_error,0.14285714285714282,0.14285714285714282,0.0,2
SKS03,SKS02,EQM_1,1,0.75,120,after_decay,original,2,peak_load_error,0.08724430618001723,0.09188848944812748,-0.004644183268110256,2
SKS03,SKS02,EQM_1,1,0.75,120,after_decay,original,2,profile_nrmse,0.13539370126838998,0.23049649876287737,-0.09510279749448737,2
SKS03,SKS02,EQM_1,1,0.75,120,after_decay,original,3,peak_depth_error,0.14285714285714285,0.07142857142857142,0.07142857142857142,2
SKS03,SKS02,EQM_1,1,0.75,120,after_decay,original,3,peak_load_error,0.09727215160060891,0.07377061929009195,0.023501532310516965,2
SKS03,SKS02,EQM_1,1,0.75,120,after_decay,original,3,profile_nrmse,0.10181203262831123,0.1409772068964077,-0.03916517426809645,2
SKS03,SKS02,EQM_1,1,0.75,120,after_decay,original,4,peak_depth_error,0.14285714285714285,0.07142857142857142,0.07142857142857142,2
SKS03,SKS02,EQM_1,1,0.75,120,after_decay,original,4,peak_load_error,0.09727215160060891,0.027123459792406827,0.07014869180820209,2
SKS03,SKS02,EQM_1,1,0.75,120,after_decay,original,4,profile_nrmse,0.07416500073364683,0.12743472627216207,-0.05326972553851523,2
SKS03,SKS02,EQM_1,1,0.75,120,before_decay,boundary_retained,2,peak_depth_error,0.42857142857142855,0.14285714285714282,0.2857142857142857,2
SKS03,SKS02,EQM_1,1,0.75,120,before_decay,boundary_retained,2,peak_load_error,0.1705883869744378,0.0848688829659341,0.0857195040085037,2
SKS03,SKS02,EQM_1,1,0.75,120,before_decay,boundary_retained,2,profile_nrmse,0.12013839678585417,0.23165791045825285,-0.11151951367239869,2
SKS03,SKS02,EQM_1,1,0.75,120,before_decay,boundary_retained,3,peak_depth_error,0.14285714285714282,0.07142857142857142,0.0714285714285714,2
SKS03,SKS02,EQM_1,1,0.75,120,before_decay,boundary_retained,3,peak_load_error,0.05808007634196843,0.07771278418140415,-0.01963270783943572,2
SKS03,SKS02,EQM_1,1,0.75,120,before_decay,boundary_retained,3,profile_nrmse,0.06377051604961277,0.14281029462647532,-0.07903977857686256,2
SKS03,SKS02,EQM_1,1,0.75,120,before_decay,boundary_retained,4,peak_depth_error,0.14285714285714285,0.07142857142857142,0.07142857142857142,2
SKS03,SKS02,EQM_1,1,0.75,120,before_decay,boundary_retained,4,peak_load_error,0.09924703390159904,0.03793263425730464,0.0613143996442944,2
SKS03,SKS02,EQM_1,1,0.75,120,before_decay,boundary_retained,4,profile_nrmse,0.06974167663879452,0.1290480066260432,-0.05930632998724871,2
SKS03,SKS02,EQM_1,1,0.75,120,before_decay,original,2,peak_depth_error,0.14285714285714282,0.14285714285714282,0.0,2
SKS03,SKS02,EQM_1,1,0.75,120,before_decay,original,2,peak_load_error,0.05808007634196843,0.0848688829659341,-0.026788806623965676,2
SKS03,SKS02,EQM_1,1,0.75,120,before_decay,original,2,profile_nrmse,0.13034929056553743,0.23165791045825285,-0.10130861989271542,2
SKS03,SKS02,EQM_1,1,0.75,120,before_decay,original,3,peak_depth_error,0.14285714285714285,0.07142857142857142,0.07142857142857142,2
SKS03,SKS02,EQM_1,1,0.75,120,before_decay,original,3,peak_load_error,0.09924703390159904,0.07771278418140415,0.021534249720194895,2
SKS03,SKS02,EQM_1,1,0.75,120,before_decay,original,3,profile_nrmse,0.09789923554775781,0.14281029462647532,-0.04491105907871752,2
SKS03,SKS02,EQM_1,1,0.75,120,before_decay,original,4,peak_depth_error,0.14285714285714285,0.07142857142857142,0.07142857142857142,2
SKS03,SKS02,EQM_1,1,0.75,120,before_decay,original,4,peak_load_error,0.09924703390159904,0.03793263425730464,0.0613143996442944,2
SKS03,SKS02,EQM_1,1,0.75,120,before_decay,original,4,profile_nrmse,0.06974167663879452,0.1290480066260432,-0.05930632998724871,2
SKS03,SKS02,EQM_1,1,0.75,120,shaking,boundary_retained,2,peak_depth_error,0.5,0.14285714285714282,0.35714285714285715,2
SKS03,SKS02,EQM_1,1,0.75,120,shaking,boundary_retained,2,peak_load_error,0.22651266762325134,0.06844154361751456,0.15807112400573675,2
SKS03,SKS02,EQM_1,1,0.75,120,shaking,boundary_retained,2,profile_nrmse,0.15093674877305222,0.2215684739020623,-0.07063172512901009,2
SKS03,SKS02,EQM_1,1,0.75,120,shaking,boundary_retained,3,peak_depth_error,0.21428571428571425,0.14285714285714285,0.0714285714285714,2
SKS03,SKS02,EQM_1,1,0.75,120,shaking,boundary_retained,3,peak_load_error,0.06638488533151436,0.11013002266522695,-0.04374513733371259,2
SKS03,SKS02,EQM_1,1,0.75,120,shaking,boundary_retained,3,profile_nrmse,0.07392051695152553,0.14873269398251815,-0.07481217703099263,2
SKS03,SKS02,EQM_1,1,0.75,120,shaking,boundary_retained,4,peak_depth_error,0.21428571428571427,0.07142857142857142,0.14285714285714285,2
SKS03,SKS02,EQM_1,1,0.75,120,shaking,boundary_retained,4,peak_load_error,0.13727337262016445,0.023561737845452346,0.1137116347747121,2
SKS03,SKS02,EQM_1,1,0.75,120,shaking,boundary_retained,4,profile_nrmse,0.08254903357926725,0.12331555845612703,-0.04076652487685978,2
SKS03,SKS02,EQM_1,1,0.75,120,shaking,original,2,peak_depth_error,0.21428571428571425,0.14285714285714282,0.07142857142857142,2
SKS03,SKS02,EQM_1,1,0.75,120,shaking,original,2,peak_load_error,0.06638488533151436,0.06844154361751456,-0.002056658286000195,2
SKS03,SKS02,EQM_1,1,0.75,120,shaking,original,2,profile_nrmse,0.14762286261020743,0.2215684739020623,-0.07394561129185485,2
SKS03,SKS02,EQM_1,1,0.75,120,shaking,original,3,peak_depth_error,0.21428571428571427,0.14285714285714285,0.07142857142857142,2
SKS03,SKS02,EQM_1,1,0.75,120,shaking,original,3,peak_load_error,0.13727337262016445,0.11013002266522695,0.0271433499549375,2
SKS03,SKS02,EQM_1,1,0.75,120,shaking,original,3,profile_nrmse,0.11330157798193005,0.14873269398251815,-0.03543111600058811,2
SKS03,SKS02,EQM_1,1,0.75,120,shaking,original,4,peak_depth_error,0.21428571428571427,0.07142857142857142,0.14285714285714285,2
SKS03,SKS02,EQM_1,1,0.75,120,shaking,original,4,peak_load_error,0.13727337262016445,0.023561737845452346,0.1137116347747121,2
SKS03,SKS02,EQM_1,1,0.75,120,shaking,original,4,profile_nrmse,0.08254903357926725,0.12331555845612703,-0.04076652487685978,2
SKS03,SKS02,EQM_1,1,0.75,240,after_decay,boundary_retained,2,peak_depth_error,0.42857142857142855,0.14285714285714282,0.2857142857142857,2
SKS03,SKS02,EQM_1,1,0.75,240,after_decay,boundary_retained,2,peak_load_error,0.19407549857947437,0.09183653323230263,0.10223896534717172,2
SKS03,SKS02,EQM_1,1,0.75,240,after_decay,boundary_retained,2,profile_nrmse,0.1250403418113579,0.23049266377863326,-0.10545232196727536,2
SKS03,SKS02,EQM_1,1,0.75,240,after_decay,boundary_retained,3,peak_depth_error,0.14285714285714282,0.07142857142857142,0.0714285714285714,2
SKS03,SKS02,EQM_1,1,0.75,240,after_decay,boundary_retained,3,peak_load_error,0.08723281996473578,0.0737807401530368,0.013452079811698978,2
SKS03,SKS02,EQM_1,1,0.75,240,after_decay,boundary_retained,3,profile_nrmse,0.07013492708957525,0.14098732694030794,-0.07085239985073269,2
SKS03,SKS02,EQM_1,1,0.75,240,after_decay,boundary_retained,4,peak_depth_error,0.14285714285714285,0.07142857142857142,0.07142857142857142,2
SKS03,SKS02,EQM_1,1,0.75,240,after_decay,boundary_retained,4,peak_load_error,0.09730352984338875,0.02708558235844419,0.07021794748494456,2
SKS03,SKS02,EQM_1,1,0.75,240,after_decay,boundary_retained,4,profile_nrmse,0.07418299319130191,0.1274196923328012,-0.05323669914149929,2
SKS03,SKS02,EQM_1,1,0.75,240,after_decay,original,2,peak_depth_error,0.14285714285714282,0.14285714285714282,0.0,2
SKS03,SKS02,EQM_1,1,0.75,240,after_decay,original,2,peak_load_error,0.08723281996473578,0.09183653323230263,-0.004603713267566856,2
SKS03,SKS02,EQM_1,1,0.75,240,after_decay,original,2,profile_nrmse,0.13536301324142028,0.23049266377863326,-0.09512965053721296,2
SKS03,SKS02,EQM_1,1,0.75,240,after_decay,original,3,peak_depth_error,0.14285714285714285,0.07142857142857142,0.07142857142857142,2
SKS03,SKS02,EQM_1,1,0.75,240,after_decay,original,3,peak_load_error,0.09730352984338875,0.0737807401530368,0.023522789690351945,2
SKS03,SKS02,EQM_1,1,0.75,240,after_decay,original,3,profile_nrmse,0.10180179936215775,0.14098732694030794,-0.0391855275781502,2
SKS03,SKS02,EQM_1,1,0.75,240,after_decay,original,4,peak_depth_error,0.14285714285714285,0.07142857142857142,0.07142857142857142,2
SKS03,SKS02,EQM_1,1,0.75,240,after_decay,original,4,peak_load_error,0.09730352984338875,0.02708558235844419,0.07021794748494456,2
SKS03,SKS02,EQM_1,1,0.75,240,after_decay,original,4,profile_nrmse,0.07418299319130191,0.1274196923328012,-0.05323669914149929,2
SKS03,SKS02,EQM_1,1,0.75,240,before_decay,boundary_retained,2,peak_depth_error,0.42857142857142855,0.14285714285714282,0.2857142857142857,2
SKS03,SKS02,EQM_1,1,0.75,240,before_decay,boundary_retained,2,peak_load_error,0.17098416048116252,0.08491437816510661,0.08606978231605592,2
SKS03,SKS02,EQM_1,1,0.75,240,before_decay,boundary_retained,2,profile_nrmse,0.12013950062392365,0.2316793903432447,-0.11153988971932106,2
SKS03,SKS02,EQM_1,1,0.75,240,before_decay,boundary_retained,3,peak_depth_error,0.14285714285714282,0.07142857142857142,0.0714285714285714,2
SKS03,SKS02,EQM_1,1,0.75,240,before_decay,boundary_retained,3,peak_load_error,0.05807707780656001,0.07762733787356321,-0.0195502600670032,2
SKS03,SKS02,EQM_1,1,0.75,240,before_decay,boundary_retained,3,profile_nrmse,0.06377287125459452,0.1427945268517621,-0.07902165559716759,2
SKS03,SKS02,EQM_1,1,0.75,240,before_decay,boundary_retained,4,peak_depth_error,0.14285714285714285,0.07142857142857142,0.07142857142857142,2
SKS03,SKS02,EQM_1,1,0.75,240,before_decay,boundary_retained,4,peak_load_error,0.09964269160002144,0.037961799191713046,0.061680892408308395,2
SKS03,SKS02,EQM_1,1,0.75,240,before_decay,boundary_retained,4,profile_nrmse,0.06962692686358973,0.12903685096511852,-0.059409924101528774,2
SKS03,SKS02,EQM_1,1,0.75,240,before_decay,original,2,peak_depth_error,0.14285714285714282,0.14285714285714282,0.0,2
SKS03,SKS02,EQM_1,1,0.75,240,before_decay,original,2,peak_load_error,0.05807707780656001,0.08491437816510661,-0.026837300358546597,2
SKS03,SKS02,EQM_1,1,0.75,240,before_decay,original,2,profile_nrmse,0.13018569550792905,0.2316793903432447,-0.10149369483531566,2
SKS03,SKS02,EQM_1,1,0.75,240,before_decay,original,3,peak_depth_error,0.14285714285714285,0.07142857142857142,0.07142857142857142,2
SKS03,SKS02,EQM_1,1,0.75,240,before_decay,original,3,peak_load_error,0.09964269160002144,0.07762733787356321,0.02201535372645823,2
SKS03,SKS02,EQM_1,1,0.75,240,before_decay,original,3,profile_nrmse,0.09799149250778355,0.1427945268517621,-0.044803034343978566,2
SKS03,SKS02,EQM_1,1,0.75,240,before_decay,original,4,peak_depth_error,0.14285714285714285,0.07142857142857142,0.07142857142857142,2
SKS03,SKS02,EQM_1,1,0.75,240,before_decay,original,4,peak_load_error,0.09964269160002144,0.037961799191713046,0.061680892408308395,2
SKS03,SKS02,EQM_1,1,0.75,240,before_decay,original,4,profile_nrmse,0.06962692686358973,0.12903685096511852,-0.059409924101528774,2
SKS03,SKS02,EQM_1,1,0.75,240,shaking,boundary_retained,2,peak_depth_error,0.5,0.14285714285714282,0.35714285714285715,2
SKS03,SKS02,EQM_1,1,0.75,240,shaking,boundary_retained,2,peak_load_error,0.22654108442186688,0.06847269505044323,0.15806838937142365,2
SKS03,SKS02,EQM_1,1,0.75,240,shaking,boundary_retained,2,profile_nrmse,0.1509297496551359,0.22165250775721215,-0.07072275810207626,2
SKS03,SKS02,EQM_1,1,0.75,240,shaking,boundary_retained,3,peak_depth_error,0.21428571428571425,0.14285714285714285,0.0714285714285714,2
SKS03,SKS02,EQM_1,1,0.75,240,shaking,boundary_retained,3,peak_load_error,0.0664148436386742,0.11011420603354152,-0.043699362394867325,2
SKS03,SKS02,EQM_1,1,0.75,240,shaking,boundary_retained,3,profile_nrmse,0.07392371584632715,0.1488115382635809,-0.07488782241725372,2
SKS03,SKS02,EQM_1,1,0.75,240,shaking,boundary_retained,4,peak_depth_error,0.21428571428571427,0.07142857142857142,0.14285714285714285,2
SKS03,SKS02,EQM_1,1,0.75,240,shaking,boundary_retained,4,peak_load_error,0.13724157620569466,0.02361013420994546,0.1136314419957492,2
SKS03,SKS02,EQM_1,1,0.75,240,shaking,boundary_retained,4,profile_nrmse,0.08254728946887323,0.12336563482506699,-0.040818345356193754,2
SKS03,SKS02,EQM_1,1,0.75,240,shaking,original,2,peak_depth_error,0.21428571428571425,0.14285714285714282,0.07142857142857142,2
SKS03,SKS02,EQM_1,1,0.75,240,shaking,original,2,peak_load_error,0.0664148436386742,0.06847269505044323,-0.0020578514117690384,2
SKS03,SKS02,EQM_1,1,0.75,240,shaking,original,2,profile_nrmse,0.14759864556862312,0.22165250775721215,-0.07405386218858903,2
SKS03,SKS02,EQM_1,1,0.75,240,shaking,original,3,peak_depth_error,0.21428571428571427,0.14285714285714285,0.07142857142857142,2
SKS03,SKS02,EQM_1,1,0.75,240,shaking,original,3,peak_load_error,0.13724157620569466,0.11011420603354152,0.027127370172153137,2
SKS03,SKS02,EQM_1,1,0.75,240,shaking,original,3,profile_nrmse,0.11332531277547672,0.1488115382635809,-0.03548622548810416,2
SKS03,SKS02,EQM_1,1,0.75,240,shaking,original,4,peak_depth_error,0.21428571428571427,0.07142857142857142,0.14285714285714285,2
SKS03,SKS02,EQM_1,1,0.75,240,shaking,original,4,peak_load_error,0.13724157620569466,0.02361013420994546,0.1136314419957492,2
SKS03,SKS02,EQM_1,1,0.75,240,shaking,original,4,profile_nrmse,0.08254728946887323,0.12336563482506699,-0.040818345356193754,2
SKS03,SKS02,EQM_2,0,0.25,120,after_decay,boundary_retained,2,peak_depth_error,0.42857142857142855,0.14285714285714282,0.2857142857142857,2
SKS03,SKS02,EQM_2,0,0.25,120,after_decay,boundary_retained,2,peak_load_error,0.14049627193644726,0.11817789465700282,0.02231837727944444,2
SKS03,SKS02,EQM_2,0,0.25,120,after_decay,boundary_retained,2,profile_nrmse,0.11774400823317409,0.23354478890067293,-0.11580078066749885,2
SKS03,SKS02,EQM_2,0,0.25,120,after_decay,boundary_retained,3,peak_depth_error,0.14285714285714282,0.07142857142857142,0.0714285714285714,2
SKS03,SKS02,EQM_2,0,0.25,120,after_decay,boundary_retained,3,peak_load_error,0.09077143064728509,0.03154352316533587,0.05922790748194922,2
SKS03,SKS02,EQM_2,0,0.25,120,after_decay,boundary_retained,3,profile_nrmse,0.085312482602975,0.1348659743484626,-0.0495534917454876,2
SKS03,SKS02,EQM_2,0,0.25,120,after_decay,boundary_retained,4,peak_depth_error,0.14285714285714285,0.07142857142857142,0.07142857142857142,2
SKS03,SKS02,EQM_2,0,0.25,120,after_decay,boundary_retained,4,peak_load_error,0.04704548641823801,0.03154352316533587,0.015501963252902144,2
SKS03,SKS02,EQM_2,0,0.25,120,after_decay,boundary_retained,4,profile_nrmse,0.05941506535088521,0.13072768102739032,-0.0713126156765051,2
SKS03,SKS02,EQM_2,0,0.25,120,after_decay,original,2,peak_depth_error,0.14285714285714282,0.14285714285714282,0.0,2
SKS03,SKS02,EQM_2,0,0.25,120,after_decay,original,2,peak_load_error,0.09077143064728509,0.11817789465700282,-0.027406464009717732,2
SKS03,SKS02,EQM_2,0,0.25,120,after_decay,original,2,profile_nrmse,0.1354392487979955,0.23354478890067293,-0.09810554010267744,2
SKS03,SKS02,EQM_2,0,0.25,120,after_decay,original,3,peak_depth_error,0.14285714285714285,0.07142857142857142,0.07142857142857142,2
SKS03,SKS02,EQM_2,0,0.25,120,after_decay,original,3,peak_load_error,0.04704548641823801,0.03154352316533587,0.015501963252902144,2
SKS03,SKS02,EQM_2,0,0.25,120,after_decay,original,3,profile_nrmse,0.10321767302147722,0.1348659743484626,-0.03164830132698538,2
SKS03,SKS02,EQM_2,0,0.25,120,after_decay,original,4,peak_depth_error,0.14285714285714285,0.07142857142857142,0.07142857142857142,2
SKS03,SKS02,EQM_2,0,0.25,120,after_decay,original,4,peak_load_error,0.04704548641823801,0.03154352316533587,0.015501963252902144,2
SKS03,SKS02,EQM_2,0,0.25,120,after_decay,original,4,profile_nrmse,0.05941506535088521,0.13072768102739032,-0.0713126156765051,2
SKS03,SKS02,EQM_2,0,0.25,120,before_decay,boundary_retained,2,peak_depth_error,0.42857142857142855,0.14285714285714282,0.2857142857142857,2
SKS03,SKS02,EQM_2,0,0.25,120,before_decay,boundary_retained,2,peak_load_error,0.12018640961011354,0.1150683527448173,0.00511805686529624,2
SKS03,SKS02,EQM_2,0,0.25,120,before_decay,boundary_retained,2,profile_nrmse,0.11602610169791769,0.24984694877846844,-0.13382084708055075,2
SKS03,SKS02,EQM_2,0,0.25,120,before_decay,boundary_retained,3,peak_depth_error,0.14285714285714282,0.07142857142857142,0.0714285714285714,2
SKS03,SKS02,EQM_2,0,0.25,120,before_decay,boundary_retained,3,peak_load_error,0.05964493450467826,0.035141916949803696,0.024503017554874565,2
SKS03,SKS02,EQM_2,0,0.25,120,before_decay,boundary_retained,3,profile_nrmse,0.07895183693992082,0.14128002603936884,-0.06232818909944801,2
SKS03,SKS02,EQM_2,0,0.25,120,before_decay,boundary_retained,4,peak_depth_error,0.14285714285714285,0.07142857142857142,0.07142857142857142,2
SKS03,SKS02,EQM_2,0,0.25,120,before_decay,boundary_retained,4,peak_load_error,0.048493574235554775,0.035141916949803696,0.013351657285751078,2
SKS03,SKS02,EQM_2,0,0.25,120,before_decay,boundary_retained,4,profile_nrmse,0.05326209612350053,0.1381920321124734,-0.08492993598897289,2
SKS03,SKS02,EQM_2,0,0.25,120,before_decay,original,2,peak_depth_error,0.14285714285714282,0.14285714285714282,0.0,2
SKS03,SKS02,EQM_2,0,0.25,120,before_decay,original,2,peak_load_error,0.05964493450467826,0.1150683527448173,-0.05542341824013904,2
SKS03,SKS02,EQM_2,0,0.25,120,before_decay,original,2,profile_nrmse,0.13705401110771825,0.24984694877846844,-0.11279293767075017,2
SKS03,SKS02,EQM_2,0,0.25,120,before_decay,original,3,peak_depth_error,0.14285714285714285,0.07142857142857142,0.07142857142857142,2
SKS03,SKS02,EQM_2,0,0.25,120,before_decay,original,3,peak_load_error,0.048493574235554775,0.035141916949803696,0.013351657285751078,2
SKS03,SKS02,EQM_2,0,0.25,120,before_decay,original,3,profile_nrmse,0.09916295894163454,0.14128002603936884,-0.04211706709773428,2
SKS03,SKS02,EQM_2,0,0.25,120,before_decay,original,4,peak_depth_error,0.14285714285714285,0.07142857142857142,0.07142857142857142,2
SKS03,SKS02,EQM_2,0,0.25,120,before_decay,original,4,peak_load_error,0.048493574235554775,0.035141916949803696,0.013351657285751078,2
SKS03,SKS02,EQM_2,0,0.25,120,before_decay,original,4,profile_nrmse,0.05326209612350053,0.1381920321124734,-0.08492993598897289,2
SKS03,SKS02,EQM_2,0,0.25,120,shaking,boundary_retained,2,peak_depth_error,0.5,0.14285714285714282,0.35714285714285715,2
SKS03,SKS02,EQM_2,0,0.25,120,shaking,boundary_retained,2,peak_load_error,0.2152433138147572,0.12696780766400198,0.08827550615075523,2
SKS03,SKS02,EQM_2,0,0.25,120,shaking,boundary_retained,2,profile_nrmse,0.15083348141678482,0.26234695998570035,-0.11151347856891553,2
SKS03,SKS02,EQM_2,0,0.25,120,shaking,boundary_retained,3,peak_depth_error,0.3571428571428571,0.14285714285714285,0.21428571428571427,2
SKS03,SKS02,EQM_2,0,0.25,120,shaking,boundary_retained,3,peak_load_error,0.08004977426723595,0.09056558314736035,-0.010515808880124412,2
SKS03,SKS02,EQM_2,0,0.25,120,shaking,boundary_retained,3,profile_nrmse,0.08849173271568274,0.15832946020914646,-0.06983772749346372,2
SKS03,SKS02,EQM_2,0,0.25,120,shaking,boundary_retained,4,peak_depth_error,0.14285714285714285,0.07142857142857142,0.07142857142857142,2
SKS03,SKS02,EQM_2,0,0.25,120,shaking,boundary_retained,4,peak_load_error,0.11704946474696896,0.06592144812678205,0.051128016620186914,2
SKS03,SKS02,EQM_2,0,0.25,120,shaking,boundary_retained,4,profile_nrmse,0.08624698018758245,0.14655171347504625,-0.060304733287463795,2
SKS03,SKS02,EQM_2,0,0.25,120,shaking,original,2,peak_depth_error,0.3571428571428571,0.14285714285714282,0.2142857142857143,2
SKS03,SKS02,EQM_2,0,0.25,120,shaking,original,2,peak_load_error,0.08004977426723595,0.12696780766400198,-0.04691803339676604,2
SKS03,SKS02,EQM_2,0,0.25,120,shaking,original,2,profile_nrmse,0.16914284887121883,0.26234695998570035,-0.0932041111144815,2
SKS03,SKS02,EQM_2,0,0.25,120,shaking,original,3,peak_depth_error,0.14285714285714285,0.14285714285714285,0.0,2
SKS03,SKS02,EQM_2,0,0.25,120,shaking,original,3,peak_load_error,0.11704946474696896,0.09056558314736035,0.026483881599608614,2
SKS03,SKS02,EQM_2,0,0.25,120,shaking,original,3,profile_nrmse,0.11724448181506306,0.15832946020914646,-0.041084978394083406,2
SKS03,SKS02,EQM_2,0,0.25,120,shaking,original,4,peak_depth_error,0.14285714285714285,0.07142857142857142,0.07142857142857142,2
SKS03,SKS02,EQM_2,0,0.25,120,shaking,original,4,peak_load_error,0.11704946474696896,0.06592144812678205,0.051128016620186914,2
SKS03,SKS02,EQM_2,0,0.25,120,shaking,original,4,profile_nrmse,0.08624698018758245,0.14655171347504625,-0.060304733287463795,2
SKS03,SKS02,EQM_2,0,0.25,240,after_decay,boundary_retained,2,peak_depth_error,0.42857142857142855,0.14285714285714282,0.2857142857142857,2
SKS03,SKS02,EQM_2,0,0.25,240,after_decay,boundary_retained,2,peak_load_error,0.14023068131159822,0.11815764689424012,0.022073034417358098,2
SKS03,SKS02,EQM_2,0,0.25,240,after_decay,boundary_retained,2,profile_nrmse,0.11774315141959536,0.23350047315964506,-0.11575732174004968,2
SKS03,SKS02,EQM_2,0,0.25,240,after_decay,boundary_retained,3,peak_depth_error,0.14285714285714282,0.07142857142857142,0.0714285714285714,2
SKS03,SKS02,EQM_2,0,0.25,240,after_decay,boundary_retained,3,peak_load_error,0.09077936216539297,0.03153023245355754,0.05924912971183543,2
SKS03,SKS02,EQM_2,0,0.25,240,after_decay,boundary_retained,3,profile_nrmse,0.08531537762088862,0.1348683817808327,-0.049553004159944104,2
SKS03,SKS02,EQM_2,0,0.25,240,after_decay,boundary_retained,4,peak_depth_error,0.14285714285714285,0.07142857142857142,0.07142857142857142,2
SKS03,SKS02,EQM_2,0,0.25,240,after_decay,boundary_retained,4,peak_load_error,0.046801663317649234,0.03153023245355754,0.015271430864091697,2
SKS03,SKS02,EQM_2,0,0.25,240,after_decay,boundary_retained,4,profile_nrmse,0.05945595657394574,0.1307387575989007,-0.07128280102495496,2
SKS03,SKS02,EQM_2,0,0.25,240,after_decay,original,2,peak_depth_error,0.14285714285714282,0.14285714285714282,0.0,2
SKS03,SKS02,EQM_2,0,0.25,240,after_decay,original,2,peak_load_error,0.09077936216539297,0.11815764689424012,-0.027378284728847152,2
SKS03,SKS02,EQM_2,0,0.25,240,after_decay,original,2,profile_nrmse,0.13544866524010554,0.23350047315964506,-0.0980518079195395,2
SKS03,SKS02,EQM_2,0,0.25,240,after_decay,original,3,peak_depth_error,0.14285714285714285,0.07142857142857142,0.07142857142857142,2
SKS03,SKS02,EQM_2,0,0.25,240,after_decay,original,3,peak_load_error,0.046801663317649234,0.03153023245355754,0.015271430864091697,2
SKS03,SKS02,EQM_2,0,0.25,240,after_decay,original,3,profile_nrmse,0.10321432244148382,0.1348683817808327,-0.031654059339348894,2
SKS03,SKS02,EQM_2,0,0.25,240,after_decay,original,4,peak_depth_error,0.14285714285714285,0.07142857142857142,0.07142857142857142,2
SKS03,SKS02,EQM_2,0,0.25,240,after_decay,original,4,peak_load_error,0.046801663317649234,0.03153023245355754,0.015271430864091697,2
SKS03,SKS02,EQM_2,0,0.25,240,after_decay,original,4,profile_nrmse,0.05945595657394574,0.1307387575989007,-0.07128280102495496,2
SKS03,SKS02,EQM_2,0,0.25,240,before_decay,boundary_retained,2,peak_depth_error,0.42857142857142855,0.14285714285714282,0.2857142857142857,2
SKS03,SKS02,EQM_2,0,0.25,240,before_decay,boundary_retained,2,peak_load_error,0.1175861112272276,0.11530527100351257,0.0022808402237150457,2
SKS03,SKS02,EQM_2,0,0.25,240,before_decay,boundary_retained,2,profile_nrmse,0.11537392325650359,0.2512691121695953,-0.1358951889130917,2
SKS03,SKS02,EQM_2,0,0.25,240,before_decay,boundary_retained,3,peak_depth_error,0.14285714285714282,0.07142857142857142,0.0714285714285714,2
SKS03,SKS02,EQM_2,0,0.25,240,before_decay,boundary_retained,3,peak_load_error,0.05738246223009257,0.0340652582262448,0.02331720400384777,2
SKS03,SKS02,EQM_2,0,0.25,240,before_decay,boundary_retained,3,profile_nrmse,0.07824666891331378,0.14228818405495233,-0.06404151514163856,2
SKS03,SKS02,EQM_2,0,0.25,240,before_decay,boundary_retained,4,peak_depth_error,0.14285714285714285,0.07142857142857142,0.07142857142857142,2
SKS03,SKS02,EQM_2,0,0.25,240,before_decay,boundary_retained,4,peak_load_error,0.04855964958048252,0.0340652582262448,0.014494391354237718,2
SKS03,SKS02,EQM_2,0,0.25,240,before_decay,boundary_retained,4,profile_nrmse,0.053141718065942894,0.1393697765632577,-0.0862280584973148,2
SKS03,SKS02,EQM_2,0,0.25,240,before_decay,original,2,peak_depth_error,0.14285714285714282,0.14285714285714282,0.0,2
SKS03,SKS02,EQM_2,0,0.25,240,before_decay,original,2,peak_load_error,0.05738246223009257,0.11530527100351257,-0.05792280877341999,2
SKS03,SKS02,EQM_2,0,0.25,240,before_decay,original,2,profile_nrmse,0.1362901233928711,0.2512691121695953,-0.1149789887767242,2
SKS03,SKS02,EQM_2,0,0.25,240,before_decay,original,3,peak_depth_error,0.14285714285714285,0.07142857142857142,0.07142857142857142,2
SKS03,SKS02,EQM_2,0,0.25,240,before_decay,original,3,peak_load_error,0.04855964958048252,0.0340652582262448,0.014494391354237718,2
SKS03,SKS02,EQM_2,0,0.25,240,before_decay,original,3,profile_nrmse,0.09895977311464432,0.14228818405495233,-0.04332841094030802,2
SKS03,SKS02,EQM_2,0,0.25,240,before_decay,original,4,peak_depth_error,0.14285714285714285,0.07142857142857142,0.07142857142857142,2
SKS03,SKS02,EQM_2,0,0.25,240,before_decay,original,4,peak_load_error,0.04855964958048252,0.0340652582262448,0.014494391354237718,2
SKS03,SKS02,EQM_2,0,0.25,240,before_decay,original,4,profile_nrmse,0.053141718065942894,0.1393697765632577,-0.0862280584973148,2
SKS03,SKS02,EQM_2,0,0.25,240,shaking,boundary_retained,2,peak_depth_error,0.5,0.14285714285714282,0.35714285714285715,2
SKS03,SKS02,EQM_2,0,0.25,240,shaking,boundary_retained,2,peak_load_error,0.21753038534738528,0.12674538135699198,0.09078500399039333,2
SKS03,SKS02,EQM_2,0,0.25,240,shaking,boundary_retained,2,profile_nrmse,0.1519467482670003,0.263217764056537,-0.11127101578953669,2
SKS03,SKS02,EQM_2,0,0.25,240,shaking,boundary_retained,3,peak_depth_error,0.3571428571428571,0.14285714285714285,0.21428571428571427,2
SKS03,SKS02,EQM_2,0,0.25,240,shaking,boundary_retained,3,peak_load_error,0.07670599683912531,0.08957131533373562,-0.012865318494610312,2
SKS03,SKS02,EQM_2,0,0.25,240,shaking,boundary_retained,3,profile_nrmse,0.08952720901445506,0.15868511138283975,-0.06915790236838468,2
SKS03,SKS02,EQM_2,0,0.25,240,shaking,boundary_retained,4,peak_depth_error,0.14285714285714285,0.07142857142857142,0.07142857142857142,2
SKS03,SKS02,EQM_2,0,0.25,240,shaking,boundary_retained,4,peak_load_error,0.11652842484474386,0.06596778273941839,0.05056064210532547,2
SKS03,SKS02,EQM_2,0,0.25,240,shaking,boundary_retained,4,profile_nrmse,0.08671756612155807,0.14684567245634572,-0.060128106334787663,2
SKS03,SKS02,EQM_2,0,0.25,240,shaking,original,2,peak_depth_error,0.3571428571428571,0.14285714285714282,0.2142857142857143,2
SKS03,SKS02,EQM_2,0,0.25,240,shaking,original,2,peak_load_error,0.07670599683912531,0.12674538135699198,-0.050039384517866665,2
SKS03,SKS02,EQM_2,0,0.25,240,shaking,original,2,profile_nrmse,0.1692847520937375,0.263217764056537,-0.09393301196279952,2
SKS03,SKS02,EQM_2,0,0.25,240,shaking,original,3,peak_depth_error,0.14285714285714285,0.14285714285714285,0.0,2
SKS03,SKS02,EQM_2,0,0.25,240,shaking,original,3,peak_load_error,0.11652842484474386,0.08957131533373562,0.026957109511008243,2
SKS03,SKS02,EQM_2,0,0.25,240,shaking,original,3,profile_nrmse,0.1174557542944007,0.15868511138283975,-0.04122935708843905,2
SKS03,SKS02,EQM_2,0,0.25,240,shaking,original,4,peak_depth_error,0.14285714285714285,0.07142857142857142,0.07142857142857142,2
SKS03,SKS02,EQM_2,0,0.25,240,shaking,original,4,peak_load_error,0.11652842484474386,0.06596778273941839,0.05056064210532547,2
SKS03,SKS02,EQM_2,0,0.25,240,shaking,original,4,profile_nrmse,0.08671756612155807,0.14684567245634572,-0.060128106334787663,2
SKS03,SKS02,EQM_2,0,0.5,120,after_decay,boundary_retained,2,peak_depth_error,0.42857142857142855,0.14285714285714282,0.2857142857142857,2
SKS03,SKS02,EQM_2,0,0.5,120,after_decay,boundary_retained,2,peak_load_error,0.1403991678767158,0.11842936700662292,0.02196980087009289,2
SKS03,SKS02,EQM_2,0,0.5,120,after_decay,boundary_retained,2,profile_nrmse,0.1177573513539093,0.2337952766184629,-0.11603792526455362,2
SKS03,SKS02,EQM_2,0,0.5,120,after_decay,boundary_retained,3,peak_depth_error,0.14285714285714282,0.07142857142857142,0.0714285714285714,2
SKS03,SKS02,EQM_2,0,0.5,120,after_decay,boundary_retained,3,peak_load_error,0.09078542496469752,0.03152832021608371,0.05925710474861381,2
SKS03,SKS02,EQM_2,0,0.5,120,after_decay,boundary_retained,3,profile_nrmse,0.08531452084032705,0.13493165215575337,-0.04961713131542633,2
SKS03,SKS02,EQM_2,0,0.5,120,after_decay,boundary_retained,4,peak_depth_error,0.14285714285714285,0.07142857142857142,0.07142857142857142,2
SKS03,SKS02,EQM_2,0,0.5,120,after_decay,boundary_retained,4,peak_load_error,0.046956979428514255,0.03152832021608371,0.015428659212430543,2
SKS03,SKS02,EQM_2,0,0.5,120,after_decay,boundary_retained,4,profile_nrmse,0.05964639156469376,0.13081864438493998,-0.07117225282024622,2
SKS03,SKS02,EQM_2,0,0.5,120,after_decay,original,2,peak_depth_error,0.14285714285714282,0.14285714285714282,0.0,2
SKS03,SKS02,EQM_2,0,0.5,120,after_decay,original,2,peak_load_error,0.09078542496469752,0.11842936700662292,-0.0276439420419254,2
SKS03,SKS02,EQM_2,0,0.5,120,after_decay,original,2,profile_nrmse,0.13584664399378912,0.2337952766184629,-0.09794863262467378,2
SKS03,SKS02,EQM_2,0,0.5,120,after_decay,original,3,peak_depth_error,0.14285714285714285,0.07142857142857142,0.07142857142857142,2
SKS03,SKS02,EQM_2,0,0.5,120,after_decay,original,3,peak_load_error,0.046956979428514255,0.03152832021608371,0.015428659212430543,2
SKS03,SKS02,EQM_2,0,0.5,120,after_decay,original,3,profile_nrmse,0.1032981568884632,0.13493165215575337,-0.031633495267290195,2
SKS03,SKS02,EQM_2,0,0.5,120,after_decay,original,4,peak_depth_error,0.14285714285714285,0.07142857142857142,0.07142857142857142,2
SKS03,SKS02,EQM_2,0,0.5,120,after_decay,original,4,peak_load_error,0.046956979428514255,0.03152832021608371,0.015428659212430543,2
SKS03,SKS02,EQM_2,0,0.5,120,after_decay,original,4,profile_nrmse,0.05964639156469376,0.13081864438493998,-0.07117225282024622,2
SKS03,SKS02,EQM_2,0,0.5,120,before_decay,boundary_retained,2,peak_depth_error,0.42857142857142855,0.14285714285714282,0.2857142857142857,2
SKS03,SKS02,EQM_2,0,0.5,120,before_decay,boundary_retained,2,peak_load_error,0.11365164999704502,0.11413535744904255,-0.00048370745199752957,2
SKS03,SKS02,EQM_2,0,0.5,120,before_decay,boundary_retained,2,profile_nrmse,0.11354365429232244,0.2507959028119159,-0.13725224851959344,2
SKS03,SKS02,EQM_2,0,0.5,120,before_decay,boundary_retained,3,peak_depth_error,0.14285714285714282,0.07142857142857142,0.0714285714285714,2
SKS03,SKS02,EQM_2,0,0.5,120,before_decay,boundary_retained,3,peak_load_error,0.053794113252601285,0.0351051444046479,0.01868896884795338,2
SKS03,SKS02,EQM_2,0,0.5,120,before_decay,boundary_retained,3,profile_nrmse,0.07685098304165047,0.14213429051820697,-0.0652833074765565,2
SKS03,SKS02,EQM_2,0,0.5,120,before_decay,boundary_retained,4,peak_depth_error,0.14285714285714285,0.07142857142857142,0.07142857142857142,2
SKS03,SKS02,EQM_2,0,0.5,120,before_decay,boundary_retained,4,peak_load_error,0.049350054560044966,0.0351051444046479,0.014244910155397063,2
SKS03,SKS02,EQM_2,0,0.5,120,before_decay,boundary_retained,4,profile_nrmse,0.052521111586861555,0.13939498229806,-0.08687387071119844,2
SKS03,SKS02,EQM_2,0,0.5,120,before_decay,original,2,peak_depth_error,0.14285714285714282,0.14285714285714282,0.0,2
SKS03,SKS02,EQM_2,0,0.5,120,before_decay,original,2,peak_load_error,0.053794113252601285,0.11413535744904255,-0.06034124419644126,2
SKS03,SKS02,EQM_2,0,0.5,120,before_decay,original,2,profile_nrmse,0.13590165210915403,0.2507959028119159,-0.11489425070276187,2
SKS03,SKS02,EQM_2,0,0.5,120,before_decay,original,3,peak_depth_error,0.14285714285714285,0.07142857142857142,0.07142857142857142,2
SKS03,SKS02,EQM_2,0,0.5,120,before_decay,original,3,peak_load_error,0.049350054560044966,0.0351051444046479,0.014244910155397063,2
SKS03,SKS02,EQM_2,0,0.5,120,before_decay,original,3,profile_nrmse,0.09856193351321907,0.14213429051820697,-0.04357235700498791,2
SKS03,SKS02,EQM_2,0,0.5,120,before_decay,original,4,peak_depth_error,0.14285714285714285,0.07142857142857142,0.07142857142857142,2
SKS03,SKS02,EQM_2,0,0.5,120,before_decay,original,4,peak_load_error,0.049350054560044966,0.0351051444046479,0.014244910155397063,2
SKS03,SKS02,EQM_2,0,0.5,120,before_decay,original,4,profile_nrmse,0.052521111586861555,0.13939498229806,-0.08687387071119844,2
SKS03,SKS02,EQM_2,0,0.5,120,shaking,boundary_retained,2,peak_depth_error,0.5,0.14285714285714282,0.35714285714285715,2
SKS03,SKS02,EQM_2,0,0.5,120,shaking,boundary_retained,2,peak_load_error,0.2152433138147572,0.12696780766400198,0.08827550615075523,2
SKS03,SKS02,EQM_2,0,0.5,120,shaking,boundary_retained,2,profile_nrmse,0.15083348141678482,0.26234695998570035,-0.11151347856891553,2
SKS03,SKS02,EQM_2,0,0.5,120,shaking,boundary_retained,3,peak_depth_error,0.3571428571428571,0.14285714285714285,0.21428571428571427,2
SKS03,SKS02,EQM_2,0,0.5,120,shaking,boundary_retained,3,peak_load_error,0.08004977426723595,0.09056558314736035,-0.010515808880124412,2
SKS03,SKS02,EQM_2,0,0.5,120,shaking,boundary_retained,3,profile_nrmse,0.08849173271568274,0.15832946020914646,-0.06983772749346372,2
SKS03,SKS02,EQM_2,0,0.5,120,shaking,boundary_retained,4,peak_depth_error,0.14285714285714285,0.07142857142857142,0.07142857142857142,2
SKS03,SKS02,EQM_2,0,0.5,120,shaking,boundary_retained,4,peak_load_error,0.11704946474696896,0.06592144812678205,0.051128016620186914,2
SKS03,SKS02,EQM_2,0,0.5,120,shaking,boundary_retained,4,profile_nrmse,0.08624698018758245,0.14655171347504625,-0.060304733287463795,2
SKS03,SKS02,EQM_2,0,0.5,120,shaking,original,2,peak_depth_error,0.3571428571428571,0.14285714285714282,0.2142857142857143,2
SKS03,SKS02,EQM_2,0,0.5,120,shaking,original,2,peak_load_error,0.08004977426723595,0.12696780766400198,-0.04691803339676604,2
SKS03,SKS02,EQM_2,0,0.5,120,shaking,original,2,profile_nrmse,0.16914284887121883,0.26234695998570035,-0.0932041111144815,2
SKS03,SKS02,EQM_2,0,0.5,120,shaking,original,3,peak_depth_error,0.14285714285714285,0.14285714285714285,0.0,2
SKS03,SKS02,EQM_2,0,0.5,120,shaking,original,3,peak_load_error,0.11704946474696896,0.09056558314736035,0.026483881599608614,2
SKS03,SKS02,EQM_2,0,0.5,120,shaking,original,3,profile_nrmse,0.11724448181506306,0.15832946020914646,-0.041084978394083406,2
SKS03,SKS02,EQM_2,0,0.5,120,shaking,original,4,peak_depth_error,0.14285714285714285,0.07142857142857142,0.07142857142857142,2
SKS03,SKS02,EQM_2,0,0.5,120,shaking,original,4,peak_load_error,0.11704946474696896,0.06592144812678205,0.051128016620186914,2
SKS03,SKS02,EQM_2,0,0.5,120,shaking,original,4,profile_nrmse,0.08624698018758245,0.14655171347504625,-0.060304733287463795,2
SKS03,SKS02,EQM_2,0,0.5,240,after_decay,boundary_retained,2,peak_depth_error,0.42857142857142855,0.14285714285714282,0.2857142857142857,2
SKS03,SKS02,EQM_2,0,0.5,240,after_decay,boundary_retained,2,peak_load_error,0.1404118535954619,0.11842550905243603,0.021986344543025872,2
SKS03,SKS02,EQM_2,0,0.5,240,after_decay,boundary_retained,2,profile_nrmse,0.11775257781470738,0.23379322335573513,-0.11604064554102773,2
SKS03,SKS02,EQM_2,0,0.5,240,after_decay,boundary_retained,3,peak_depth_error,0.14285714285714282,0.07142857142857142,0.0714285714285714,2
SKS03,SKS02,EQM_2,0,0.5,240,after_decay,boundary_retained,3,peak_load_error,0.09076383668295827,0.03153025503212452,0.059233581650833755,2
SKS03,SKS02,EQM_2,0,0.5,240,after_decay,boundary_retained,3,profile_nrmse,0.08530779509097264,0.13494869115362362,-0.04964089606265099,2
SKS03,SKS02,EQM_2,0,0.5,240,after_decay,boundary_retained,4,peak_depth_error,0.14285714285714285,0.07142857142857142,0.07142857142857142,2
SKS03,SKS02,EQM_2,0,0.5,240,after_decay,boundary_retained,4,peak_load_error,0.046959664425666035,0.03153025503212452,0.015429409393541517,2
SKS03,SKS02,EQM_2,0,0.5,240,after_decay,boundary_retained,4,profile_nrmse,0.05963731721907165,0.13084553597831264,-0.07120821875924098,2
SKS03,SKS02,EQM_2,0,0.5,240,after_decay,original,2,peak_depth_error,0.14285714285714282,0.14285714285714282,0.0,2
SKS03,SKS02,EQM_2,0,0.5,240,after_decay,original,2,peak_load_error,0.09076383668295827,0.11842550905243603,-0.027661672369477752,2
SKS03,SKS02,EQM_2,0,0.5,240,after_decay,original,2,profile_nrmse,0.1358507237155076,0.23379322335573513,-0.09794249964022753,2
SKS03,SKS02,EQM_2,0,0.5,240,after_decay,original,3,peak_depth_error,0.14285714285714285,0.07142857142857142,0.07142857142857142,2
SKS03,SKS02,EQM_2,0,0.5,240,after_decay,original,3,peak_load_error,0.046959664425666035,0.03153025503212452,0.015429409393541517,2
SKS03,SKS02,EQM_2,0,0.5,240,after_decay,original,3,profile_nrmse,0.10329399790987522,0.13494869115362362,-0.031654693243748415,2
SKS03,SKS02,EQM_2,0,0.5,240,after_decay,original,4,peak_depth_error,0.14285714285714285,0.07142857142857142,0.07142857142857142,2
SKS03,SKS02,EQM_2,0,0.5,240,after_decay,original,4,peak_load_error,0.046959664425666035,0.03153025503212452,0.015429409393541517,2
SKS03,SKS02,EQM_2,0,0.5,240,after_decay,original,4,profile_nrmse,0.05963731721907165,0.13084553597831264,-0.07120821875924098,2
SKS03,SKS02,EQM_2,0,0.5,240,before_decay,boundary_retained,2,peak_depth_error,0.42857142857142855,0.14285714285714282,0.2857142857142857,2
SKS03,SKS02,EQM_2,0,0.5,240,before_decay,boundary_retained,2,peak_load_error,0.11268870461824787,0.11416439311876125,-0.0014756885005133835,2
SKS03,SKS02,EQM_2,0,0.5,240,before_decay,boundary_retained,2,profile_nrmse,0.11342161469135481,0.25093115236598384,-0.137509537674629,2
SKS03,SKS02,EQM_2,0,0.5,240,before_decay,boundary_retained,3,peak_depth_error,0.14285714285714282,0.07142857142857142,0.0714285714285714,2
SKS03,SKS02,EQM_2,0,0.5,240,before_decay,boundary_retained,3,peak_load_error,0.053624876729392895,0.03452868673837631,0.019096189991016588,2
SKS03,SKS02,EQM_2,0,0.5,240,before_decay,boundary_retained,3,profile_nrmse,0.07690616174647927,0.14189688655715907,-0.0649907248106798,2
SKS03,SKS02,EQM_2,0,0.5,240,before_decay,boundary_retained,4,peak_depth_error,0.14285714285714285,0.07142857142857142,0.07142857142857142,2
SKS03,SKS02,EQM_2,0,0.5,240,before_decay,boundary_retained,4,peak_load_error,0.04882665308287046,0.03452868673837631,0.01429796634449415,2
SKS03,SKS02,EQM_2,0,0.5,240,before_decay,boundary_retained,4,profile_nrmse,0.05263294122050536,0.13913961461181307,-0.08650667339130769,2
SKS03,SKS02,EQM_2,0,0.5,240,before_decay,original,2,peak_depth_error,0.14285714285714282,0.14285714285714282,0.0,2
SKS03,SKS02,EQM_2,0,0.5,240,before_decay,original,2,peak_load_error,0.053624876729392895,0.11416439311876125,-0.06053951638936836,2
SKS03,SKS02,EQM_2,0,0.5,240,before_decay,original,2,profile_nrmse,0.13585442174514098,0.25093115236598384,-0.11507673062084284,2
SKS03,SKS02,EQM_2,0,0.5,240,before_decay,original,3,peak_depth_error,0.14285714285714285,0.07142857142857142,0.07142857142857142,2
SKS03,SKS02,EQM_2,0,0.5,240,before_decay,original,3,peak_load_error,0.04882665308287046,0.03452868673837631,0.01429796634449415,2
SKS03,SKS02,EQM_2,0,0.5,240,before_decay,original,3,profile_nrmse,0.09833650282910983,0.14189688655715907,-0.04356038372804925,2
SKS03,SKS02,EQM_2,0,0.5,240,before_decay,original,4,peak_depth_error,0.14285714285714285,0.07142857142857142,0.07142857142857142,2
SKS03,SKS02,EQM_2,0,0.5,240,before_decay,original,4,peak_load_error,0.04882665308287046,0.03452868673837631,0.01429796634449415,2
SKS03,SKS02,EQM_2,0,0.5,240,before_decay,original,4,profile_nrmse,0.05263294122050536,0.13913961461181307,-0.08650667339130769,2
SKS03,SKS02,EQM_2,0,0.5,240,shaking,boundary_retained,2,peak_depth_error,0.5,0.14285714285714282,0.35714285714285715,2
SKS03,SKS02,EQM_2,0,0.5,240,shaking,boundary_retained,2,peak_load_error,0.21753038534738528,0.12674538135699198,0.09078500399039333,2
SKS03,SKS02,EQM_2,0,0.5,240,shaking,boundary_retained,2,profile_nrmse,0.1519467482670003,0.263217764056537,-0.11127101578953669,2
SKS03,SKS02,EQM_2,0,0.5,240,shaking,boundary_retained,3,peak_depth_error,0.3571428571428571,0.14285714285714285,0.21428571428571427,2
SKS03,SKS02,EQM_2,0,0.5,240,shaking,boundary_retained,3,peak_load_error,0.07670599683912531,0.08957131533373562,-0.012865318494610312,2
SKS03,SKS02,EQM_2,0,0.5,240,shaking,boundary_retained,3,profile_nrmse,0.08952720901445506,0.15868511138283975,-0.06915790236838468,2
SKS03,SKS02,EQM_2,0,0.5,240,shaking,boundary_retained,4,peak_depth_error,0.14285714285714285,0.07142857142857142,0.07142857142857142,2
SKS03,SKS02,EQM_2,0,0.5,240,shaking,boundary_retained,4,peak_load_error,0.11652842484474386,0.06596778273941839,0.05056064210532547,2
SKS03,SKS02,EQM_2,0,0.5,240,shaking,boundary_retained,4,profile_nrmse,0.08671756612155807,0.14684567245634572,-0.060128106334787663,2
SKS03,SKS02,EQM_2,0,0.5,240,shaking,original,2,peak_depth_error,0.3571428571428571,0.14285714285714282,0.2142857142857143,2
SKS03,SKS02,EQM_2,0,0.5,240,shaking,original,2,peak_load_error,0.07670599683912531,0.12674538135699198,-0.050039384517866665,2
SKS03,SKS02,EQM_2,0,0.5,240,shaking,original,2,profile_nrmse,0.1692847520937375,0.263217764056537,-0.09393301196279952,2
SKS03,SKS02,EQM_2,0,0.5,240,shaking,original,3,peak_depth_error,0.14285714285714285,0.14285714285714285,0.0,2
SKS03,SKS02,EQM_2,0,0.5,240,shaking,original,3,peak_load_error,0.11652842484474386,0.08957131533373562,0.026957109511008243,2
SKS03,SKS02,EQM_2,0,0.5,240,shaking,original,3,profile_nrmse,0.1174557542944007,0.15868511138283975,-0.04122935708843905,2
SKS03,SKS02,EQM_2,0,0.5,240,shaking,original,4,peak_depth_error,0.14285714285714285,0.07142857142857142,0.07142857142857142,2
SKS03,SKS02,EQM_2,0,0.5,240,shaking,original,4,peak_load_error,0.11652842484474386,0.06596778273941839,0.05056064210532547,2
SKS03,SKS02,EQM_2,0,0.5,240,shaking,original,4,profile_nrmse,0.08671756612155807,0.14684567245634572,-0.060128106334787663,2
SKS03,SKS02,EQM_2,0,0.75,120,after_decay,boundary_retained,2,peak_depth_error,0.42857142857142855,0.14285714285714282,0.2857142857142857,2
SKS03,SKS02,EQM_2,0,0.75,120,after_decay,boundary_retained,2,peak_load_error,0.14054903137897848,0.11874602931886805,0.02180300206011042,2
SKS03,SKS02,EQM_2,0,0.75,120,after_decay,boundary_retained,2,profile_nrmse,0.11773515217528441,0.23388542077186783,-0.11615026859658342,2
SKS03,SKS02,EQM_2,0,0.75,120,after_decay,boundary_retained,3,peak_depth_error,0.14285714285714282,0.07142857142857142,0.0714285714285714,2
SKS03,SKS02,EQM_2,0,0.75,120,after_decay,boundary_retained,3,peak_load_error,0.09076653161499075,0.03159152207846427,0.059175009536526484,2
SKS03,SKS02,EQM_2,0,0.75,120,after_decay,boundary_retained,3,profile_nrmse,0.08531042212699375,0.13501683317693045,-0.049706411049936707,2
SKS03,SKS02,EQM_2,0,0.75,120,after_decay,boundary_retained,4,peak_depth_error,0.14285714285714285,0.07142857142857142,0.07142857142857142,2
SKS03,SKS02,EQM_2,0,0.75,120,after_decay,boundary_retained,4,peak_load_error,0.04707573546534078,0.03159152207846427,0.015484213386876514,2
SKS03,SKS02,EQM_2,0,0.75,120,after_decay,boundary_retained,4,profile_nrmse,0.05985181788531818,0.13091754454003862,-0.07106572665472044,2
SKS03,SKS02,EQM_2,0,0.75,120,after_decay,original,2,peak_depth_error,0.14285714285714282,0.14285714285714282,0.0,2
SKS03,SKS02,EQM_2,0,0.75,120,after_decay,original,2,peak_load_error,0.09076653161499075,0.11874602931886805,-0.027979497703877303,2
SKS03,SKS02,EQM_2,0,0.75,120,after_decay,original,2,profile_nrmse,0.1361992476562786,0.23388542077186783,-0.09768617311558923,2
SKS03,SKS02,EQM_2,0,0.75,120,after_decay,original,3,peak_depth_error,0.14285714285714285,0.07142857142857142,0.07142857142857142,2
SKS03,SKS02,EQM_2,0,0.75,120,after_decay,original,3,peak_load_error,0.04707573546534078,0.03159152207846427,0.015484213386876514,2
SKS03,SKS02,EQM_2,0,0.75,120,after_decay,original,3,profile_nrmse,0.10331227498537021,0.13501683317693045,-0.03170455819156023,2
SKS03,SKS02,EQM_2,0,0.75,120,after_decay,original,4,peak_depth_error,0.14285714285714285,0.07142857142857142,0.07142857142857142,2
SKS03,SKS02,EQM_2,0,0.75,120,after_decay,original,4,peak_load_error,0.04707573546534078,0.03159152207846427,0.015484213386876514,2
SKS03,SKS02,EQM_2,0,0.75,120,after_decay,original,4,profile_nrmse,0.05985181788531818,0.13091754454003862,-0.07106572665472044,2
SKS03,SKS02,EQM_2,0,0.75,120,before_decay,boundary_retained,2,peak_depth_error,0.42857142857142855,0.14285714285714282,0.2857142857142857,2
SKS03,SKS02,EQM_2,0,0.75,120,before_decay,boundary_retained,2,peak_load_error,0.10735915055879572,0.11502058869888197,-0.007661438140086255,2
SKS03,SKS02,EQM_2,0,0.75,120,before_decay,boundary_retained,2,profile_nrmse,0.11113750640523407,0.2546894360208389,-0.14355192961560484,2
SKS03,SKS02,EQM_2,0,0.75,120,before_decay,boundary_retained,3,peak_depth_error,0.14285714285714282,0.07142857142857142,0.0714285714285714,2
SKS03,SKS02,EQM_2,0,0.75,120,before_decay,boundary_retained,3,peak_load_error,0.048756733643980234,0.034929205194374764,0.01382752844960547,2
SKS03,SKS02,EQM_2,0,0.75,120,before_decay,boundary_retained,3,profile_nrmse,0.07600122344395602,0.14381359064141408,-0.06781236719745806,2
SKS03,SKS02,EQM_2,0,0.75,120,before_decay,boundary_retained,4,peak_depth_error,0.14285714285714285,0.07142857142857142,0.07142857142857142,2
SKS03,SKS02,EQM_2,0,0.75,120,before_decay,boundary_retained,4,peak_load_error,0.04824871353519309,0.034929205194374764,0.013319508340818326,2
SKS03,SKS02,EQM_2,0,0.75,120,before_decay,boundary_retained,4,profile_nrmse,0.053002604567388346,0.1411918743641533,-0.08818926979676496,2
SKS03,SKS02,EQM_2,0,0.75,120,before_decay,original,2,peak_depth_error,0.14285714285714282,0.14285714285714282,0.0,2
SKS03,SKS02,EQM_2,0,0.75,120,before_decay,original,2,peak_load_error,0.048756733643980234,0.11502058869888197,-0.06626385505490173,2
SKS03,SKS02,EQM_2,0,0.75,120,before_decay,original,2,profile_nrmse,0.13532091574714922,0.2546894360208389,-0.11936852027368969,2
SKS03,SKS02,EQM_2,0,0.75,120,before_decay,original,3,peak_depth_error,0.14285714285714285,0.07142857142857142,0.07142857142857142,2
SKS03,SKS02,EQM_2,0,0.75,120,before_decay,original,3,peak_load_error,0.04824871353519309,0.034929205194374764,0.013319508340818326,2
SKS03,SKS02,EQM_2,0,0.75,120,before_decay,original,3,profile_nrmse,0.0973183890975368,0.14381359064141408,-0.04649520154387729,2
SKS03,SKS02,EQM_2,0,0.75,120,before_decay,original,4,peak_depth_error,0.14285714285714285,0.07142857142857142,0.07142857142857142,2
SKS03,SKS02,EQM_2,0,0.75,120,before_decay,original,4,peak_load_error,0.04824871353519309,0.034929205194374764,0.013319508340818326,2
SKS03,SKS02,EQM_2,0,0.75,120,before_decay,original,4,profile_nrmse,0.053002604567388346,0.1411918743641533,-0.08818926979676496,2
SKS03,SKS02,EQM_2,0,0.75,120,shaking,boundary_retained,2,peak_depth_error,0.5,0.14285714285714282,0.35714285714285715,2
SKS03,SKS02,EQM_2,0,0.75,120,shaking,boundary_retained,2,peak_load_error,0.2152433138147572,0.12696780766400198,0.08827550615075523,2
SKS03,SKS02,EQM_2,0,0.75,120,shaking,boundary_retained,2,profile_nrmse,0.15083348141678482,0.26234695998570035,-0.11151347856891553,2
SKS03,SKS02,EQM_2,0,0.75,120,shaking,boundary_retained,3,peak_depth_error,0.3571428571428571,0.14285714285714285,0.21428571428571427,2
SKS03,SKS02,EQM_2,0,0.75,120,shaking,boundary_retained,3,peak_load_error,0.08004977426723595,0.09056558314736035,-0.010515808880124412,2
SKS03,SKS02,EQM_2,0,0.75,120,shaking,boundary_retained,3,profile_nrmse,0.08849173271568274,0.15832946020914646,-0.06983772749346372,2
SKS03,SKS02,EQM_2,0,0.75,120,shaking,boundary_retained,4,peak_depth_error,0.14285714285714285,0.07142857142857142,0.07142857142857142,2
SKS03,SKS02,EQM_2,0,0.75,120,shaking,boundary_retained,4,peak_load_error,0.11704946474696896,0.06592144812678205,0.051128016620186914,2
SKS03,SKS02,EQM_2,0,0.75,120,shaking,boundary_retained,4,profile_nrmse,0.08624698018758245,0.14655171347504625,-0.060304733287463795,2
SKS03,SKS02,EQM_2,0,0.75,120,shaking,original,2,peak_depth_error,0.3571428571428571,0.14285714285714282,0.2142857142857143,2
SKS03,SKS02,EQM_2,0,0.75,120,shaking,original,2,peak_load_error,0.08004977426723595,0.12696780766400198,-0.04691803339676604,2
SKS03,SKS02,EQM_2,0,0.75,120,shaking,original,2,profile_nrmse,0.16914284887121883,0.26234695998570035,-0.0932041111144815,2
SKS03,SKS02,EQM_2,0,0.75,120,shaking,original,3,peak_depth_error,0.14285714285714285,0.14285714285714285,0.0,2
SKS03,SKS02,EQM_2,0,0.75,120,shaking,original,3,peak_load_error,0.11704946474696896,0.09056558314736035,0.026483881599608614,2
SKS03,SKS02,EQM_2,0,0.75,120,shaking,original,3,profile_nrmse,0.11724448181506306,0.15832946020914646,-0.041084978394083406,2
SKS03,SKS02,EQM_2,0,0.75,120,shaking,original,4,peak_depth_error,0.14285714285714285,0.07142857142857142,0.07142857142857142,2
SKS03,SKS02,EQM_2,0,0.75,120,shaking,original,4,peak_load_error,0.11704946474696896,0.06592144812678205,0.051128016620186914,2
SKS03,SKS02,EQM_2,0,0.75,120,shaking,original,4,profile_nrmse,0.08624698018758245,0.14655171347504625,-0.060304733287463795,2
SKS03,SKS02,EQM_2,0,0.75,240,after_decay,boundary_retained,2,peak_depth_error,0.42857142857142855,0.14285714285714282,0.2857142857142857,2
SKS03,SKS02,EQM_2,0,0.75,240,after_decay,boundary_retained,2,peak_load_error,0.14037975328819374,0.11874385144993586,0.021635901838257865,2
SKS03,SKS02,EQM_2,0,0.75,240,after_decay,boundary_retained,2,profile_nrmse,0.11771760867086889,0.23391107516219373,-0.11619346649132484,2
SKS03,SKS02,EQM_2,0,0.75,240,after_decay,boundary_retained,3,peak_depth_error,0.14285714285714282,0.07142857142857142,0.0714285714285714,2
SKS03,SKS02,EQM_2,0,0.75,240,after_decay,boundary_retained,3,peak_load_error,0.09077401272983479,0.03153542402927989,0.0592385887005549,2
SKS03,SKS02,EQM_2,0,0.75,240,after_decay,boundary_retained,3,profile_nrmse,0.08531536702267248,0.13501303096709538,-0.04969766394442292,2
SKS03,SKS02,EQM_2,0,0.75,240,after_decay,boundary_retained,4,peak_depth_error,0.14285714285714285,0.07142857142857142,0.07142857142857142,2
SKS03,SKS02,EQM_2,0,0.75,240,after_decay,boundary_retained,4,peak_load_error,0.04700431955918835,0.03153542402927989,0.01546889552990846,2
SKS03,SKS02,EQM_2,0,0.75,240,after_decay,boundary_retained,4,profile_nrmse,0.05981901598084975,0.13088474436544856,-0.07106572838459879,2
SKS03,SKS02,EQM_2,0,0.75,240,after_decay,original,2,peak_depth_error,0.14285714285714282,0.14285714285714282,0.0,2
SKS03,SKS02,EQM_2,0,0.75,240,after_decay,original,2,peak_load_error,0.09077401272983479,0.11874385144993586,-0.027969838720101073,2
SKS03,SKS02,EQM_2,0,0.75,240,after_decay,original,2,profile_nrmse,0.13617712987203817,0.23391107516219373,-0.09773394529015557,2
SKS03,SKS02,EQM_2,0,0.75,240,after_decay,original,3,peak_depth_error,0.14285714285714285,0.07142857142857142,0.07142857142857142,2
SKS03,SKS02,EQM_2,0,0.75,240,after_decay,original,3,peak_load_error,0.04700431955918835,0.03153542402927989,0.01546889552990846,2
SKS03,SKS02,EQM_2,0,0.75,240,after_decay,original,3,profile_nrmse,0.10331828592492746,0.13501303096709538,-0.03169474504216793,2
SKS03,SKS02,EQM_2,0,0.75,240,after_decay,original,4,peak_depth_error,0.14285714285714285,0.07142857142857142,0.07142857142857142,2
SKS03,SKS02,EQM_2,0,0.75,240,after_decay,original,4,peak_load_error,0.04700431955918835,0.03153542402927989,0.01546889552990846,2
SKS03,SKS02,EQM_2,0,0.75,240,after_decay,original,4,profile_nrmse,0.05981901598084975,0.13088474436544856,-0.07106572838459879,2
SKS03,SKS02,EQM_2,0,0.75,240,before_decay,boundary_retained,2,peak_depth_error,0.42857142857142855,0.14285714285714282,0.2857142857142857,2
SKS03,SKS02,EQM_2,0,0.75,240,before_decay,boundary_retained,2,peak_load_error,0.1067216891633451,0.11471237352674113,-0.007990684363396026,2
SKS03,SKS02,EQM_2,0,0.75,240,before_decay,boundary_retained,2,profile_nrmse,0.11082802964281041,0.2549557654990047,-0.1441277358561943,2
SKS03,SKS02,EQM_2,0,0.75,240,before_decay,boundary_retained,3,peak_depth_error,0.14285714285714282,0.07142857142857142,0.0714285714285714,2
SKS03,SKS02,EQM_2,0,0.75,240,before_decay,boundary_retained,3,peak_load_error,0.04886719444911362,0.0347230295168444,0.014144164932269214,2
SKS03,SKS02,EQM_2,0,0.75,240,before_decay,boundary_retained,3,profile_nrmse,0.07594224013754702,0.14386827816578995,-0.06792603802824294,2
SKS03,SKS02,EQM_2,0,0.75,240,before_decay,boundary_retained,4,peak_depth_error,0.14285714285714285,0.07142857142857142,0.07142857142857142,2
SKS03,SKS02,EQM_2,0,0.75,240,before_decay,boundary_retained,4,peak_load_error,0.04817938387611222,0.0347230295168444,0.013456354359267814,2
SKS03,SKS02,EQM_2,0,0.75,240,before_decay,boundary_retained,4,profile_nrmse,0.05307405939882859,0.14113051547642474,-0.08805645607759617,2
SKS03,SKS02,EQM_2,0,0.75,240,before_decay,original,2,peak_depth_error,0.14285714285714282,0.14285714285714282,0.0,2
SKS03,SKS02,EQM_2,0,0.75,240,before_decay,original,2,peak_load_error,0.04886719444911362,0.11471237352674113,-0.06584517907762752,2
SKS03,SKS02,EQM_2,0,0.75,240,before_decay,original,2,profile_nrmse,0.13518647787529298,0.2549557654990047,-0.11976928762371175,2
SKS03,SKS02,EQM_2,0,0.75,240,before_decay,original,3,peak_depth_error,0.14285714285714285,0.07142857142857142,0.07142857142857142,2
SKS03,SKS02,EQM_2,0,0.75,240,before_decay,original,3,peak_load_error,0.04817938387611222,0.0347230295168444,0.013456354359267814,2
SKS03,SKS02,EQM_2,0,0.75,240,before_decay,original,3,profile_nrmse,0.09740232465409741,0.14386827816578995,-0.046465953511692554,2
SKS03,SKS02,EQM_2,0,0.75,240,before_decay,original,4,peak_depth_error,0.14285714285714285,0.07142857142857142,0.07142857142857142,2
SKS03,SKS02,EQM_2,0,0.75,240,before_decay,original,4,peak_load_error,0.04817938387611222,0.0347230295168444,0.013456354359267814,2
SKS03,SKS02,EQM_2,0,0.75,240,before_decay,original,4,profile_nrmse,0.05307405939882859,0.14113051547642474,-0.08805645607759617,2
SKS03,SKS02,EQM_2,0,0.75,240,shaking,boundary_retained,2,peak_depth_error,0.5,0.14285714285714282,0.35714285714285715,2
SKS03,SKS02,EQM_2,0,0.75,240,shaking,boundary_retained,2,peak_load_error,0.21753038534738528,0.12674538135699198,0.09078500399039333,2
SKS03,SKS02,EQM_2,0,0.75,240,shaking,boundary_retained,2,profile_nrmse,0.1519467482670003,0.263217764056537,-0.11127101578953669,2
SKS03,SKS02,EQM_2,0,0.75,240,shaking,boundary_retained,3,peak_depth_error,0.3571428571428571,0.14285714285714285,0.21428571428571427,2
SKS03,SKS02,EQM_2,0,0.75,240,shaking,boundary_retained,3,peak_load_error,0.07670599683912531,0.08957131533373562,-0.012865318494610312,2
SKS03,SKS02,EQM_2,0,0.75,240,shaking,boundary_retained,3,profile_nrmse,0.08952720901445506,0.15868511138283975,-0.06915790236838468,2
SKS03,SKS02,EQM_2,0,0.75,240,shaking,boundary_retained,4,peak_depth_error,0.14285714285714285,0.07142857142857142,0.07142857142857142,2
SKS03,SKS02,EQM_2,0,0.75,240,shaking,boundary_retained,4,peak_load_error,0.11652842484474386,0.06596778273941839,0.05056064210532547,2
SKS03,SKS02,EQM_2,0,0.75,240,shaking,boundary_retained,4,profile_nrmse,0.08671756612155807,0.14684567245634572,-0.060128106334787663,2
SKS03,SKS02,EQM_2,0,0.75,240,shaking,original,2,peak_depth_error,0.3571428571428571,0.14285714285714282,0.2142857142857143,2
SKS03,SKS02,EQM_2,0,0.75,240,shaking,original,2,peak_load_error,0.07670599683912531,0.12674538135699198,-0.050039384517866665,2
SKS03,SKS02,EQM_2,0,0.75,240,shaking,original,2,profile_nrmse,0.1692847520937375,0.263217764056537,-0.09393301196279952,2
SKS03,SKS02,EQM_2,0,0.75,240,shaking,original,3,peak_depth_error,0.14285714285714285,0.14285714285714285,0.0,2
SKS03,SKS02,EQM_2,0,0.75,240,shaking,original,3,peak_load_error,0.11652842484474386,0.08957131533373562,0.026957109511008243,2
SKS03,SKS02,EQM_2,0,0.75,240,shaking,original,3,profile_nrmse,0.1174557542944007,0.15868511138283975,-0.04122935708843905,2
SKS03,SKS02,EQM_2,0,0.75,240,shaking,original,4,peak_depth_error,0.14285714285714285,0.07142857142857142,0.07142857142857142,2
SKS03,SKS02,EQM_2,0,0.75,240,shaking,original,4,peak_load_error,0.11652842484474386,0.06596778273941839,0.05056064210532547,2
SKS03,SKS02,EQM_2,0,0.75,240,shaking,original,4,profile_nrmse,0.08671756612155807,0.14684567245634572,-0.060128106334787663,2
SKS03,SKS02,EQM_2,1,0.25,120,after_decay,boundary_retained,2,peak_depth_error,0.42857142857142855,0.14285714285714282,0.2857142857142857,2
SKS03,SKS02,EQM_2,1,0.25,120,after_decay,boundary_retained,2,peak_load_error,0.14040478550854502,0.11820165489942092,0.022203130609124093,2
SKS03,SKS02,EQM_2,1,0.25,120,after_decay,boundary_retained,2,profile_nrmse,0.1177411350139305,0.2336218908907275,-0.115880755876797,2
SKS03,SKS02,EQM_2,1,0.25,120,after_decay,boundary_retained,3,peak_depth_error,0.14285714285714282,0.07142857142857142,0.0714285714285714,2
SKS03,SKS02,EQM_2,1,0.25,120,after_decay,boundary_retained,3,peak_load_error,0.09077282550172741,0.03153025503212452,0.05924257046960289,2
SKS03,SKS02,EQM_2,1,0.25,120,after_decay,boundary_retained,3,profile_nrmse,0.08531418668485083,0.1348704916030508,-0.049556304918199984,2
SKS03,SKS02,EQM_2,1,0.25,120,after_decay,boundary_retained,4,peak_depth_error,0.14285714285714285,0.07142857142857142,0.07142857142857142,2
SKS03,SKS02,EQM_2,1,0.25,120,after_decay,boundary_retained,4,peak_load_error,0.046959664425666035,0.03153025503212452,0.015429409393541517,2
SKS03,SKS02,EQM_2,1,0.25,120,after_decay,boundary_retained,4,profile_nrmse,0.05937218084572208,0.13073926169619984,-0.07136708085047777,2
SKS03,SKS02,EQM_2,1,0.25,120,after_decay,original,2,peak_depth_error,0.14285714285714282,0.14285714285714282,0.0,2
SKS03,SKS02,EQM_2,1,0.25,120,after_decay,original,2,peak_load_error,0.09077282550172741,0.11820165489942092,-0.027428829397693505,2
SKS03,SKS02,EQM_2,1,0.25,120,after_decay,original,2,profile_nrmse,0.13545571058294067,0.2336218908907275,-0.09816618030778684,2
SKS03,SKS02,EQM_2,1,0.25,120,after_decay,original,3,peak_depth_error,0.14285714285714285,0.07142857142857142,0.07142857142857142,2
SKS03,SKS02,EQM_2,1,0.25,120,after_decay,original,3,peak_load_error,0.046959664425666035,0.03153025503212452,0.015429409393541517,2
SKS03,SKS02,EQM_2,1,0.25,120,after_decay,original,3,profile_nrmse,0.10319172329283727,0.1348704916030508,-0.03167876831021354,2
SKS03,SKS02,EQM_2,1,0.25,120,after_decay,original,4,peak_depth_error,0.14285714285714285,0.07142857142857142,0.07142857142857142,2
SKS03,SKS02,EQM_2,1,0.25,120,after_decay,original,4,peak_load_error,0.046959664425666035,0.03153025503212452,0.015429409393541517,2
SKS03,SKS02,EQM_2,1,0.25,120,after_decay,original,4,profile_nrmse,0.05937218084572208,0.13073926169619984,-0.07136708085047777,2
SKS03,SKS02,EQM_2,1,0.25,120,before_decay,boundary_retained,2,peak_depth_error,0.42857142857142855,0.14285714285714282,0.2857142857142857,2
SKS03,SKS02,EQM_2,1,0.25,120,before_decay,boundary_retained,2,peak_load_error,0.11831699901077083,0.11330655012886509,0.005010448881905737,2
SKS03,SKS02,EQM_2,1,0.25,120,before_decay,boundary_retained,2,profile_nrmse,0.11572063571300392,0.24961830255579948,-0.13389766684279558,2
SKS03,SKS02,EQM_2,1,0.25,120,before_decay,boundary_retained,3,peak_depth_error,0.14285714285714282,0.07142857142857142,0.0714285714285714,2
SKS03,SKS02,EQM_2,1,0.25,120,before_decay,boundary_retained,3,peak_load_error,0.05893976043597439,0.03368906217702542,0.02525069825894897,2
SKS03,SKS02,EQM_2,1,0.25,120,before_decay,boundary_retained,3,profile_nrmse,0.07863234670313676,0.1412677261740561,-0.06263537947091934,2
SKS03,SKS02,EQM_2,1,0.25,120,before_decay,boundary_retained,4,peak_depth_error,0.14285714285714285,0.07142857142857142,0.07142857142857142,2
SKS03,SKS02,EQM_2,1,0.25,120,before_decay,boundary_retained,4,peak_load_error,0.047860632767512,0.03368906217702542,0.014171570590486578,2
SKS03,SKS02,EQM_2,1,0.25,120,before_decay,boundary_retained,4,profile_nrmse,0.05299180436791891,0.13845519506874443,-0.08546339070082552,2
SKS03,SKS02,EQM_2,1,0.25,120,before_decay,original,2,peak_depth_error,0.14285714285714282,0.14285714285714282,0.0,2
SKS03,SKS02,EQM_2,1,0.25,120,before_decay,original,2,peak_load_error,0.05893976043597439,0.11330655012886509,-0.05436678969289071,2
SKS03,SKS02,EQM_2,1,0.25,120,before_decay,original,2,profile_nrmse,0.13634287041587823,0.24961830255579948,-0.11327543213992128,2
SKS03,SKS02,EQM_2,1,0.25,120,before_decay,original,3,peak_depth_error,0.14285714285714285,0.07142857142857142,0.07142857142857142,2
SKS03,SKS02,EQM_2,1,0.25,120,before_decay,original,3,peak_load_error,0.047860632767512,0.03368906217702542,0.014171570590486578,2
SKS03,SKS02,EQM_2,1,0.25,120,before_decay,original,3,profile_nrmse,0.09907910022518746,0.1412677261740561,-0.042188625948868644,2
SKS03,SKS02,EQM_2,1,0.25,120,before_decay,original,4,peak_depth_error,0.14285714285714285,0.07142857142857142,0.07142857142857142,2
SKS03,SKS02,EQM_2,1,0.25,120,before_decay,original,4,peak_load_error,0.047860632767512,0.03368906217702542,0.014171570590486578,2
SKS03,SKS02,EQM_2,1,0.25,120,before_decay,original,4,profile_nrmse,0.05299180436791891,0.13845519506874443,-0.08546339070082552,2
SKS03,SKS02,EQM_2,1,0.25,120,shaking,boundary_retained,2,peak_depth_error,0.42857142857142855,0.14285714285714282,0.2857142857142857,2
SKS03,SKS02,EQM_2,1,0.25,120,shaking,boundary_retained,2,peak_load_error,0.15953486968978886,0.09543683857913803,0.06409803111065085,2
SKS03,SKS02,EQM_2,1,0.25,120,shaking,boundary_retained,2,profile_nrmse,0.13317724267171346,0.23276324623936584,-0.09958600356765239,2
SKS03,SKS02,EQM_2,1,0.25,120,shaking,boundary_retained,3,peak_depth_error,0.14285714285714282,0.07142857142857142,0.0714285714285714,2
SKS03,SKS02,EQM_2,1,0.25,120,shaking,boundary_retained,3,peak_load_error,0.054631756188112564,0.07015769519552703,-0.015525939007414467,2
SKS03,SKS02,EQM_2,1,0.25,120,shaking,boundary_retained,3,profile_nrmse,0.07203326522512296,0.14216494500744065,-0.07013167978231769,2
SKS03,SKS02,EQM_2,1,0.25,120,shaking,boundary_retained,4,peak_depth_error,0.14285714285714285,0.07142857142857142,0.07142857142857142,2
SKS03,SKS02,EQM_2,1,0.25,120,shaking,boundary_retained,4,peak_load_error,0.0894340720890608,0.054136405483090067,0.03529766660597074,2
SKS03,SKS02,EQM_2,1,0.25,120,shaking,boundary_retained,4,profile_nrmse,0.06779700129177085,0.13079954780931077,-0.06300254651753992,2
SKS03,SKS02,EQM_2,1,0.25,120,shaking,original,2,peak_depth_error,0.14285714285714282,0.14285714285714282,0.0,2
SKS03,SKS02,EQM_2,1,0.25,120,shaking,original,2,peak_load_error,0.054631756188112564,0.09543683857913803,-0.04080508239102546,2
SKS03,SKS02,EQM_2,1,0.25,120,shaking,original,2,profile_nrmse,0.1473213672621232,0.23276324623936584,-0.08544187897724265,2
SKS03,SKS02,EQM_2,1,0.25,120,shaking,original,3,peak_depth_error,0.14285714285714285,0.07142857142857142,0.07142857142857142,2
SKS03,SKS02,EQM_2,1,0.25,120,shaking,original,3,peak_load_error,0.0894340720890608,0.07015769519552703,0.019276376893533773,2
SKS03,SKS02,EQM_2,1,0.25,120,shaking,original,3,profile_nrmse,0.10638218567076936,0.14216494500744065,-0.035782759336671285,2
SKS03,SKS02,EQM_2,1,0.25,120,shaking,original,4,peak_depth_error,0.14285714285714285,0.07142857142857142,0.07142857142857142,2
SKS03,SKS02,EQM_2,1,0.25,120,shaking,original,4,peak_load_error,0.0894340720890608,0.054136405483090067,0.03529766660597074,2
SKS03,SKS02,EQM_2,1,0.25,120,shaking,original,4,profile_nrmse,0.06779700129177085,0.13079954780931077,-0.06300254651753992,2
SKS03,SKS02,EQM_2,1,0.25,240,after_decay,boundary_retained,2,peak_depth_error,0.42857142857142855,0.14285714285714282,0.2857142857142857,2
SKS03,SKS02,EQM_2,1,0.25,240,after_decay,boundary_retained,2,peak_load_error,0.14031475367275456,0.11820892586139348,0.022105827811361077,2
SKS03,SKS02,EQM_2,1,0.25,240,after_decay,boundary_retained,2,profile_nrmse,0.11774587416114848,0.23355579163396864,-0.11580991747282017,2
SKS03,SKS02,EQM_2,1,0.25,240,after_decay,boundary_retained,3,peak_depth_error,0.14285714285714282,0.07142857142857142,0.0714285714285714,2
SKS03,SKS02,EQM_2,1,0.25,240,after_decay,boundary_retained,3,peak_load_error,0.09078452886884948,0.03152001154196618,0.0592645173268833,2
SKS03,SKS02,EQM_2,1,0.25,240,after_decay,boundary_retained,3,profile_nrmse,0.08531755261886874,0.1348704916030508,-0.04955293898418207,2
SKS03,SKS02,EQM_2,1,0.25,240,after_decay,boundary_retained,4,peak_depth_error,0.14285714285714285,0.07142857142857142,0.07142857142857142,2
SKS03,SKS02,EQM_2,1,0.25,240,after_decay,boundary_retained,4,peak_load_error,0.04686622387660223,0.03152001154196618,0.015346212334636046,2
SKS03,SKS02,EQM_2,1,0.25,240,after_decay,boundary_retained,4,profile_nrmse,0.059453224697534036,0.13075207670804778,-0.07129885201051375,2
SKS03,SKS02,EQM_2,1,0.25,240,after_decay,original,2,peak_depth_error,0.14285714285714282,0.14285714285714282,0.0,2
SKS03,SKS02,EQM_2,1,0.25,240,after_decay,original,2,peak_load_error,0.09078452886884948,0.11820892586139348,-0.027424396992543995,2
SKS03,SKS02,EQM_2,1,0.25,240,after_decay,original,2,profile_nrmse,0.1354540112160305,0.23355579163396864,-0.09810178041793811,2
SKS03,SKS02,EQM_2,1,0.25,240,after_decay,original,3,peak_depth_error,0.14285714285714285,0.07142857142857142,0.07142857142857142,2
SKS03,SKS02,EQM_2,1,0.25,240,after_decay,original,3,peak_load_error,0.04686622387660223,0.03152001154196618,0.015346212334636046,2
SKS03,SKS02,EQM_2,1,0.25,240,after_decay,original,3,profile_nrmse,0.1032232037016843,0.1348704916030508,-0.03164728790136651,2
SKS03,SKS02,EQM_2,1,0.25,240,after_decay,original,4,peak_depth_error,0.14285714285714285,0.07142857142857142,0.07142857142857142,2
SKS03,SKS02,EQM_2,1,0.25,240,after_decay,original,4,peak_load_error,0.04686622387660223,0.03152001154196618,0.015346212334636046,2
SKS03,SKS02,EQM_2,1,0.25,240,after_decay,original,4,profile_nrmse,0.059453224697534036,0.13075207670804778,-0.07129885201051375,2
SKS03,SKS02,EQM_2,1,0.25,240,before_decay,boundary_retained,2,peak_depth_error,0.42857142857142855,0.14285714285714282,0.2857142857142857,2
SKS03,SKS02,EQM_2,1,0.25,240,before_decay,boundary_retained,2,peak_load_error,0.11465321146104979,0.11330401197345524,0.0013491994875945365,2
SKS03,SKS02,EQM_2,1,0.25,240,before_decay,boundary_retained,2,profile_nrmse,0.11463446044349357,0.2504526640141141,-0.13581820357062052,2
SKS03,SKS02,EQM_2,1,0.25,240,before_decay,boundary_retained,3,peak_depth_error,0.14285714285714282,0.07142857142857142,0.0714285714285714,2
SKS03,SKS02,EQM_2,1,0.25,240,before_decay,boundary_retained,3,peak_load_error,0.05605079672806292,0.03367647221574604,0.022374324512316884,2
SKS03,SKS02,EQM_2,1,0.25,240,before_decay,boundary_retained,3,profile_nrmse,0.07783043032923154,0.14170858026468974,-0.0638781499354582,2
SKS03,SKS02,EQM_2,1,0.25,240,before_decay,boundary_retained,4,peak_depth_error,0.14285714285714285,0.07142857142857142,0.07142857142857142,2
SKS03,SKS02,EQM_2,1,0.25,240,before_decay,boundary_retained,4,peak_load_error,0.047817158004176914,0.03367647221574604,0.014140685788430876,2
SKS03,SKS02,EQM_2,1,0.25,240,before_decay,boundary_retained,4,profile_nrmse,0.05276524730338865,0.1389188096645554,-0.08615356236116672,2
SKS03,SKS02,EQM_2,1,0.25,240,before_decay,original,2,peak_depth_error,0.14285714285714282,0.14285714285714282,0.0,2
SKS03,SKS02,EQM_2,1,0.25,240,before_decay,original,2,peak_load_error,0.05605079672806292,0.11330401197345524,-0.05725321524539232,2
SKS03,SKS02,EQM_2,1,0.25,240,before_decay,original,2,profile_nrmse,0.13584050821047935,0.2504526640141141,-0.11461215580363475,2
SKS03,SKS02,EQM_2,1,0.25,240,before_decay,original,3,peak_depth_error,0.14285714285714285,0.07142857142857142,0.07142857142857142,2
SKS03,SKS02,EQM_2,1,0.25,240,before_decay,original,3,peak_load_error,0.047817158004176914,0.03367647221574604,0.014140685788430876,2
SKS03,SKS02,EQM_2,1,0.25,240,before_decay,original,3,profile_nrmse,0.09868893808062032,0.14170858026468974,-0.043019642184069416,2
SKS03,SKS02,EQM_2,1,0.25,240,before_decay,original,4,peak_depth_error,0.14285714285714285,0.07142857142857142,0.07142857142857142,2
SKS03,SKS02,EQM_2,1,0.25,240,before_decay,original,4,peak_load_error,0.047817158004176914,0.03367647221574604,0.014140685788430876,2
SKS03,SKS02,EQM_2,1,0.25,240,before_decay,original,4,profile_nrmse,0.05276524730338865,0.1389188096645554,-0.08615356236116672,2
SKS03,SKS02,EQM_2,1,0.25,240,shaking,boundary_retained,2,peak_depth_error,0.42857142857142855,0.14285714285714282,0.2857142857142857,2
SKS03,SKS02,EQM_2,1,0.25,240,shaking,boundary_retained,2,peak_load_error,0.1594718275590184,0.09532440432845876,0.06414742323055965,2
SKS03,SKS02,EQM_2,1,0.25,240,shaking,boundary_retained,2,profile_nrmse,0.133141593234617,0.23274389487309458,-0.09960230163847758,2
SKS03,SKS02,EQM_2,1,0.25,240,shaking,boundary_retained,3,peak_depth_error,0.14285714285714282,0.07142857142857142,0.0714285714285714,2
SKS03,SKS02,EQM_2,1,0.25,240,shaking,boundary_retained,3,peak_load_error,0.05462229247451159,0.07015769519552703,-0.015535402721015439,2
SKS03,SKS02,EQM_2,1,0.25,240,shaking,boundary_retained,3,profile_nrmse,0.07203605211522647,0.14223780415983514,-0.07020175204460866,2
SKS03,SKS02,EQM_2,1,0.25,240,shaking,boundary_retained,4,peak_depth_error,0.14285714285714285,0.07142857142857142,0.07142857142857142,2
SKS03,SKS02,EQM_2,1,0.25,240,shaking,boundary_retained,4,peak_load_error,0.08934989774947745,0.053974853534184825,0.035375044215292625,2
SKS03,SKS02,EQM_2,1,0.25,240,shaking,boundary_retained,4,profile_nrmse,0.06779580466027664,0.13084876436936757,-0.06305295970909092,2
SKS03,SKS02,EQM_2,1,0.25,240,shaking,original,2,peak_depth_error,0.14285714285714282,0.14285714285714282,0.0,2
SKS03,SKS02,EQM_2,1,0.25,240,shaking,original,2,peak_load_error,0.05462229247451159,0.09532440432845876,-0.04070211185394717,2
SKS03,SKS02,EQM_2,1,0.25,240,shaking,original,2,profile_nrmse,0.1473467298899511,0.23274389487309458,-0.08539716498314347,2
SKS03,SKS02,EQM_2,1,0.25,240,shaking,original,3,peak_depth_error,0.14285714285714285,0.07142857142857142,0.07142857142857142,2
SKS03,SKS02,EQM_2,1,0.25,240,shaking,original,3,peak_load_error,0.08934989774947745,0.07015769519552703,0.01919220255395042,2
SKS03,SKS02,EQM_2,1,0.25,240,shaking,original,3,profile_nrmse,0.10643739458688041,0.14223780415983514,-0.03580040957295473,2
SKS03,SKS02,EQM_2,1,0.25,240,shaking,original,4,peak_depth_error,0.14285714285714285,0.07142857142857142,0.07142857142857142,2
SKS03,SKS02,EQM_2,1,0.25,240,shaking,original,4,peak_load_error,0.08934989774947745,0.053974853534184825,0.035375044215292625,2
SKS03,SKS02,EQM_2,1,0.25,240,shaking,original,4,profile_nrmse,0.06779580466027664,0.13084876436936757,-0.06305295970909092,2
SKS03,SKS02,EQM_2,1,0.5,120,after_decay,boundary_retained,2,peak_depth_error,0.42857142857142855,0.14285714285714282,0.2857142857142857,2
SKS03,SKS02,EQM_2,1,0.5,120,after_decay,boundary_retained,2,peak_load_error,0.14037786301260025,0.11830457473230531,0.022073288280294937,2
SKS03,SKS02,EQM_2,1,0.5,120,after_decay,boundary_retained,2,profile_nrmse,0.1177605378831173,0.23376055360816358,-0.11600001572504628,2
SKS03,SKS02,EQM_2,1,0.5,120,after_decay,boundary_retained,3,peak_depth_error,0.14285714285714282,0.07142857142857142,0.0714285714285714,2
SKS03,SKS02,EQM_2,1,0.5,120,after_decay,boundary_retained,3,peak_load_error,0.09078542496469752,0.03155671202466272,0.0592287129400348,2
SKS03,SKS02,EQM_2,1,0.5,120,after_decay,boundary_retained,3,profile_nrmse,0.08532516367121762,0.1349461657861192,-0.049621002114901586,2
SKS03,SKS02,EQM_2,1,0.5,120,after_decay,boundary_retained,4,peak_depth_error,0.14285714285714285,0.07142857142857142,0.07142857142857142,2
SKS03,SKS02,EQM_2,1,0.5,120,after_decay,boundary_retained,4,peak_load_error,0.046923988541586595,0.03155671202466272,0.015367276516923878,2
SKS03,SKS02,EQM_2,1,0.5,120,after_decay,boundary_retained,4,profile_nrmse,0.05955952792844014,0.13080052484410426,-0.07124099691566413,2
SKS03,SKS02,EQM_2,1,0.5,120,after_decay,original,2,peak_depth_error,0.14285714285714282,0.14285714285714282,0.0,2
SKS03,SKS02,EQM_2,1,0.5,120,after_decay,original,2,peak_load_error,0.09078542496469752,0.11830457473230531,-0.02751914976760779,2
SKS03,SKS02,EQM_2,1,0.5,120,after_decay,original,2,profile_nrmse,0.13573437143587128,0.23376055360816358,-0.09802618217229231,2
SKS03,SKS02,EQM_2,1,0.5,120,after_decay,original,3,peak_depth_error,0.14285714285714285,0.07142857142857142,0.07142857142857142,2
SKS03,SKS02,EQM_2,1,0.5,120,after_decay,original,3,peak_load_error,0.046923988541586595,0.03155671202466272,0.015367276516923878,2
SKS03,SKS02,EQM_2,1,0.5,120,after_decay,original,3,profile_nrmse,0.10328693944635749,0.1349461657861192,-0.03165922633976172,2
SKS03,SKS02,EQM_2,1,0.5,120,after_decay,original,4,peak_depth_error,0.14285714285714285,0.07142857142857142,0.07142857142857142,2
SKS03,SKS02,EQM_2,1,0.5,120,after_decay,original,4,peak_load_error,0.046923988541586595,0.03155671202466272,0.015367276516923878,2
SKS03,SKS02,EQM_2,1,0.5,120,after_decay,original,4,profile_nrmse,0.05955952792844014,0.13080052484410426,-0.07124099691566413,2
SKS03,SKS02,EQM_2,1,0.5,120,before_decay,boundary_retained,2,peak_depth_error,0.42857142857142855,0.14285714285714282,0.2857142857142857,2
SKS03,SKS02,EQM_2,1,0.5,120,before_decay,boundary_retained,2,peak_load_error,0.11120595402752534,0.1123526399565627,-0.0011466859290373693,2
SKS03,SKS02,EQM_2,1,0.5,120,before_decay,boundary_retained,2,profile_nrmse,0.112970588029663,0.25049237231158644,-0.13752178428192344,2
SKS03,SKS02,EQM_2,1,0.5,120,before_decay,boundary_retained,3,peak_depth_error,0.14285714285714282,0.07142857142857142,0.0714285714285714,2
SKS03,SKS02,EQM_2,1,0.5,120,before_decay,boundary_retained,3,peak_load_error,0.05285931852858355,0.033689479568807974,0.019169838959775573,2
SKS03,SKS02,EQM_2,1,0.5,120,before_decay,boundary_retained,3,profile_nrmse,0.07668313889441222,0.14177046985429986,-0.06508733095988764,2
SKS03,SKS02,EQM_2,1,0.5,120,before_decay,boundary_retained,4,peak_depth_error,0.14285714285714285,0.07142857142857142,0.07142857142857142,2
SKS03,SKS02,EQM_2,1,0.5,120,before_decay,boundary_retained,4,peak_load_error,0.047826682265110325,0.033689479568807974,0.01413720269630235,2
SKS03,SKS02,EQM_2,1,0.5,120,before_decay,boundary_retained,4,profile_nrmse,0.05217557546432343,0.1390697189378919,-0.08689414347356848,2
SKS03,SKS02,EQM_2,1,0.5,120,before_decay,original,2,peak_depth_error,0.14285714285714282,0.14285714285714282,0.0,2
SKS03,SKS02,EQM_2,1,0.5,120,before_decay,original,2,peak_load_error,0.05285931852858355,0.1123526399565627,-0.059493321427979154,2
SKS03,SKS02,EQM_2,1,0.5,120,before_decay,original,2,profile_nrmse,0.13525296542665644,0.25049237231158644,-0.11523940688492999,2
SKS03,SKS02,EQM_2,1,0.5,120,before_decay,original,3,peak_depth_error,0.14285714285714285,0.07142857142857142,0.07142857142857142,2
SKS03,SKS02,EQM_2,1,0.5,120,before_decay,original,3,peak_load_error,0.047826682265110325,0.033689479568807974,0.01413720269630235,2
SKS03,SKS02,EQM_2,1,0.5,120,before_decay,original,3,profile_nrmse,0.0980454429157358,0.14177046985429986,-0.04372502693856406,2
SKS03,SKS02,EQM_2,1,0.5,120,before_decay,original,4,peak_depth_error,0.14285714285714285,0.07142857142857142,0.07142857142857142,2
SKS03,SKS02,EQM_2,1,0.5,120,before_decay,original,4,peak_load_error,0.047826682265110325,0.033689479568807974,0.01413720269630235,2
SKS03,SKS02,EQM_2,1,0.5,120,before_decay,original,4,profile_nrmse,0.05217557546432343,0.1390697189378919,-0.08689414347356848,2
SKS03,SKS02,EQM_2,1,0.5,120,shaking,boundary_retained,2,peak_depth_error,0.42857142857142855,0.14285714285714282,0.2857142857142857,2
SKS03,SKS02,EQM_2,1,0.5,120,shaking,boundary_retained,2,peak_load_error,0.15953486968978886,0.09543683857913803,0.06409803111065085,2
SKS03,SKS02,EQM_2,1,0.5,120,shaking,boundary_retained,2,profile_nrmse,0.13317724267171346,0.23276324623936584,-0.09958600356765239,2
SKS03,SKS02,EQM_2,1,0.5,120,shaking,boundary_retained,3,peak_depth_error,0.14285714285714282,0.07142857142857142,0.0714285714285714,2
SKS03,SKS02,EQM_2,1,0.5,120,shaking,boundary_retained,3,peak_load_error,0.054631756188112564,0.07015769519552703,-0.015525939007414467,2
SKS03,SKS02,EQM_2,1,0.5,120,shaking,boundary_retained,3,profile_nrmse,0.07203326522512296,0.14216494500744065,-0.07013167978231769,2
SKS03,SKS02,EQM_2,1,0.5,120,shaking,boundary_retained,4,peak_depth_error,0.14285714285714285,0.07142857142857142,0.07142857142857142,2
SKS03,SKS02,EQM_2,1,0.5,120,shaking,boundary_retained,4,peak_load_error,0.0894340720890608,0.054136405483090067,0.03529766660597074,2
SKS03,SKS02,EQM_2,1,0.5,120,shaking,boundary_retained,4,profile_nrmse,0.06779700129177085,0.13079954780931077,-0.06300254651753992,2
SKS03,SKS02,EQM_2,1,0.5,120,shaking,original,2,peak_depth_error,0.14285714285714282,0.14285714285714282,0.0,2
SKS03,SKS02,EQM_2,1,0.5,120,shaking,original,2,peak_load_error,0.054631756188112564,0.09543683857913803,-0.04080508239102546,2
SKS03,SKS02,EQM_2,1,0.5,120,shaking,original,2,profile_nrmse,0.1473213672621232,0.23276324623936584,-0.08544187897724265,2
SKS03,SKS02,EQM_2,1,0.5,120,shaking,original,3,peak_depth_error,0.14285714285714285,0.07142857142857142,0.07142857142857142,2
SKS03,SKS02,EQM_2,1,0.5,120,shaking,original,3,peak_load_error,0.0894340720890608,0.07015769519552703,0.019276376893533773,2
SKS03,SKS02,EQM_2,1,0.5,120,shaking,original,3,profile_nrmse,0.10638218567076936,0.14216494500744065,-0.035782759336671285,2
SKS03,SKS02,EQM_2,1,0.5,120,shaking,original,4,peak_depth_error,0.14285714285714285,0.07142857142857142,0.07142857142857142,2
SKS03,SKS02,EQM_2,1,0.5,120,shaking,original,4,peak_load_error,0.0894340720890608,0.054136405483090067,0.03529766660597074,2
SKS03,SKS02,EQM_2,1,0.5,120,shaking,original,4,profile_nrmse,0.06779700129177085,0.13079954780931077,-0.06300254651753992,2
SKS03,SKS02,EQM_2,1,0.5,240,after_decay,boundary_retained,2,peak_depth_error,0.42857142857142855,0.14285714285714282,0.2857142857142857,2
SKS03,SKS02,EQM_2,1,0.5,240,after_decay,boundary_retained,2,peak_load_error,0.14043596716051004,0.11851883020489516,0.021917136955614896,2
SKS03,SKS02,EQM_2,1,0.5,240,after_decay,boundary_retained,2,profile_nrmse,0.11775285045715184,0.2337803565528471,-0.11602750609569526,2
SKS03,SKS02,EQM_2,1,0.5,240,after_decay,boundary_retained,3,peak_depth_error,0.14285714285714282,0.07142857142857142,0.0714285714285714,2
SKS03,SKS02,EQM_2,1,0.5,240,after_decay,boundary_retained,3,peak_load_error,0.0907788300310787,0.031550673936871144,0.059228156094207556,2
SKS03,SKS02,EQM_2,1,0.5,240,after_decay,boundary_retained,3,profile_nrmse,0.08531205168709591,0.13490494486448495,-0.04959289317738905,2
SKS03,SKS02,EQM_2,1,0.5,240,after_decay,boundary_retained,4,peak_depth_error,0.14285714285714285,0.07142857142857142,0.07142857142857142,2
SKS03,SKS02,EQM_2,1,0.5,240,after_decay,boundary_retained,4,peak_load_error,0.04700431955918835,0.031550673936871144,0.015453645622317207,2
SKS03,SKS02,EQM_2,1,0.5,240,after_decay,boundary_retained,4,profile_nrmse,0.05959707000259088,0.1308507801380286,-0.07125371013543771,2
SKS03,SKS02,EQM_2,1,0.5,240,after_decay,original,2,peak_depth_error,0.14285714285714282,0.14285714285714282,0.0,2
SKS03,SKS02,EQM_2,1,0.5,240,after_decay,original,2,peak_load_error,0.0907788300310787,0.11851883020489516,-0.027740000173816462,2
SKS03,SKS02,EQM_2,1,0.5,240,after_decay,original,2,profile_nrmse,0.13581690340148872,0.2337803565528471,-0.09796345315135838,2
SKS03,SKS02,EQM_2,1,0.5,240,after_decay,original,3,peak_depth_error,0.14285714285714285,0.07142857142857142,0.07142857142857142,2
SKS03,SKS02,EQM_2,1,0.5,240,after_decay,original,3,peak_load_error,0.04700431955918835,0.031550673936871144,0.015453645622317207,2
SKS03,SKS02,EQM_2,1,0.5,240,after_decay,original,3,profile_nrmse,0.10328817406353702,0.13490494486448495,-0.03161677080094794,2
SKS03,SKS02,EQM_2,1,0.5,240,after_decay,original,4,peak_depth_error,0.14285714285714285,0.07142857142857142,0.07142857142857142,2
SKS03,SKS02,EQM_2,1,0.5,240,after_decay,original,4,peak_load_error,0.04700431955918835,0.031550673936871144,0.015453645622317207,2
SKS03,SKS02,EQM_2,1,0.5,240,after_decay,original,4,profile_nrmse,0.05959707000259088,0.1308507801380286,-0.07125371013543771,2
SKS03,SKS02,EQM_2,1,0.5,240,before_decay,boundary_retained,2,peak_depth_error,0.42857142857142855,0.14285714285714282,0.2857142857142857,2
SKS03,SKS02,EQM_2,1,0.5,240,before_decay,boundary_retained,2,peak_load_error,0.11088769061561025,0.11230057267791568,-0.0014128820623054358,2
SKS03,SKS02,EQM_2,1,0.5,240,before_decay,boundary_retained,2,profile_nrmse,0.11282369489624197,0.25085885527364754,-0.13803516037740557,2
SKS03,SKS02,EQM_2,1,0.5,240,before_decay,boundary_retained,3,peak_depth_error,0.14285714285714282,0.07142857142857142,0.0714285714285714,2
SKS03,SKS02,EQM_2,1,0.5,240,before_decay,boundary_retained,3,peak_load_error,0.05276736140207261,0.03365212308800338,0.01911523831406923,2
SKS03,SKS02,EQM_2,1,0.5,240,before_decay,boundary_retained,3,profile_nrmse,0.07669358483441216,0.14200587304730067,-0.06531228821288852,2
SKS03,SKS02,EQM_2,1,0.5,240,before_decay,boundary_retained,4,peak_depth_error,0.14285714285714285,0.07142857142857142,0.07142857142857142,2
SKS03,SKS02,EQM_2,1,0.5,240,before_decay,boundary_retained,4,peak_load_error,0.04774823940391831,0.03365212308800338,0.014096116315914932,2
SKS03,SKS02,EQM_2,1,0.5,240,before_decay,boundary_retained,4,profile_nrmse,0.05236049426897074,0.13926594281243382,-0.08690544854346308,2
SKS03,SKS02,EQM_2,1,0.5,240,before_decay,original,2,peak_depth_error,0.14285714285714282,0.14285714285714282,0.0,2
SKS03,SKS02,EQM_2,1,0.5,240,before_decay,original,2,peak_load_error,0.05276736140207261,0.11230057267791568,-0.05953321127584308,2
SKS03,SKS02,EQM_2,1,0.5,240,before_decay,original,2,profile_nrmse,0.135220454612007,0.25085885527364754,-0.11563840066164054,2
SKS03,SKS02,EQM_2,1,0.5,240,before_decay,original,3,peak_depth_error,0.14285714285714285,0.07142857142857142,0.07142857142857142,2
SKS03,SKS02,EQM_2,1,0.5,240,before_decay,original,3,peak_load_error,0.04774823940391831,0.03365212308800338,0.014096116315914932,2
SKS03,SKS02,EQM_2,1,0.5,240,before_decay,original,3,profile_nrmse,0.09797604599111528,0.14200587304730067,-0.04402982705618538,2
SKS03,SKS02,EQM_2,1,0.5,240,before_decay,original,4,peak_depth_error,0.14285714285714285,0.07142857142857142,0.07142857142857142,2
SKS03,SKS02,EQM_2,1,0.5,240,before_decay,original,4,peak_load_error,0.04774823940391831,0.03365212308800338,0.014096116315914932,2
SKS03,SKS02,EQM_2,1,0.5,240,before_decay,original,4,profile_nrmse,0.05236049426897074,0.13926594281243382,-0.08690544854346308,2
SKS03,SKS02,EQM_2,1,0.5,240,shaking,boundary_retained,2,peak_depth_error,0.42857142857142855,0.14285714285714282,0.2857142857142857,2
SKS03,SKS02,EQM_2,1,0.5,240,shaking,boundary_retained,2,peak_load_error,0.1594718275590184,0.09532440432845876,0.06414742323055965,2
SKS03,SKS02,EQM_2,1,0.5,240,shaking,boundary_retained,2,profile_nrmse,0.133141593234617,0.23274389487309458,-0.09960230163847758,2
SKS03,SKS02,EQM_2,1,0.5,240,shaking,boundary_retained,3,peak_depth_error,0.14285714285714282,0.07142857142857142,0.0714285714285714,2
SKS03,SKS02,EQM_2,1,0.5,240,shaking,boundary_retained,3,peak_load_error,0.05462229247451159,0.07015769519552703,-0.015535402721015439,2
SKS03,SKS02,EQM_2,1,0.5,240,shaking,boundary_retained,3,profile_nrmse,0.07203605211522647,0.14223780415983514,-0.07020175204460866,2
SKS03,SKS02,EQM_2,1,0.5,240,shaking,boundary_retained,4,peak_depth_error,0.14285714285714285,0.07142857142857142,0.07142857142857142,2
SKS03,SKS02,EQM_2,1,0.5,240,shaking,boundary_retained,4,peak_load_error,0.08934989774947745,0.053974853534184825,0.035375044215292625,2
SKS03,SKS02,EQM_2,1,0.5,240,shaking,boundary_retained,4,profile_nrmse,0.06779580466027664,0.13084876436936757,-0.06305295970909092,2
SKS03,SKS02,EQM_2,1,0.5,240,shaking,original,2,peak_depth_error,0.14285714285714282,0.14285714285714282,0.0,2
SKS03,SKS02,EQM_2,1,0.5,240,shaking,original,2,peak_load_error,0.05462229247451159,0.09532440432845876,-0.04070211185394717,2
SKS03,SKS02,EQM_2,1,0.5,240,shaking,original,2,profile_nrmse,0.1473467298899511,0.23274389487309458,-0.08539716498314347,2
SKS03,SKS02,EQM_2,1,0.5,240,shaking,original,3,peak_depth_error,0.14285714285714285,0.07142857142857142,0.07142857142857142,2
SKS03,SKS02,EQM_2,1,0.5,240,shaking,original,3,peak_load_error,0.08934989774947745,0.07015769519552703,0.01919220255395042,2
SKS03,SKS02,EQM_2,1,0.5,240,shaking,original,3,profile_nrmse,0.10643739458688041,0.14223780415983514,-0.03580040957295473,2
SKS03,SKS02,EQM_2,1,0.5,240,shaking,original,4,peak_depth_error,0.14285714285714285,0.07142857142857142,0.07142857142857142,2
SKS03,SKS02,EQM_2,1,0.5,240,shaking,original,4,peak_load_error,0.08934989774947745,0.053974853534184825,0.035375044215292625,2
SKS03,SKS02,EQM_2,1,0.5,240,shaking,original,4,profile_nrmse,0.06779580466027664,0.13084876436936757,-0.06305295970909092,2
SKS03,SKS02,EQM_2,1,0.75,120,after_decay,boundary_retained,2,peak_depth_error,0.42857142857142855,0.14285714285714282,0.2857142857142857,2
SKS03,SKS02,EQM_2,1,0.75,120,after_decay,boundary_retained,2,peak_load_error,0.14054795617293658,0.11874602931886805,0.021801926854068523,2
SKS03,SKS02,EQM_2,1,0.75,120,after_decay,boundary_retained,2,profile_nrmse,0.11773515217528441,0.23388542077186783,-0.11615026859658342,2
SKS03,SKS02,EQM_2,1,0.75,120,after_decay,boundary_retained,3,peak_depth_error,0.14285714285714282,0.07142857142857142,0.0714285714285714,2
SKS03,SKS02,EQM_2,1,0.75,120,after_decay,boundary_retained,3,peak_load_error,0.09076653161499075,0.03159152207846427,0.059175009536526484,2
SKS03,SKS02,EQM_2,1,0.75,120,after_decay,boundary_retained,3,profile_nrmse,0.08531042212699375,0.13501683317693045,-0.049706411049936707,2
SKS03,SKS02,EQM_2,1,0.75,120,after_decay,boundary_retained,4,peak_depth_error,0.14285714285714285,0.07142857142857142,0.07142857142857142,2
SKS03,SKS02,EQM_2,1,0.75,120,after_decay,boundary_retained,4,peak_load_error,0.04707573546534078,0.03159152207846427,0.015484213386876514,2
SKS03,SKS02,EQM_2,1,0.75,120,after_decay,boundary_retained,4,profile_nrmse,0.05985181788531818,0.13091754454003862,-0.07106572665472044,2
SKS03,SKS02,EQM_2,1,0.75,120,after_decay,original,2,peak_depth_error,0.14285714285714282,0.14285714285714282,0.0,2
SKS03,SKS02,EQM_2,1,0.75,120,after_decay,original,2,peak_load_error,0.09076653161499075,0.11874602931886805,-0.027979497703877303,2
SKS03,SKS02,EQM_2,1,0.75,120,after_decay,original,2,profile_nrmse,0.1361992476562786,0.23388542077186783,-0.09768617311558923,2
SKS03,SKS02,EQM_2,1,0.75,120,after_decay,original,3,peak_depth_error,0.14285714285714285,0.07142857142857142,0.07142857142857142,2
SKS03,SKS02,EQM_2,1,0.75,120,after_decay,original,3,peak_load_error,0.04707573546534078,0.03159152207846427,0.015484213386876514,2
SKS03,SKS02,EQM_2,1,0.75,120,after_decay,original,3,profile_nrmse,0.10331227498537021,0.13501683317693045,-0.03170455819156023,2
SKS03,SKS02,EQM_2,1,0.75,120,after_decay,original,4,peak_depth_error,0.14285714285714285,0.07142857142857142,0.07142857142857142,2
SKS03,SKS02,EQM_2,1,0.75,120,after_decay,original,4,peak_load_error,0.04707573546534078,0.03159152207846427,0.015484213386876514,2
SKS03,SKS02,EQM_2,1,0.75,120,after_decay,original,4,profile_nrmse,0.05985181788531818,0.13091754454003862,-0.07106572665472044,2
SKS03,SKS02,EQM_2,1,0.75,120,before_decay,boundary_retained,2,peak_depth_error,0.42857142857142855,0.14285714285714282,0.2857142857142857,2
SKS03,SKS02,EQM_2,1,0.75,120,before_decay,boundary_retained,2,peak_load_error,0.10456535585268249,0.11414846848001764,-0.00958311262733514,2
SKS03,SKS02,EQM_2,1,0.75,120,before_decay,boundary_retained,2,profile_nrmse,0.11027056725698484,0.2533805546242531,-0.1431099873672682,2
SKS03,SKS02,EQM_2,1,0.75,120,before_decay,boundary_retained,3,peak_depth_error,0.14285714285714282,0.07142857142857142,0.0714285714285714,2
SKS03,SKS02,EQM_2,1,0.75,120,before_decay,boundary_retained,3,peak_load_error,0.0481157865780615,0.03387652560202237,0.014239260976039135,2
SKS03,SKS02,EQM_2,1,0.75,120,before_decay,boundary_retained,3,profile_nrmse,0.07557315070410868,0.14323192288861641,-0.06765877218450772,2
SKS03,SKS02,EQM_2,1,0.75,120,before_decay,boundary_retained,4,peak_depth_error,0.14285714285714285,0.07142857142857142,0.07142857142857142,2
SKS03,SKS02,EQM_2,1,0.75,120,before_decay,boundary_retained,4,peak_load_error,0.04658841009246438,0.03387652560202237,0.012711884490442013,2
SKS03,SKS02,EQM_2,1,0.75,120,before_decay,boundary_retained,4,profile_nrmse,0.0524271609177867,0.1407192717248649,-0.08829211080707819,2
SKS03,SKS02,EQM_2,1,0.75,120,before_decay,original,2,peak_depth_error,0.14285714285714282,0.14285714285714282,0.0,2
SKS03,SKS02,EQM_2,1,0.75,120,before_decay,original,2,peak_load_error,0.0481157865780615,0.11414846848001764,-0.06603268190195613,2
SKS03,SKS02,EQM_2,1,0.75,120,before_decay,original,2,profile_nrmse,0.1342298799805912,0.2533805546242531,-0.11915067464366187,2
SKS03,SKS02,EQM_2,1,0.75,120,before_decay,original,3,peak_depth_error,0.14285714285714285,0.07142857142857142,0.07142857142857142,2
SKS03,SKS02,EQM_2,1,0.75,120,before_decay,original,3,peak_load_error,0.04658841009246438,0.03387652560202237,0.012711884490442013,2
SKS03,SKS02,EQM_2,1,0.75,120,before_decay,original,3,profile_nrmse,0.09667832742629442,0.14323192288861641,-0.046553595462321976,2
SKS03,SKS02,EQM_2,1,0.75,120,before_decay,original,4,peak_depth_error,0.14285714285714285,0.07142857142857142,0.07142857142857142,2
SKS03,SKS02,EQM_2,1,0.75,120,before_decay,original,4,peak_load_error,0.04658841009246438,0.03387652560202237,0.012711884490442013,2
SKS03,SKS02,EQM_2,1,0.75,120,before_decay,original,4,profile_nrmse,0.0524271609177867,0.1407192717248649,-0.08829211080707819,2
SKS03,SKS02,EQM_2,1,0.75,120,shaking,boundary_retained,2,peak_depth_error,0.42857142857142855,0.14285714285714282,0.2857142857142857,2
SKS03,SKS02,EQM_2,1,0.75,120,shaking,boundary_retained,2,peak_load_error,0.15953486968978886,0.09543683857913803,0.06409803111065085,2
SKS03,SKS02,EQM_2,1,0.75,120,shaking,boundary_retained,2,profile_nrmse,0.13317724267171346,0.23276324623936584,-0.09958600356765239,2
SKS03,SKS02,EQM_2,1,0.75,120,shaking,boundary_retained,3,peak_depth_error,0.14285714285714282,0.07142857142857142,0.0714285714285714,2
SKS03,SKS02,EQM_2,1,0.75,120,shaking,boundary_retained,3,peak_load_error,0.054631756188112564,0.07015769519552703,-0.015525939007414467,2
SKS03,SKS02,EQM_2,1,0.75,120,shaking,boundary_retained,3,profile_nrmse,0.07203326522512296,0.14216494500744065,-0.07013167978231769,2
SKS03,SKS02,EQM_2,1,0.75,120,shaking,boundary_retained,4,peak_depth_error,0.14285714285714285,0.07142857142857142,0.07142857142857142,2
SKS03,SKS02,EQM_2,1,0.75,120,shaking,boundary_retained,4,peak_load_error,0.0894340720890608,0.054136405483090067,0.03529766660597074,2
SKS03,SKS02,EQM_2,1,0.75,120,shaking,boundary_retained,4,profile_nrmse,0.06779700129177085,0.13079954780931077,-0.06300254651753992,2
SKS03,SKS02,EQM_2,1,0.75,120,shaking,original,2,peak_depth_error,0.14285714285714282,0.14285714285714282,0.0,2
SKS03,SKS02,EQM_2,1,0.75,120,shaking,original,2,peak_load_error,0.054631756188112564,0.09543683857913803,-0.04080508239102546,2
SKS03,SKS02,EQM_2,1,0.75,120,shaking,original,2,profile_nrmse,0.1473213672621232,0.23276324623936584,-0.08544187897724265,2
SKS03,SKS02,EQM_2,1,0.75,120,shaking,original,3,peak_depth_error,0.14285714285714285,0.07142857142857142,0.07142857142857142,2
SKS03,SKS02,EQM_2,1,0.75,120,shaking,original,3,peak_load_error,0.0894340720890608,0.07015769519552703,0.019276376893533773,2
SKS03,SKS02,EQM_2,1,0.75,120,shaking,original,3,profile_nrmse,0.10638218567076936,0.14216494500744065,-0.035782759336671285,2
SKS03,SKS02,EQM_2,1,0.75,120,shaking,original,4,peak_depth_error,0.14285714285714285,0.07142857142857142,0.07142857142857142,2
SKS03,SKS02,EQM_2,1,0.75,120,shaking,original,4,peak_load_error,0.0894340720890608,0.054136405483090067,0.03529766660597074,2
SKS03,SKS02,EQM_2,1,0.75,120,shaking,original,4,profile_nrmse,0.06779700129177085,0.13079954780931077,-0.06300254651753992,2
SKS03,SKS02,EQM_2,1,0.75,240,after_decay,boundary_retained,2,peak_depth_error,0.42857142857142855,0.14285714285714282,0.2857142857142857,2
SKS03,SKS02,EQM_2,1,0.75,240,after_decay,boundary_retained,2,peak_load_error,0.14042305172590816,0.11874385144993586,0.021679200275972296,2
SKS03,SKS02,EQM_2,1,0.75,240,after_decay,boundary_retained,2,profile_nrmse,0.11771421260475716,0.23391107516219373,-0.11619686255743657,2
SKS03,SKS02,EQM_2,1,0.75,240,after_decay,boundary_retained,3,peak_depth_error,0.14285714285714282,0.07142857142857142,0.0714285714285714,2
SKS03,SKS02,EQM_2,1,0.75,240,after_decay,boundary_retained,3,peak_load_error,0.09077401272983479,0.03153542402927989,0.0592385887005549,2
SKS03,SKS02,EQM_2,1,0.75,240,after_decay,boundary_retained,3,profile_nrmse,0.08531433530383399,0.13501303096709538,-0.049698695663261405,2
SKS03,SKS02,EQM_2,1,0.75,240,after_decay,boundary_retained,4,peak_depth_error,0.14285714285714285,0.07142857142857142,0.07142857142857142,2
SKS03,SKS02,EQM_2,1,0.75,240,after_decay,boundary_retained,4,peak_load_error,0.04704761799690278,0.03153542402927989,0.015512193967622892,2
SKS03,SKS02,EQM_2,1,0.75,240,after_decay,boundary_retained,4,profile_nrmse,0.05981901598084975,0.13088454562000854,-0.07106552963915877,2
SKS03,SKS02,EQM_2,1,0.75,240,after_decay,original,2,peak_depth_error,0.14285714285714282,0.14285714285714282,0.0,2
SKS03,SKS02,EQM_2,1,0.75,240,after_decay,original,2,peak_load_error,0.09077401272983479,0.11874385144993586,-0.027969838720101073,2
SKS03,SKS02,EQM_2,1,0.75,240,after_decay,original,2,profile_nrmse,0.1361764470795505,0.23391107516219373,-0.09773462808264323,2
SKS03,SKS02,EQM_2,1,0.75,240,after_decay,original,3,peak_depth_error,0.14285714285714285,0.07142857142857142,0.07142857142857142,2
SKS03,SKS02,EQM_2,1,0.75,240,after_decay,original,3,peak_load_error,0.04704761799690278,0.03153542402927989,0.015512193967622892,2
SKS03,SKS02,EQM_2,1,0.75,240,after_decay,original,3,profile_nrmse,0.10331828592492746,0.13501303096709538,-0.03169474504216793,2
SKS03,SKS02,EQM_2,1,0.75,240,after_decay,original,4,peak_depth_error,0.14285714285714285,0.07142857142857142,0.07142857142857142,2
SKS03,SKS02,EQM_2,1,0.75,240,after_decay,original,4,peak_load_error,0.04704761799690278,0.03153542402927989,0.015512193967622892,2
SKS03,SKS02,EQM_2,1,0.75,240,after_decay,original,4,profile_nrmse,0.05981901598084975,0.13088454562000854,-0.07106552963915877,2
SKS03,SKS02,EQM_2,1,0.75,240,before_decay,boundary_retained,2,peak_depth_error,0.42857142857142855,0.14285714285714282,0.2857142857142857,2
SKS03,SKS02,EQM_2,1,0.75,240,before_decay,boundary_retained,2,peak_load_error,0.10475470470802226,0.11411542309642103,-0.009360718388398775,2
SKS03,SKS02,EQM_2,1,0.75,240,before_decay,boundary_retained,2,profile_nrmse,0.11026521668466052,0.2534124616361802,-0.14314724495151968,2
SKS03,SKS02,EQM_2,1,0.75,240,before_decay,boundary_retained,3,peak_depth_error,0.14285714285714282,0.07142857142857142,0.0714285714285714,2
SKS03,SKS02,EQM_2,1,0.75,240,before_decay,boundary_retained,3,peak_load_error,0.04808979606352468,0.0337480160672005,0.014341779996324182,2
SKS03,SKS02,EQM_2,1,0.75,240,before_decay,boundary_retained,3,profile_nrmse,0.07557069784113202,0.14323533129672703,-0.06766463345559501,2
SKS03,SKS02,EQM_2,1,0.75,240,before_decay,boundary_retained,4,peak_depth_error,0.14285714285714285,0.07142857142857142,0.07142857142857142,2
SKS03,SKS02,EQM_2,1,0.75,240,before_decay,boundary_retained,4,peak_load_error,0.04681375007609513,0.0337480160672005,0.01306573400889463,2
SKS03,SKS02,EQM_2,1,0.75,240,before_decay,boundary_retained,4,profile_nrmse,0.05249299350921302,0.14071207041409423,-0.0882190769048812,2
SKS03,SKS02,EQM_2,1,0.75,240,before_decay,original,2,peak_depth_error,0.14285714285714282,0.14285714285714282,0.0,2
SKS03,SKS02,EQM_2,1,0.75,240,before_decay,original,2,peak_load_error,0.04808979606352468,0.11411542309642103,-0.06602562703289636,2
SKS03,SKS02,EQM_2,1,0.75,240,before_decay,original,2,profile_nrmse,0.1342300699192369,0.2534124616361802,-0.1191823917169433,2
SKS03,SKS02,EQM_2,1,0.75,240,before_decay,original,3,peak_depth_error,0.14285714285714285,0.07142857142857142,0.07142857142857142,2
SKS03,SKS02,EQM_2,1,0.75,240,before_decay,original,3,peak_load_error,0.04681375007609513,0.0337480160672005,0.01306573400889463,2
SKS03,SKS02,EQM_2,1,0.75,240,before_decay,original,3,profile_nrmse,0.09667806584243653,0.14323533129672703,-0.0465572654542905,2
SKS03,SKS02,EQM_2,1,0.75,240,before_decay,original,4,peak_depth_error,0.14285714285714285,0.07142857142857142,0.07142857142857142,2
SKS03,SKS02,EQM_2,1,0.75,240,before_decay,original,4,peak_load_error,0.04681375007609513,0.0337480160672005,0.01306573400889463,2
SKS03,SKS02,EQM_2,1,0.75,240,before_decay,original,4,profile_nrmse,0.05249299350921302,0.14071207041409423,-0.0882190769048812,2
SKS03,SKS02,EQM_2,1,0.75,240,shaking,boundary_retained,2,peak_depth_error,0.42857142857142855,0.14285714285714282,0.2857142857142857,2
SKS03,SKS02,EQM_2,1,0.75,240,shaking,boundary_retained,2,peak_load_error,0.1594718275590184,0.09532440432845876,0.06414742323055965,2
SKS03,SKS02,EQM_2,1,0.75,240,shaking,boundary_retained,2,profile_nrmse,0.133141593234617,0.23274389487309458,-0.09960230163847758,2
SKS03,SKS02,EQM_2,1,0.75,240,shaking,boundary_retained,3,peak_depth_error,0.14285714285714282,0.07142857142857142,0.0714285714285714,2
SKS03,SKS02,EQM_2,1,0.75,240,shaking,boundary_retained,3,peak_load_error,0.05462229247451159,0.07015769519552703,-0.015535402721015439,2
SKS03,SKS02,EQM_2,1,0.75,240,shaking,boundary_retained,3,profile_nrmse,0.07203605211522647,0.14223780415983514,-0.07020175204460866,2
SKS03,SKS02,EQM_2,1,0.75,240,shaking,boundary_retained,4,peak_depth_error,0.14285714285714285,0.07142857142857142,0.07142857142857142,2
SKS03,SKS02,EQM_2,1,0.75,240,shaking,boundary_retained,4,peak_load_error,0.08934989774947745,0.053974853534184825,0.035375044215292625,2
SKS03,SKS02,EQM_2,1,0.75,240,shaking,boundary_retained,4,profile_nrmse,0.06779580466027664,0.13084876436936757,-0.06305295970909092,2
SKS03,SKS02,EQM_2,1,0.75,240,shaking,original,2,peak_depth_error,0.14285714285714282,0.14285714285714282,0.0,2
SKS03,SKS02,EQM_2,1,0.75,240,shaking,original,2,peak_load_error,0.05462229247451159,0.09532440432845876,-0.04070211185394717,2
SKS03,SKS02,EQM_2,1,0.75,240,shaking,original,2,profile_nrmse,0.1473467298899511,0.23274389487309458,-0.08539716498314347,2
SKS03,SKS02,EQM_2,1,0.75,240,shaking,original,3,peak_depth_error,0.14285714285714285,0.07142857142857142,0.07142857142857142,2
SKS03,SKS02,EQM_2,1,0.75,240,shaking,original,3,peak_load_error,0.08934989774947745,0.07015769519552703,0.01919220255395042,2
SKS03,SKS02,EQM_2,1,0.75,240,shaking,original,3,profile_nrmse,0.10643739458688041,0.14223780415983514,-0.03580040957295473,2
SKS03,SKS02,EQM_2,1,0.75,240,shaking,original,4,peak_depth_error,0.14285714285714285,0.07142857142857142,0.07142857142857142,2
SKS03,SKS02,EQM_2,1,0.75,240,shaking,original,4,peak_load_error,0.08934989774947745,0.053974853534184825,0.035375044215292625,2
SKS03,SKS02,EQM_2,1,0.75,240,shaking,original,4,profile_nrmse,0.06779580466027664,0.13084876436936757,-0.06305295970909092,2
SKS03,SKS02,EQM_3,0,0.25,120,after_decay,boundary_retained,2,peak_depth_error,0.3571428571428571,0.21428571428571425,0.14285714285714288,2
SKS03,SKS02,EQM_3,0,0.25,120,after_decay,boundary_retained,2,peak_load_error,0.10608155116683177,0.18429481524479974,-0.07821326407796797,2
SKS03,SKS02,EQM_3,0,0.25,120,after_decay,boundary_retained,2,profile_nrmse,0.10715605241069909,0.27943014327175786,-0.1722740908610588,2
SKS03,SKS02,EQM_3,0,0.25,120,after_decay,boundary_retained,3,peak_depth_error,0.21428571428571425,0.0,0.21428571428571425,2
SKS03,SKS02,EQM_3,0,0.25,120,after_decay,boundary_retained,3,peak_load_error,0.1052435735959083,0.0,0.1052435735959083,2
SKS03,SKS02,EQM_3,0,0.25,120,after_decay,boundary_retained,3,profile_nrmse,0.10173224666262348,0.15045108981512173,-0.04871884315249827,2
SKS03,SKS02,EQM_3,0,0.25,120,after_decay,boundary_retained,4,peak_depth_error,0.07142857142857142,0.0,0.07142857142857142,2
SKS03,SKS02,EQM_3,0,0.25,120,after_decay,boundary_retained,4,peak_load_error,0.013158810297447095,0.0,0.013158810297447095,2
SKS03,SKS02,EQM_3,0,0.25,120,after_decay,boundary_retained,4,profile_nrmse,0.04810543564381467,0.1492464757345292,-0.10114104009071455,2
SKS03,SKS02,EQM_3,0,0.25,120,after_decay,original,2,peak_depth_error,0.21428571428571425,0.21428571428571425,0.0,2
SKS03,SKS02,EQM_3,0,0.25,120,after_decay,original,2,peak_load_error,0.1052435735959083,0.18429481524479974,-0.07905124164889143,2
SKS03,SKS02,EQM_3,0,0.25,120,after_decay,original,2,profile_nrmse,0.1251920402017912,0.27943014327175786,-0.15423810306996671,2
SKS03,SKS02,EQM_3,0,0.25,120,after_decay,original,3,peak_depth_error,0.07142857142857142,0.0,0.07142857142857142,2
SKS03,SKS02,EQM_3,0,0.25,120,after_decay,original,3,peak_load_error,0.013158810297447095,0.0,0.013158810297447095,2
SKS03,SKS02,EQM_3,0,0.25,120,after_decay,original,3,profile_nrmse,0.1016939977857932,0.15045108981512173,-0.04875709202932854,2
SKS03,SKS02,EQM_3,0,0.25,120,after_decay,original,4,peak_depth_error,0.07142857142857142,0.0,0.07142857142857142,2
SKS03,SKS02,EQM_3,0,0.25,120,after_decay,original,4,peak_load_error,0.013158810297447095,0.0,0.013158810297447095,2
SKS03,SKS02,EQM_3,0,0.25,120,after_decay,original,4,profile_nrmse,0.04810543564381467,0.1492464757345292,-0.10114104009071455,2
SKS03,SKS02,EQM_3,0,0.25,120,before_decay,boundary_retained,2,peak_depth_error,0.3571428571428571,0.21428571428571425,0.14285714285714288,2
SKS03,SKS02,EQM_3,0,0.25,120,before_decay,boundary_retained,2,peak_load_error,0.08167944670072715,0.19889465530480716,-0.11721520860408,2
SKS03,SKS02,EQM_3,0,0.25,120,before_decay,boundary_retained,2,profile_nrmse,0.10619220133628862,0.27647450459276074,-0.17028230325647212,2
SKS03,SKS02,EQM_3,0,0.25,120,before_decay,boundary_retained,3,peak_depth_error,0.21428571428571425,0.0,0.21428571428571425,2
SKS03,SKS02,EQM_3,0,0.25,120,before_decay,boundary_retained,3,peak_load_error,0.07337093445231338,0.0,0.07337093445231338,2
SKS03,SKS02,EQM_3,0,0.25,120,before_decay,boundary_retained,3,profile_nrmse,0.09850049372330148,0.14875116573735686,-0.05025067201405539,2
SKS03,SKS02,EQM_3,0,0.25,120,before_decay,boundary_retained,4,peak_depth_error,0.07142857142857142,0.0,0.07142857142857142,2
SKS03,SKS02,EQM_3,0,0.25,120,before_decay,boundary_retained,4,peak_load_error,0.014373740793106595,0.0,0.014373740793106595,2
SKS03,SKS02,EQM_3,0,0.25,120,before_decay,boundary_retained,4,profile_nrmse,0.04583916084228586,0.14794479339375602,-0.10210563255147016,2
SKS03,SKS02,EQM_3,0,0.25,120,before_decay,original,2,peak_depth_error,0.21428571428571425,0.21428571428571425,0.0,2
SKS03,SKS02,EQM_3,0,0.25,120,before_decay,original,2,peak_load_error,0.07337093445231338,0.19889465530480716,-0.12552372085249378,2
SKS03,SKS02,EQM_3,0,0.25,120,before_decay,original,2,profile_nrmse,0.12788468838690334,0.27647450459276074,-0.1485898162058574,2
SKS03,SKS02,EQM_3,0,0.25,120,before_decay,original,3,peak_depth_error,0.07142857142857142,0.0,0.07142857142857142,2
SKS03,SKS02,EQM_3,0,0.25,120,before_decay,original,3,peak_load_error,0.014373740793106595,0.0,0.014373740793106595,2
SKS03,SKS02,EQM_3,0,0.25,120,before_decay,original,3,profile_nrmse,0.09658504676242141,0.14875116573735686,-0.05216611897493546,2
SKS03,SKS02,EQM_3,0,0.25,120,before_decay,original,4,peak_depth_error,0.07142857142857142,0.0,0.07142857142857142,2
SKS03,SKS02,EQM_3,0,0.25,120,before_decay,original,4,peak_load_error,0.014373740793106595,0.0,0.014373740793106595,2
SKS03,SKS02,EQM_3,0,0.25,120,before_decay,original,4,profile_nrmse,0.04583916084228586,0.14794479339375602,-0.10210563255147016,2
SKS03,SKS02,EQM_3,0,0.25,120,shaking,boundary_retained,2,peak_depth_error,0.7142857142857142,0.2857142857142857,0.4285714285714285,2
SKS03,SKS02,EQM_3,0,0.25,120,shaking,boundary_retained,2,peak_load_error,0.2408619747271524,0.21587501890919425,0.02498695581795815,2
SKS03,SKS02,EQM_3,0,0.25,120,shaking,boundary_retained,2,profile_nrmse,0.15442302180038983,0.282637928071648,-0.1282149062712582,2
SKS03,SKS02,EQM_3,0,0.25,120,shaking,boundary_retained,3,peak_depth_error,0.6428571428571428,0.42857142857142855,0.21428571428571425,2
SKS03,SKS02,EQM_3,0,0.25,120,shaking,boundary_retained,3,peak_load_error,0.13459900918008458,0.10141624441278951,0.033182764767295064,2
SKS03,SKS02,EQM_3,0,0.25,120,shaking,boundary_retained,3,profile_nrmse,0.10860818701654953,0.16221529317869482,-0.05360710616214527,2
SKS03,SKS02,EQM_3,0,0.25,120,shaking,boundary_retained,4,peak_depth_error,0.2928571428571435,0.42857142857142855,-0.1357142857142851,2
SKS03,SKS02,EQM_3,0,0.25,120,shaking,boundary_retained,4,peak_load_error,0.12506014743862473,0.09060344345383443,0.03445670398479028,2
SKS03,SKS02,EQM_3,0,0.25,120,shaking,boundary_retained,4,profile_nrmse,0.10208738763802565,0.1553916427329833,-0.05330425509495766,2
SKS03,SKS02,EQM_3,0,0.25,120,shaking,original,2,peak_depth_error,0.6428571428571428,0.2857142857142857,0.3571428571428571,2
SKS03,SKS02,EQM_3,0,0.25,120,shaking,original,2,peak_load_error,0.13459900918008458,0.21587501890919425,-0.08127600972910967,2
SKS03,SKS02,EQM_3,0,0.25,120,shaking,original,2,profile_nrmse,0.18856829490084254,0.282637928071648,-0.0940696331708055,2
SKS03,SKS02,EQM_3,0,0.25,120,shaking,original,3,peak_depth_error,0.2928571428571435,0.42857142857142855,-0.1357142857142851,2
SKS03,SKS02,EQM_3,0,0.25,120,shaking,original,3,peak_load_error,0.12506014743862473,0.10141624441278951,0.02364390302583521,2
SKS03,SKS02,EQM_3,0,0.25,120,shaking,original,3,profile_nrmse,0.12040373161179643,0.16221529317869482,-0.04181156156689837,2
SKS03,SKS02,EQM_3,0,0.25,120,shaking,original,4,peak_depth_error,0.2928571428571435,0.42857142857142855,-0.1357142857142851,2
SKS03,SKS02,EQM_3,0,0.25,120,shaking,original,4,peak_load_error,0.12506014743862473,0.09060344345383443,0.03445670398479028,2
SKS03,SKS02,EQM_3,0,0.25,120,shaking,original,4,profile_nrmse,0.10208738763802565,0.1553916427329833,-0.05330425509495766,2
SKS03,SKS02,EQM_3,0,0.25,240,after_decay,boundary_retained,2,peak_depth_error,0.3571428571428571,0.21428571428571425,0.14285714285714288,2
SKS03,SKS02,EQM_3,0,0.25,240,after_decay,boundary_retained,2,peak_load_error,0.10608443267553738,0.18431391038828931,-0.07822947771275193,2
SKS03,SKS02,EQM_3,0,0.25,240,after_decay,boundary_retained,2,profile_nrmse,0.10716912426137494,0.2795654627843408,-0.17239633852296588,2
SKS03,SKS02,EQM_3,0,0.25,240,after_decay,boundary_retained,3,peak_depth_error,0.21428571428571425,0.0,0.21428571428571425,2
SKS03,SKS02,EQM_3,0,0.25,240,after_decay,boundary_retained,3,peak_load_error,0.10523956886698507,0.0,0.10523956886698507,2
SKS03,SKS02,EQM_3,0,0.25,240,after_decay,boundary_retained,3,profile_nrmse,0.1017333356782874,0.15045656361001802,-0.04872322793173061,2
SKS03,SKS02,EQM_3,0,0.25,240,after_decay,boundary_retained,4,peak_depth_error,0.07142857142857142,0.0,0.07142857142857142,2
SKS03,SKS02,EQM_3,0,0.25,240,after_decay,boundary_retained,4,peak_load_error,0.013153382378145707,0.0,0.013153382378145707,2
SKS03,SKS02,EQM_3,0,0.25,240,after_decay,boundary_retained,4,profile_nrmse,0.048110316929720356,0.149225228794584,-0.10111491186486363,2
SKS03,SKS02,EQM_3,0,0.25,240,after_decay,original,2,peak_depth_error,0.21428571428571425,0.21428571428571425,0.0,2
SKS03,SKS02,EQM_3,0,0.25,240,after_decay,original,2,peak_load_error,0.10523956886698507,0.18431391038828931,-0.07907434152130424,2
SKS03,SKS02,EQM_3,0,0.25,240,after_decay,original,2,profile_nrmse,0.1251853986892902,0.2795654627843408,-0.1543800640950506,2
SKS03,SKS02,EQM_3,0,0.25,240,after_decay,original,3,peak_depth_error,0.07142857142857142,0.0,0.07142857142857142,2
SKS03,SKS02,EQM_3,0,0.25,240,after_decay,original,3,peak_load_error,0.013153382378145707,0.0,0.013153382378145707,2
SKS03,SKS02,EQM_3,0,0.25,240,after_decay,original,3,profile_nrmse,0.10168936397898598,0.15045656361001802,-0.04876719963103202,2
SKS03,SKS02,EQM_3,0,0.25,240,after_decay,original,4,peak_depth_error,0.07142857142857142,0.0,0.07142857142857142,2
SKS03,SKS02,EQM_3,0,0.25,240,after_decay,original,4,peak_load_error,0.013153382378145707,0.0,0.013153382378145707,2
SKS03,SKS02,EQM_3,0,0.25,240,after_decay,original,4,profile_nrmse,0.048110316929720356,0.149225228794584,-0.10111491186486363,2
SKS03,SKS02,EQM_3,0,0.25,240,before_decay,boundary_retained,2,peak_depth_error,0.3571428571428571,0.21428571428571425,0.14285714285714288,2
SKS03,SKS02,EQM_3,0,0.25,240,before_decay,boundary_retained,2,peak_load_error,0.07980257121771613,0.1983965380956999,-0.11859396687798378,2
SKS03,SKS02,EQM_3,0,0.25,240,before_decay,boundary_retained,2,profile_nrmse,0.10595791495992499,0.27827332853490405,-0.17231541357497906,2
SKS03,SKS02,EQM_3,0,0.25,240,before_decay,boundary_retained,3,peak_depth_error,0.21428571428571425,0.0,0.21428571428571425,2
SKS03,SKS02,EQM_3,0,0.25,240,before_decay,boundary_retained,3,peak_load_error,0.07123766088905045,0.0,0.07123766088905045,2
SKS03,SKS02,EQM_3,0,0.25,240,before_decay,boundary_retained,3,profile_nrmse,0.09793644431371698,0.1491044919491188,-0.05116804763540181,2
SKS03,SKS02,EQM_3,0,0.25,240,before_decay,boundary_retained,4,peak_depth_error,0.07142857142857142,0.0,0.07142857142857142,2
SKS03,SKS02,EQM_3,0,0.25,240,before_decay,boundary_retained,4,peak_load_error,0.014359300739646875,0.0,0.014359300739646875,2
SKS03,SKS02,EQM_3,0,0.25,240,before_decay,boundary_retained,4,profile_nrmse,0.04560538262460246,0.1482002000161513,-0.10259481739154885,2
SKS03,SKS02,EQM_3,0,0.25,240,before_decay,original,2,peak_depth_error,0.21428571428571425,0.21428571428571425,0.0,2
SKS03,SKS02,EQM_3,0,0.25,240,before_decay,original,2,peak_load_error,0.07123766088905045,0.1983965380956999,-0.12715887720664942,2
SKS03,SKS02,EQM_3,0,0.25,240,before_decay,original,2,profile_nrmse,0.12774373958719856,0.27827332853490405,-0.1505295889477055,2
SKS03,SKS02,EQM_3,0,0.25,240,before_decay,original,3,peak_depth_error,0.07142857142857142,0.0,0.07142857142857142,2
SKS03,SKS02,EQM_3,0,0.25,240,before_decay,original,3,peak_load_error,0.014359300739646875,0.0,0.014359300739646875,2
SKS03,SKS02,EQM_3,0,0.25,240,before_decay,original,3,profile_nrmse,0.09646770701805013,0.1491044919491188,-0.05263678493106865,2
SKS03,SKS02,EQM_3,0,0.25,240,before_decay,original,4,peak_depth_error,0.07142857142857142,0.0,0.07142857142857142,2
SKS03,SKS02,EQM_3,0,0.25,240,before_decay,original,4,peak_load_error,0.014359300739646875,0.0,0.014359300739646875,2
SKS03,SKS02,EQM_3,0,0.25,240,before_decay,original,4,profile_nrmse,0.04560538262460246,0.1482002000161513,-0.10259481739154885,2
SKS03,SKS02,EQM_3,0,0.25,240,shaking,boundary_retained,2,peak_depth_error,0.7142857142857142,0.2857142857142857,0.4285714285714285,2
SKS03,SKS02,EQM_3,0,0.25,240,shaking,boundary_retained,2,peak_load_error,0.2403003359867446,0.21438181391167005,0.025918522075074557,2
SKS03,SKS02,EQM_3,0,0.25,240,shaking,boundary_retained,2,profile_nrmse,0.15337080704680478,0.2824512846029569,-0.1290804775561521,2
SKS03,SKS02,EQM_3,0,0.25,240,shaking,boundary_retained,3,peak_depth_error,0.6428571428571428,0.42857142857142855,0.21428571428571425,2
SKS03,SKS02,EQM_3,0,0.25,240,shaking,boundary_retained,3,peak_load_error,0.14118549964146335,0.10140710959413106,0.03977839004733229,2
SKS03,SKS02,EQM_3,0,0.25,240,shaking,boundary_retained,3,profile_nrmse,0.10927208832019517,0.16303664691003256,-0.0537645585898374,2
SKS03,SKS02,EQM_3,0,0.25,240,shaking,boundary_retained,4,peak_depth_error,0.3571428571428571,0.35714285714285715,-2.7755575615628914e-17,2
SKS03,SKS02,EQM_3,0,0.25,240,shaking,boundary_retained,4,peak_load_error,0.1238867173276124,0.09080671889636653,0.033079998431245865,2
SKS03,SKS02,EQM_3,0,0.25,240,shaking,boundary_retained,4,profile_nrmse,0.10314588916262515,0.15504295587135852,-0.05189706670873336,2
SKS03,SKS02,EQM_3,0,0.25,240,shaking,original,2,peak_depth_error,0.6428571428571428,0.2857142857142857,0.3571428571428571,2
SKS03,SKS02,EQM_3,0,0.25,240,shaking,original,2,peak_load_error,0.14118549964146335,0.21438181391167005,-0.0731963142702067,2
SKS03,SKS02,EQM_3,0,0.25,240,shaking,original,2,profile_nrmse,0.18961991702025494,0.2824512846029569,-0.09283136758270195,2
SKS03,SKS02,EQM_3,0,0.25,240,shaking,original,3,peak_depth_error,0.3571428571428571,0.42857142857142855,-0.07142857142857142,2
SKS03,SKS02,EQM_3,0,0.25,240,shaking,original,3,peak_load_error,0.1238867173276124,0.10140710959413106,0.022479607733481337,2
SKS03,SKS02,EQM_3,0,0.25,240,shaking,original,3,profile_nrmse,0.12131625308700011,0.16303664691003256,-0.04172039382303245,2
SKS03,SKS02,EQM_3,0,0.25,240,shaking,original,4,peak_depth_error,0.3571428571428571,0.35714285714285715,-2.7755575615628914e-17,2
SKS03,SKS02,EQM_3,0,0.25,240,shaking,original,4,peak_load_error,0.1238867173276124,0.09080671889636653,0.033079998431245865,2
SKS03,SKS02,EQM_3,0,0.25,240,shaking,original,4,profile_nrmse,0.10314588916262515,0.15504295587135852,-0.05189706670873336,2
SKS03,SKS02,EQM_3,0,0.5,120,after_decay,boundary_retained,2,peak_depth_error,0.3571428571428571,0.21428571428571425,0.14285714285714288,2
SKS03,SKS02,EQM_3,0,0.5,120,after_decay,boundary_retained,2,peak_load_error,0.10613196986433492,0.18501894723509352,-0.07888697737075862,2
SKS03,SKS02,EQM_3,0,0.5,120,after_decay,boundary_retained,2,profile_nrmse,0.10716347202612822,0.27951035051379436,-0.1723468784876661,2
SKS03,SKS02,EQM_3,0,0.5,120,after_decay,boundary_retained,3,peak_depth_error,0.21428571428571425,0.0,0.21428571428571425,2
SKS03,SKS02,EQM_3,0,0.5,120,after_decay,boundary_retained,3,peak_load_error,0.10528500435758449,0.0,0.10528500435758449,2
SKS03,SKS02,EQM_3,0,0.5,120,after_decay,boundary_retained,3,profile_nrmse,0.10172744818111372,0.15049751072036138,-0.04877006253924768,2
SKS03,SKS02,EQM_3,0,0.5,120,after_decay,boundary_retained,4,peak_depth_error,0.07142857142857142,0.0,0.07142857142857142,2
SKS03,SKS02,EQM_3,0,0.5,120,after_decay,boundary_retained,4,peak_load_error,0.013209250637789102,0.0,0.013209250637789102,2
SKS03,SKS02,EQM_3,0,0.5,120,after_decay,boundary_retained,4,profile_nrmse,0.04833975595785828,0.1493154458480514,-0.10097568989019311,2
SKS03,SKS02,EQM_3,0,0.5,120,after_decay,original,2,peak_depth_error,0.21428571428571425,0.21428571428571425,0.0,2
SKS03,SKS02,EQM_3,0,0.5,120,after_decay,original,2,peak_load_error,0.10528500435758449,0.18501894723509352,-0.07973394287750904,2
SKS03,SKS02,EQM_3,0,0.5,120,after_decay,original,2,profile_nrmse,0.12595409050686138,0.27951035051379436,-0.15355626000693295,2
SKS03,SKS02,EQM_3,0,0.5,120,after_decay,original,3,peak_depth_error,0.07142857142857142,0.0,0.07142857142857142,2
SKS03,SKS02,EQM_3,0,0.5,120,after_decay,original,3,peak_load_error,0.013209250637789102,0.0,0.013209250637789102,2
SKS03,SKS02,EQM_3,0,0.5,120,after_decay,original,3,profile_nrmse,0.10167936634867458,0.15049751072036138,-0.04881814437168681,2
SKS03,SKS02,EQM_3,0,0.5,120,after_decay,original,4,peak_depth_error,0.07142857142857142,0.0,0.07142857142857142,2
SKS03,SKS02,EQM_3,0,0.5,120,after_decay,original,4,peak_load_error,0.013209250637789102,0.0,0.013209250637789102,2
SKS03,SKS02,EQM_3,0,0.5,120,after_decay,original,4,profile_nrmse,0.04833975595785828,0.1493154458480514,-0.10097568989019311,2
SKS03,SKS02,EQM_3,0,0.5,120,before_decay,boundary_retained,2,peak_depth_error,0.3571428571428571,0.21428571428571425,0.14285714285714288,2
SKS03,SKS02,EQM_3,0,0.5,120,before_decay,boundary_retained,2,peak_load_error,0.0717605857507845,0.19722361564583638,-0.12546302989505187,2
SKS03,SKS02,EQM_3,0,0.5,120,before_decay,boundary_retained,2,profile_nrmse,0.10439259284004106,0.2788720949647545,-0.17447950212471344,2
SKS03,SKS02,EQM_3,0,0.5,120,before_decay,boundary_retained,3,peak_depth_error,0.21428571428571425,0.0,0.21428571428571425,2
SKS03,SKS02,EQM_3,0,0.5,120,before_decay,boundary_retained,3,peak_load_error,0.06383946094668733,0.0,0.06383946094668733,2
SKS03,SKS02,EQM_3,0,0.5,120,before_decay,boundary_retained,3,profile_nrmse,0.09582770053882746,0.1497494076580037,-0.05392170711917625,2
SKS03,SKS02,EQM_3,0,0.5,120,before_decay,boundary_retained,4,peak_depth_error,0.07142857142857142,0.0,0.07142857142857142,2
SKS03,SKS02,EQM_3,0,0.5,120,before_decay,boundary_retained,4,peak_load_error,0.014364430219648575,0.0,0.014364430219648575,2
SKS03,SKS02,EQM_3,0,0.5,120,before_decay,boundary_retained,4,profile_nrmse,0.04468582291795295,0.14865854172037657,-0.10397271880242362,2
SKS03,SKS02,EQM_3,0,0.5,120,before_decay,original,2,peak_depth_error,0.21428571428571425,0.21428571428571425,0.0,2
SKS03,SKS02,EQM_3,0,0.5,120,before_decay,original,2,peak_load_error,0.06383946094668733,0.19722361564583638,-0.13338415469914905,2
SKS03,SKS02,EQM_3,0,0.5,120,before_decay,original,2,profile_nrmse,0.12649760067839388,0.2788720949647545,-0.1523744942863606,2
SKS03,SKS02,EQM_3,0,0.5,120,before_decay,original,3,peak_depth_error,0.07142857142857142,0.0,0.07142857142857142,2
SKS03,SKS02,EQM_3,0,0.5,120,before_decay,original,3,peak_load_error,0.014364430219648575,0.0,0.014364430219648575,2
SKS03,SKS02,EQM_3,0,0.5,120,before_decay,original,3,profile_nrmse,0.09543847666373827,0.1497494076580037,-0.05431093099426544,2
SKS03,SKS02,EQM_3,0,0.5,120,before_decay,original,4,peak_depth_error,0.07142857142857142,0.0,0.07142857142857142,2
SKS03,SKS02,EQM_3,0,0.5,120,before_decay,original,4,peak_load_error,0.014364430219648575,0.0,0.014364430219648575,2
SKS03,SKS02,EQM_3,0,0.5,120,before_decay,original,4,profile_nrmse,0.04468582291795295,0.14865854172037657,-0.10397271880242362,2
SKS03,SKS02,EQM_3,0,0.5,120,shaking,boundary_retained,2,peak_depth_error,0.7142857142857142,0.2857142857142857,0.4285714285714285,2
SKS03,SKS02,EQM_3,0,0.5,120,shaking,boundary_retained,2,peak_load_error,0.2408619747271524,0.21587501890919425,0.02498695581795815,2
SKS03,SKS02,EQM_3,0,0.5,120,shaking,boundary_retained,2,profile_nrmse,0.15442302180038983,0.282637928071648,-0.1282149062712582,2
SKS03,SKS02,EQM_3,0,0.5,120,shaking,boundary_retained,3,peak_depth_error,0.6428571428571428,0.42857142857142855,0.21428571428571425,2
SKS03,SKS02,EQM_3,0,0.5,120,shaking,boundary_retained,3,peak_load_error,0.13459900918008458,0.10141624441278951,0.033182764767295064,2
SKS03,SKS02,EQM_3,0,0.5,120,shaking,boundary_retained,3,profile_nrmse,0.10860818701654953,0.16221529317869482,-0.05360710616214527,2
SKS03,SKS02,EQM_3,0,0.5,120,shaking,boundary_retained,4,peak_depth_error,0.2928571428571435,0.42857142857142855,-0.1357142857142851,2
SKS03,SKS02,EQM_3,0,0.5,120,shaking,boundary_retained,4,peak_load_error,0.12506014743862473,0.09060344345383443,0.03445670398479028,2
SKS03,SKS02,EQM_3,0,0.5,120,shaking,boundary_retained,4,profile_nrmse,0.10208738763802565,0.1553916427329833,-0.05330425509495766,2
SKS03,SKS02,EQM_3,0,0.5,120,shaking,original,2,peak_depth_error,0.6428571428571428,0.2857142857142857,0.3571428571428571,2
SKS03,SKS02,EQM_3,0,0.5,120,shaking,original,2,peak_load_error,0.13459900918008458,0.21587501890919425,-0.08127600972910967,2
SKS03,SKS02,EQM_3,0,0.5,120,shaking,original,2,profile_nrmse,0.18856829490084254,0.282637928071648,-0.0940696331708055,2
SKS03,SKS02,EQM_3,0,0.5,120,shaking,original,3,peak_depth_error,0.2928571428571435,0.42857142857142855,-0.1357142857142851,2
SKS03,SKS02,EQM_3,0,0.5,120,shaking,original,3,peak_load_error,0.12506014743862473,0.10141624441278951,0.02364390302583521,2
SKS03,SKS02,EQM_3,0,0.5,120,shaking,original,3,profile_nrmse,0.12040373161179643,0.16221529317869482,-0.04181156156689837,2
SKS03,SKS02,EQM_3,0,0.5,120,shaking,original,4,peak_depth_error,0.2928571428571435,0.42857142857142855,-0.1357142857142851,2
SKS03,SKS02,EQM_3,0,0.5,120,shaking,original,4,peak_load_error,0.12506014743862473,0.09060344345383443,0.03445670398479028,2
SKS03,SKS02,EQM_3,0,0.5,120,shaking,original,4,profile_nrmse,0.10208738763802565,0.1553916427329833,-0.05330425509495766,2
SKS03,SKS02,EQM_3,0,0.5,240,after_decay,boundary_retained,2,peak_depth_error,0.3571428571428571,0.21428571428571425,0.14285714285714288,2
SKS03,SKS02,EQM_3,0,0.5,240,after_decay,boundary_retained,2,peak_load_error,0.10619419998666321,0.185242626202603,-0.0790484262159398,2
SKS03,SKS02,EQM_3,0,0.5,240,after_decay,boundary_retained,2,profile_nrmse,0.10716269385317648,0.27973563618215824,-0.17257294232898177,2
SKS03,SKS02,EQM_3,0,0.5,240,after_decay,boundary_retained,3,peak_depth_error,0.21428571428571425,0.0,0.21428571428571425,2
SKS03,SKS02,EQM_3,0,0.5,240,after_decay,boundary_retained,3,peak_load_error,0.10533656995765277,0.0,0.10533656995765277,2
SKS03,SKS02,EQM_3,0,0.5,240,after_decay,boundary_retained,3,profile_nrmse,0.10173145192361377,0.15063208977011905,-0.04890063784650527,2
SKS03,SKS02,EQM_3,0,0.5,240,after_decay,boundary_retained,4,peak_depth_error,0.07142857142857142,0.0,0.07142857142857142,2
SKS03,SKS02,EQM_3,0,0.5,240,after_decay,boundary_retained,4,peak_load_error,0.013252835922649,0.0,0.013252835922649,2
SKS03,SKS02,EQM_3,0,0.5,240,after_decay,boundary_retained,4,profile_nrmse,0.048341431147382014,0.14942821414947108,-0.10108678300208906,2
SKS03,SKS02,EQM_3,0,0.5,240,after_decay,original,2,peak_depth_error,0.21428571428571425,0.21428571428571425,0.0,2
SKS03,SKS02,EQM_3,0,0.5,240,after_decay,original,2,peak_load_error,0.10533656995765277,0.185242626202603,-0.07990605624495026,2
SKS03,SKS02,EQM_3,0,0.5,240,after_decay,original,2,profile_nrmse,0.12594445388388642,0.27973563618215824,-0.15379118229827182,2
SKS03,SKS02,EQM_3,0,0.5,240,after_decay,original,3,peak_depth_error,0.07142857142857142,0.0,0.07142857142857142,2
SKS03,SKS02,EQM_3,0,0.5,240,after_decay,original,3,peak_load_error,0.013252835922649,0.0,0.013252835922649,2
SKS03,SKS02,EQM_3,0,0.5,240,after_decay,original,3,profile_nrmse,0.10168741210811955,0.15063208977011905,-0.048944677661999496,2
SKS03,SKS02,EQM_3,0,0.5,240,after_decay,original,4,peak_depth_error,0.07142857142857142,0.0,0.07142857142857142,2
SKS03,SKS02,EQM_3,0,0.5,240,after_decay,original,4,peak_load_error,0.013252835922649,0.0,0.013252835922649,2
SKS03,SKS02,EQM_3,0,0.5,240,after_decay,original,4,profile_nrmse,0.048341431147382014,0.14942821414947108,-0.10108678300208906,2
SKS03,SKS02,EQM_3,0,0.5,240,before_decay,boundary_retained,2,peak_depth_error,0.3571428571428571,0.21428571428571425,0.14285714285714288,2
SKS03,SKS02,EQM_3,0,0.5,240,before_decay,boundary_retained,2,peak_load_error,0.06770193080855585,0.19705542242452156,-0.1293534916159657,2
SKS03,SKS02,EQM_3,0,0.5,240,before_decay,boundary_retained,2,profile_nrmse,0.10365620137527429,0.2800750405962583,-0.17641883922098406,2
SKS03,SKS02,EQM_3,0,0.5,240,before_decay,boundary_retained,3,peak_depth_error,0.21428571428571425,0.0,0.21428571428571425,2
SKS03,SKS02,EQM_3,0,0.5,240,before_decay,boundary_retained,3,peak_load_error,0.060071107380332944,0.0,0.060071107380332944,2
SKS03,SKS02,EQM_3,0,0.5,240,before_decay,boundary_retained,3,profile_nrmse,0.09490784407448023,0.1499088630647017,-0.055001018990221445,2
SKS03,SKS02,EQM_3,0,0.5,240,before_decay,boundary_retained,4,peak_depth_error,0.07142857142857142,0.0,0.07142857142857142,2
SKS03,SKS02,EQM_3,0,0.5,240,before_decay,boundary_retained,4,peak_load_error,0.014175563854824717,0.0,0.014175563854824717,2
SKS03,SKS02,EQM_3,0,0.5,240,before_decay,boundary_retained,4,profile_nrmse,0.044724220746412933,0.14875685541173772,-0.10403263466532478,2
SKS03,SKS02,EQM_3,0,0.5,240,before_decay,original,2,peak_depth_error,0.21428571428571425,0.21428571428571425,0.0,2
SKS03,SKS02,EQM_3,0,0.5,240,before_decay,original,2,peak_load_error,0.060071107380332944,0.19705542242452156,-0.13698431504418862,2
SKS03,SKS02,EQM_3,0,0.5,240,before_decay,original,2,profile_nrmse,0.12661364706623707,0.2800750405962583,-0.15346139353002125,2
SKS03,SKS02,EQM_3,0,0.5,240,before_decay,original,3,peak_depth_error,0.07142857142857142,0.0,0.07142857142857142,2
SKS03,SKS02,EQM_3,0,0.5,240,before_decay,original,3,peak_load_error,0.014175563854824717,0.0,0.014175563854824717,2
SKS03,SKS02,EQM_3,0,0.5,240,before_decay,original,3,profile_nrmse,0.09503460818358804,0.1499088630647017,-0.05487425488111364,2
SKS03,SKS02,EQM_3,0,0.5,240,before_decay,original,4,peak_depth_error,0.07142857142857142,0.0,0.07142857142857142,2
SKS03,SKS02,EQM_3,0,0.5,240,before_decay,original,4,peak_load_error,0.014175563854824717,0.0,0.014175563854824717,2
SKS03,SKS02,EQM_3,0,0.5,240,before_decay,original,4,profile_nrmse,0.044724220746412933,0.14875685541173772,-0.10403263466532478,2
SKS03,SKS02,EQM_3,0,0.5,240,shaking,boundary_retained,2,peak_depth_error,0.7142857142857142,0.2857142857142857,0.4285714285714285,2
SKS03,SKS02,EQM_3,0,0.5,240,shaking,boundary_retained,2,peak_load_error,0.2403003359867446,0.21438181391167005,0.025918522075074557,2
SKS03,SKS02,EQM_3,0,0.5,240,shaking,boundary_retained,2,profile_nrmse,0.15337080704680478,0.2824512846029569,-0.1290804775561521,2
SKS03,SKS02,EQM_3,0,0.5,240,shaking,boundary_retained,3,peak_depth_error,0.6428571428571428,0.42857142857142855,0.21428571428571425,2
SKS03,SKS02,EQM_3,0,0.5,240,shaking,boundary_retained,3,peak_load_error,0.14118549964146335,0.10140710959413106,0.03977839004733229,2
SKS03,SKS02,EQM_3,0,0.5,240,shaking,boundary_retained,3,profile_nrmse,0.10927208832019517,0.16303664691003256,-0.0537645585898374,2
SKS03,SKS02,EQM_3,0,0.5,240,shaking,boundary_retained,4,peak_depth_error,0.3571428571428571,0.35714285714285715,-2.7755575615628914e-17,2
SKS03,SKS02,EQM_3,0,0.5,240,shaking,boundary_retained,4,peak_load_error,0.1238867173276124,0.09080671889636653,0.033079998431245865,2
SKS03,SKS02,EQM_3,0,0.5,240,shaking,boundary_retained,4,profile_nrmse,0.10314588916262515,0.15504295587135852,-0.05189706670873336,2
SKS03,SKS02,EQM_3,0,0.5,240,shaking,original,2,peak_depth_error,0.6428571428571428,0.2857142857142857,0.3571428571428571,2
SKS03,SKS02,EQM_3,0,0.5,240,shaking,original,2,peak_load_error,0.14118549964146335,0.21438181391167005,-0.0731963142702067,2
SKS03,SKS02,EQM_3,0,0.5,240,shaking,original,2,profile_nrmse,0.18961991702025494,0.2824512846029569,-0.09283136758270195,2
SKS03,SKS02,EQM_3,0,0.5,240,shaking,original,3,peak_depth_error,0.3571428571428571,0.42857142857142855,-0.07142857142857142,2
SKS03,SKS02,EQM_3,0,0.5,240,shaking,original,3,peak_load_error,0.1238867173276124,0.10140710959413106,0.022479607733481337,2
SKS03,SKS02,EQM_3,0,0.5,240,shaking,original,3,profile_nrmse,0.12131625308700011,0.16303664691003256,-0.04172039382303245,2
SKS03,SKS02,EQM_3,0,0.5,240,shaking,original,4,peak_depth_error,0.3571428571428571,0.35714285714285715,-2.7755575615628914e-17,2
SKS03,SKS02,EQM_3,0,0.5,240,shaking,original,4,peak_load_error,0.1238867173276124,0.09080671889636653,0.033079998431245865,2
SKS03,SKS02,EQM_3,0,0.5,240,shaking,original,4,profile_nrmse,0.10314588916262515,0.15504295587135852,-0.05189706670873336,2
SKS03,SKS02,EQM_3,0,0.75,120,after_decay,boundary_retained,2,peak_depth_error,0.3571428571428571,0.21428571428571425,0.14285714285714288,2
SKS03,SKS02,EQM_3,0,0.75,120,after_decay,boundary_retained,2,peak_load_error,0.10628146388487195,0.18631864605917814,-0.08003718217430618,2
SKS03,SKS02,EQM_3,0,0.75,120,after_decay,boundary_retained,2,profile_nrmse,0.10716745616303852,0.2798021500317508,-0.17263469386871225,2
SKS03,SKS02,EQM_3,0,0.75,120,after_decay,boundary_retained,3,peak_depth_error,0.21428571428571425,0.0,0.21428571428571425,2
SKS03,SKS02,EQM_3,0,0.75,120,after_decay,boundary_retained,3,peak_load_error,0.10545664151893747,0.0,0.10545664151893747,2
SKS03,SKS02,EQM_3,0,0.75,120,after_decay,boundary_retained,3,profile_nrmse,0.10173502914662622,0.1507065797214458,-0.048971550574819576,2
SKS03,SKS02,EQM_3,0,0.75,120,after_decay,boundary_retained,4,peak_depth_error,0.07142857142857142,0.0,0.07142857142857142,2
SKS03,SKS02,EQM_3,0,0.75,120,after_decay,boundary_retained,4,peak_load_error,0.013368228457833916,0.0,0.013368228457833916,2
SKS03,SKS02,EQM_3,0,0.75,120,after_decay,boundary_retained,4,profile_nrmse,0.04866573189878157,0.1495586446994528,-0.10089291280067121,2
SKS03,SKS02,EQM_3,0,0.75,120,after_decay,original,2,peak_depth_error,0.21428571428571425,0.21428571428571425,0.0,2
SKS03,SKS02,EQM_3,0,0.75,120,after_decay,original,2,peak_load_error,0.10545664151893747,0.18631864605917814,-0.08086200454024066,2
SKS03,SKS02,EQM_3,0,0.75,120,after_decay,original,2,profile_nrmse,0.1267266529161115,0.2798021500317508,-0.15307549711563928,2
SKS03,SKS02,EQM_3,0,0.75,120,after_decay,original,3,peak_depth_error,0.07142857142857142,0.0,0.07142857142857142,2
SKS03,SKS02,EQM_3,0,0.75,120,after_decay,original,3,peak_load_error,0.013368228457833916,0.0,0.013368228457833916,2
SKS03,SKS02,EQM_3,0,0.75,120,after_decay,original,3,profile_nrmse,0.10168990451404614,0.1507065797214458,-0.049016675207399656,2
SKS03,SKS02,EQM_3,0,0.75,120,after_decay,original,4,peak_depth_error,0.07142857142857142,0.0,0.07142857142857142,2
SKS03,SKS02,EQM_3,0,0.75,120,after_decay,original,4,peak_load_error,0.013368228457833916,0.0,0.013368228457833916,2
SKS03,SKS02,EQM_3,0,0.75,120,after_decay,original,4,profile_nrmse,0.04866573189878157,0.1495586446994528,-0.10089291280067121,2
SKS03,SKS02,EQM_3,0,0.75,120,before_decay,boundary_retained,2,peak_depth_error,0.3571428571428571,0.21428571428571425,0.14285714285714288,2
SKS03,SKS02,EQM_3,0,0.75,120,before_decay,boundary_retained,2,peak_load_error,0.06435705494664087,0.19627103899863618,-0.1319139840519953,2
SKS03,SKS02,EQM_3,0,0.75,120,before_decay,boundary_retained,2,profile_nrmse,0.10278023701047025,0.28075966937319546,-0.17797943236272523,2
SKS03,SKS02,EQM_3,0,0.75,120,before_decay,boundary_retained,3,peak_depth_error,0.21428571428571425,0.0,0.21428571428571425,2
SKS03,SKS02,EQM_3,0,0.75,120,before_decay,boundary_retained,3,peak_load_error,0.05720541794745533,0.0,0.05720541794745533,2
SKS03,SKS02,EQM_3,0,0.75,120,before_decay,boundary_retained,3,profile_nrmse,0.09416406828608406,0.15020148066939687,-0.05603741238331282,2
SKS03,SKS02,EQM_3,0,0.75,120,before_decay,boundary_retained,4,peak_depth_error,0.07142857142857142,0.0,0.07142857142857142,2
SKS03,SKS02,EQM_3,0,0.75,120,before_decay,boundary_retained,4,peak_load_error,0.013548073857778314,0.0,0.013548073857778314,2
SKS03,SKS02,EQM_3,0,0.75,120,before_decay,boundary_retained,4,profile_nrmse,0.044635096633465474,0.14856749069207076,-0.1039323940586053,2
SKS03,SKS02,EQM_3,0,0.75,120,before_decay,original,2,peak_depth_error,0.21428571428571425,0.21428571428571425,0.0,2
SKS03,SKS02,EQM_3,0,0.75,120,before_decay,original,2,peak_load_error,0.05720541794745533,0.19627103899863618,-0.13906562105118087,2
SKS03,SKS02,EQM_3,0,0.75,120,before_decay,original,2,profile_nrmse,0.1263689107829547,0.28075966937319546,-0.15439075859024076,2
SKS03,SKS02,EQM_3,0,0.75,120,before_decay,original,3,peak_depth_error,0.07142857142857142,0.0,0.07142857142857142,2
SKS03,SKS02,EQM_3,0,0.75,120,before_decay,original,3,peak_load_error,0.013548073857778314,0.0,0.013548073857778314,2
SKS03,SKS02,EQM_3,0,0.75,120,before_decay,original,3,profile_nrmse,0.09464386003348352,0.15020148066939687,-0.05555762063591337,2
SKS03,SKS02,EQM_3,0,0.75,120,before_decay,original,4,peak_depth_error,0.07142857142857142,0.0,0.07142857142857142,2
SKS03,SKS02,EQM_3,0,0.75,120,before_decay,original,4,peak_load_error,0.013548073857778314,0.0,0.013548073857778314,2
SKS03,SKS02,EQM_3,0,0.75,120,before_decay,original,4,profile_nrmse,0.044635096633465474,0.14856749069207076,-0.1039323940586053,2
SKS03,SKS02,EQM_3,0,0.75,120,shaking,boundary_retained,2,peak_depth_error,0.7142857142857142,0.2857142857142857,0.4285714285714285,2
SKS03,SKS02,EQM_3,0,0.75,120,shaking,boundary_retained,2,peak_load_error,0.2408619747271524,0.21587501890919425,0.02498695581795815,2
SKS03,SKS02,EQM_3,0,0.75,120,shaking,boundary_retained,2,profile_nrmse,0.15442302180038983,0.282637928071648,-0.1282149062712582,2
SKS03,SKS02,EQM_3,0,0.75,120,shaking,boundary_retained,3,peak_depth_error,0.6428571428571428,0.42857142857142855,0.21428571428571425,2
SKS03,SKS02,EQM_3,0,0.75,120,shaking,boundary_retained,3,peak_load_error,0.13459900918008458,0.10141624441278951,0.033182764767295064,2
SKS03,SKS02,EQM_3,0,0.75,120,shaking,boundary_retained,3,profile_nrmse,0.10860818701654953,0.16221529317869482,-0.05360710616214527,2
SKS03,SKS02,EQM_3,0,0.75,120,shaking,boundary_retained,4,peak_depth_error,0.2928571428571435,0.42857142857142855,-0.1357142857142851,2
SKS03,SKS02,EQM_3,0,0.75,120,shaking,boundary_retained,4,peak_load_error,0.12506014743862473,0.09060344345383443,0.03445670398479028,2
SKS03,SKS02,EQM_3,0,0.75,120,shaking,boundary_retained,4,profile_nrmse,0.10208738763802565,0.1553916427329833,-0.05330425509495766,2
SKS03,SKS02,EQM_3,0,0.75,120,shaking,original,2,peak_depth_error,0.6428571428571428,0.2857142857142857,0.3571428571428571,2
SKS03,SKS02,EQM_3,0,0.75,120,shaking,original,2,peak_load_error,0.13459900918008458,0.21587501890919425,-0.08127600972910967,2
SKS03,SKS02,EQM_3,0,0.75,120,shaking,original,2,profile_nrmse,0.18856829490084254,0.282637928071648,-0.0940696331708055,2
SKS03,SKS02,EQM_3,0,0.75,120,shaking,original,3,peak_depth_error,0.2928571428571435,0.42857142857142855,-0.1357142857142851,2
SKS03,SKS02,EQM_3,0,0.75,120,shaking,original,3,peak_load_error,0.12506014743862473,0.10141624441278951,0.02364390302583521,2
SKS03,SKS02,EQM_3,0,0.75,120,shaking,original,3,profile_nrmse,0.12040373161179643,0.16221529317869482,-0.04181156156689837,2
SKS03,SKS02,EQM_3,0,0.75,120,shaking,original,4,peak_depth_error,0.2928571428571435,0.42857142857142855,-0.1357142857142851,2
SKS03,SKS02,EQM_3,0,0.75,120,shaking,original,4,peak_load_error,0.12506014743862473,0.09060344345383443,0.03445670398479028,2
SKS03,SKS02,EQM_3,0,0.75,120,shaking,original,4,profile_nrmse,0.10208738763802565,0.1553916427329833,-0.05330425509495766,2
SKS03,SKS02,EQM_3,0,0.75,240,after_decay,boundary_retained,2,peak_depth_error,0.3571428571428571,0.21428571428571425,0.14285714285714288,2
SKS03,SKS02,EQM_3,0,0.75,240,after_decay,boundary_retained,2,peak_load_error,0.10626426269077058,0.18603536150180447,-0.07977109881103389,2
SKS03,SKS02,EQM_3,0,0.75,240,after_decay,boundary_retained,2,profile_nrmse,0.10716883210256688,0.27999887686570185,-0.17283004476313496,2
SKS03,SKS02,EQM_3,0,0.75,240,after_decay,boundary_retained,3,peak_depth_error,0.21428571428571425,0.0,0.21428571428571425,2
SKS03,SKS02,EQM_3,0,0.75,240,after_decay,boundary_retained,3,peak_load_error,0.10542024537496308,0.0,0.10542024537496308,2
SKS03,SKS02,EQM_3,0,0.75,240,after_decay,boundary_retained,3,profile_nrmse,0.10173141442341477,0.15078194009068663,-0.04905052566727188,2
SKS03,SKS02,EQM_3,0,0.75,240,after_decay,boundary_retained,4,peak_depth_error,0.07142857142857142,0.0,0.07142857142857142,2
SKS03,SKS02,EQM_3,0,0.75,240,after_decay,boundary_retained,4,peak_load_error,0.013337977395083517,0.0,0.013337977395083517,2
SKS03,SKS02,EQM_3,0,0.75,240,after_decay,boundary_retained,4,profile_nrmse,0.04860850680129512,0.14963995578193778,-0.10103144898064266,2
SKS03,SKS02,EQM_3,0,0.75,240,after_decay,original,2,peak_depth_error,0.21428571428571425,0.21428571428571425,0.0,2
SKS03,SKS02,EQM_3,0,0.75,240,after_decay,original,2,peak_load_error,0.10542024537496308,0.18603536150180447,-0.08061511612684139,2
SKS03,SKS02,EQM_3,0,0.75,240,after_decay,original,2,profile_nrmse,0.12672219828848819,0.27999887686570185,-0.15327667857721367,2
SKS03,SKS02,EQM_3,0,0.75,240,after_decay,original,3,peak_depth_error,0.07142857142857142,0.0,0.07142857142857142,2
SKS03,SKS02,EQM_3,0,0.75,240,after_decay,original,3,peak_load_error,0.013337977395083517,0.0,0.013337977395083517,2
SKS03,SKS02,EQM_3,0,0.75,240,after_decay,original,3,profile_nrmse,0.10168723186614229,0.15078194009068663,-0.04909470822454435,2
SKS03,SKS02,EQM_3,0,0.75,240,after_decay,original,4,peak_depth_error,0.07142857142857142,0.0,0.07142857142857142,2
SKS03,SKS02,EQM_3,0,0.75,240,after_decay,original,4,peak_load_error,0.013337977395083517,0.0,0.013337977395083517,2
SKS03,SKS02,EQM_3,0,0.75,240,after_decay,original,4,profile_nrmse,0.04860850680129512,0.14963995578193778,-0.10103144898064266,2
SKS03,SKS02,EQM_3,0,0.75,240,before_decay,boundary_retained,2,peak_depth_error,0.3571428571428571,0.21428571428571425,0.14285714285714288,2
SKS03,SKS02,EQM_3,0,0.75,240,before_decay,boundary_retained,2,peak_load_error,0.06414848277876663,0.19668842991896135,-0.1325399471401947,2
SKS03,SKS02,EQM_3,0,0.75,240,before_decay,boundary_retained,2,profile_nrmse,0.10261627411846944,0.2802825815771567,-0.17766630745868728,2
SKS03,SKS02,EQM_3,0,0.75,240,before_decay,boundary_retained,3,peak_depth_error,0.21428571428571425,0.0,0.21428571428571425,2
SKS03,SKS02,EQM_3,0,0.75,240,before_decay,boundary_retained,3,peak_load_error,0.056975322335760324,0.0,0.056975322335760324,2
SKS03,SKS02,EQM_3,0,0.75,240,before_decay,boundary_retained,3,profile_nrmse,0.09417057038867267,0.14992143024748772,-0.05575085985881506,2
SKS03,SKS02,EQM_3,0,0.75,240,before_decay,boundary_retained,4,peak_depth_error,0.07142857142857142,0.0,0.07142857142857142,2
SKS03,SKS02,EQM_3,0,0.75,240,before_decay,boundary_retained,4,peak_load_error,0.013203328703941837,0.0,0.013203328703941837,2
SKS03,SKS02,EQM_3,0,0.75,240,before_decay,boundary_retained,4,profile_nrmse,0.04447878044582433,0.14832663528847828,-0.10384785484265394,2
SKS03,SKS02,EQM_3,0,0.75,240,before_decay,original,2,peak_depth_error,0.21428571428571425,0.21428571428571425,0.0,2
SKS03,SKS02,EQM_3,0,0.75,240,before_decay,original,2,peak_load_error,0.056975322335760324,0.19668842991896135,-0.13971310758320102,2
SKS03,SKS02,EQM_3,0,0.75,240,before_decay,original,2,profile_nrmse,0.12632441905097413,0.2802825815771567,-0.15395816252618255,2
SKS03,SKS02,EQM_3,0,0.75,240,before_decay,original,3,peak_depth_error,0.07142857142857142,0.0,0.07142857142857142,2
SKS03,SKS02,EQM_3,0,0.75,240,before_decay,original,3,peak_load_error,0.013203328703941837,0.0,0.013203328703941837,2
SKS03,SKS02,EQM_3,0,0.75,240,before_decay,original,3,profile_nrmse,0.0944721999468296,0.14992143024748772,-0.05544923030065814,2
SKS03,SKS02,EQM_3,0,0.75,240,before_decay,original,4,peak_depth_error,0.07142857142857142,0.0,0.07142857142857142,2
SKS03,SKS02,EQM_3,0,0.75,240,before_decay,original,4,peak_load_error,0.013203328703941837,0.0,0.013203328703941837,2
SKS03,SKS02,EQM_3,0,0.75,240,before_decay,original,4,profile_nrmse,0.04447878044582433,0.14832663528847828,-0.10384785484265394,2
SKS03,SKS02,EQM_3,0,0.75,240,shaking,boundary_retained,2,peak_depth_error,0.7142857142857142,0.2857142857142857,0.4285714285714285,2
SKS03,SKS02,EQM_3,0,0.75,240,shaking,boundary_retained,2,peak_load_error,0.2403003359867446,0.21438181391167005,0.025918522075074557,2
SKS03,SKS02,EQM_3,0,0.75,240,shaking,boundary_retained,2,profile_nrmse,0.15337080704680478,0.2824512846029569,-0.1290804775561521,2
SKS03,SKS02,EQM_3,0,0.75,240,shaking,boundary_retained,3,peak_depth_error,0.6428571428571428,0.42857142857142855,0.21428571428571425,2
SKS03,SKS02,EQM_3,0,0.75,240,shaking,boundary_retained,3,peak_load_error,0.14118549964146335,0.10140710959413106,0.03977839004733229,2
SKS03,SKS02,EQM_3,0,0.75,240,shaking,boundary_retained,3,profile_nrmse,0.10927208832019517,0.16303664691003256,-0.0537645585898374,2
SKS03,SKS02,EQM_3,0,0.75,240,shaking,boundary_retained,4,peak_depth_error,0.3571428571428571,0.35714285714285715,-2.7755575615628914e-17,2
SKS03,SKS02,EQM_3,0,0.75,240,shaking,boundary_retained,4,peak_load_error,0.1238867173276124,0.09080671889636653,0.033079998431245865,2
SKS03,SKS02,EQM_3,0,0.75,240,shaking,boundary_retained,4,profile_nrmse,0.10314588916262515,0.15504295587135852,-0.05189706670873336,2
SKS03,SKS02,EQM_3,0,0.75,240,shaking,original,2,peak_depth_error,0.6428571428571428,0.2857142857142857,0.3571428571428571,2
SKS03,SKS02,EQM_3,0,0.75,240,shaking,original,2,peak_load_error,0.14118549964146335,0.21438181391167005,-0.0731963142702067,2
SKS03,SKS02,EQM_3,0,0.75,240,shaking,original,2,profile_nrmse,0.18961991702025494,0.2824512846029569,-0.09283136758270195,2
SKS03,SKS02,EQM_3,0,0.75,240,shaking,original,3,peak_depth_error,0.3571428571428571,0.42857142857142855,-0.07142857142857142,2
SKS03,SKS02,EQM_3,0,0.75,240,shaking,original,3,peak_load_error,0.1238867173276124,0.10140710959413106,0.022479607733481337,2
SKS03,SKS02,EQM_3,0,0.75,240,shaking,original,3,profile_nrmse,0.12131625308700011,0.16303664691003256,-0.04172039382303245,2
SKS03,SKS02,EQM_3,0,0.75,240,shaking,original,4,peak_depth_error,0.3571428571428571,0.35714285714285715,-2.7755575615628914e-17,2
SKS03,SKS02,EQM_3,0,0.75,240,shaking,original,4,peak_load_error,0.1238867173276124,0.09080671889636653,0.033079998431245865,2
SKS03,SKS02,EQM_3,0,0.75,240,shaking,original,4,profile_nrmse,0.10314588916262515,0.15504295587135852,-0.05189706670873336,2
SKS03,SKS02,EQM_3,1,0.25,120,after_decay,boundary_retained,2,peak_depth_error,0.3571428571428571,0.21428571428571425,0.14285714285714288,2
SKS03,SKS02,EQM_3,1,0.25,120,after_decay,boundary_retained,2,peak_load_error,0.1060633499854483,0.18435244583802543,-0.07828909585257712,2
SKS03,SKS02,EQM_3,1,0.25,120,after_decay,boundary_retained,2,profile_nrmse,0.10715072296180822,0.27944797028635304,-0.1722972473245448,2
SKS03,SKS02,EQM_3,1,0.25,120,after_decay,boundary_retained,3,peak_depth_error,0.21428571428571425,0.0,0.21428571428571425,2
SKS03,SKS02,EQM_3,1,0.25,120,after_decay,boundary_retained,3,peak_load_error,0.10522674771879185,0.0,0.10522674771879185,2
SKS03,SKS02,EQM_3,1,0.25,120,after_decay,boundary_retained,3,profile_nrmse,0.10173224666262348,0.15046541260741095,-0.04873316594478747,2
SKS03,SKS02,EQM_3,1,0.25,120,after_decay,boundary_retained,4,peak_depth_error,0.07142857142857142,0.0,0.07142857142857142,2
SKS03,SKS02,EQM_3,1,0.25,120,after_decay,boundary_retained,4,peak_load_error,0.013141984420330636,0.0,0.013141984420330636,2
SKS03,SKS02,EQM_3,1,0.25,120,after_decay,boundary_retained,4,profile_nrmse,0.04805366382911197,0.149264122921797,-0.10121045909268503,2
SKS03,SKS02,EQM_3,1,0.25,120,after_decay,original,2,peak_depth_error,0.21428571428571425,0.21428571428571425,0.0,2
SKS03,SKS02,EQM_3,1,0.25,120,after_decay,original,2,peak_load_error,0.10522674771879185,0.18435244583802543,-0.07912569811923356,2
SKS03,SKS02,EQM_3,1,0.25,120,after_decay,original,2,profile_nrmse,0.12512307401793232,0.27944797028635304,-0.15432489626842072,2
SKS03,SKS02,EQM_3,1,0.25,120,after_decay,original,3,peak_depth_error,0.07142857142857142,0.0,0.07142857142857142,2
SKS03,SKS02,EQM_3,1,0.25,120,after_decay,original,3,peak_load_error,0.013141984420330636,0.0,0.013141984420330636,2
SKS03,SKS02,EQM_3,1,0.25,120,after_decay,original,3,profile_nrmse,0.10168597874338145,0.15046541260741095,-0.0487794338640295,2
SKS03,SKS02,EQM_3,1,0.25,120,after_decay,original,4,peak_depth_error,0.07142857142857142,0.0,0.07142857142857142,2
SKS03,SKS02,EQM_3,1,0.25,120,after_decay,original,4,peak_load_error,0.013141984420330636,0.0,0.013141984420330636,2
SKS03,SKS02,EQM_3,1,0.25,120,after_decay,original,4,profile_nrmse,0.04805366382911197,0.149264122921797,-0.10121045909268503,2
SKS03,SKS02,EQM_3,1,0.25,120,before_decay,boundary_retained,2,peak_depth_error,0.3571428571428571,0.21428571428571425,0.14285714285714288,2
SKS03,SKS02,EQM_3,1,0.25,120,before_decay,boundary_retained,2,peak_load_error,0.08031018912788718,0.19906414982485424,-0.11875396069696705,2
SKS03,SKS02,EQM_3,1,0.25,120,before_decay,boundary_retained,2,profile_nrmse,0.10600937150794343,0.2768407901034966,-0.1708314185955532,2
SKS03,SKS02,EQM_3,1,0.25,120,before_decay,boundary_retained,3,peak_depth_error,0.21428571428571425,0.0,0.21428571428571425,2
SKS03,SKS02,EQM_3,1,0.25,120,before_decay,boundary_retained,3,peak_load_error,0.07262881102909216,0.0,0.07262881102909216,2
SKS03,SKS02,EQM_3,1,0.25,120,before_decay,boundary_retained,3,profile_nrmse,0.09821866371544696,0.1482261750830807,-0.050007511367633734,2
SKS03,SKS02,EQM_3,1,0.25,120,before_decay,boundary_retained,4,peak_depth_error,0.07142857142857142,0.0,0.07142857142857142,2
SKS03,SKS02,EQM_3,1,0.25,120,before_decay,boundary_retained,4,peak_load_error,0.014373740793106595,0.0,0.014373740793106595,2
SKS03,SKS02,EQM_3,1,0.25,120,before_decay,boundary_retained,4,profile_nrmse,0.0454474830971255,0.14744343627427578,-0.10199595317715027,2
SKS03,SKS02,EQM_3,1,0.25,120,before_decay,original,2,peak_depth_error,0.21428571428571425,0.21428571428571425,0.0,2
SKS03,SKS02,EQM_3,1,0.25,120,before_decay,original,2,peak_load_error,0.07262881102909216,0.19906414982485424,-0.12643533879576208,2
SKS03,SKS02,EQM_3,1,0.25,120,before_decay,original,2,profile_nrmse,0.12768028406870185,0.2768407901034966,-0.14916050603479478,2
SKS03,SKS02,EQM_3,1,0.25,120,before_decay,original,3,peak_depth_error,0.07142857142857142,0.0,0.07142857142857142,2
SKS03,SKS02,EQM_3,1,0.25,120,before_decay,original,3,peak_load_error,0.014373740793106595,0.0,0.014373740793106595,2
SKS03,SKS02,EQM_3,1,0.25,120,before_decay,original,3,profile_nrmse,0.0965174713417205,0.1482261750830807,-0.0517087037413602,2
SKS03,SKS02,EQM_3,1,0.25,120,before_decay,original,4,peak_depth_error,0.07142857142857142,0.0,0.07142857142857142,2
SKS03,SKS02,EQM_3,1,0.25,120,before_decay,original,4,peak_load_error,0.014373740793106595,0.0,0.014373740793106595,2
SKS03,SKS02,EQM_3,1,0.25,120,before_decay,original,4,profile_nrmse,0.0454474830971255,0.14744343627427578,-0.10199595317715027,2
SKS03,SKS02,EQM_3,1,0.25,120,shaking,boundary_retained,2,peak_depth_error,0.4357142857142863,0.21428571428571427,0.221428571428572,2
SKS03,SKS02,EQM_3,1,0.25,120,shaking,boundary_retained,2,peak_load_error,0.1586082067238273,0.1310574338461048,0.027550772877722507,2
SKS03,SKS02,EQM_3,1,0.25,120,shaking,boundary_retained,2,profile_nrmse,0.11815679077124913,0.24649278537248892,-0.1283359946012398,2
SKS03,SKS02,EQM_3,1,0.25,120,shaking,boundary_retained,3,peak_depth_error,0.21428571428571427,0.14285714285714288,0.0714285714285714,2
SKS03,SKS02,EQM_3,1,0.25,120,shaking,boundary_retained,3,peak_load_error,0.039128376112975434,0.045863834370011514,-0.00673545825703608,2
SKS03,SKS02,EQM_3,1,0.25,120,shaking,boundary_retained,3,profile_nrmse,0.07259855297260503,0.13182358002987038,-0.05922502705726535,2
SKS03,SKS02,EQM_3,1,0.25,120,shaking,boundary_retained,4,peak_depth_error,0.21428571428571425,0.14285714285714288,0.07142857142857137,2
SKS03,SKS02,EQM_3,1,0.25,120,shaking,boundary_retained,4,peak_load_error,0.06884939514859738,0.0435220953517173,0.025327299796880087,2
SKS03,SKS02,EQM_3,1,0.25,120,shaking,boundary_retained,4,profile_nrmse,0.05415253533852838,0.13140465550010244,-0.07725212016157404,2
SKS03,SKS02,EQM_3,1,0.25,120,shaking,original,2,peak_depth_error,0.21428571428571427,0.21428571428571427,0.0,2
SKS03,SKS02,EQM_3,1,0.25,120,shaking,original,2,peak_load_error,0.039128376112975434,0.1310574338461048,-0.09192905773312936,2
SKS03,SKS02,EQM_3,1,0.25,120,shaking,original,2,profile_nrmse,0.14085091402047162,0.24649278537248892,-0.1056418713520173,2
SKS03,SKS02,EQM_3,1,0.25,120,shaking,original,3,peak_depth_error,0.21428571428571425,0.14285714285714288,0.07142857142857137,2
SKS03,SKS02,EQM_3,1,0.25,120,shaking,original,3,peak_load_error,0.06884939514859738,0.045863834370011514,0.02298556077858587,2
SKS03,SKS02,EQM_3,1,0.25,120,shaking,original,3,profile_nrmse,0.09507752848251766,0.13182358002987038,-0.036746051547352734,2
SKS03,SKS02,EQM_3,1,0.25,120,shaking,original,4,peak_depth_error,0.21428571428571425,0.14285714285714288,0.07142857142857137,2
SKS03,SKS02,EQM_3,1,0.25,120,shaking,original,4,peak_load_error,0.06884939514859738,0.0435220953517173,0.025327299796880087,2
SKS03,SKS02,EQM_3,1,0.25,120,shaking,original,4,profile_nrmse,0.05415253533852838,0.13140465550010244,-0.07725212016157404,2
SKS03,SKS02,EQM_3,1,0.25,240,after_decay,boundary_retained,2,peak_depth_error,0.3571428571428571,0.21428571428571425,0.14285714285714288,2
SKS03,SKS02,EQM_3,1,0.25,240,after_decay,boundary_retained,2,peak_load_error,0.10606183061576731,0.18434225428150186,-0.07828042366573454,2
SKS03,SKS02,EQM_3,1,0.25,240,after_decay,boundary_retained,2,profile_nrmse,0.10716834797063704,0.2795519688983975,-0.1723836209277605,2
SKS03,SKS02,EQM_3,1,0.25,240,after_decay,boundary_retained,3,peak_depth_error,0.21428571428571425,0.0,0.21428571428571425,2
SKS03,SKS02,EQM_3,1,0.25,240,after_decay,boundary_retained,3,peak_load_error,0.10521125180436929,0.0,0.10521125180436929,2
SKS03,SKS02,EQM_3,1,0.25,240,after_decay,boundary_retained,3,profile_nrmse,0.10173039408304543,0.1504610045381844,-0.04873061045513897,2
SKS03,SKS02,EQM_3,1,0.25,240,after_decay,boundary_retained,4,peak_depth_error,0.07142857142857142,0.0,0.07142857142857142,2
SKS03,SKS02,EQM_3,1,0.25,240,after_decay,boundary_retained,4,peak_load_error,0.013124318436273598,0.0,0.013124318436273598,2
SKS03,SKS02,EQM_3,1,0.25,240,after_decay,boundary_retained,4,profile_nrmse,0.04806049155451163,0.14923195211697088,-0.10117146056245924,2
SKS03,SKS02,EQM_3,1,0.25,240,after_decay,original,2,peak_depth_error,0.21428571428571425,0.21428571428571425,0.0,2
SKS03,SKS02,EQM_3,1,0.25,240,after_decay,original,2,peak_load_error,0.10521125180436929,0.18434225428150186,-0.07913100247713256,2
SKS03,SKS02,EQM_3,1,0.25,240,after_decay,original,2,profile_nrmse,0.1251216237924654,0.2795519688983975,-0.15443034510593218,2
SKS03,SKS02,EQM_3,1,0.25,240,after_decay,original,3,peak_depth_error,0.07142857142857142,0.0,0.07142857142857142,2
SKS03,SKS02,EQM_3,1,0.25,240,after_decay,original,3,peak_load_error,0.013124318436273598,0.0,0.013124318436273598,2
SKS03,SKS02,EQM_3,1,0.25,240,after_decay,original,3,profile_nrmse,0.10168349630879678,0.1504610045381844,-0.048777508229387624,2
SKS03,SKS02,EQM_3,1,0.25,240,after_decay,original,4,peak_depth_error,0.07142857142857142,0.0,0.07142857142857142,2
SKS03,SKS02,EQM_3,1,0.25,240,after_decay,original,4,peak_load_error,0.013124318436273598,0.0,0.013124318436273598,2
SKS03,SKS02,EQM_3,1,0.25,240,after_decay,original,4,profile_nrmse,0.04806049155451163,0.14923195211697088,-0.10117146056245924,2
SKS03,SKS02,EQM_3,1,0.25,240,before_decay,boundary_retained,2,peak_depth_error,0.3571428571428571,0.21428571428571425,0.14285714285714288,2
SKS03,SKS02,EQM_3,1,0.25,240,before_decay,boundary_retained,2,peak_load_error,0.0783616585413135,0.1989169738259878,-0.12055531528467431,2
SKS03,SKS02,EQM_3,1,0.25,240,before_decay,boundary_retained,2,profile_nrmse,0.10570480531460366,0.27827635606405343,-0.17257155074944977,2
SKS03,SKS02,EQM_3,1,0.25,240,before_decay,boundary_retained,3,peak_depth_error,0.21428571428571425,0.0,0.21428571428571425,2
SKS03,SKS02,EQM_3,1,0.25,240,before_decay,boundary_retained,3,peak_load_error,0.07044709509438746,0.0,0.07044709509438746,2
SKS03,SKS02,EQM_3,1,0.25,240,before_decay,boundary_retained,3,profile_nrmse,0.0977049481051842,0.14897095807612537,-0.051266009970941176,2
SKS03,SKS02,EQM_3,1,0.25,240,before_decay,boundary_retained,4,peak_depth_error,0.07142857142857142,0.0,0.07142857142857142,2
SKS03,SKS02,EQM_3,1,0.25,240,before_decay,boundary_retained,4,peak_load_error,0.01434153958829949,0.0,0.01434153958829949,2
SKS03,SKS02,EQM_3,1,0.25,240,before_decay,boundary_retained,4,profile_nrmse,0.04512184139916015,0.14815432701736264,-0.1030324856182025,2
SKS03,SKS02,EQM_3,1,0.25,240,before_decay,original,2,peak_depth_error,0.21428571428571425,0.21428571428571425,0.0,2
SKS03,SKS02,EQM_3,1,0.25,240,before_decay,original,2,peak_load_error,0.07044709509438746,0.1989169738259878,-0.12846987873160032,2
SKS03,SKS02,EQM_3,1,0.25,240,before_decay,original,2,profile_nrmse,0.12730050668096582,0.27827635606405343,-0.1509758493830876,2
SKS03,SKS02,EQM_3,1,0.25,240,before_decay,original,3,peak_depth_error,0.07142857142857142,0.0,0.07142857142857142,2
SKS03,SKS02,EQM_3,1,0.25,240,before_decay,original,3,peak_load_error,0.01434153958829949,0.0,0.01434153958829949,2
SKS03,SKS02,EQM_3,1,0.25,240,before_decay,original,3,profile_nrmse,0.09631458566096637,0.14897095807612537,-0.05265637241515899,2
SKS03,SKS02,EQM_3,1,0.25,240,before_decay,original,4,peak_depth_error,0.07142857142857142,0.0,0.07142857142857142,2
SKS03,SKS02,EQM_3,1,0.25,240,before_decay,original,4,peak_load_error,0.01434153958829949,0.0,0.01434153958829949,2
SKS03,SKS02,EQM_3,1,0.25,240,before_decay,original,4,profile_nrmse,0.04512184139916015,0.14815432701736264,-0.1030324856182025,2
SKS03,SKS02,EQM_3,1,0.25,240,shaking,boundary_retained,2,peak_depth_error,0.42857142857142855,0.21428571428571427,0.21428571428571427,2
SKS03,SKS02,EQM_3,1,0.25,240,shaking,boundary_retained,2,peak_load_error,0.15899568915233417,0.13126296234522739,0.02773272680710677,2
SKS03,SKS02,EQM_3,1,0.25,240,shaking,boundary_retained,2,profile_nrmse,0.11824491373809946,0.24653866435293653,-0.12829375061483705,2
SKS03,SKS02,EQM_3,1,0.25,240,shaking,boundary_retained,3,peak_depth_error,0.21428571428571427,0.14285714285714288,0.0714285714285714,2
SKS03,SKS02,EQM_3,1,0.25,240,shaking,boundary_retained,3,peak_load_error,0.03910623553808404,0.04583154394267118,-0.006725308404587141,2
SKS03,SKS02,EQM_3,1,0.25,240,shaking,boundary_retained,3,profile_nrmse,0.07259629814256657,0.13194501333639552,-0.05934871519382896,2
SKS03,SKS02,EQM_3,1,0.25,240,shaking,boundary_retained,4,peak_depth_error,0.21428571428571425,0.14285714285714288,0.07142857142857137,2
SKS03,SKS02,EQM_3,1,0.25,240,shaking,boundary_retained,4,peak_load_error,0.06923183104536752,0.04373122579320032,0.0255006052521672,2
SKS03,SKS02,EQM_3,1,0.25,240,shaking,boundary_retained,4,profile_nrmse,0.05419560572746367,0.1314955926080328,-0.07729998688056913,2
SKS03,SKS02,EQM_3,1,0.25,240,shaking,original,2,peak_depth_error,0.21428571428571427,0.21428571428571427,0.0,2
SKS03,SKS02,EQM_3,1,0.25,240,shaking,original,2,peak_load_error,0.03910623553808404,0.13126296234522739,-0.09215672680714335,2
SKS03,SKS02,EQM_3,1,0.25,240,shaking,original,2,profile_nrmse,0.14095718455124104,0.24653866435293653,-0.10558147980169548,2
SKS03,SKS02,EQM_3,1,0.25,240,shaking,original,3,peak_depth_error,0.21428571428571425,0.14285714285714288,0.07142857142857137,2
SKS03,SKS02,EQM_3,1,0.25,240,shaking,original,3,peak_load_error,0.06923183104536752,0.04583154394267118,0.023400287102696347,2
SKS03,SKS02,EQM_3,1,0.25,240,shaking,original,3,profile_nrmse,0.09507639610394883,0.13194501333639552,-0.036868617232446714,2
SKS03,SKS02,EQM_3,1,0.25,240,shaking,original,4,peak_depth_error,0.21428571428571425,0.14285714285714288,0.07142857142857137,2
SKS03,SKS02,EQM_3,1,0.25,240,shaking,original,4,peak_load_error,0.06923183104536752,0.04373122579320032,0.0255006052521672,2
SKS03,SKS02,EQM_3,1,0.25,240,shaking,original,4,profile_nrmse,0.05419560572746367,0.1314955926080328,-0.07729998688056913,2
SKS03,SKS02,EQM_3,1,0.5,120,after_decay,boundary_retained,2,peak_depth_error,0.3571428571428571,0.21428571428571425,0.14285714285714288,2
SKS03,SKS02,EQM_3,1,0.5,120,after_decay,boundary_retained,2,peak_load_error,0.10610416431708798,0.18512511806159868,-0.07902095374451071,2
SKS03,SKS02,EQM_3,1,0.5,120,after_decay,boundary_retained,2,profile_nrmse,0.10716331532926708,0.27961271776991015,-0.17244940244064308,2
SKS03,SKS02,EQM_3,1,0.5,120,after_decay,boundary_retained,3,peak_depth_error,0.21428571428571425,0.0,0.21428571428571425,2
SKS03,SKS02,EQM_3,1,0.5,120,after_decay,boundary_retained,3,peak_load_error,0.10524137596293982,0.0,0.10524137596293982,2
SKS03,SKS02,EQM_3,1,0.5,120,after_decay,boundary_retained,3,profile_nrmse,0.10172460603782492,0.15058509876598247,-0.048860492728157554,2
SKS03,SKS02,EQM_3,1,0.5,120,after_decay,boundary_retained,4,peak_depth_error,0.07142857142857142,0.0,0.07142857142857142,2
SKS03,SKS02,EQM_3,1,0.5,120,after_decay,boundary_retained,4,peak_load_error,0.013165622243144435,0.0,0.013165622243144435,2
SKS03,SKS02,EQM_3,1,0.5,120,after_decay,boundary_retained,4,profile_nrmse,0.048270974371135804,0.149399659604582,-0.10112868523344623,2
SKS03,SKS02,EQM_3,1,0.5,120,after_decay,original,2,peak_depth_error,0.21428571428571425,0.21428571428571425,0.0,2
SKS03,SKS02,EQM_3,1,0.5,120,after_decay,original,2,peak_load_error,0.10524137596293982,0.18512511806159868,-0.07988374209865887,2
SKS03,SKS02,EQM_3,1,0.5,120,after_decay,original,2,profile_nrmse,0.12581643427240152,0.27961271776991015,-0.15379628349750862,2
SKS03,SKS02,EQM_3,1,0.5,120,after_decay,original,3,peak_depth_error,0.07142857142857142,0.0,0.07142857142857142,2
SKS03,SKS02,EQM_3,1,0.5,120,after_decay,original,3,peak_load_error,0.013165622243144435,0.0,0.013165622243144435,2
SKS03,SKS02,EQM_3,1,0.5,120,after_decay,original,3,profile_nrmse,0.10168028497834045,0.15058509876598247,-0.04890481378764202,2
SKS03,SKS02,EQM_3,1,0.5,120,after_decay,original,4,peak_depth_error,0.07142857142857142,0.0,0.07142857142857142,2
SKS03,SKS02,EQM_3,1,0.5,120,after_decay,original,4,peak_load_error,0.013165622243144435,0.0,0.013165622243144435,2
SKS03,SKS02,EQM_3,1,0.5,120,after_decay,original,4,profile_nrmse,0.048270974371135804,0.149399659604582,-0.10112868523344623,2
SKS03,SKS02,EQM_3,1,0.5,120,before_decay,boundary_retained,2,peak_depth_error,0.3571428571428571,0.21428571428571425,0.14285714285714288,2
SKS03,SKS02,EQM_3,1,0.5,120,before_decay,boundary_retained,2,peak_load_error,0.07050493974554733,0.1962387659718003,-0.12573382622625293,2
SKS03,SKS02,EQM_3,1,0.5,120,before_decay,boundary_retained,2,profile_nrmse,0.10394413814066403,0.2789641137234511,-0.1750199755827871,2
SKS03,SKS02,EQM_3,1,0.5,120,before_decay,boundary_retained,3,peak_depth_error,0.21428571428571425,0.0,0.21428571428571425,2
SKS03,SKS02,EQM_3,1,0.5,120,before_decay,boundary_retained,3,peak_load_error,0.061908124984545114,0.0,0.061908124984545114,2
SKS03,SKS02,EQM_3,1,0.5,120,before_decay,boundary_retained,3,profile_nrmse,0.09535562298617266,0.1488828351898942,-0.053527212203721544,2
SKS03,SKS02,EQM_3,1,0.5,120,before_decay,boundary_retained,4,peak_depth_error,0.07142857142857142,0.0,0.07142857142857142,2
SKS03,SKS02,EQM_3,1,0.5,120,before_decay,boundary_retained,4,peak_load_error,0.014149899242794322,0.0,0.014149899242794322,2
SKS03,SKS02,EQM_3,1,0.5,120,before_decay,boundary_retained,4,profile_nrmse,0.04403922824528356,0.14795003079585814,-0.10391080255057458,2
SKS03,SKS02,EQM_3,1,0.5,120,before_decay,original,2,peak_depth_error,0.21428571428571425,0.21428571428571425,0.0,2
SKS03,SKS02,EQM_3,1,0.5,120,before_decay,original,2,peak_load_error,0.061908124984545114,0.1962387659718003,-0.13433064098725517,2
SKS03,SKS02,EQM_3,1,0.5,120,before_decay,original,2,profile_nrmse,0.12630624521948905,0.2789641137234511,-0.15265786850396207,2
SKS03,SKS02,EQM_3,1,0.5,120,before_decay,original,3,peak_depth_error,0.07142857142857142,0.0,0.07142857142857142,2
SKS03,SKS02,EQM_3,1,0.5,120,before_decay,original,3,peak_load_error,0.014149899242794322,0.0,0.014149899242794322,2
SKS03,SKS02,EQM_3,1,0.5,120,before_decay,original,3,profile_nrmse,0.0951253901057712,0.1488828351898942,-0.053757445084123,2
SKS03,SKS02,EQM_3,1,0.5,120,before_decay,original,4,peak_depth_error,0.07142857142857142,0.0,0.07142857142857142,2
SKS03,SKS02,EQM_3,1,0.5,120,before_decay,original,4,peak_load_error,0.014149899242794322,0.0,0.014149899242794322,2
SKS03,SKS02,EQM_3,1,0.5,120,before_decay,original,4,profile_nrmse,0.04403922824528356,0.14795003079585814,-0.10391080255057458,2
SKS03,SKS02,EQM_3,1,0.5,120,shaking,boundary_retained,2,peak_depth_error,0.4357142857142863,0.21428571428571427,0.221428571428572,2
SKS03,SKS02,EQM_3,1,0.5,120,shaking,boundary_retained,2,peak_load_error,0.1586082067238273,0.1310574338461048,0.027550772877722507,2
SKS03,SKS02,EQM_3,1,0.5,120,shaking,boundary_retained,2,profile_nrmse,0.11815679077124913,0.24649278537248892,-0.1283359946012398,2
SKS03,SKS02,EQM_3,1,0.5,120,shaking,boundary_retained,3,peak_depth_error,0.21428571428571427,0.14285714285714288,0.0714285714285714,2
SKS03,SKS02,EQM_3,1,0.5,120,shaking,boundary_retained,3,peak_load_error,0.039128376112975434,0.045863834370011514,-0.00673545825703608,2
SKS03,SKS02,EQM_3,1,0.5,120,shaking,boundary_retained,3,profile_nrmse,0.07259855297260503,0.13182358002987038,-0.05922502705726535,2
SKS03,SKS02,EQM_3,1,0.5,120,shaking,boundary_retained,4,peak_depth_error,0.21428571428571425,0.14285714285714288,0.07142857142857137,2
SKS03,SKS02,EQM_3,1,0.5,120,shaking,boundary_retained,4,peak_load_error,0.06884939514859738,0.0435220953517173,0.025327299796880087,2
SKS03,SKS02,EQM_3,1,0.5,120,shaking,boundary_retained,4,profile_nrmse,0.05415253533852838,0.13140465550010244,-0.07725212016157404,2
SKS03,SKS02,EQM_3,1,0.5,120,shaking,original,2,peak_depth_error,0.21428571428571427,0.21428571428571427,0.0,2
SKS03,SKS02,EQM_3,1,0.5,120,shaking,original,2,peak_load_error,0.039128376112975434,0.1310574338461048,-0.09192905773312936,2
SKS03,SKS02,EQM_3,1,0.5,120,shaking,original,2,profile_nrmse,0.14085091402047162,0.24649278537248892,-0.1056418713520173,2
SKS03,SKS02,EQM_3,1,0.5,120,shaking,original,3,peak_depth_error,0.21428571428571425,0.14285714285714288,0.07142857142857137,2
SKS03,SKS02,EQM_3,1,0.5,120,shaking,original,3,peak_load_error,0.06884939514859738,0.045863834370011514,0.02298556077858587,2
SKS03,SKS02,EQM_3,1,0.5,120,shaking,original,3,profile_nrmse,0.09507752848251766,0.13182358002987038,-0.036746051547352734,2
SKS03,SKS02,EQM_3,1,0.5,120,shaking,original,4,peak_depth_error,0.21428571428571425,0.14285714285714288,0.07142857142857137,2
SKS03,SKS02,EQM_3,1,0.5,120,shaking,original,4,peak_load_error,0.06884939514859738,0.0435220953517173,0.025327299796880087,2
SKS03,SKS02,EQM_3,1,0.5,120,shaking,original,4,profile_nrmse,0.05415253533852838,0.13140465550010244,-0.07725212016157404,2
SKS03,SKS02,EQM_3,1,0.5,240,after_decay,boundary_retained,2,peak_depth_error,0.3571428571428571,0.21428571428571425,0.14285714285714288,2
SKS03,SKS02,EQM_3,1,0.5,240,after_decay,boundary_retained,2,peak_load_error,0.10616674358384964,0.1851126880290864,-0.07894594444523675,2
SKS03,SKS02,EQM_3,1,0.5,240,after_decay,boundary_retained,2,profile_nrmse,0.10716611823672156,0.2797793349186473,-0.17261321668192575,2
SKS03,SKS02,EQM_3,1,0.5,240,after_decay,boundary_retained,3,peak_depth_error,0.21428571428571425,0.0,0.21428571428571425,2
SKS03,SKS02,EQM_3,1,0.5,240,after_decay,boundary_retained,3,peak_load_error,0.10533127744534676,0.0,0.10533127744534676,2
SKS03,SKS02,EQM_3,1,0.5,240,after_decay,boundary_retained,3,profile_nrmse,0.10173387751628121,0.15063999815911877,-0.04890612064283755,2
SKS03,SKS02,EQM_3,1,0.5,240,after_decay,boundary_retained,4,peak_depth_error,0.07142857142857142,0.0,0.07142857142857142,2
SKS03,SKS02,EQM_3,1,0.5,240,after_decay,boundary_retained,4,peak_load_error,0.013247543410342991,0.0,0.013247543410342991,2
SKS03,SKS02,EQM_3,1,0.5,240,after_decay,boundary_retained,4,profile_nrmse,0.04830916293761665,0.14946101452145458,-0.10115185158383794,2
SKS03,SKS02,EQM_3,1,0.5,240,after_decay,original,2,peak_depth_error,0.21428571428571425,0.21428571428571425,0.0,2
SKS03,SKS02,EQM_3,1,0.5,240,after_decay,original,2,peak_load_error,0.10533127744534676,0.1851126880290864,-0.07978141058373964,2
SKS03,SKS02,EQM_3,1,0.5,240,after_decay,original,2,profile_nrmse,0.12580800694898558,0.2797793349186473,-0.15397132796966173,2
SKS03,SKS02,EQM_3,1,0.5,240,after_decay,original,3,peak_depth_error,0.07142857142857142,0.0,0.07142857142857142,2
SKS03,SKS02,EQM_3,1,0.5,240,after_decay,original,3,peak_load_error,0.013247543410342991,0.0,0.013247543410342991,2
SKS03,SKS02,EQM_3,1,0.5,240,after_decay,original,3,profile_nrmse,0.1016949646262491,0.15063999815911877,-0.04894503353286967,2
SKS03,SKS02,EQM_3,1,0.5,240,after_decay,original,4,peak_depth_error,0.07142857142857142,0.0,0.07142857142857142,2
SKS03,SKS02,EQM_3,1,0.5,240,after_decay,original,4,peak_load_error,0.013247543410342991,0.0,0.013247543410342991,2
SKS03,SKS02,EQM_3,1,0.5,240,after_decay,original,4,profile_nrmse,0.04830916293761665,0.14946101452145458,-0.10115185158383794,2
SKS03,SKS02,EQM_3,1,0.5,240,before_decay,boundary_retained,2,peak_depth_error,0.3571428571428571,0.21428571428571425,0.14285714285714288,2
SKS03,SKS02,EQM_3,1,0.5,240,before_decay,boundary_retained,2,peak_load_error,0.0654771593616197,0.1962526149029825,-0.1307754555413628,2
SKS03,SKS02,EQM_3,1,0.5,240,before_decay,boundary_retained,2,profile_nrmse,0.10273218082453833,0.28025171041309027,-0.17751952958855194,2
SKS03,SKS02,EQM_3,1,0.5,240,before_decay,boundary_retained,3,peak_depth_error,0.21428571428571425,0.0,0.21428571428571425,2
SKS03,SKS02,EQM_3,1,0.5,240,before_decay,boundary_retained,3,peak_load_error,0.05743741140722373,0.0,0.05743741140722373,2
SKS03,SKS02,EQM_3,1,0.5,240,before_decay,boundary_retained,3,profile_nrmse,0.09412977993726998,0.14929841995610835,-0.05516864001883837,2
SKS03,SKS02,EQM_3,1,0.5,240,before_decay,boundary_retained,4,peak_depth_error,0.07142857142857142,0.0,0.07142857142857142,2
SKS03,SKS02,EQM_3,1,0.5,240,before_decay,boundary_retained,4,peak_load_error,0.01363853155589574,0.0,0.01363853155589574,2
SKS03,SKS02,EQM_3,1,0.5,240,before_decay,boundary_retained,4,profile_nrmse,0.0439719055600865,0.14818446137301167,-0.10421255581292517,2
SKS03,SKS02,EQM_3,1,0.5,240,before_decay,original,2,peak_depth_error,0.21428571428571425,0.21428571428571425,0.0,2
SKS03,SKS02,EQM_3,1,0.5,240,before_decay,original,2,peak_load_error,0.05743741140722373,0.1962526149029825,-0.13881520349575877,2
SKS03,SKS02,EQM_3,1,0.5,240,before_decay,original,2,profile_nrmse,0.12582735014943708,0.28025171041309027,-0.15442436026365325,2
SKS03,SKS02,EQM_3,1,0.5,240,before_decay,original,3,peak_depth_error,0.07142857142857142,0.0,0.07142857142857142,2
SKS03,SKS02,EQM_3,1,0.5,240,before_decay,original,3,peak_load_error,0.01363853155589574,0.0,0.01363853155589574,2
SKS03,SKS02,EQM_3,1,0.5,240,before_decay,original,3,profile_nrmse,0.09439128055471291,0.14929841995610835,-0.054907139401395445,2
SKS03,SKS02,EQM_3,1,0.5,240,before_decay,original,4,peak_depth_error,0.07142857142857142,0.0,0.07142857142857142,2
SKS03,SKS02,EQM_3,1,0.5,240,before_decay,original,4,peak_load_error,0.01363853155589574,0.0,0.01363853155589574,2
SKS03,SKS02,EQM_3,1,0.5,240,before_decay,original,4,profile_nrmse,0.0439719055600865,0.14818446137301167,-0.10421255581292517,2
SKS03,SKS02,EQM_3,1,0.5,240,shaking,boundary_retained,2,peak_depth_error,0.42857142857142855,0.21428571428571427,0.21428571428571427,2
SKS03,SKS02,EQM_3,1,0.5,240,shaking,boundary_retained,2,peak_load_error,0.15899568915233417,0.13126296234522739,0.02773272680710677,2
SKS03,SKS02,EQM_3,1,0.5,240,shaking,boundary_retained,2,profile_nrmse,0.11824491373809946,0.24653866435293653,-0.12829375061483705,2
SKS03,SKS02,EQM_3,1,0.5,240,shaking,boundary_retained,3,peak_depth_error,0.21428571428571427,0.14285714285714288,0.0714285714285714,2
SKS03,SKS02,EQM_3,1,0.5,240,shaking,boundary_retained,3,peak_load_error,0.03910623553808404,0.04583154394267118,-0.006725308404587141,2
SKS03,SKS02,EQM_3,1,0.5,240,shaking,boundary_retained,3,profile_nrmse,0.07259629814256657,0.13194501333639552,-0.05934871519382896,2
SKS03,SKS02,EQM_3,1,0.5,240,shaking,boundary_retained,4,peak_depth_error,0.21428571428571425,0.14285714285714288,0.07142857142857137,2
SKS03,SKS02,EQM_3,1,0.5,240,shaking,boundary_retained,4,peak_load_error,0.06923183104536752,0.04373122579320032,0.0255006052521672,2
SKS03,SKS02,EQM_3,1,0.5,240,shaking,boundary_retained,4,profile_nrmse,0.05419560572746367,0.1314955926080328,-0.07729998688056913,2
SKS03,SKS02,EQM_3,1,0.5,240,shaking,original,2,peak_depth_error,0.21428571428571427,0.21428571428571427,0.0,2
SKS03,SKS02,EQM_3,1,0.5,240,shaking,original,2,peak_load_error,0.03910623553808404,0.13126296234522739,-0.09215672680714335,2
SKS03,SKS02,EQM_3,1,0.5,240,shaking,original,2,profile_nrmse,0.14095718455124104,0.24653866435293653,-0.10558147980169548,2
SKS03,SKS02,EQM_3,1,0.5,240,shaking,original,3,peak_depth_error,0.21428571428571425,0.14285714285714288,0.07142857142857137,2
SKS03,SKS02,EQM_3,1,0.5,240,shaking,original,3,peak_load_error,0.06923183104536752,0.04583154394267118,0.023400287102696347,2
SKS03,SKS02,EQM_3,1,0.5,240,shaking,original,3,profile_nrmse,0.09507639610394883,0.13194501333639552,-0.036868617232446714,2
SKS03,SKS02,EQM_3,1,0.5,240,shaking,original,4,peak_depth_error,0.21428571428571425,0.14285714285714288,0.07142857142857137,2
SKS03,SKS02,EQM_3,1,0.5,240,shaking,original,4,peak_load_error,0.06923183104536752,0.04373122579320032,0.0255006052521672,2
SKS03,SKS02,EQM_3,1,0.5,240,shaking,original,4,profile_nrmse,0.05419560572746367,0.1314955926080328,-0.07729998688056913,2
SKS03,SKS02,EQM_3,1,0.75,120,after_decay,boundary_retained,2,peak_depth_error,0.3571428571428571,0.21428571428571425,0.14285714285714288,2
SKS03,SKS02,EQM_3,1,0.75,120,after_decay,boundary_retained,2,peak_load_error,0.10616964511091796,0.18631884178741737,-0.08014919667649939,2
SKS03,SKS02,EQM_3,1,0.75,120,after_decay,boundary_retained,2,profile_nrmse,0.10717155985439783,0.27980697428870627,-0.17263541443430847,2
SKS03,SKS02,EQM_3,1,0.75,120,after_decay,boundary_retained,3,peak_depth_error,0.21428571428571425,0.0,0.21428571428571425,2
SKS03,SKS02,EQM_3,1,0.75,120,after_decay,boundary_retained,3,peak_load_error,0.10534444735611945,0.0,0.10534444735611945,2
SKS03,SKS02,EQM_3,1,0.75,120,after_decay,boundary_retained,3,profile_nrmse,0.10173597684246818,0.150714559454262,-0.04897858261179382,2
SKS03,SKS02,EQM_3,1,0.75,120,after_decay,boundary_retained,4,peak_depth_error,0.07142857142857142,0.0,0.07142857142857142,2
SKS03,SKS02,EQM_3,1,0.75,120,after_decay,boundary_retained,4,peak_load_error,0.013255471151387628,0.0,0.013255471151387628,2
SKS03,SKS02,EQM_3,1,0.75,120,after_decay,boundary_retained,4,profile_nrmse,0.04866383761990611,0.14956577397128307,-0.10090193635137697,2
SKS03,SKS02,EQM_3,1,0.75,120,after_decay,original,2,peak_depth_error,0.21428571428571425,0.21428571428571425,0.0,2
SKS03,SKS02,EQM_3,1,0.75,120,after_decay,original,2,peak_load_error,0.10534444735611945,0.18631884178741737,-0.08097439443129792,2
SKS03,SKS02,EQM_3,1,0.75,120,after_decay,original,2,profile_nrmse,0.12671961329810721,0.27980697428870627,-0.15308736099059908,2
SKS03,SKS02,EQM_3,1,0.75,120,after_decay,original,3,peak_depth_error,0.07142857142857142,0.0,0.07142857142857142,2
SKS03,SKS02,EQM_3,1,0.75,120,after_decay,original,3,peak_load_error,0.013255471151387628,0.0,0.013255471151387628,2
SKS03,SKS02,EQM_3,1,0.75,120,after_decay,original,3,profile_nrmse,0.10168565346738773,0.150714559454262,-0.049028905986874274,2
SKS03,SKS02,EQM_3,1,0.75,120,after_decay,original,4,peak_depth_error,0.07142857142857142,0.0,0.07142857142857142,2
SKS03,SKS02,EQM_3,1,0.75,120,after_decay,original,4,peak_load_error,0.013255471151387628,0.0,0.013255471151387628,2
SKS03,SKS02,EQM_3,1,0.75,120,after_decay,original,4,profile_nrmse,0.04866383761990611,0.14956577397128307,-0.10090193635137697,2
SKS03,SKS02,EQM_3,1,0.75,120,before_decay,boundary_retained,2,peak_depth_error,0.3571428571428571,0.21428571428571425,0.14285714285714288,2
SKS03,SKS02,EQM_3,1,0.75,120,before_decay,boundary_retained,2,peak_load_error,0.0624865000968133,0.1954738017864395,-0.13298730168962622,2
SKS03,SKS02,EQM_3,1,0.75,120,before_decay,boundary_retained,2,profile_nrmse,0.10211030766027884,0.2796961132604945,-0.1775858056002156,2
SKS03,SKS02,EQM_3,1,0.75,120,before_decay,boundary_retained,3,peak_depth_error,0.21428571428571425,0.0,0.21428571428571425,2
SKS03,SKS02,EQM_3,1,0.75,120,before_decay,boundary_retained,3,peak_load_error,0.055659624762575265,0.0,0.055659624762575265,2
SKS03,SKS02,EQM_3,1,0.75,120,before_decay,boundary_retained,3,profile_nrmse,0.09376511922605033,0.14927244462547373,-0.05550732539942339,2
SKS03,SKS02,EQM_3,1,0.75,120,before_decay,boundary_retained,4,peak_depth_error,0.07142857142857142,0.0,0.07142857142857142,2
SKS03,SKS02,EQM_3,1,0.75,120,before_decay,boundary_retained,4,peak_load_error,0.012577353402480798,0.0,0.012577353402480798,2
SKS03,SKS02,EQM_3,1,0.75,120,before_decay,boundary_retained,4,profile_nrmse,0.043401122378672066,0.14780812207417632,-0.10440699969550424,2
SKS03,SKS02,EQM_3,1,0.75,120,before_decay,original,2,peak_depth_error,0.21428571428571425,0.21428571428571425,0.0,2
SKS03,SKS02,EQM_3,1,0.75,120,before_decay,original,2,peak_load_error,0.055659624762575265,0.1954738017864395,-0.13981417702386426,2
SKS03,SKS02,EQM_3,1,0.75,120,before_decay,original,2,profile_nrmse,0.12565255903088357,0.2796961132604945,-0.1540435542296109,2
SKS03,SKS02,EQM_3,1,0.75,120,before_decay,original,3,peak_depth_error,0.07142857142857142,0.0,0.07142857142857142,2
SKS03,SKS02,EQM_3,1,0.75,120,before_decay,original,3,peak_load_error,0.012577353402480798,0.0,0.012577353402480798,2
SKS03,SKS02,EQM_3,1,0.75,120,before_decay,original,3,profile_nrmse,0.09411071264738807,0.14927244462547373,-0.05516173197808565,2
SKS03,SKS02,EQM_3,1,0.75,120,before_decay,original,4,peak_depth_error,0.07142857142857142,0.0,0.07142857142857142,2
SKS03,SKS02,EQM_3,1,0.75,120,before_decay,original,4,peak_load_error,0.012577353402480798,0.0,0.012577353402480798,2
SKS03,SKS02,EQM_3,1,0.75,120,before_decay,original,4,profile_nrmse,0.043401122378672066,0.14780812207417632,-0.10440699969550424,2
SKS03,SKS02,EQM_3,1,0.75,120,shaking,boundary_retained,2,peak_depth_error,0.4357142857142863,0.21428571428571427,0.221428571428572,2
SKS03,SKS02,EQM_3,1,0.75,120,shaking,boundary_retained,2,peak_load_error,0.1586082067238273,0.1310574338461048,0.027550772877722507,2
SKS03,SKS02,EQM_3,1,0.75,120,shaking,boundary_retained,2,profile_nrmse,0.11815679077124913,0.24649278537248892,-0.1283359946012398,2
SKS03,SKS02,EQM_3,1,0.75,120,shaking,boundary_retained,3,peak_depth_error,0.21428571428571427,0.14285714285714288,0.0714285714285714,2
SKS03,SKS02,EQM_3,1,0.75,120,shaking,boundary_retained,3,peak_load_error,0.039128376112975434,0.045863834370011514,-0.00673545825703608,2
SKS03,SKS02,EQM_3,1,0.75,120,shaking,boundary_retained,3,profile_nrmse,0.07259855297260503,0.13182358002987038,-0.05922502705726535,2
SKS03,SKS02,EQM_3,1,0.75,120,shaking,boundary_retained,4,peak_depth_error,0.21428571428571425,0.14285714285714288,0.07142857142857137,2
SKS03,SKS02,EQM_3,1,0.75,120,shaking,boundary_retained,4,peak_load_error,0.06884939514859738,0.0435220953517173,0.025327299796880087,2
SKS03,SKS02,EQM_3,1,0.75,120,shaking,boundary_retained,4,profile_nrmse,0.05415253533852838,0.13140465550010244,-0.07725212016157404,2
SKS03,SKS02,EQM_3,1,0.75,120,shaking,original,2,peak_depth_error,0.21428571428571427,0.21428571428571427,0.0,2
SKS03,SKS02,EQM_3,1,0.75,120,shaking,original,2,peak_load_error,0.039128376112975434,0.1310574338461048,-0.09192905773312936,2
SKS03,SKS02,EQM_3,1,0.75,120,shaking,original,2,profile_nrmse,0.14085091402047162,0.24649278537248892,-0.1056418713520173,2
SKS03,SKS02,EQM_3,1,0.75,120,shaking,original,3,peak_depth_error,0.21428571428571425,0.14285714285714288,0.07142857142857137,2
SKS03,SKS02,EQM_3,1,0.75,120,shaking,original,3,peak_load_error,0.06884939514859738,0.045863834370011514,0.02298556077858587,2
SKS03,SKS02,EQM_3,1,0.75,120,shaking,original,3,profile_nrmse,0.09507752848251766,0.13182358002987038,-0.036746051547352734,2
SKS03,SKS02,EQM_3,1,0.75,120,shaking,original,4,peak_depth_error,0.21428571428571425,0.14285714285714288,0.07142857142857137,2
SKS03,SKS02,EQM_3,1,0.75,120,shaking,original,4,peak_load_error,0.06884939514859738,0.0435220953517173,0.025327299796880087,2
SKS03,SKS02,EQM_3,1,0.75,120,shaking,original,4,profile_nrmse,0.05415253533852838,0.13140465550010244,-0.07725212016157404,2
SKS03,SKS02,EQM_3,1,0.75,240,after_decay,boundary_retained,2,peak_depth_error,0.3571428571428571,0.21428571428571425,0.14285714285714288,2
SKS03,SKS02,EQM_3,1,0.75,240,after_decay,boundary_retained,2,peak_load_error,0.10625711442208073,0.18624958714988243,-0.07999247272780172,2
SKS03,SKS02,EQM_3,1,0.75,240,after_decay,boundary_retained,2,profile_nrmse,0.10716040930669343,0.2799497627251775,-0.1727893534184841,2
SKS03,SKS02,EQM_3,1,0.75,240,after_decay,boundary_retained,3,peak_depth_error,0.21428571428571425,0.0,0.21428571428571425,2
SKS03,SKS02,EQM_3,1,0.75,240,after_decay,boundary_retained,3,peak_load_error,0.10542024537496308,0.0,0.10542024537496308,2
SKS03,SKS02,EQM_3,1,0.75,240,after_decay,boundary_retained,3,profile_nrmse,0.10173199596559648,0.15073706219769034,-0.04900506623209384,2
SKS03,SKS02,EQM_3,1,0.75,240,after_decay,boundary_retained,4,peak_depth_error,0.07142857142857142,0.0,0.07142857142857142,2
SKS03,SKS02,EQM_3,1,0.75,240,after_decay,boundary_retained,4,peak_load_error,0.013337977395083517,0.0,0.013337977395083517,2
SKS03,SKS02,EQM_3,1,0.75,240,after_decay,boundary_retained,4,profile_nrmse,0.04861478097110327,0.1496006389776413,-0.10098585800653803,2
SKS03,SKS02,EQM_3,1,0.75,240,after_decay,original,2,peak_depth_error,0.21428571428571425,0.21428571428571425,0.0,2
SKS03,SKS02,EQM_3,1,0.75,240,after_decay,original,2,peak_load_error,0.10542024537496308,0.18624958714988243,-0.08082934177491936,2
SKS03,SKS02,EQM_3,1,0.75,240,after_decay,original,2,profile_nrmse,0.12668279208427902,0.2799497627251775,-0.1532669706408985,2
SKS03,SKS02,EQM_3,1,0.75,240,after_decay,original,3,peak_depth_error,0.07142857142857142,0.0,0.07142857142857142,2
SKS03,SKS02,EQM_3,1,0.75,240,after_decay,original,3,peak_load_error,0.013337977395083517,0.0,0.013337977395083517,2
SKS03,SKS02,EQM_3,1,0.75,240,after_decay,original,3,profile_nrmse,0.10168770140730232,0.15073706219769034,-0.04904936079038801,2
SKS03,SKS02,EQM_3,1,0.75,240,after_decay,original,4,peak_depth_error,0.07142857142857142,0.0,0.07142857142857142,2
SKS03,SKS02,EQM_3,1,0.75,240,after_decay,original,4,peak_load_error,0.013337977395083517,0.0,0.013337977395083517,2
SKS03,SKS02,EQM_3,1,0.75,240,after_decay,original,4,profile_nrmse,0.04861478097110327,0.1496006389776413,-0.10098585800653803,2
SKS03,SKS02,EQM_3,1,0.75,240,before_decay,boundary_retained,2,peak_depth_error,0.3571428571428571,0.21428571428571425,0.14285714285714288,2
SKS03,SKS02,EQM_3,1,0.75,240,before_decay,boundary_retained,2,peak_load_error,0.06245834585406568,0.19554398030151254,-0.13308563444744687,2
SKS03,SKS02,EQM_3,1,0.75,240,before_decay,boundary_retained,2,profile_nrmse,0.10207878799322828,0.2798033470112852,-0.1777245590180569,2
SKS03,SKS02,EQM_3,1,0.75,240,before_decay,boundary_retained,3,peak_depth_error,0.21428571428571425,0.0,0.21428571428571425,2
SKS03,SKS02,EQM_3,1,0.75,240,before_decay,boundary_retained,3,peak_load_error,0.05569556955508366,0.0,0.05569556955508366,2
SKS03,SKS02,EQM_3,1,0.75,240,before_decay,boundary_retained,3,profile_nrmse,0.09376931322924464,0.1494087728978135,-0.05563945966856887,2
SKS03,SKS02,EQM_3,1,0.75,240,before_decay,boundary_retained,4,peak_depth_error,0.07142857142857142,0.0,0.07142857142857142,2
SKS03,SKS02,EQM_3,1,0.75,240,before_decay,boundary_retained,4,peak_load_error,0.012579988099767805,0.0,0.012579988099767805,2
SKS03,SKS02,EQM_3,1,0.75,240,before_decay,boundary_retained,4,profile_nrmse,0.04352829356810664,0.1478985435845093,-0.10437025001640265,2
SKS03,SKS02,EQM_3,1,0.75,240,before_decay,original,2,peak_depth_error,0.21428571428571425,0.21428571428571425,0.0,2
SKS03,SKS02,EQM_3,1,0.75,240,before_decay,original,2,peak_load_error,0.05569556955508366,0.19554398030151254,-0.1398484107464289,2
SKS03,SKS02,EQM_3,1,0.75,240,before_decay,original,2,profile_nrmse,0.1256228017496343,0.2798033470112852,-0.15418054526165087,2
SKS03,SKS02,EQM_3,1,0.75,240,before_decay,original,3,peak_depth_error,0.07142857142857142,0.0,0.07142857142857142,2
SKS03,SKS02,EQM_3,1,0.75,240,before_decay,original,3,peak_load_error,0.012579988099767805,0.0,0.012579988099767805,2
SKS03,SKS02,EQM_3,1,0.75,240,before_decay,original,3,profile_nrmse,0.09411615197087456,0.1494087728978135,-0.05529262092693896,2
SKS03,SKS02,EQM_3,1,0.75,240,before_decay,original,4,peak_depth_error,0.07142857142857142,0.0,0.07142857142857142,2
SKS03,SKS02,EQM_3,1,0.75,240,before_decay,original,4,peak_load_error,0.012579988099767805,0.0,0.012579988099767805,2
SKS03,SKS02,EQM_3,1,0.75,240,before_decay,original,4,profile_nrmse,0.04352829356810664,0.1478985435845093,-0.10437025001640265,2
SKS03,SKS02,EQM_3,1,0.75,240,shaking,boundary_retained,2,peak_depth_error,0.42857142857142855,0.21428571428571427,0.21428571428571427,2
SKS03,SKS02,EQM_3,1,0.75,240,shaking,boundary_retained,2,peak_load_error,0.15899568915233417,0.13126296234522739,0.02773272680710677,2
SKS03,SKS02,EQM_3,1,0.75,240,shaking,boundary_retained,2,profile_nrmse,0.11824491373809946,0.24653866435293653,-0.12829375061483705,2
SKS03,SKS02,EQM_3,1,0.75,240,shaking,boundary_retained,3,peak_depth_error,0.21428571428571427,0.14285714285714288,0.0714285714285714,2
SKS03,SKS02,EQM_3,1,0.75,240,shaking,boundary_retained,3,peak_load_error,0.03910623553808404,0.04583154394267118,-0.006725308404587141,2
SKS03,SKS02,EQM_3,1,0.75,240,shaking,boundary_retained,3,profile_nrmse,0.07259629814256657,0.13194501333639552,-0.05934871519382896,2
SKS03,SKS02,EQM_3,1,0.75,240,shaking,boundary_retained,4,peak_depth_error,0.21428571428571425,0.14285714285714288,0.07142857142857137,2
SKS03,SKS02,EQM_3,1,0.75,240,shaking,boundary_retained,4,peak_load_error,0.06923183104536752,0.04373122579320032,0.0255006052521672,2
SKS03,SKS02,EQM_3,1,0.75,240,shaking,boundary_retained,4,profile_nrmse,0.05419560572746367,0.1314955926080328,-0.07729998688056913,2
SKS03,SKS02,EQM_3,1,0.75,240,shaking,original,2,peak_depth_error,0.21428571428571427,0.21428571428571427,0.0,2
SKS03,SKS02,EQM_3,1,0.75,240,shaking,original,2,peak_load_error,0.03910623553808404,0.13126296234522739,-0.09215672680714335,2
SKS03,SKS02,EQM_3,1,0.75,240,shaking,original,2,profile_nrmse,0.14095718455124104,0.24653866435293653,-0.10558147980169548,2
SKS03,SKS02,EQM_3,1,0.75,240,shaking,original,3,peak_depth_error,0.21428571428571425,0.14285714285714288,0.07142857142857137,2
SKS03,SKS02,EQM_3,1,0.75,240,shaking,original,3,peak_load_error,0.06923183104536752,0.04583154394267118,0.023400287102696347,2
SKS03,SKS02,EQM_3,1,0.75,240,shaking,original,3,profile_nrmse,0.09507639610394883,0.13194501333639552,-0.036868617232446714,2
SKS03,SKS02,EQM_3,1,0.75,240,shaking,original,4,peak_depth_error,0.21428571428571425,0.14285714285714288,0.07142857142857137,2
SKS03,SKS02,EQM_3,1,0.75,240,shaking,original,4,peak_load_error,0.06923183104536752,0.04373122579320032,0.0255006052521672,2
SKS03,SKS02,EQM_3,1,0.75,240,shaking,original,4,profile_nrmse,0.05419560572746367,0.1314955926080328,-0.07729998688056913,2
SKS03,SKS02,EQM_4,0,0.25,120,after_decay,boundary_retained,2,peak_depth_error,0.42857142857142855,0.14285714285714282,0.2857142857142857,2
SKS03,SKS02,EQM_4,0,0.25,120,after_decay,boundary_retained,2,peak_load_error,0.16730372917048367,0.16806853358593798,-0.0007648044154543177,2
SKS03,SKS02,EQM_4,0,0.25,120,after_decay,boundary_retained,2,profile_nrmse,0.09725063424040825,0.2220916721545686,-0.12484103791416035,2
SKS03,SKS02,EQM_4,0,0.25,120,after_decay,boundary_retained,3,peak_depth_error,0.14285714285714282,0.07142857142857142,0.0714285714285714,2
SKS03,SKS02,EQM_4,0,0.25,120,after_decay,boundary_retained,3,peak_load_error,0.12818696861157536,0.015961248578391332,0.11222572003318403,2
SKS03,SKS02,EQM_4,0,0.25,120,after_decay,boundary_retained,3,profile_nrmse,0.08513552307937051,0.11458960115164459,-0.029454078072274074,2
SKS03,SKS02,EQM_4,0,0.25,120,after_decay,boundary_retained,4,peak_depth_error,0.14285714285714285,0.07142857142857142,0.07142857142857142,2
SKS03,SKS02,EQM_4,0,0.25,120,after_decay,boundary_retained,4,peak_load_error,0.025232945328595158,0.015961248578391332,0.009271696750203826,2
SKS03,SKS02,EQM_4,0,0.25,120,after_decay,boundary_retained,4,profile_nrmse,0.049547649089869486,0.11306066833587072,-0.06351301924600124,2
SKS03,SKS02,EQM_4,0,0.25,120,after_decay,original,2,peak_depth_error,0.14285714285714282,0.14285714285714282,0.0,2
SKS03,SKS02,EQM_4,0,0.25,120,after_decay,original,2,peak_load_error,0.12818696861157536,0.16806853358593798,-0.03988156497436263,2
SKS03,SKS02,EQM_4,0,0.25,120,after_decay,original,2,profile_nrmse,0.12338680079461216,0.2220916721545686,-0.09870487135995643,2
SKS03,SKS02,EQM_4,0,0.25,120,after_decay,original,3,peak_depth_error,0.14285714285714285,0.07142857142857142,0.07142857142857142,2
SKS03,SKS02,EQM_4,0,0.25,120,after_decay,original,3,peak_load_error,0.025232945328595158,0.015961248578391332,0.009271696750203826,2
SKS03,SKS02,EQM_4,0,0.25,120,after_decay,original,3,profile_nrmse,0.07819777561061045,0.11458960115164459,-0.03639182554103414,2
SKS03,SKS02,EQM_4,0,0.25,120,after_decay,original,4,peak_depth_error,0.14285714285714285,0.07142857142857142,0.07142857142857142,2
SKS03,SKS02,EQM_4,0,0.25,120,after_decay,original,4,peak_load_error,0.025232945328595158,0.015961248578391332,0.009271696750203826,2
SKS03,SKS02,EQM_4,0,0.25,120,after_decay,original,4,profile_nrmse,0.049547649089869486,0.11306066833587072,-0.06351301924600124,2
SKS03,SKS02,EQM_4,0,0.25,120,before_decay,boundary_retained,2,peak_depth_error,0.42857142857142855,0.14285714285714282,0.2857142857142857,2
SKS03,SKS02,EQM_4,0,0.25,120,before_decay,boundary_retained,2,peak_load_error,0.1589133989274285,0.15334439313760556,0.005569005789822945,2
SKS03,SKS02,EQM_4,0,0.25,120,before_decay,boundary_retained,2,profile_nrmse,0.10333389150833969,0.2761239506773021,-0.17279005916896242,2
SKS03,SKS02,EQM_4,0,0.25,120,before_decay,boundary_retained,3,peak_depth_error,0.14285714285714282,0.07142857142857142,0.0714285714285714,2
SKS03,SKS02,EQM_4,0,0.25,120,before_decay,boundary_retained,3,peak_load_error,0.10999598399887789,0.02472454545158995,0.08527143854728794,2
SKS03,SKS02,EQM_4,0,0.25,120,before_decay,boundary_retained,3,profile_nrmse,0.08146751449139639,0.14138369703442982,-0.05991618254303344,2
SKS03,SKS02,EQM_4,0,0.25,120,before_decay,boundary_retained,4,peak_depth_error,0.14285714285714285,0.07142857142857142,0.07142857142857142,2
SKS03,SKS02,EQM_4,0,0.25,120,before_decay,boundary_retained,4,peak_load_error,0.031164238110768253,0.02472454545158995,0.0064396926591783026,2
SKS03,SKS02,EQM_4,0,0.25,120,before_decay,boundary_retained,4,profile_nrmse,0.04735056036795264,0.1418784432116159,-0.09452788284366327,2
SKS03,SKS02,EQM_4,0,0.25,120,before_decay,original,2,peak_depth_error,0.14285714285714282,0.14285714285714282,0.0,2
SKS03,SKS02,EQM_4,0,0.25,120,before_decay,original,2,peak_load_error,0.10999598399887789,0.15334439313760556,-0.04334840913872766,2
SKS03,SKS02,EQM_4,0,0.25,120,before_decay,original,2,profile_nrmse,0.13548448810681346,0.2761239506773021,-0.14063946257048865,2
SKS03,SKS02,EQM_4,0,0.25,120,before_decay,original,3,peak_depth_error,0.14285714285714285,0.07142857142857142,0.07142857142857142,2
SKS03,SKS02,EQM_4,0,0.25,120,before_decay,original,3,peak_load_error,0.031164238110768253,0.02472454545158995,0.0064396926591783026,2
SKS03,SKS02,EQM_4,0,0.25,120,before_decay,original,3,profile_nrmse,0.07772415434483827,0.14138369703442982,-0.06365954268959156,2
SKS03,SKS02,EQM_4,0,0.25,120,before_decay,original,4,peak_depth_error,0.14285714285714285,0.07142857142857142,0.07142857142857142,2
SKS03,SKS02,EQM_4,0,0.25,120,before_decay,original,4,peak_load_error,0.031164238110768253,0.02472454545158995,0.0064396926591783026,2
SKS03,SKS02,EQM_4,0,0.25,120,before_decay,original,4,profile_nrmse,0.04735056036795264,0.1418784432116159,-0.09452788284366327,2
SKS03,SKS02,EQM_4,0,0.25,120,shaking,boundary_retained,2,peak_depth_error,0.42857142857142855,0.2857142857142857,0.14285714285714288,2
SKS03,SKS02,EQM_4,0,0.25,120,shaking,boundary_retained,2,peak_load_error,0.107070076627208,0.1863040080371188,-0.0792339314099108,2
SKS03,SKS02,EQM_4,0,0.25,120,shaking,boundary_retained,2,profile_nrmse,0.10236465699381508,0.2990240606028878,-0.1966594036090727,2
SKS03,SKS02,EQM_4,0,0.25,120,shaking,boundary_retained,3,peak_depth_error,0.2857142857142857,0.07142857142857142,0.21428571428571427,2
SKS03,SKS02,EQM_4,0,0.25,120,shaking,boundary_retained,3,peak_load_error,0.029504236658212918,0.043340220124759445,-0.01383598346654653,2
SKS03,SKS02,EQM_4,0,0.25,120,shaking,boundary_retained,3,profile_nrmse,0.0898957789344077,0.15489923788245258,-0.0650034589480449,2
SKS03,SKS02,EQM_4,0,0.25,120,shaking,boundary_retained,4,peak_depth_error,0.14285714285714285,0.07142857142857142,0.07142857142857142,2
SKS03,SKS02,EQM_4,0,0.25,120,shaking,boundary_retained,4,peak_load_error,0.05240610163239515,0.043340220124759445,0.009065881507635702,2
SKS03,SKS02,EQM_4,0,0.25,120,shaking,boundary_retained,4,profile_nrmse,0.05147781377804642,0.15485491053446143,-0.103377096756415,2
SKS03,SKS02,EQM_4,0,0.25,120,shaking,original,2,peak_depth_error,0.2857142857142857,0.2857142857142857,2.7755575615628914e-17,2
SKS03,SKS02,EQM_4,0,0.25,120,shaking,original,2,peak_load_error,0.029504236658212918,0.1863040080371188,-0.15679977137890588,2
SKS03,SKS02,EQM_4,0,0.25,120,shaking,original,2,profile_nrmse,0.15495706763846523,0.2990240606028878,-0.14406699296442255,2
SKS03,SKS02,EQM_4,0,0.25,120,shaking,original,3,peak_depth_error,0.14285714285714285,0.07142857142857142,0.07142857142857142,2
SKS03,SKS02,EQM_4,0,0.25,120,shaking,original,3,peak_load_error,0.05240610163239515,0.043340220124759445,0.009065881507635702,2
SKS03,SKS02,EQM_4,0,0.25,120,shaking,original,3,profile_nrmse,0.09675764210067672,0.15489923788245258,-0.05814159578177587,2
SKS03,SKS02,EQM_4,0,0.25,120,shaking,original,4,peak_depth_error,0.14285714285714285,0.07142857142857142,0.07142857142857142,2
SKS03,SKS02,EQM_4,0,0.25,120,shaking,original,4,peak_load_error,0.05240610163239515,0.043340220124759445,0.009065881507635702,2
SKS03,SKS02,EQM_4,0,0.25,120,shaking,original,4,profile_nrmse,0.05147781377804642,0.15485491053446143,-0.103377096756415,2
SKS03,SKS02,EQM_4,0,0.25,240,after_decay,boundary_retained,2,peak_depth_error,0.42857142857142855,0.14285714285714282,0.2857142857142857,2
SKS03,SKS02,EQM_4,0,0.25,240,after_decay,boundary_retained,2,peak_load_error,0.16725301179832347,0.16805315214994646,-0.0008001403516229855,2
SKS03,SKS02,EQM_4,0,0.25,240,after_decay,boundary_retained,2,profile_nrmse,0.09727493027098788,0.22178532527570066,-0.1245103950047128,2
SKS03,SKS02,EQM_4,0,0.25,240,after_decay,boundary_retained,3,peak_depth_error,0.14285714285714282,0.07142857142857142,0.0714285714285714,2
SKS03,SKS02,EQM_4,0,0.25,240,after_decay,boundary_retained,3,peak_load_error,0.12818864434235916,0.015918284357020945,0.11227035998533821,2
SKS03,SKS02,EQM_4,0,0.25,240,after_decay,boundary_retained,3,profile_nrmse,0.08513736885663441,0.11443421395661403,-0.02929684509997962,2
SKS03,SKS02,EQM_4,0,0.25,240,after_decay,boundary_retained,4,peak_depth_error,0.14285714285714285,0.07142857142857142,0.07142857142857142,2
SKS03,SKS02,EQM_4,0,0.25,240,after_decay,boundary_retained,4,peak_load_error,0.02521927262733575,0.015918284357020945,0.009300988270314805,2
SKS03,SKS02,EQM_4,0,0.25,240,after_decay,boundary_retained,4,profile_nrmse,0.049538131831935825,0.11293914741035518,-0.06340101557841936,2
SKS03,SKS02,EQM_4,0,0.25,240,after_decay,original,2,peak_depth_error,0.14285714285714282,0.14285714285714282,0.0,2
SKS03,SKS02,EQM_4,0,0.25,240,after_decay,original,2,peak_load_error,0.12818864434235916,0.16805315214994646,-0.039864507807587296,2
SKS03,SKS02,EQM_4,0,0.25,240,after_decay,original,2,profile_nrmse,0.12330738775983269,0.22178532527570066,-0.098477937515868,2
SKS03,SKS02,EQM_4,0,0.25,240,after_decay,original,3,peak_depth_error,0.14285714285714285,0.07142857142857142,0.07142857142857142,2
SKS03,SKS02,EQM_4,0,0.25,240,after_decay,original,3,peak_load_error,0.02521927262733575,0.015918284357020945,0.009300988270314805,2
SKS03,SKS02,EQM_4,0,0.25,240,after_decay,original,3,profile_nrmse,0.07819896805495649,0.11443421395661403,-0.03623524590165754,2
SKS03,SKS02,EQM_4,0,0.25,240,after_decay,original,4,peak_depth_error,0.14285714285714285,0.07142857142857142,0.07142857142857142,2
SKS03,SKS02,EQM_4,0,0.25,240,after_decay,original,4,peak_load_error,0.02521927262733575,0.015918284357020945,0.009300988270314805,2
SKS03,SKS02,EQM_4,0,0.25,240,after_decay,original,4,profile_nrmse,0.049538131831935825,0.11293914741035518,-0.06340101557841936,2
SKS03,SKS02,EQM_4,0,0.25,240,before_decay,boundary_retained,2,peak_depth_error,0.42857142857142855,0.14285714285714282,0.2857142857142857,2
SKS03,SKS02,EQM_4,0,0.25,240,before_decay,boundary_retained,2,peak_load_error,0.15850941955854345,0.15586797049195833,0.0026414490665851303,2
SKS03,SKS02,EQM_4,0,0.25,240,before_decay,boundary_retained,2,profile_nrmse,0.10332454886300374,0.2865559761964925,-0.18323142733348874,2
SKS03,SKS02,EQM_4,0,0.25,240,before_decay,boundary_retained,3,peak_depth_error,0.14285714285714282,0.14285714285714282,0.0,2
SKS03,SKS02,EQM_4,0,0.25,240,before_decay,boundary_retained,3,peak_load_error,0.10964117194319041,0.027077453178436257,0.08256371876475416,2
SKS03,SKS02,EQM_4,0,0.25,240,before_decay,boundary_retained,3,profile_nrmse,0.08142335217219507,0.14820303719029787,-0.06677968501810283,2
SKS03,SKS02,EQM_4,0,0.25,240,before_decay,boundary_retained,4,peak_depth_error,0.21428571428571425,0.07142857142857142,0.14285714285714282,2
SKS03,SKS02,EQM_4,0,0.25,240,before_decay,boundary_retained,4,peak_load_error,0.03217414387257805,0.02611006785570157,0.00606407601687648,2
SKS03,SKS02,EQM_4,0,0.25,240,before_decay,boundary_retained,4,profile_nrmse,0.04750203430119003,0.1486239325799094,-0.10112189827871937,2
SKS03,SKS02,EQM_4,0,0.25,240,before_decay,original,2,peak_depth_error,0.14285714285714282,0.14285714285714282,0.0,2
SKS03,SKS02,EQM_4,0,0.25,240,before_decay,original,2,peak_load_error,0.10964117194319041,0.15586797049195833,-0.046226798548767906,2
SKS03,SKS02,EQM_4,0,0.25,240,before_decay,original,2,profile_nrmse,0.13766053964031913,0.2865559761964925,-0.14889543655617335,2
SKS03,SKS02,EQM_4,0,0.25,240,before_decay,original,3,peak_depth_error,0.21428571428571425,0.14285714285714282,0.07142857142857142,2
SKS03,SKS02,EQM_4,0,0.25,240,before_decay,original,3,peak_load_error,0.03217414387257805,0.027077453178436257,0.005096690694141794,2
SKS03,SKS02,EQM_4,0,0.25,240,before_decay,original,3,profile_nrmse,0.07769413019654545,0.14820303719029787,-0.07050890699375245,2
SKS03,SKS02,EQM_4,0,0.25,240,before_decay,original,4,peak_depth_error,0.21428571428571425,0.07142857142857142,0.14285714285714282,2
SKS03,SKS02,EQM_4,0,0.25,240,before_decay,original,4,peak_load_error,0.03217414387257805,0.02611006785570157,0.00606407601687648,2
SKS03,SKS02,EQM_4,0,0.25,240,before_decay,original,4,profile_nrmse,0.04750203430119003,0.1486239325799094,-0.10112189827871937,2
SKS03,SKS02,EQM_4,0,0.25,240,shaking,boundary_retained,2,peak_depth_error,0.42857142857142855,0.2857142857142857,0.14285714285714288,2
SKS03,SKS02,EQM_4,0,0.25,240,shaking,boundary_retained,2,peak_load_error,0.10948876607402874,0.18772194885842738,-0.07823318278439864,2
SKS03,SKS02,EQM_4,0,0.25,240,shaking,boundary_retained,2,profile_nrmse,0.10475781201070347,0.2990840490318424,-0.1943262370211389,2
SKS03,SKS02,EQM_4,0,0.25,240,shaking,boundary_retained,3,peak_depth_error,0.2857142857142857,0.07142857142857142,0.21428571428571427,2
SKS03,SKS02,EQM_4,0,0.25,240,shaking,boundary_retained,3,peak_load_error,0.03469073749247529,0.0447847685090406,-0.010094031016565311,2
SKS03,SKS02,EQM_4,0,0.25,240,shaking,boundary_retained,3,profile_nrmse,0.0901121171130886,0.15482340607336031,-0.0647112889602717,2
SKS03,SKS02,EQM_4,0,0.25,240,shaking,boundary_retained,4,peak_depth_error,0.14285714285714285,0.07142857142857142,0.07142857142857142,2
SKS03,SKS02,EQM_4,0,0.25,240,shaking,boundary_retained,4,peak_load_error,0.05479831966670903,0.0447847685090406,0.010013551157668436,2
SKS03,SKS02,EQM_4,0,0.25,240,shaking,boundary_retained,4,profile_nrmse,0.05254986707020992,0.15397835220910908,-0.10142848513889915,2
SKS03,SKS02,EQM_4,0,0.25,240,shaking,original,2,peak_depth_error,0.2857142857142857,0.2857142857142857,2.7755575615628914e-17,2
SKS03,SKS02,EQM_4,0,0.25,240,shaking,original,2,peak_load_error,0.03469073749247529,0.18772194885842738,-0.1530312113659521,2
SKS03,SKS02,EQM_4,0,0.25,240,shaking,original,2,profile_nrmse,0.15344930263468964,0.2990840490318424,-0.14563474639715274,2
SKS03,SKS02,EQM_4,0,0.25,240,shaking,original,3,peak_depth_error,0.14285714285714285,0.07142857142857142,0.07142857142857142,2
SKS03,SKS02,EQM_4,0,0.25,240,shaking,original,3,peak_load_error,0.05479831966670903,0.0447847685090406,0.010013551157668436,2
SKS03,SKS02,EQM_4,0,0.25,240,shaking,original,3,profile_nrmse,0.09740633513628931,0.15482340607336031,-0.05741707093707099,2
SKS03,SKS02,EQM_4,0,0.25,240,shaking,original,4,peak_depth_error,0.14285714285714285,0.07142857142857142,0.07142857142857142,2
SKS03,SKS02,EQM_4,0,0.25,240,shaking,original,4,peak_load_error,0.05479831966670903,0.0447847685090406,0.010013551157668436,2
SKS03,SKS02,EQM_4,0,0.25,240,shaking,original,4,profile_nrmse,0.05254986707020992,0.15397835220910908,-0.10142848513889915,2
SKS03,SKS02,EQM_4,0,0.5,120,after_decay,boundary_retained,2,peak_depth_error,0.42857142857142855,0.14285714285714282,0.2857142857142857,2
SKS03,SKS02,EQM_4,0,0.5,120,after_decay,boundary_retained,2,peak_load_error,0.16783491433451728,0.16805454574571996,-0.00021963141120268093,2
SKS03,SKS02,EQM_4,0,0.5,120,after_decay,boundary_retained,2,profile_nrmse,0.10006033275210338,0.2411872173265846,-0.14112688457448125,2
SKS03,SKS02,EQM_4,0,0.5,120,after_decay,boundary_retained,3,peak_depth_error,0.14285714285714282,0.07142857142857142,0.0714285714285714,2
SKS03,SKS02,EQM_4,0,0.5,120,after_decay,boundary_retained,3,peak_load_error,0.12816579606390163,0.016486272720952978,0.11167952334294866,2
SKS03,SKS02,EQM_4,0,0.5,120,after_decay,boundary_retained,3,profile_nrmse,0.08513447320014661,0.12369020574248106,-0.03855573254233445,2
SKS03,SKS02,EQM_4,0,0.5,120,after_decay,boundary_retained,4,peak_depth_error,0.14285714285714285,0.07142857142857142,0.07142857142857142,2
SKS03,SKS02,EQM_4,0,0.5,120,after_decay,boundary_retained,4,peak_load_error,0.025811112889937347,0.016486272720952978,0.009324840168984369,2
SKS03,SKS02,EQM_4,0,0.5,120,after_decay,boundary_retained,4,profile_nrmse,0.050143567139138465,0.12290368654858656,-0.0727601194094481,2
SKS03,SKS02,EQM_4,0,0.5,120,after_decay,original,2,peak_depth_error,0.14285714285714282,0.14285714285714282,0.0,2
SKS03,SKS02,EQM_4,0,0.5,120,after_decay,original,2,peak_load_error,0.12816579606390163,0.16805454574571996,-0.039888749681818325,2
SKS03,SKS02,EQM_4,0,0.5,120,after_decay,original,2,profile_nrmse,0.12752207928496895,0.2411872173265846,-0.11366513804161567,2
SKS03,SKS02,EQM_4,0,0.5,120,after_decay,original,3,peak_depth_error,0.14285714285714285,0.07142857142857142,0.07142857142857142,2
SKS03,SKS02,EQM_4,0,0.5,120,after_decay,original,3,peak_load_error,0.025811112889937347,0.016486272720952978,0.009324840168984369,2
SKS03,SKS02,EQM_4,0,0.5,120,after_decay,original,3,profile_nrmse,0.07950192348186708,0.12369020574248106,-0.044188282260613984,2
SKS03,SKS02,EQM_4,0,0.5,120,after_decay,original,4,peak_depth_error,0.14285714285714285,0.07142857142857142,0.07142857142857142,2
SKS03,SKS02,EQM_4,0,0.5,120,after_decay,original,4,peak_load_error,0.025811112889937347,0.016486272720952978,0.009324840168984369,2
SKS03,SKS02,EQM_4,0,0.5,120,after_decay,original,4,profile_nrmse,0.050143567139138465,0.12290368654858656,-0.0727601194094481,2
SKS03,SKS02,EQM_4,0,0.5,120,before_decay,boundary_retained,2,peak_depth_error,0.42857142857142855,0.14285714285714285,0.2857142857142857,2
SKS03,SKS02,EQM_4,0,0.5,120,before_decay,boundary_retained,2,peak_load_error,0.10740693261176719,0.11797046611910332,-0.010563533507336131,2
SKS03,SKS02,EQM_4,0,0.5,120,before_decay,boundary_retained,2,profile_nrmse,0.09889982392995186,0.2931181220565608,-0.19421829812660896,2
SKS03,SKS02,EQM_4,0,0.5,120,before_decay,boundary_retained,3,peak_depth_error,0.14285714285714282,0.21428571428571425,-0.07142857142857142,2
SKS03,SKS02,EQM_4,0,0.5,120,before_decay,boundary_retained,3,peak_load_error,0.05137557023179606,0.03657151232999694,0.014804057901799113,2
SKS03,SKS02,EQM_4,0,0.5,120,before_decay,boundary_retained,3,profile_nrmse,0.06944166071899906,0.1523722229281217,-0.08293056220912265,2
SKS03,SKS02,EQM_4,0,0.5,120,before_decay,boundary_retained,4,peak_depth_error,0.2857142857142857,0.14285714285714285,0.14285714285714282,2
SKS03,SKS02,EQM_4,0,0.5,120,before_decay,boundary_retained,4,peak_load_error,0.03929826215923804,0.03193209504499589,0.0073661671142421494,2
SKS03,SKS02,EQM_4,0,0.5,120,before_decay,boundary_retained,4,profile_nrmse,0.034277111365528384,0.15278305579510099,-0.1185059444295726,2
SKS03,SKS02,EQM_4,0,0.5,120,before_decay,original,2,peak_depth_error,0.14285714285714282,0.14285714285714285,-2.7755575615628914e-17,2
SKS03,SKS02,EQM_4,0,0.5,120,before_decay,original,2,peak_load_error,0.05137557023179606,0.11797046611910332,-0.06659489588730727,2
SKS03,SKS02,EQM_4,0,0.5,120,before_decay,original,2,profile_nrmse,0.13232233686428016,0.2931181220565608,-0.16079578519228066,2
SKS03,SKS02,EQM_4,0,0.5,120,before_decay,original,3,peak_depth_error,0.2857142857142857,0.21428571428571425,0.07142857142857142,2
SKS03,SKS02,EQM_4,0,0.5,120,before_decay,original,3,peak_load_error,0.03929826215923804,0.03657151232999694,0.0027267498292410965,2
SKS03,SKS02,EQM_4,0,0.5,120,before_decay,original,3,profile_nrmse,0.07285531993360223,0.1523722229281217,-0.07951690299451947,2
SKS03,SKS02,EQM_4,0,0.5,120,before_decay,original,4,peak_depth_error,0.2857142857142857,0.14285714285714285,0.14285714285714282,2
SKS03,SKS02,EQM_4,0,0.5,120,before_decay,original,4,peak_load_error,0.03929826215923804,0.03193209504499589,0.0073661671142421494,2
SKS03,SKS02,EQM_4,0,0.5,120,before_decay,original,4,profile_nrmse,0.034277111365528384,0.15278305579510099,-0.1185059444295726,2
SKS03,SKS02,EQM_4,0,0.5,120,shaking,boundary_retained,2,peak_depth_error,0.42857142857142855,0.2857142857142857,0.14285714285714288,2
SKS03,SKS02,EQM_4,0,0.5,120,shaking,boundary_retained,2,peak_load_error,0.107070076627208,0.1863040080371188,-0.0792339314099108,2
SKS03,SKS02,EQM_4,0,0.5,120,shaking,boundary_retained,2,profile_nrmse,0.10236465699381508,0.2990240606028878,-0.1966594036090727,2
SKS03,SKS02,EQM_4,0,0.5,120,shaking,boundary_retained,3,peak_depth_error,0.2857142857142857,0.07142857142857142,0.21428571428571427,2
SKS03,SKS02,EQM_4,0,0.5,120,shaking,boundary_retained,3,peak_load_error,0.029504236658212918,0.043340220124759445,-0.01383598346654653,2
SKS03,SKS02,EQM_4,0,0.5,120,shaking,boundary_retained,3,profile_nrmse,0.0898957789344077,0.15489923788245258,-0.0650034589480449,2
SKS03,SKS02,EQM_4,0,0.5,120,shaking,boundary_retained,4,peak_depth_error,0.14285714285714285,0.07142857142857142,0.07142857142857142,2
SKS03,SKS02,EQM_4,0,0.5,120,shaking,boundary_retained,4,peak_load_error,0.05240610163239515,0.043340220124759445,0.009065881507635702,2
SKS03,SKS02,EQM_4,0,0.5,120,shaking,boundary_retained,4,profile_nrmse,0.05147781377804642,0.15485491053446143,-0.103377096756415,2
SKS03,SKS02,EQM_4,0,0.5,120,shaking,original,2,peak_depth_error,0.2857142857142857,0.2857142857142857,2.7755575615628914e-17,2
SKS03,SKS02,EQM_4,0,0.5,120,shaking,original,2,peak_load_error,0.029504236658212918,0.1863040080371188,-0.15679977137890588,2
SKS03,SKS02,EQM_4,0,0.5,120,shaking,original,2,profile_nrmse,0.15495706763846523,0.2990240606028878,-0.14406699296442255,2
SKS03,SKS02,EQM_4,0,0.5,120,shaking,original,3,peak_depth_error,0.14285714285714285,0.07142857142857142,0.07142857142857142,2
SKS03,SKS02,EQM_4,0,0.5,120,shaking,original,3,peak_load_error,0.05240610163239515,0.043340220124759445,0.009065881507635702,2
SKS03,SKS02,EQM_4,0,0.5,120,shaking,original,3,profile_nrmse,0.09675764210067672,0.15489923788245258,-0.05814159578177587,2
SKS03,SKS02,EQM_4,0,0.5,120,shaking,original,4,peak_depth_error,0.14285714285714285,0.07142857142857142,0.07142857142857142,2
SKS03,SKS02,EQM_4,0,0.5,120,shaking,original,4,peak_load_error,0.05240610163239515,0.043340220124759445,0.009065881507635702,2
SKS03,SKS02,EQM_4,0,0.5,120,shaking,original,4,profile_nrmse,0.05147781377804642,0.15485491053446143,-0.103377096756415,2
SKS03,SKS02,EQM_4,0,0.5,240,after_decay,boundary_retained,2,peak_depth_error,0.42857142857142855,0.14285714285714282,0.2857142857142857,2
SKS03,SKS02,EQM_4,0,0.5,240,after_decay,boundary_retained,2,peak_load_error,0.16798906874313993,0.16804430379388352,-5.523505074357671e-05,2
SKS03,SKS02,EQM_4,0,0.5,240,after_decay,boundary_retained,2,profile_nrmse,0.10005668681242058,0.24115928940252976,-0.1411026025901092,2
SKS03,SKS02,EQM_4,0,0.5,240,after_decay,boundary_retained,3,peak_depth_error,0.14285714285714282,0.07142857142857142,0.0714285714285714,2
SKS03,SKS02,EQM_4,0,0.5,240,after_decay,boundary_retained,3,peak_load_error,0.12816879870465028,0.016474700774634865,0.11169409793001542,2
SKS03,SKS02,EQM_4,0,0.5,240,after_decay,boundary_retained,3,profile_nrmse,0.08513364778916617,0.12354567516319218,-0.03841202737402601,2
SKS03,SKS02,EQM_4,0,0.5,240,after_decay,boundary_retained,4,peak_depth_error,0.14285714285714285,0.07142857142857142,0.07142857142857142,2
SKS03,SKS02,EQM_4,0,0.5,240,after_decay,boundary_retained,4,peak_load_error,0.025967483536095817,0.016474700774634865,0.009492782761460952,2
SKS03,SKS02,EQM_4,0,0.5,240,after_decay,boundary_retained,4,profile_nrmse,0.05020236225586884,0.12279541971653005,-0.0725930574606612,2
SKS03,SKS02,EQM_4,0,0.5,240,after_decay,original,2,peak_depth_error,0.14285714285714282,0.14285714285714282,0.0,2
SKS03,SKS02,EQM_4,0,0.5,240,after_decay,original,2,peak_load_error,0.12816879870465028,0.16804430379388352,-0.039875505089233224,2
SKS03,SKS02,EQM_4,0,0.5,240,after_decay,original,2,profile_nrmse,0.12775833315054622,0.24115928940252976,-0.11340095625198354,2
SKS03,SKS02,EQM_4,0,0.5,240,after_decay,original,3,peak_depth_error,0.14285714285714285,0.07142857142857142,0.07142857142857142,2
SKS03,SKS02,EQM_4,0,0.5,240,after_decay,original,3,peak_load_error,0.025967483536095817,0.016474700774634865,0.009492782761460952,2
SKS03,SKS02,EQM_4,0,0.5,240,after_decay,original,3,profile_nrmse,0.07954024854148081,0.12354567516319218,-0.04400542662171138,2
SKS03,SKS02,EQM_4,0,0.5,240,after_decay,original,4,peak_depth_error,0.14285714285714285,0.07142857142857142,0.07142857142857142,2
SKS03,SKS02,EQM_4,0,0.5,240,after_decay,original,4,peak_load_error,0.025967483536095817,0.016474700774634865,0.009492782761460952,2
SKS03,SKS02,EQM_4,0,0.5,240,after_decay,original,4,profile_nrmse,0.05020236225586884,0.12279541971653005,-0.0725930574606612,2
SKS03,SKS02,EQM_4,0,0.5,240,before_decay,boundary_retained,2,peak_depth_error,0.42857142857142855,0.14285714285714285,0.2857142857142857,2
SKS03,SKS02,EQM_4,0,0.5,240,before_decay,boundary_retained,2,peak_load_error,0.10232789197717981,0.11564647664027947,-0.013318584663099667,2
SKS03,SKS02,EQM_4,0,0.5,240,before_decay,boundary_retained,2,profile_nrmse,0.09782458362180041,0.2937533284043935,-0.19592874478259312,2
SKS03,SKS02,EQM_4,0,0.5,240,before_decay,boundary_retained,3,peak_depth_error,0.14285714285714282,0.21428571428571425,-0.07142857142857142,2
SKS03,SKS02,EQM_4,0,0.5,240,before_decay,boundary_retained,3,peak_load_error,0.04643950209615196,0.03791619433037726,0.008523307765774705,2
SKS03,SKS02,EQM_4,0,0.5,240,before_decay,boundary_retained,3,profile_nrmse,0.06811053691748169,0.15229289901506088,-0.0841823620975792,2
SKS03,SKS02,EQM_4,0,0.5,240,before_decay,boundary_retained,4,peak_depth_error,0.2857142857142857,0.14285714285714285,0.14285714285714282,2
SKS03,SKS02,EQM_4,0,0.5,240,before_decay,boundary_retained,4,peak_load_error,0.041639704976341924,0.033209716445932444,0.008429988530409483,2
SKS03,SKS02,EQM_4,0,0.5,240,before_decay,boundary_retained,4,profile_nrmse,0.03413661543411853,0.15272755134089716,-0.11859093590677862,2
SKS03,SKS02,EQM_4,0,0.5,240,before_decay,original,2,peak_depth_error,0.14285714285714282,0.14285714285714285,-2.7755575615628914e-17,2
SKS03,SKS02,EQM_4,0,0.5,240,before_decay,original,2,peak_load_error,0.04643950209615196,0.11564647664027947,-0.06920697454412751,2
SKS03,SKS02,EQM_4,0,0.5,240,before_decay,original,2,profile_nrmse,0.1322467456364072,0.2937533284043935,-0.1615065827679863,2
SKS03,SKS02,EQM_4,0,0.5,240,before_decay,original,3,peak_depth_error,0.2857142857142857,0.21428571428571425,0.07142857142857142,2
SKS03,SKS02,EQM_4,0,0.5,240,before_decay,original,3,peak_load_error,0.041639704976341924,0.03791619433037726,0.0037235106459646656,2
SKS03,SKS02,EQM_4,0,0.5,240,before_decay,original,3,profile_nrmse,0.07269815843838477,0.15229289901506088,-0.07959474057667612,2
SKS03,SKS02,EQM_4,0,0.5,240,before_decay,original,4,peak_depth_error,0.2857142857142857,0.14285714285714285,0.14285714285714282,2
SKS03,SKS02,EQM_4,0,0.5,240,before_decay,original,4,peak_load_error,0.041639704976341924,0.033209716445932444,0.008429988530409483,2
SKS03,SKS02,EQM_4,0,0.5,240,before_decay,original,4,profile_nrmse,0.03413661543411853,0.15272755134089716,-0.11859093590677862,2
SKS03,SKS02,EQM_4,0,0.5,240,shaking,boundary_retained,2,peak_depth_error,0.42857142857142855,0.2857142857142857,0.14285714285714288,2
SKS03,SKS02,EQM_4,0,0.5,240,shaking,boundary_retained,2,peak_load_error,0.10948876607402874,0.18772194885842738,-0.07823318278439864,2
SKS03,SKS02,EQM_4,0,0.5,240,shaking,boundary_retained,2,profile_nrmse,0.10475781201070347,0.2990840490318424,-0.1943262370211389,2
SKS03,SKS02,EQM_4,0,0.5,240,shaking,boundary_retained,3,peak_depth_error,0.2857142857142857,0.07142857142857142,0.21428571428571427,2
SKS03,SKS02,EQM_4,0,0.5,240,shaking,boundary_retained,3,peak_load_error,0.03469073749247529,0.0447847685090406,-0.010094031016565311,2
SKS03,SKS02,EQM_4,0,0.5,240,shaking,boundary_retained,3,profile_nrmse,0.0901121171130886,0.15482340607336031,-0.0647112889602717,2
SKS03,SKS02,EQM_4,0,0.5,240,shaking,boundary_retained,4,peak_depth_error,0.14285714285714285,0.07142857142857142,0.07142857142857142,2
SKS03,SKS02,EQM_4,0,0.5,240,shaking,boundary_retained,4,peak_load_error,0.05479831966670903,0.0447847685090406,0.010013551157668436,2
SKS03,SKS02,EQM_4,0,0.5,240,shaking,boundary_retained,4,profile_nrmse,0.05254986707020992,0.15397835220910908,-0.10142848513889915,2
SKS03,SKS02,EQM_4,0,0.5,240,shaking,original,2,peak_depth_error,0.2857142857142857,0.2857142857142857,2.7755575615628914e-17,2
SKS03,SKS02,EQM_4,0,0.5,240,shaking,original,2,peak_load_error,0.03469073749247529,0.18772194885842738,-0.1530312113659521,2
SKS03,SKS02,EQM_4,0,0.5,240,shaking,original,2,profile_nrmse,0.15344930263468964,0.2990840490318424,-0.14563474639715274,2
SKS03,SKS02,EQM_4,0,0.5,240,shaking,original,3,peak_depth_error,0.14285714285714285,0.07142857142857142,0.07142857142857142,2
SKS03,SKS02,EQM_4,0,0.5,240,shaking,original,3,peak_load_error,0.05479831966670903,0.0447847685090406,0.010013551157668436,2
SKS03,SKS02,EQM_4,0,0.5,240,shaking,original,3,profile_nrmse,0.09740633513628931,0.15482340607336031,-0.05741707093707099,2
SKS03,SKS02,EQM_4,0,0.5,240,shaking,original,4,peak_depth_error,0.14285714285714285,0.07142857142857142,0.07142857142857142,2
SKS03,SKS02,EQM_4,0,0.5,240,shaking,original,4,peak_load_error,0.05479831966670903,0.0447847685090406,0.010013551157668436,2
SKS03,SKS02,EQM_4,0,0.5,240,shaking,original,4,profile_nrmse,0.05254986707020992,0.15397835220910908,-0.10142848513889915,2
SKS03,SKS02,EQM_4,0,0.75,120,after_decay,boundary_retained,2,peak_depth_error,0.42857142857142855,0.14285714285714282,0.2857142857142857,2
SKS03,SKS02,EQM_4,0,0.75,120,after_decay,boundary_retained,2,peak_load_error,0.16813684375129487,0.1681059241766804,3.091957461447137e-05,2
SKS03,SKS02,EQM_4,0,0.75,120,after_decay,boundary_retained,2,profile_nrmse,0.10066758269630574,0.24313983231547187,-0.14247224961916616,2
SKS03,SKS02,EQM_4,0,0.75,120,after_decay,boundary_retained,3,peak_depth_error,0.14285714285714282,0.07142857142857142,0.0714285714285714,2
SKS03,SKS02,EQM_4,0,0.75,120,after_decay,boundary_retained,3,peak_load_error,0.12816541549874705,0.016606147271933578,0.11155926822681347,2
SKS03,SKS02,EQM_4,0,0.75,120,after_decay,boundary_retained,3,profile_nrmse,0.0851240254966345,0.1241155042511223,-0.03899147875448781,2
SKS03,SKS02,EQM_4,0,0.75,120,after_decay,boundary_retained,4,peak_depth_error,0.14285714285714285,0.07142857142857142,0.07142857142857142,2
SKS03,SKS02,EQM_4,0,0.75,120,after_decay,boundary_retained,4,peak_load_error,0.02608905547129572,0.016606147271933578,0.009482908199362143,2
SKS03,SKS02,EQM_4,0,0.75,120,after_decay,boundary_retained,4,profile_nrmse,0.05055493729756898,0.12358718674403169,-0.0730322494464627,2
SKS03,SKS02,EQM_4,0,0.75,120,after_decay,original,2,peak_depth_error,0.14285714285714282,0.14285714285714282,0.0,2
SKS03,SKS02,EQM_4,0,0.75,120,after_decay,original,2,peak_load_error,0.12816541549874705,0.1681059241766804,-0.03994050867793335,2
SKS03,SKS02,EQM_4,0,0.75,120,after_decay,original,2,profile_nrmse,0.1298972306658372,0.24313983231547187,-0.1132426016496347,2
SKS03,SKS02,EQM_4,0,0.75,120,after_decay,original,3,peak_depth_error,0.14285714285714285,0.07142857142857142,0.07142857142857142,2
SKS03,SKS02,EQM_4,0,0.75,120,after_decay,original,3,peak_load_error,0.02608905547129572,0.016606147271933578,0.009482908199362143,2
SKS03,SKS02,EQM_4,0,0.75,120,after_decay,original,3,profile_nrmse,0.08010576472594597,0.1241155042511223,-0.04400973952517634,2
SKS03,SKS02,EQM_4,0,0.75,120,after_decay,original,4,peak_depth_error,0.14285714285714285,0.07142857142857142,0.07142857142857142,2
SKS03,SKS02,EQM_4,0,0.75,120,after_decay,original,4,peak_load_error,0.02608905547129572,0.016606147271933578,0.009482908199362143,2
SKS03,SKS02,EQM_4,0,0.75,120,after_decay,original,4,profile_nrmse,0.05055493729756898,0.12358718674403169,-0.0730322494464627,2
SKS03,SKS02,EQM_4,0,0.75,120,before_decay,boundary_retained,2,peak_depth_error,0.42857142857142855,0.14285714285714285,0.2857142857142857,2
SKS03,SKS02,EQM_4,0,0.75,120,before_decay,boundary_retained,2,peak_load_error,0.062435097723870125,0.10160413477425244,-0.03916903705038231,2
SKS03,SKS02,EQM_4,0,0.75,120,before_decay,boundary_retained,2,profile_nrmse,0.08652741689814097,0.293572118720359,-0.207044701822218,2
SKS03,SKS02,EQM_4,0,0.75,120,before_decay,boundary_retained,3,peak_depth_error,0.14285714285714282,0.21428571428571425,-0.07142857142857142,2
SKS03,SKS02,EQM_4,0,0.75,120,before_decay,boundary_retained,3,peak_load_error,0.013379701313620667,0.03938650525902327,-0.026006803945402605,2
SKS03,SKS02,EQM_4,0,0.75,120,before_decay,boundary_retained,3,profile_nrmse,0.05923118251957618,0.1527561792119734,-0.09352499669239722,2
SKS03,SKS02,EQM_4,0,0.75,120,before_decay,boundary_retained,4,peak_depth_error,0.2857142857142857,0.14285714285714285,0.14285714285714282,2
SKS03,SKS02,EQM_4,0,0.75,120,before_decay,boundary_retained,4,peak_load_error,0.04340790523337751,0.03478179398959534,0.008626111243782167,2
SKS03,SKS02,EQM_4,0,0.75,120,before_decay,boundary_retained,4,profile_nrmse,0.03288931995366472,0.1531506900904886,-0.12026137013682389,2
SKS03,SKS02,EQM_4,0,0.75,120,before_decay,original,2,peak_depth_error,0.14285714285714282,0.14285714285714285,-2.7755575615628914e-17,2
SKS03,SKS02,EQM_4,0,0.75,120,before_decay,original,2,peak_load_error,0.013379701313620667,0.10160413477425244,-0.08822443346063177,2
SKS03,SKS02,EQM_4,0,0.75,120,before_decay,original,2,profile_nrmse,0.132881375519183,0.293572118720359,-0.160690743201176,2
SKS03,SKS02,EQM_4,0,0.75,120,before_decay,original,3,peak_depth_error,0.2857142857142857,0.21428571428571425,0.07142857142857142,2
SKS03,SKS02,EQM_4,0,0.75,120,before_decay,original,3,peak_load_error,0.04340790523337751,0.03938650525902327,0.004021399974354238,2
SKS03,SKS02,EQM_4,0,0.75,120,before_decay,original,3,profile_nrmse,0.07078537959191802,0.1527561792119734,-0.08197079962005538,2
SKS03,SKS02,EQM_4,0,0.75,120,before_decay,original,4,peak_depth_error,0.2857142857142857,0.14285714285714285,0.14285714285714282,2
SKS03,SKS02,EQM_4,0,0.75,120,before_decay,original,4,peak_load_error,0.04340790523337751,0.03478179398959534,0.008626111243782167,2
SKS03,SKS02,EQM_4,0,0.75,120,before_decay,original,4,profile_nrmse,0.03288931995366472,0.1531506900904886,-0.12026137013682389,2
SKS03,SKS02,EQM_4,0,0.75,120,shaking,boundary_retained,2,peak_depth_error,0.42857142857142855,0.2857142857142857,0.14285714285714288,2
SKS03,SKS02,EQM_4,0,0.75,120,shaking,boundary_retained,2,peak_load_error,0.107070076627208,0.1863040080371188,-0.0792339314099108,2
SKS03,SKS02,EQM_4,0,0.75,120,shaking,boundary_retained,2,profile_nrmse,0.10236465699381508,0.2990240606028878,-0.1966594036090727,2
SKS03,SKS02,EQM_4,0,0.75,120,shaking,boundary_retained,3,peak_depth_error,0.2857142857142857,0.07142857142857142,0.21428571428571427,2
SKS03,SKS02,EQM_4,0,0.75,120,shaking,boundary_retained,3,peak_load_error,0.029504236658212918,0.043340220124759445,-0.01383598346654653,2
SKS03,SKS02,EQM_4,0,0.75,120,shaking,boundary_retained,3,profile_nrmse,0.0898957789344077,0.15489923788245258,-0.0650034589480449,2
SKS03,SKS02,EQM_4,0,0.75,120,shaking,boundary_retained,4,peak_depth_error,0.14285714285714285,0.07142857142857142,0.07142857142857142,2
SKS03,SKS02,EQM_4,0,0.75,120,shaking,boundary_retained,4,peak_load_error,0.05240610163239515,0.043340220124759445,0.009065881507635702,2
SKS03,SKS02,EQM_4,0,0.75,120,shaking,boundary_retained,4,profile_nrmse,0.05147781377804642,0.15485491053446143,-0.103377096756415,2
SKS03,SKS02,EQM_4,0,0.75,120,shaking,original,2,peak_depth_error,0.2857142857142857,0.2857142857142857,2.7755575615628914e-17,2
SKS03,SKS02,EQM_4,0,0.75,120,shaking,original,2,peak_load_error,0.029504236658212918,0.1863040080371188,-0.15679977137890588,2
SKS03,SKS02,EQM_4,0,0.75,120,shaking,original,2,profile_nrmse,0.15495706763846523,0.2990240606028878,-0.14406699296442255,2
SKS03,SKS02,EQM_4,0,0.75,120,shaking,original,3,peak_depth_error,0.14285714285714285,0.07142857142857142,0.07142857142857142,2
SKS03,SKS02,EQM_4,0,0.75,120,shaking,original,3,peak_load_error,0.05240610163239515,0.043340220124759445,0.009065881507635702,2
SKS03,SKS02,EQM_4,0,0.75,120,shaking,original,3,profile_nrmse,0.09675764210067672,0.15489923788245258,-0.05814159578177587,2
SKS03,SKS02,EQM_4,0,0.75,120,shaking,original,4,peak_depth_error,0.14285714285714285,0.07142857142857142,0.07142857142857142,2
SKS03,SKS02,EQM_4,0,0.75,120,shaking,original,4,peak_load_error,0.05240610163239515,0.043340220124759445,0.009065881507635702,2
SKS03,SKS02,EQM_4,0,0.75,120,shaking,original,4,profile_nrmse,0.05147781377804642,0.15485491053446143,-0.103377096756415,2
SKS03,SKS02,EQM_4,0,0.75,240,after_decay,boundary_retained,2,peak_depth_error,0.42857142857142855,0.14285714285714282,0.2857142857142857,2
SKS03,SKS02,EQM_4,0,0.75,240,after_decay,boundary_retained,2,peak_load_error,0.1682525898757208,0.16811575890915842,0.00013683096656239707,2
SKS03,SKS02,EQM_4,0,0.75,240,after_decay,boundary_retained,2,profile_nrmse,0.10080521347951754,0.24320095629127414,-0.1423957428117566,2
SKS03,SKS02,EQM_4,0,0.75,240,after_decay,boundary_retained,3,peak_depth_error,0.14285714285714282,0.07142857142857142,0.0714285714285714,2
SKS03,SKS02,EQM_4,0,0.75,240,after_decay,boundary_retained,3,peak_load_error,0.12816563439638395,0.016676774975385417,0.11148885942099854,2
SKS03,SKS02,EQM_4,0,0.75,240,after_decay,boundary_retained,3,profile_nrmse,0.08512287077827557,0.12417682104307545,-0.039053950264799873,2
SKS03,SKS02,EQM_4,0,0.75,240,after_decay,boundary_retained,4,peak_depth_error,0.14285714285714285,0.07142857142857142,0.07142857142857142,2
SKS03,SKS02,EQM_4,0,0.75,240,after_decay,boundary_retained,4,peak_load_error,0.026229028700479655,0.016676774975385417,0.009552253725094238,2
SKS03,SKS02,EQM_4,0,0.75,240,after_decay,boundary_retained,4,profile_nrmse,0.05056125541220699,0.12365069483126012,-0.07308943941905315,2
SKS03,SKS02,EQM_4,0,0.75,240,after_decay,original,2,peak_depth_error,0.14285714285714282,0.14285714285714282,0.0,2
SKS03,SKS02,EQM_4,0,0.75,240,after_decay,original,2,peak_load_error,0.12816563439638395,0.16811575890915842,-0.03995012451277445,2
SKS03,SKS02,EQM_4,0,0.75,240,after_decay,original,2,profile_nrmse,0.12985281970465817,0.24320095629127414,-0.11334813658661597,2
SKS03,SKS02,EQM_4,0,0.75,240,after_decay,original,3,peak_depth_error,0.14285714285714285,0.07142857142857142,0.07142857142857142,2
SKS03,SKS02,EQM_4,0,0.75,240,after_decay,original,3,peak_load_error,0.026229028700479655,0.016676774975385417,0.009552253725094238,2
SKS03,SKS02,EQM_4,0,0.75,240,after_decay,original,3,profile_nrmse,0.08011108629761787,0.12417682104307545,-0.04406573474545758,2
SKS03,SKS02,EQM_4,0,0.75,240,after_decay,original,4,peak_depth_error,0.14285714285714285,0.07142857142857142,0.07142857142857142,2
SKS03,SKS02,EQM_4,0,0.75,240,after_decay,original,4,peak_load_error,0.026229028700479655,0.016676774975385417,0.009552253725094238,2
SKS03,SKS02,EQM_4,0,0.75,240,after_decay,original,4,profile_nrmse,0.05056125541220699,0.12365069483126012,-0.07308943941905315,2
SKS03,SKS02,EQM_4,0,0.75,240,before_decay,boundary_retained,2,peak_depth_error,0.42857142857142855,0.14285714285714285,0.2857142857142857,2
SKS03,SKS02,EQM_4,0,0.75,240,before_decay,boundary_retained,2,peak_load_error,0.060091253716134704,0.10134086595573447,-0.04124961223959976,2
SKS03,SKS02,EQM_4,0,0.75,240,before_decay,boundary_retained,2,profile_nrmse,0.08600471982624115,0.2937975920533128,-0.20779287222707166,2
SKS03,SKS02,EQM_4,0,0.75,240,before_decay,boundary_retained,3,peak_depth_error,0.14285714285714282,0.21428571428571425,-0.07142857142857142,2
SKS03,SKS02,EQM_4,0,0.75,240,before_decay,boundary_retained,3,peak_load_error,0.013045633759555414,0.039985009538672234,-0.02693937577911682,2
SKS03,SKS02,EQM_4,0,0.75,240,before_decay,boundary_retained,3,profile_nrmse,0.05900591861379703,0.15259293080207154,-0.09358701218827452,2
SKS03,SKS02,EQM_4,0,0.75,240,before_decay,boundary_retained,4,peak_depth_error,0.2857142857142857,0.14285714285714285,0.14285714285714282,2
SKS03,SKS02,EQM_4,0,0.75,240,before_decay,boundary_retained,4,peak_load_error,0.04311852666771825,0.03550289515543519,0.007615631512283057,2
SKS03,SKS02,EQM_4,0,0.75,240,before_decay,boundary_retained,4,profile_nrmse,0.03296614068785625,0.15300287214883282,-0.12003673146097657,2
SKS03,SKS02,EQM_4,0,0.75,240,before_decay,original,2,peak_depth_error,0.14285714285714282,0.14285714285714285,-2.7755575615628914e-17,2
SKS03,SKS02,EQM_4,0,0.75,240,before_decay,original,2,peak_load_error,0.013045633759555414,0.10134086595573447,-0.08829523219617905,2
SKS03,SKS02,EQM_4,0,0.75,240,before_decay,original,2,profile_nrmse,0.13321973764408357,0.2937975920533128,-0.16057785440922928,2
SKS03,SKS02,EQM_4,0,0.75,240,before_decay,original,3,peak_depth_error,0.2857142857142857,0.21428571428571425,0.07142857142857142,2
SKS03,SKS02,EQM_4,0,0.75,240,before_decay,original,3,peak_load_error,0.04311852666771825,0.039985009538672234,0.003133517129046016,2
SKS03,SKS02,EQM_4,0,0.75,240,before_decay,original,3,profile_nrmse,0.07077975748608084,0.15259293080207154,-0.08181317331599072,2
SKS03,SKS02,EQM_4,0,0.75,240,before_decay,original,4,peak_depth_error,0.2857142857142857,0.14285714285714285,0.14285714285714282,2
SKS03,SKS02,EQM_4,0,0.75,240,before_decay,original,4,peak_load_error,0.04311852666771825,0.03550289515543519,0.007615631512283057,2
SKS03,SKS02,EQM_4,0,0.75,240,before_decay,original,4,profile_nrmse,0.03296614068785625,0.15300287214883282,-0.12003673146097657,2
SKS03,SKS02,EQM_4,0,0.75,240,shaking,boundary_retained,2,peak_depth_error,0.42857142857142855,0.2857142857142857,0.14285714285714288,2
SKS03,SKS02,EQM_4,0,0.75,240,shaking,boundary_retained,2,peak_load_error,0.10948876607402874,0.18772194885842738,-0.07823318278439864,2
SKS03,SKS02,EQM_4,0,0.75,240,shaking,boundary_retained,2,profile_nrmse,0.10475781201070347,0.2990840490318424,-0.1943262370211389,2
SKS03,SKS02,EQM_4,0,0.75,240,shaking,boundary_retained,3,peak_depth_error,0.2857142857142857,0.07142857142857142,0.21428571428571427,2
SKS03,SKS02,EQM_4,0,0.75,240,shaking,boundary_retained,3,peak_load_error,0.03469073749247529,0.0447847685090406,-0.010094031016565311,2
SKS03,SKS02,EQM_4,0,0.75,240,shaking,boundary_retained,3,profile_nrmse,0.0901121171130886,0.15482340607336031,-0.0647112889602717,2
SKS03,SKS02,EQM_4,0,0.75,240,shaking,boundary_retained,4,peak_depth_error,0.14285714285714285,0.07142857142857142,0.07142857142857142,2
SKS03,SKS02,EQM_4,0,0.75,240,shaking,boundary_retained,4,peak_load_error,0.05479831966670903,0.0447847685090406,0.010013551157668436,2
SKS03,SKS02,EQM_4,0,0.75,240,shaking,boundary_retained,4,profile_nrmse,0.05254986707020992,0.15397835220910908,-0.10142848513889915,2
SKS03,SKS02,EQM_4,0,0.75,240,shaking,original,2,peak_depth_error,0.2857142857142857,0.2857142857142857,2.7755575615628914e-17,2
SKS03,SKS02,EQM_4,0,0.75,240,shaking,original,2,peak_load_error,0.03469073749247529,0.18772194885842738,-0.1530312113659521,2
SKS03,SKS02,EQM_4,0,0.75,240,shaking,original,2,profile_nrmse,0.15344930263468964,0.2990840490318424,-0.14563474639715274,2
SKS03,SKS02,EQM_4,0,0.75,240,shaking,original,3,peak_depth_error,0.14285714285714285,0.07142857142857142,0.07142857142857142,2
SKS03,SKS02,EQM_4,0,0.75,240,shaking,original,3,peak_load_error,0.05479831966670903,0.0447847685090406,0.010013551157668436,2
SKS03,SKS02,EQM_4,0,0.75,240,shaking,original,3,profile_nrmse,0.09740633513628931,0.15482340607336031,-0.05741707093707099,2
SKS03,SKS02,EQM_4,0,0.75,240,shaking,original,4,peak_depth_error,0.14285714285714285,0.07142857142857142,0.07142857142857142,2
SKS03,SKS02,EQM_4,0,0.75,240,shaking,original,4,peak_load_error,0.05479831966670903,0.0447847685090406,0.010013551157668436,2
SKS03,SKS02,EQM_4,0,0.75,240,shaking,original,4,profile_nrmse,0.05254986707020992,0.15397835220910908,-0.10142848513889915,2
SKS03,SKS02,EQM_4,1,0.25,120,after_decay,boundary_retained,2,peak_depth_error,0.42857142857142855,0.14285714285714282,0.2857142857142857,2
SKS03,SKS02,EQM_4,1,0.25,120,after_decay,boundary_retained,2,peak_load_error,0.1673341633231767,0.16805383339234428,-0.00071967006916758,2
SKS03,SKS02,EQM_4,1,0.25,120,after_decay,boundary_retained,2,profile_nrmse,0.09731988797699104,0.22195810171131136,-0.12463821373432031,2
SKS03,SKS02,EQM_4,1,0.25,120,after_decay,boundary_retained,3,peak_depth_error,0.14285714285714282,0.07142857142857142,0.0714285714285714,2
SKS03,SKS02,EQM_4,1,0.25,120,after_decay,boundary_retained,3,peak_load_error,0.1281868998945349,0.015949870441466875,0.11223702945306804,2
SKS03,SKS02,EQM_4,1,0.25,120,after_decay,boundary_retained,3,profile_nrmse,0.08513778123844781,0.11454929830498153,-0.029411517066533718,2
SKS03,SKS02,EQM_4,1,0.25,120,after_decay,boundary_retained,4,peak_depth_error,0.14285714285714285,0.07142857142857142,0.07142857142857142,2
SKS03,SKS02,EQM_4,1,0.25,120,after_decay,boundary_retained,4,peak_load_error,0.025282694084623178,0.015949870441466875,0.009332823643156303,2
SKS03,SKS02,EQM_4,1,0.25,120,after_decay,boundary_retained,4,profile_nrmse,0.04952668542330206,0.11307778707719111,-0.06355110165388905,2
SKS03,SKS02,EQM_4,1,0.25,120,after_decay,original,2,peak_depth_error,0.14285714285714282,0.14285714285714282,0.0,2
SKS03,SKS02,EQM_4,1,0.25,120,after_decay,original,2,peak_load_error,0.1281868998945349,0.16805383339234428,-0.03986693349780937,2
SKS03,SKS02,EQM_4,1,0.25,120,after_decay,original,2,profile_nrmse,0.12331445201445299,0.22195810171131136,-0.09864364969685838,2
SKS03,SKS02,EQM_4,1,0.25,120,after_decay,original,3,peak_depth_error,0.14285714285714285,0.07142857142857142,0.07142857142857142,2
SKS03,SKS02,EQM_4,1,0.25,120,after_decay,original,3,peak_load_error,0.025282694084623178,0.015949870441466875,0.009332823643156303,2
SKS03,SKS02,EQM_4,1,0.25,120,after_decay,original,3,profile_nrmse,0.07823258643111007,0.11454929830498153,-0.036316711873871456,2
SKS03,SKS02,EQM_4,1,0.25,120,after_decay,original,4,peak_depth_error,0.14285714285714285,0.07142857142857142,0.07142857142857142,2
SKS03,SKS02,EQM_4,1,0.25,120,after_decay,original,4,peak_load_error,0.025282694084623178,0.015949870441466875,0.009332823643156303,2
SKS03,SKS02,EQM_4,1,0.25,120,after_decay,original,4,profile_nrmse,0.04952668542330206,0.11307778707719111,-0.06355110165388905,2
SKS03,SKS02,EQM_4,1,0.25,120,before_decay,boundary_retained,2,peak_depth_error,0.42857142857142855,0.14285714285714282,0.2857142857142857,2
SKS03,SKS02,EQM_4,1,0.25,120,before_decay,boundary_retained,2,peak_load_error,0.15785213769020745,0.1536017178999528,0.004250419790254659,2
SKS03,SKS02,EQM_4,1,0.25,120,before_decay,boundary_retained,2,profile_nrmse,0.10333505951876593,0.276268947721141,-0.1729338882023751,2
SKS03,SKS02,EQM_4,1,0.25,120,before_decay,boundary_retained,3,peak_depth_error,0.14285714285714282,0.07142857142857142,0.0714285714285714,2
SKS03,SKS02,EQM_4,1,0.25,120,before_decay,boundary_retained,3,peak_load_error,0.10964117194319041,0.025350678095983365,0.08429049384720705,2
SKS03,SKS02,EQM_4,1,0.25,120,before_decay,boundary_retained,3,profile_nrmse,0.08139997904744917,0.14218333141816064,-0.06078335237071147,2
SKS03,SKS02,EQM_4,1,0.25,120,before_decay,boundary_retained,4,peak_depth_error,0.14285714285714285,0.07142857142857142,0.07142857142857142,2
SKS03,SKS02,EQM_4,1,0.25,120,before_decay,boundary_retained,4,peak_load_error,0.03054947668150737,0.025350678095983365,0.005198798585524005,2
SKS03,SKS02,EQM_4,1,0.25,120,before_decay,boundary_retained,4,profile_nrmse,0.047432675162653676,0.14267217351136324,-0.09523949834870955,2
SKS03,SKS02,EQM_4,1,0.25,120,before_decay,original,2,peak_depth_error,0.14285714285714282,0.14285714285714282,0.0,2
SKS03,SKS02,EQM_4,1,0.25,120,before_decay,original,2,peak_load_error,0.10964117194319041,0.1536017178999528,-0.04396054595676238,2
SKS03,SKS02,EQM_4,1,0.25,120,before_decay,original,2,profile_nrmse,0.13567981722396005,0.276268947721141,-0.14058913049718097,2
SKS03,SKS02,EQM_4,1,0.25,120,before_decay,original,3,peak_depth_error,0.14285714285714285,0.07142857142857142,0.07142857142857142,2
SKS03,SKS02,EQM_4,1,0.25,120,before_decay,original,3,peak_load_error,0.03054947668150737,0.025350678095983365,0.005198798585524005,2
SKS03,SKS02,EQM_4,1,0.25,120,before_decay,original,3,profile_nrmse,0.07769413019654545,0.14218333141816064,-0.0644892012216152,2
SKS03,SKS02,EQM_4,1,0.25,120,before_decay,original,4,peak_depth_error,0.14285714285714285,0.07142857142857142,0.07142857142857142,2
SKS03,SKS02,EQM_4,1,0.25,120,before_decay,original,4,peak_load_error,0.03054947668150737,0.025350678095983365,0.005198798585524005,2
SKS03,SKS02,EQM_4,1,0.25,120,before_decay,original,4,profile_nrmse,0.047432675162653676,0.14267217351136324,-0.09523949834870955,2
SKS03,SKS02,EQM_4,1,0.25,120,shaking,boundary_retained,2,peak_depth_error,0.42857142857142855,0.21428571428571425,0.2142857142857143,2
SKS03,SKS02,EQM_4,1,0.25,120,shaking,boundary_retained,2,peak_load_error,0.08195678442022014,0.17905293782869833,-0.09709615340847819,2
SKS03,SKS02,EQM_4,1,0.25,120,shaking,boundary_retained,2,profile_nrmse,0.09737365434234083,0.29140325274211415,-0.1940295983997733,2
SKS03,SKS02,EQM_4,1,0.25,120,shaking,boundary_retained,3,peak_depth_error,0.21428571428571425,0.07142857142857142,0.14285714285714282,2
SKS03,SKS02,EQM_4,1,0.25,120,shaking,boundary_retained,3,peak_load_error,0.02438658402425323,0.03649291834107893,-0.012106334316825697,2
SKS03,SKS02,EQM_4,1,0.25,120,shaking,boundary_retained,3,profile_nrmse,0.08649760670696223,0.14893408377630704,-0.06243647706934482,2
SKS03,SKS02,EQM_4,1,0.25,120,shaking,boundary_retained,4,peak_depth_error,0.14285714285714285,0.07142857142857142,0.07142857142857142,2
SKS03,SKS02,EQM_4,1,0.25,120,shaking,boundary_retained,4,peak_load_error,0.0448529970356167,0.03649291834107893,0.008360078694537774,2
SKS03,SKS02,EQM_4,1,0.25,120,shaking,boundary_retained,4,profile_nrmse,0.04154968216949256,0.14962909118588935,-0.10807940901639679,2
SKS03,SKS02,EQM_4,1,0.25,120,shaking,original,2,peak_depth_error,0.21428571428571425,0.21428571428571425,0.0,2
SKS03,SKS02,EQM_4,1,0.25,120,shaking,original,2,peak_load_error,0.02438658402425323,0.17905293782869833,-0.1546663538044451,2
SKS03,SKS02,EQM_4,1,0.25,120,shaking,original,2,profile_nrmse,0.14061579271667843,0.29140325274211415,-0.15078746002543572,2
SKS03,SKS02,EQM_4,1,0.25,120,shaking,original,3,peak_depth_error,0.14285714285714285,0.07142857142857142,0.07142857142857142,2
SKS03,SKS02,EQM_4,1,0.25,120,shaking,original,3,peak_load_error,0.0448529970356167,0.03649291834107893,0.008360078694537774,2
SKS03,SKS02,EQM_4,1,0.25,120,shaking,original,3,profile_nrmse,0.09224907005852892,0.14893408377630704,-0.05668501371777813,2
SKS03,SKS02,EQM_4,1,0.25,120,shaking,original,4,peak_depth_error,0.14285714285714285,0.07142857142857142,0.07142857142857142,2
SKS03,SKS02,EQM_4,1,0.25,120,shaking,original,4,peak_load_error,0.0448529970356167,0.03649291834107893,0.008360078694537774,2
SKS03,SKS02,EQM_4,1,0.25,120,shaking,original,4,profile_nrmse,0.04154968216949256,0.14962909118588935,-0.10807940901639679,2
SKS03,SKS02,EQM_4,1,0.25,240,after_decay,boundary_retained,2,peak_depth_error,0.42857142857142855,0.14285714285714282,0.2857142857142857,2
SKS03,SKS02,EQM_4,1,0.25,240,after_decay,boundary_retained,2,peak_load_error,0.16731101045063845,0.16805315214994646,-0.000742141699308016,2
SKS03,SKS02,EQM_4,1,0.25,240,after_decay,boundary_retained,2,profile_nrmse,0.09723996589688359,0.22176613057849082,-0.12452616468160724,2
SKS03,SKS02,EQM_4,1,0.25,240,after_decay,boundary_retained,3,peak_depth_error,0.14285714285714282,0.07142857142857142,0.0714285714285714,2
SKS03,SKS02,EQM_4,1,0.25,240,after_decay,boundary_retained,3,peak_load_error,0.1281894438355322,0.01594851508650916,0.11224092874902306,2
SKS03,SKS02,EQM_4,1,0.25,240,after_decay,boundary_retained,3,profile_nrmse,0.08513899472210246,0.11443521645307128,-0.02929622173096882,2
SKS03,SKS02,EQM_4,1,0.25,240,after_decay,boundary_retained,4,peak_depth_error,0.14285714285714285,0.07142857142857142,0.07142857142857142,2
SKS03,SKS02,EQM_4,1,0.25,240,after_decay,boundary_retained,4,peak_load_error,0.025282694084623178,0.01594851508650916,0.009334178998114017,2
SKS03,SKS02,EQM_4,1,0.25,240,after_decay,boundary_retained,4,profile_nrmse,0.04954205921348423,0.11292813003775035,-0.06338607082426613,2
SKS03,SKS02,EQM_4,1,0.25,240,after_decay,original,2,peak_depth_error,0.14285714285714282,0.14285714285714282,0.0,2
SKS03,SKS02,EQM_4,1,0.25,240,after_decay,original,2,peak_load_error,0.1281894438355322,0.16805315214994646,-0.03986370831441424,2
SKS03,SKS02,EQM_4,1,0.25,240,after_decay,original,2,profile_nrmse,0.12331263621923436,0.22176613057849082,-0.09845349435925646,2
SKS03,SKS02,EQM_4,1,0.25,240,after_decay,original,3,peak_depth_error,0.14285714285714285,0.07142857142857142,0.07142857142857142,2
SKS03,SKS02,EQM_4,1,0.25,240,after_decay,original,3,peak_load_error,0.025282694084623178,0.01594851508650916,0.009334178998114017,2
SKS03,SKS02,EQM_4,1,0.25,240,after_decay,original,3,profile_nrmse,0.07820316623209035,0.11443521645307128,-0.03623205022098093,2
SKS03,SKS02,EQM_4,1,0.25,240,after_decay,original,4,peak_depth_error,0.14285714285714285,0.07142857142857142,0.07142857142857142,2
SKS03,SKS02,EQM_4,1,0.25,240,after_decay,original,4,peak_load_error,0.025282694084623178,0.01594851508650916,0.009334178998114017,2
SKS03,SKS02,EQM_4,1,0.25,240,after_decay,original,4,profile_nrmse,0.04954205921348423,0.11292813003775035,-0.06338607082426613,2
SKS03,SKS02,EQM_4,1,0.25,240,before_decay,boundary_retained,2,peak_depth_error,0.42857142857142855,0.14285714285714282,0.2857142857142857,2
SKS03,SKS02,EQM_4,1,0.25,240,before_decay,boundary_retained,2,peak_load_error,0.15754353146218228,0.15587036708806998,0.0016731643741122876,2
SKS03,SKS02,EQM_4,1,0.25,240,before_decay,boundary_retained,2,profile_nrmse,0.1033251321491799,0.2857329574743417,-0.18240782532516178,2
SKS03,SKS02,EQM_4,1,0.25,240,before_decay,boundary_retained,3,peak_depth_error,0.14285714285714282,0.14285714285714282,0.0,2
SKS03,SKS02,EQM_4,1,0.25,240,before_decay,boundary_retained,3,peak_load_error,0.10931064431755416,0.028032219356656254,0.0812784249608979,2
SKS03,SKS02,EQM_4,1,0.25,240,before_decay,boundary_retained,3,profile_nrmse,0.08135198681490809,0.14835021451749503,-0.06699822770258695,2
SKS03,SKS02,EQM_4,1,0.25,240,before_decay,boundary_retained,4,peak_depth_error,0.21428571428571425,0.07142857142857142,0.14285714285714282,2
SKS03,SKS02,EQM_4,1,0.25,240,before_decay,boundary_retained,4,peak_load_error,0.03165060379265699,0.02724235081838674,0.004408252974270249,2
SKS03,SKS02,EQM_4,1,0.25,240,before_decay,boundary_retained,4,profile_nrmse,0.047498218807068227,0.14875332946785347,-0.10125511066078523,2
SKS03,SKS02,EQM_4,1,0.25,240,before_decay,original,2,peak_depth_error,0.14285714285714282,0.14285714285714282,0.0,2
SKS03,SKS02,EQM_4,1,0.25,240,before_decay,original,2,peak_load_error,0.10931064431755416,0.15587036708806998,-0.046559722770515816,2
SKS03,SKS02,EQM_4,1,0.25,240,before_decay,original,2,profile_nrmse,0.138016465358842,0.2857329574743417,-0.1477164921154997,2
SKS03,SKS02,EQM_4,1,0.25,240,before_decay,original,3,peak_depth_error,0.21428571428571425,0.14285714285714282,0.07142857142857142,2
SKS03,SKS02,EQM_4,1,0.25,240,before_decay,original,3,peak_load_error,0.03165060379265699,0.028032219356656254,0.0036183844360007343,2
SKS03,SKS02,EQM_4,1,0.25,240,before_decay,original,3,profile_nrmse,0.077673129524717,0.14835021451749503,-0.07067708499277803,2
SKS03,SKS02,EQM_4,1,0.25,240,before_decay,original,4,peak_depth_error,0.21428571428571425,0.07142857142857142,0.14285714285714282,2
SKS03,SKS02,EQM_4,1,0.25,240,before_decay,original,4,peak_load_error,0.03165060379265699,0.02724235081838674,0.004408252974270249,2
SKS03,SKS02,EQM_4,1,0.25,240,before_decay,original,4,profile_nrmse,0.047498218807068227,0.14875332946785347,-0.10125511066078523,2
SKS03,SKS02,EQM_4,1,0.25,240,shaking,boundary_retained,2,peak_depth_error,0.42857142857142855,0.21428571428571425,0.2142857142857143,2
SKS03,SKS02,EQM_4,1,0.25,240,shaking,boundary_retained,2,peak_load_error,0.08067347281073586,0.17917111018582188,-0.09849763737508603,2
SKS03,SKS02,EQM_4,1,0.25,240,shaking,boundary_retained,2,profile_nrmse,0.09776872817118602,0.29141284706707926,-0.19364411889589322,2
SKS03,SKS02,EQM_4,1,0.25,240,shaking,boundary_retained,3,peak_depth_error,0.21428571428571425,0.07142857142857142,0.14285714285714282,2
SKS03,SKS02,EQM_4,1,0.25,240,shaking,boundary_retained,3,peak_load_error,0.02555213273412813,0.036524315650448134,-0.010972182916320003,2
SKS03,SKS02,EQM_4,1,0.25,240,shaking,boundary_retained,3,profile_nrmse,0.08658078570548003,0.14899786924815633,-0.0624170835426763,2
SKS03,SKS02,EQM_4,1,0.25,240,shaking,boundary_retained,4,peak_depth_error,0.14285714285714285,0.07142857142857142,0.07142857142857142,2
SKS03,SKS02,EQM_4,1,0.25,240,shaking,boundary_retained,4,peak_load_error,0.044779535851014525,0.036524315650448134,0.00825522020056639,2
SKS03,SKS02,EQM_4,1,0.25,240,shaking,boundary_retained,4,profile_nrmse,0.04154933338834359,0.14968649737680248,-0.10813716398845888,2
SKS03,SKS02,EQM_4,1,0.25,240,shaking,original,2,peak_depth_error,0.21428571428571425,0.21428571428571425,0.0,2
SKS03,SKS02,EQM_4,1,0.25,240,shaking,original,2,peak_load_error,0.02555213273412813,0.17917111018582188,-0.15361897745169376,2
SKS03,SKS02,EQM_4,1,0.25,240,shaking,original,2,profile_nrmse,0.1404565846242058,0.29141284706707926,-0.15095626244287347,2
SKS03,SKS02,EQM_4,1,0.25,240,shaking,original,3,peak_depth_error,0.14285714285714285,0.07142857142857142,0.07142857142857142,2
SKS03,SKS02,EQM_4,1,0.25,240,shaking,original,3,peak_load_error,0.044779535851014525,0.036524315650448134,0.00825522020056639,2
SKS03,SKS02,EQM_4,1,0.25,240,shaking,original,3,profile_nrmse,0.0924416901943532,0.14899786924815633,-0.05655617905380314,2
SKS03,SKS02,EQM_4,1,0.25,240,shaking,original,4,peak_depth_error,0.14285714285714285,0.07142857142857142,0.07142857142857142,2
SKS03,SKS02,EQM_4,1,0.25,240,shaking,original,4,peak_load_error,0.044779535851014525,0.036524315650448134,0.00825522020056639,2
SKS03,SKS02,EQM_4,1,0.25,240,shaking,original,4,profile_nrmse,0.04154933338834359,0.14968649737680248,-0.10813716398845888,2
SKS03,SKS02,EQM_4,1,0.5,120,after_decay,boundary_retained,2,peak_depth_error,0.42857142857142855,0.14285714285714282,0.2857142857142857,2
SKS03,SKS02,EQM_4,1,0.5,120,after_decay,boundary_retained,2,peak_load_error,0.16788069234596376,0.1680519888621085,-0.00017129651614476021,2
SKS03,SKS02,EQM_4,1,0.5,120,after_decay,boundary_retained,2,profile_nrmse,0.100046174947029,0.24103334947152477,-0.14098717452449577,2
SKS03,SKS02,EQM_4,1,0.5,120,after_decay,boundary_retained,3,peak_depth_error,0.14285714285714282,0.07142857142857142,0.0714285714285714,2
SKS03,SKS02,EQM_4,1,0.5,120,after_decay,boundary_retained,3,peak_load_error,0.12816256270750667,0.01656276326488416,0.11159979944262251,2
SKS03,SKS02,EQM_4,1,0.5,120,after_decay,boundary_retained,3,profile_nrmse,0.08513053351458574,0.1234970585441846,-0.03836652502959887,2
SKS03,SKS02,EQM_4,1,0.5,120,after_decay,boundary_retained,4,peak_depth_error,0.14285714285714285,0.07142857142857142,0.07142857142857142,2
SKS03,SKS02,EQM_4,1,0.5,120,after_decay,boundary_retained,4,peak_load_error,0.025885479585171477,0.01656276326488416,0.009322716320287316,2
SKS03,SKS02,EQM_4,1,0.5,120,after_decay,boundary_retained,4,profile_nrmse,0.05014814481716988,0.12279084980468827,-0.07264270498751839,2
SKS03,SKS02,EQM_4,1,0.5,120,after_decay,original,2,peak_depth_error,0.14285714285714282,0.14285714285714282,0.0,2
SKS03,SKS02,EQM_4,1,0.5,120,after_decay,original,2,peak_load_error,0.12816256270750667,0.1680519888621085,-0.03988942615460184,2
SKS03,SKS02,EQM_4,1,0.5,120,after_decay,original,2,profile_nrmse,0.12752130892404848,0.24103334947152477,-0.11351204054747627,2
SKS03,SKS02,EQM_4,1,0.5,120,after_decay,original,3,peak_depth_error,0.14285714285714285,0.07142857142857142,0.07142857142857142,2
SKS03,SKS02,EQM_4,1,0.5,120,after_decay,original,3,peak_load_error,0.025885479585171477,0.01656276326488416,0.009322716320287316,2
SKS03,SKS02,EQM_4,1,0.5,120,after_decay,original,3,profile_nrmse,0.07950187203334827,0.1234970585441846,-0.043995186510836344,2
SKS03,SKS02,EQM_4,1,0.5,120,after_decay,original,4,peak_depth_error,0.14285714285714285,0.07142857142857142,0.07142857142857142,2
SKS03,SKS02,EQM_4,1,0.5,120,after_decay,original,4,peak_load_error,0.025885479585171477,0.01656276326488416,0.009322716320287316,2
SKS03,SKS02,EQM_4,1,0.5,120,after_decay,original,4,profile_nrmse,0.05014814481716988,0.12279084980468827,-0.07264270498751839,2
SKS03,SKS02,EQM_4,1,0.5,120,before_decay,boundary_retained,2,peak_depth_error,0.42857142857142855,0.14285714285714285,0.2857142857142857,2
SKS03,SKS02,EQM_4,1,0.5,120,before_decay,boundary_retained,2,peak_load_error,0.1050946332384377,0.11588843327860426,-0.01079380004016655,2
SKS03,SKS02,EQM_4,1,0.5,120,before_decay,boundary_retained,2,profile_nrmse,0.09847384310989471,0.29284726291795793,-0.1943734198080632,2
SKS03,SKS02,EQM_4,1,0.5,120,before_decay,boundary_retained,3,peak_depth_error,0.14285714285714282,0.21428571428571425,-0.07142857142857142,2
SKS03,SKS02,EQM_4,1,0.5,120,before_decay,boundary_retained,3,peak_load_error,0.04972953175184537,0.03645119548918383,0.013278336262661537,2
SKS03,SKS02,EQM_4,1,0.5,120,before_decay,boundary_retained,3,profile_nrmse,0.06871413013541332,0.15174986136570992,-0.0830357312302966,2
SKS03,SKS02,EQM_4,1,0.5,120,before_decay,boundary_retained,4,peak_depth_error,0.2857142857142857,0.14285714285714285,0.14285714285714282,2
SKS03,SKS02,EQM_4,1,0.5,120,before_decay,boundary_retained,4,peak_load_error,0.04017434134776753,0.03187794025317792,0.008296401094589616,2
SKS03,SKS02,EQM_4,1,0.5,120,before_decay,boundary_retained,4,profile_nrmse,0.034017919968345925,0.15220122850105822,-0.11818330853271228,2
SKS03,SKS02,EQM_4,1,0.5,120,before_decay,original,2,peak_depth_error,0.14285714285714282,0.14285714285714285,-2.7755575615628914e-17,2
SKS03,SKS02,EQM_4,1,0.5,120,before_decay,original,2,peak_load_error,0.04972953175184537,0.11588843327860426,-0.06615890152675889,2
SKS03,SKS02,EQM_4,1,0.5,120,before_decay,original,2,profile_nrmse,0.13203144185533428,0.29284726291795793,-0.16081582106262363,2
SKS03,SKS02,EQM_4,1,0.5,120,before_decay,original,3,peak_depth_error,0.2857142857142857,0.21428571428571425,0.07142857142857142,2
SKS03,SKS02,EQM_4,1,0.5,120,before_decay,original,3,peak_load_error,0.04017434134776753,0.03645119548918383,0.003723145858583698,2
SKS03,SKS02,EQM_4,1,0.5,120,before_decay,original,3,profile_nrmse,0.07269937309324234,0.15174986136570992,-0.07905048827246758,2
SKS03,SKS02,EQM_4,1,0.5,120,before_decay,original,4,peak_depth_error,0.2857142857142857,0.14285714285714285,0.14285714285714282,2
SKS03,SKS02,EQM_4,1,0.5,120,before_decay,original,4,peak_load_error,0.04017434134776753,0.03187794025317792,0.008296401094589616,2
SKS03,SKS02,EQM_4,1,0.5,120,before_decay,original,4,profile_nrmse,0.034017919968345925,0.15220122850105822,-0.11818330853271228,2
SKS03,SKS02,EQM_4,1,0.5,120,shaking,boundary_retained,2,peak_depth_error,0.42857142857142855,0.21428571428571425,0.2142857142857143,2
SKS03,SKS02,EQM_4,1,0.5,120,shaking,boundary_retained,2,peak_load_error,0.08195678442022014,0.17905293782869833,-0.09709615340847819,2
SKS03,SKS02,EQM_4,1,0.5,120,shaking,boundary_retained,2,profile_nrmse,0.09737365434234083,0.29140325274211415,-0.1940295983997733,2
SKS03,SKS02,EQM_4,1,0.5,120,shaking,boundary_retained,3,peak_depth_error,0.21428571428571425,0.07142857142857142,0.14285714285714282,2
SKS03,SKS02,EQM_4,1,0.5,120,shaking,boundary_retained,3,peak_load_error,0.02438658402425323,0.03649291834107893,-0.012106334316825697,2
SKS03,SKS02,EQM_4,1,0.5,120,shaking,boundary_retained,3,profile_nrmse,0.08649760670696223,0.14893408377630704,-0.06243647706934482,2
SKS03,SKS02,EQM_4,1,0.5,120,shaking,boundary_retained,4,peak_depth_error,0.14285714285714285,0.07142857142857142,0.07142857142857142,2
SKS03,SKS02,EQM_4,1,0.5,120,shaking,boundary_retained,4,peak_load_error,0.0448529970356167,0.03649291834107893,0.008360078694537774,2
SKS03,SKS02,EQM_4,1,0.5,120,shaking,boundary_retained,4,profile_nrmse,0.04154968216949256,0.14962909118588935,-0.10807940901639679,2
SKS03,SKS02,EQM_4,1,0.5,120,shaking,original,2,peak_depth_error,0.21428571428571425,0.21428571428571425,0.0,2
SKS03,SKS02,EQM_4,1,0.5,120,shaking,original,2,peak_load_error,0.02438658402425323,0.17905293782869833,-0.1546663538044451,2
SKS03,SKS02,EQM_4,1,0.5,120,shaking,original,2,profile_nrmse,0.14061579271667843,0.29140325274211415,-0.15078746002543572,2
SKS03,SKS02,EQM_4,1,0.5,120,shaking,original,3,peak_depth_error,0.14285714285714285,0.07142857142857142,0.07142857142857142,2
SKS03,SKS02,EQM_4,1,0.5,120,shaking,original,3,peak_load_error,0.0448529970356167,0.03649291834107893,0.008360078694537774,2
SKS03,SKS02,EQM_4,1,0.5,120,shaking,original,3,profile_nrmse,0.09224907005852892,0.14893408377630704,-0.05668501371777813,2
SKS03,SKS02,EQM_4,1,0.5,120,shaking,original,4,peak_depth_error,0.14285714285714285,0.07142857142857142,0.07142857142857142,2
SKS03,SKS02,EQM_4,1,0.5,120,shaking,original,4,peak_load_error,0.0448529970356167,0.03649291834107893,0.008360078694537774,2
SKS03,SKS02,EQM_4,1,0.5,120,shaking,original,4,profile_nrmse,0.04154968216949256,0.14962909118588935,-0.10807940901639679,2
SKS03,SKS02,EQM_4,1,0.5,240,after_decay,boundary_retained,2,peak_depth_error,0.42857142857142855,0.14285714285714282,0.2857142857142857,2
SKS03,SKS02,EQM_4,1,0.5,240,after_decay,boundary_retained,2,peak_load_error,0.16799400591507943,0.16804430379388352,-5.029787880407588e-05,2
SKS03,SKS02,EQM_4,1,0.5,240,after_decay,boundary_retained,2,profile_nrmse,0.10004235546235657,0.2410148049803905,-0.14097244951803392,2
SKS03,SKS02,EQM_4,1,0.5,240,after_decay,boundary_retained,3,peak_depth_error,0.14285714285714282,0.07142857142857142,0.0714285714285714,2
SKS03,SKS02,EQM_4,1,0.5,240,after_decay,boundary_retained,3,peak_load_error,0.12816879870465028,0.01656276326488416,0.11160603543976612,2
SKS03,SKS02,EQM_4,1,0.5,240,after_decay,boundary_retained,3,profile_nrmse,0.08513418525006919,0.12351376768805862,-0.038379582437989425,2
SKS03,SKS02,EQM_4,1,0.5,240,after_decay,boundary_retained,4,peak_depth_error,0.14285714285714285,0.07142857142857142,0.07142857142857142,2
SKS03,SKS02,EQM_4,1,0.5,240,after_decay,boundary_retained,4,peak_load_error,0.025973011803755774,0.01656276326488416,0.009410248538871614,2
SKS03,SKS02,EQM_4,1,0.5,240,after_decay,boundary_retained,4,profile_nrmse,0.05013678170570237,0.12281146199063746,-0.07267468028493508,2
SKS03,SKS02,EQM_4,1,0.5,240,after_decay,original,2,peak_depth_error,0.14285714285714282,0.14285714285714282,0.0,2
SKS03,SKS02,EQM_4,1,0.5,240,after_decay,original,2,peak_load_error,0.12816879870465028,0.16804430379388352,-0.039875505089233224,2
SKS03,SKS02,EQM_4,1,0.5,240,after_decay,original,2,profile_nrmse,0.1274996206761524,0.2410148049803905,-0.1135151843042381,2
SKS03,SKS02,EQM_4,1,0.5,240,after_decay,original,3,peak_depth_error,0.14285714285714285,0.07142857142857142,0.07142857142857142,2
SKS03,SKS02,EQM_4,1,0.5,240,after_decay,original,3,peak_load_error,0.025973011803755774,0.01656276326488416,0.009410248538871614,2
SKS03,SKS02,EQM_4,1,0.5,240,after_decay,original,3,profile_nrmse,0.07948781166466773,0.12351376768805862,-0.04402595602339089,2
SKS03,SKS02,EQM_4,1,0.5,240,after_decay,original,4,peak_depth_error,0.14285714285714285,0.07142857142857142,0.07142857142857142,2
SKS03,SKS02,EQM_4,1,0.5,240,after_decay,original,4,peak_load_error,0.025973011803755774,0.01656276326488416,0.009410248538871614,2
SKS03,SKS02,EQM_4,1,0.5,240,after_decay,original,4,profile_nrmse,0.05013678170570237,0.12281146199063746,-0.07267468028493508,2
SKS03,SKS02,EQM_4,1,0.5,240,before_decay,boundary_retained,2,peak_depth_error,0.42857142857142855,0.14285714285714285,0.2857142857142857,2
SKS03,SKS02,EQM_4,1,0.5,240,before_decay,boundary_retained,2,peak_load_error,0.10172662759294537,0.11389632810879902,-0.01216970051585365,2
SKS03,SKS02,EQM_4,1,0.5,240,before_decay,boundary_retained,2,profile_nrmse,0.09762920651686005,0.29301294771028563,-0.19538374119342558,2
SKS03,SKS02,EQM_4,1,0.5,240,before_decay,boundary_retained,3,peak_depth_error,0.14285714285714282,0.21428571428571425,-0.07142857142857142,2
SKS03,SKS02,EQM_4,1,0.5,240,before_decay,boundary_retained,3,peak_load_error,0.04460320359862537,0.03852921198946245,0.006073991609162926,2
SKS03,SKS02,EQM_4,1,0.5,240,before_decay,boundary_retained,3,profile_nrmse,0.06758009994824582,0.15188807593047332,-0.0843079759822275,2
SKS03,SKS02,EQM_4,1,0.5,240,before_decay,boundary_retained,4,peak_depth_error,0.2857142857142857,0.14285714285714285,0.14285714285714282,2
SKS03,SKS02,EQM_4,1,0.5,240,before_decay,boundary_retained,4,peak_load_error,0.04258167755754436,0.033736148254491165,0.008845529303053198,2
SKS03,SKS02,EQM_4,1,0.5,240,before_decay,boundary_retained,4,profile_nrmse,0.03410418656080842,0.1523179032572641,-0.11821371669645567,2
SKS03,SKS02,EQM_4,1,0.5,240,before_decay,original,2,peak_depth_error,0.14285714285714282,0.14285714285714285,-2.7755575615628914e-17,2
SKS03,SKS02,EQM_4,1,0.5,240,before_decay,original,2,peak_load_error,0.04460320359862537,0.11389632810879902,-0.06929312451017364,2
SKS03,SKS02,EQM_4,1,0.5,240,before_decay,original,2,profile_nrmse,0.1326896856641899,0.29301294771028563,-0.1603232620460957,2
SKS03,SKS02,EQM_4,1,0.5,240,before_decay,original,3,peak_depth_error,0.2857142857142857,0.21428571428571425,0.07142857142857142,2
SKS03,SKS02,EQM_4,1,0.5,240,before_decay,original,3,peak_load_error,0.04258167755754436,0.03852921198946245,0.0040524655680819165,2
SKS03,SKS02,EQM_4,1,0.5,240,before_decay,original,3,profile_nrmse,0.07254034048153885,0.15188807593047332,-0.07934773544893446,2
SKS03,SKS02,EQM_4,1,0.5,240,before_decay,original,4,peak_depth_error,0.2857142857142857,0.14285714285714285,0.14285714285714282,2
SKS03,SKS02,EQM_4,1,0.5,240,before_decay,original,4,peak_load_error,0.04258167755754436,0.033736148254491165,0.008845529303053198,2
SKS03,SKS02,EQM_4,1,0.5,240,before_decay,original,4,profile_nrmse,0.03410418656080842,0.1523179032572641,-0.11821371669645567,2
SKS03,SKS02,EQM_4,1,0.5,240,shaking,boundary_retained,2,peak_depth_error,0.42857142857142855,0.21428571428571425,0.2142857142857143,2
SKS03,SKS02,EQM_4,1,0.5,240,shaking,boundary_retained,2,peak_load_error,0.08067347281073586,0.17917111018582188,-0.09849763737508603,2
SKS03,SKS02,EQM_4,1,0.5,240,shaking,boundary_retained,2,profile_nrmse,0.09776872817118602,0.29141284706707926,-0.19364411889589322,2
SKS03,SKS02,EQM_4,1,0.5,240,shaking,boundary_retained,3,peak_depth_error,0.21428571428571425,0.07142857142857142,0.14285714285714282,2
SKS03,SKS02,EQM_4,1,0.5,240,shaking,boundary_retained,3,peak_load_error,0.02555213273412813,0.036524315650448134,-0.010972182916320003,2
SKS03,SKS02,EQM_4,1,0.5,240,shaking,boundary_retained,3,profile_nrmse,0.08658078570548003,0.14899786924815633,-0.0624170835426763,2
SKS03,SKS02,EQM_4,1,0.5,240,shaking,boundary_retained,4,peak_depth_error,0.14285714285714285,0.07142857142857142,0.07142857142857142,2
SKS03,SKS02,EQM_4,1,0.5,240,shaking,boundary_retained,4,peak_load_error,0.044779535851014525,0.036524315650448134,0.00825522020056639,2
SKS03,SKS02,EQM_4,1,0.5,240,shaking,boundary_retained,4,profile_nrmse,0.04154933338834359,0.14968649737680248,-0.10813716398845888,2
SKS03,SKS02,EQM_4,1,0.5,240,shaking,original,2,peak_depth_error,0.21428571428571425,0.21428571428571425,0.0,2
SKS03,SKS02,EQM_4,1,0.5,240,shaking,original,2,peak_load_error,0.02555213273412813,0.17917111018582188,-0.15361897745169376,2
SKS03,SKS02,EQM_4,1,0.5,240,shaking,original,2,profile_nrmse,0.1404565846242058,0.29141284706707926,-0.15095626244287347,2
SKS03,SKS02,EQM_4,1,0.5,240,shaking,original,3,peak_depth_error,0.14285714285714285,0.07142857142857142,0.07142857142857142,2
SKS03,SKS02,EQM_4,1,0.5,240,shaking,original,3,peak_load_error,0.044779535851014525,0.036524315650448134,0.00825522020056639,2
SKS03,SKS02,EQM_4,1,0.5,240,shaking,original,3,profile_nrmse,0.0924416901943532,0.14899786924815633,-0.05655617905380314,2
SKS03,SKS02,EQM_4,1,0.5,240,shaking,original,4,peak_depth_error,0.14285714285714285,0.07142857142857142,0.07142857142857142,2
SKS03,SKS02,EQM_4,1,0.5,240,shaking,original,4,peak_load_error,0.044779535851014525,0.036524315650448134,0.00825522020056639,2
SKS03,SKS02,EQM_4,1,0.5,240,shaking,original,4,profile_nrmse,0.04154933338834359,0.14968649737680248,-0.10813716398845888,2
SKS03,SKS02,EQM_4,1,0.75,120,after_decay,boundary_retained,2,peak_depth_error,0.42857142857142855,0.14285714285714282,0.2857142857142857,2
SKS03,SKS02,EQM_4,1,0.75,120,after_decay,boundary_retained,2,peak_load_error,0.16822350903514938,0.16811442142932742,0.00010908760582194199,2
SKS03,SKS02,EQM_4,1,0.75,120,after_decay,boundary_retained,2,profile_nrmse,0.10060629319864436,0.24302084861706036,-0.14241455541841597,2
SKS03,SKS02,EQM_4,1,0.75,120,after_decay,boundary_retained,3,peak_depth_error,0.14285714285714282,0.07142857142857142,0.0714285714285714,2
SKS03,SKS02,EQM_4,1,0.75,120,after_decay,boundary_retained,3,peak_load_error,0.1281635888640072,0.01672598765425818,0.11143760120974902,2
SKS03,SKS02,EQM_4,1,0.75,120,after_decay,boundary_retained,3,profile_nrmse,0.08512589980585102,0.12413285677257285,-0.039006956966721844,2
SKS03,SKS02,EQM_4,1,0.75,120,after_decay,boundary_retained,4,peak_depth_error,0.14285714285714285,0.07142857142857142,0.07142857142857142,2
SKS03,SKS02,EQM_4,1,0.75,120,after_decay,boundary_retained,4,peak_load_error,0.026206813599771946,0.01672598765425818,0.009480825945513766,2
SKS03,SKS02,EQM_4,1,0.75,120,after_decay,boundary_retained,4,profile_nrmse,0.050525143854987284,0.12360111010542,-0.07307596625043272,2
SKS03,SKS02,EQM_4,1,0.75,120,after_decay,original,2,peak_depth_error,0.14285714285714282,0.14285714285714282,0.0,2
SKS03,SKS02,EQM_4,1,0.75,120,after_decay,original,2,peak_load_error,0.1281635888640072,0.16811442142932742,-0.03995083256532024,2
SKS03,SKS02,EQM_4,1,0.75,120,after_decay,original,2,profile_nrmse,0.12976662205783196,0.24302084861706036,-0.11325422655922837,2
SKS03,SKS02,EQM_4,1,0.75,120,after_decay,original,3,peak_depth_error,0.14285714285714285,0.07142857142857142,0.07142857142857142,2
SKS03,SKS02,EQM_4,1,0.75,120,after_decay,original,3,peak_load_error,0.026206813599771946,0.01672598765425818,0.009480825945513766,2
SKS03,SKS02,EQM_4,1,0.75,120,after_decay,original,3,profile_nrmse,0.08009921173711321,0.12413285677257285,-0.044033645035459645,2
SKS03,SKS02,EQM_4,1,0.75,120,after_decay,original,4,peak_depth_error,0.14285714285714285,0.07142857142857142,0.07142857142857142,2
SKS03,SKS02,EQM_4,1,0.75,120,after_decay,original,4,peak_load_error,0.026206813599771946,0.01672598765425818,0.009480825945513766,2
SKS03,SKS02,EQM_4,1,0.75,120,after_decay,original,4,profile_nrmse,0.050525143854987284,0.12360111010542,-0.07307596625043272,2
SKS03,SKS02,EQM_4,1,0.75,120,before_decay,boundary_retained,2,peak_depth_error,0.42857142857142855,0.14285714285714285,0.2857142857142857,2
SKS03,SKS02,EQM_4,1,0.75,120,before_decay,boundary_retained,2,peak_load_error,0.05998536943779298,0.09936261319514356,-0.03937724375735058,2
SKS03,SKS02,EQM_4,1,0.75,120,before_decay,boundary_retained,2,profile_nrmse,0.08584325156201655,0.2931234938409186,-0.20728024227890213,2
SKS03,SKS02,EQM_4,1,0.75,120,before_decay,boundary_retained,3,peak_depth_error,0.14285714285714282,0.21428571428571425,-0.07142857142857142,2
SKS03,SKS02,EQM_4,1,0.75,120,before_decay,boundary_retained,3,peak_load_error,0.012166026359445137,0.04064261839882573,-0.02847659203938059,2
SKS03,SKS02,EQM_4,1,0.75,120,before_decay,boundary_retained,3,profile_nrmse,0.058579385723720775,0.15202605582048898,-0.0934466700967682,2
SKS03,SKS02,EQM_4,1,0.75,120,before_decay,boundary_retained,4,peak_depth_error,0.2857142857142857,0.14285714285714285,0.14285714285714282,2
SKS03,SKS02,EQM_4,1,0.75,120,before_decay,boundary_retained,4,peak_load_error,0.044279417302598024,0.03597072072286395,0.008308696579734072,2
SKS03,SKS02,EQM_4,1,0.75,120,before_decay,boundary_retained,4,profile_nrmse,0.03287757832959792,0.15245977779489053,-0.11958219946529261,2
SKS03,SKS02,EQM_4,1,0.75,120,before_decay,original,2,peak_depth_error,0.14285714285714282,0.14285714285714285,-2.7755575615628914e-17,2
SKS03,SKS02,EQM_4,1,0.75,120,before_decay,original,2,peak_load_error,0.012166026359445137,0.09936261319514356,-0.08719658683569842,2
SKS03,SKS02,EQM_4,1,0.75,120,before_decay,original,2,profile_nrmse,0.13352991737141492,0.2931234938409186,-0.15959357646950373,2
SKS03,SKS02,EQM_4,1,0.75,120,before_decay,original,3,peak_depth_error,0.2857142857142857,0.21428571428571425,0.07142857142857142,2
SKS03,SKS02,EQM_4,1,0.75,120,before_decay,original,3,peak_load_error,0.044279417302598024,0.04064261839882573,0.0036367989037722967,2
SKS03,SKS02,EQM_4,1,0.75,120,before_decay,original,3,profile_nrmse,0.07031193925016299,0.15202605582048898,-0.08171411657032598,2
SKS03,SKS02,EQM_4,1,0.75,120,before_decay,original,4,peak_depth_error,0.2857142857142857,0.14285714285714285,0.14285714285714282,2
SKS03,SKS02,EQM_4,1,0.75,120,before_decay,original,4,peak_load_error,0.044279417302598024,0.03597072072286395,0.008308696579734072,2
SKS03,SKS02,EQM_4,1,0.75,120,before_decay,original,4,profile_nrmse,0.03287757832959792,0.15245977779489053,-0.11958219946529261,2
SKS03,SKS02,EQM_4,1,0.75,120,shaking,boundary_retained,2,peak_depth_error,0.42857142857142855,0.21428571428571425,0.2142857142857143,2
SKS03,SKS02,EQM_4,1,0.75,120,shaking,boundary_retained,2,peak_load_error,0.08195678442022014,0.17905293782869833,-0.09709615340847819,2
SKS03,SKS02,EQM_4,1,0.75,120,shaking,boundary_retained,2,profile_nrmse,0.09737365434234083,0.29140325274211415,-0.1940295983997733,2
SKS03,SKS02,EQM_4,1,0.75,120,shaking,boundary_retained,3,peak_depth_error,0.21428571428571425,0.07142857142857142,0.14285714285714282,2
SKS03,SKS02,EQM_4,1,0.75,120,shaking,boundary_retained,3,peak_load_error,0.02438658402425323,0.03649291834107893,-0.012106334316825697,2
SKS03,SKS02,EQM_4,1,0.75,120,shaking,boundary_retained,3,profile_nrmse,0.08649760670696223,0.14893408377630704,-0.06243647706934482,2
SKS03,SKS02,EQM_4,1,0.75,120,shaking,boundary_retained,4,peak_depth_error,0.14285714285714285,0.07142857142857142,0.07142857142857142,2
SKS03,SKS02,EQM_4,1,0.75,120,shaking,boundary_retained,4,peak_load_error,0.0448529970356167,0.03649291834107893,0.008360078694537774,2
SKS03,SKS02,EQM_4,1,0.75,120,shaking,boundary_retained,4,profile_nrmse,0.04154968216949256,0.14962909118588935,-0.10807940901639679,2
SKS03,SKS02,EQM_4,1,0.75,120,shaking,original,2,peak_depth_error,0.21428571428571425,0.21428571428571425,0.0,2
SKS03,SKS02,EQM_4,1,0.75,120,shaking,original,2,peak_load_error,0.02438658402425323,0.17905293782869833,-0.1546663538044451,2
SKS03,SKS02,EQM_4,1,0.75,120,shaking,original,2,profile_nrmse,0.14061579271667843,0.29140325274211415,-0.15078746002543572,2
SKS03,SKS02,EQM_4,1,0.75,120,shaking,original,3,peak_depth_error,0.14285714285714285,0.07142857142857142,0.07142857142857142,2
SKS03,SKS02,EQM_4,1,0.75,120,shaking,original,3,peak_load_error,0.0448529970356167,0.03649291834107893,0.008360078694537774,2
SKS03,SKS02,EQM_4,1,0.75,120,shaking,original,3,profile_nrmse,0.09224907005852892,0.14893408377630704,-0.05668501371777813,2
SKS03,SKS02,EQM_4,1,0.75,120,shaking,original,4,peak_depth_error,0.14285714285714285,0.07142857142857142,0.07142857142857142,2
SKS03,SKS02,EQM_4,1,0.75,120,shaking,original,4,peak_load_error,0.0448529970356167,0.03649291834107893,0.008360078694537774,2
SKS03,SKS02,EQM_4,1,0.75,120,shaking,original,4,profile_nrmse,0.04154968216949256,0.14962909118588935,-0.10807940901639679,2
SKS03,SKS02,EQM_4,1,0.75,240,after_decay,boundary_retained,2,peak_depth_error,0.42857142857142855,0.14285714285714282,0.2857142857142857,2
SKS03,SKS02,EQM_4,1,0.75,240,after_decay,boundary_retained,2,peak_load_error,0.16812927441484973,0.16812354924483858,5.7251700111699e-06,2
SKS03,SKS02,EQM_4,1,0.75,240,after_decay,boundary_retained,2,profile_nrmse,0.10069375322327723,0.2431311604806342,-0.14243740725735698,2
SKS03,SKS02,EQM_4,1,0.75,240,after_decay,boundary_retained,3,peak_depth_error,0.14285714285714282,0.07142857142857142,0.0714285714285714,2
SKS03,SKS02,EQM_4,1,0.75,240,after_decay,boundary_retained,3,peak_load_error,0.1281649073554139,0.016665614483592623,0.11149929287182127,2
SKS03,SKS02,EQM_4,1,0.75,240,after_decay,boundary_retained,3,profile_nrmse,0.08512232113611608,0.12408552527373332,-0.038963204137617245,2
SKS03,SKS02,EQM_4,1,0.75,240,after_decay,boundary_retained,4,peak_depth_error,0.14285714285714285,0.07142857142857142,0.07142857142857142,2
SKS03,SKS02,EQM_4,1,0.75,240,after_decay,boundary_retained,4,peak_load_error,0.02610532291065443,0.016665614483592623,0.009439708427061808,2
SKS03,SKS02,EQM_4,1,0.75,240,after_decay,boundary_retained,4,profile_nrmse,0.050520226684097974,0.12357068458593923,-0.07305045790184127,2
SKS03,SKS02,EQM_4,1,0.75,240,after_decay,original,2,peak_depth_error,0.14285714285714282,0.14285714285714282,0.0,2
SKS03,SKS02,EQM_4,1,0.75,240,after_decay,original,2,peak_load_error,0.1281649073554139,0.16812354924483858,-0.039958641889424676,2
SKS03,SKS02,EQM_4,1,0.75,240,after_decay,original,2,profile_nrmse,0.12971102359358327,0.2431311604806342,-0.11342013688705092,2
SKS03,SKS02,EQM_4,1,0.75,240,after_decay,original,3,peak_depth_error,0.14285714285714285,0.07142857142857142,0.07142857142857142,2
SKS03,SKS02,EQM_4,1,0.75,240,after_decay,original,3,peak_load_error,0.02610532291065443,0.016665614483592623,0.009439708427061808,2
SKS03,SKS02,EQM_4,1,0.75,240,after_decay,original,3,profile_nrmse,0.08008493935408699,0.12408552527373332,-0.04400058591964633,2
SKS03,SKS02,EQM_4,1,0.75,240,after_decay,original,4,peak_depth_error,0.14285714285714285,0.07142857142857142,0.07142857142857142,2
SKS03,SKS02,EQM_4,1,0.75,240,after_decay,original,4,peak_load_error,0.02610532291065443,0.016665614483592623,0.009439708427061808,2
SKS03,SKS02,EQM_4,1,0.75,240,after_decay,original,4,profile_nrmse,0.050520226684097974,0.12357068458593923,-0.07305045790184127,2
SKS03,SKS02,EQM_4,1,0.75,240,before_decay,boundary_retained,2,peak_depth_error,0.42857142857142855,0.14285714285714285,0.2857142857142857,2
SKS03,SKS02,EQM_4,1,0.75,240,before_decay,boundary_retained,2,peak_load_error,0.059997560709930606,0.09922544367079128,-0.039227882960860674,2
SKS03,SKS02,EQM_4,1,0.75,240,before_decay,boundary_retained,2,profile_nrmse,0.08575308517243256,0.2932031745720462,-0.20745008939961362,2
SKS03,SKS02,EQM_4,1,0.75,240,before_decay,boundary_retained,3,peak_depth_error,0.14285714285714282,0.21428571428571425,-0.07142857142857142,2
SKS03,SKS02,EQM_4,1,0.75,240,before_decay,boundary_retained,3,peak_load_error,0.01204193895699222,0.04078092156869498,-0.028738982611702758,2
SKS03,SKS02,EQM_4,1,0.75,240,before_decay,boundary_retained,3,profile_nrmse,0.05852908051362496,0.152056815747024,-0.09352773523339904,2
SKS03,SKS02,EQM_4,1,0.75,240,before_decay,boundary_retained,4,peak_depth_error,0.2857142857142857,0.14285714285714285,0.14285714285714282,2
SKS03,SKS02,EQM_4,1,0.75,240,before_decay,boundary_retained,4,peak_load_error,0.04442364305039153,0.03616739048085294,0.008256252569538585,2
SKS03,SKS02,EQM_4,1,0.75,240,before_decay,boundary_retained,4,profile_nrmse,0.03291557148066676,0.1524984541919771,-0.11958288271131035,2
SKS03,SKS02,EQM_4,1,0.75,240,before_decay,original,2,peak_depth_error,0.14285714285714282,0.14285714285714285,-2.7755575615628914e-17,2
SKS03,SKS02,EQM_4,1,0.75,240,before_decay,original,2,peak_load_error,0.01204193895699222,0.09922544367079128,-0.08718350471379906,2
SKS03,SKS02,EQM_4,1,0.75,240,before_decay,original,2,profile_nrmse,0.1334081122200839,0.2932031745720462,-0.15979506235196228,2
SKS03,SKS02,EQM_4,1,0.75,240,before_decay,original,3,peak_depth_error,0.2857142857142857,0.21428571428571425,0.07142857142857142,2
SKS03,SKS02,EQM_4,1,0.75,240,before_decay,original,3,peak_load_error,0.04442364305039153,0.04078092156869498,0.0036427214816965522,2
SKS03,SKS02,EQM_4,1,0.75,240,before_decay,original,3,profile_nrmse,0.07026788643595472,0.152056815747024,-0.08178892931106929,2
SKS03,SKS02,EQM_4,1,0.75,240,before_decay,original,4,peak_depth_error,0.2857142857142857,0.14285714285714285,0.14285714285714282,2
SKS03,SKS02,EQM_4,1,0.75,240,before_decay,original,4,peak_load_error,0.04442364305039153,0.03616739048085294,0.008256252569538585,2
SKS03,SKS02,EQM_4,1,0.75,240,before_decay,original,4,profile_nrmse,0.03291557148066676,0.1524984541919771,-0.11958288271131035,2
SKS03,SKS02,EQM_4,1,0.75,240,shaking,boundary_retained,2,peak_depth_error,0.42857142857142855,0.21428571428571425,0.2142857142857143,2
SKS03,SKS02,EQM_4,1,0.75,240,shaking,boundary_retained,2,peak_load_error,0.08067347281073586,0.17917111018582188,-0.09849763737508603,2
SKS03,SKS02,EQM_4,1,0.75,240,shaking,boundary_retained,2,profile_nrmse,0.09776872817118602,0.29141284706707926,-0.19364411889589322,2
SKS03,SKS02,EQM_4,1,0.75,240,shaking,boundary_retained,3,peak_depth_error,0.21428571428571425,0.07142857142857142,0.14285714285714282,2
SKS03,SKS02,EQM_4,1,0.75,240,shaking,boundary_retained,3,peak_load_error,0.02555213273412813,0.036524315650448134,-0.010972182916320003,2
SKS03,SKS02,EQM_4,1,0.75,240,shaking,boundary_retained,3,profile_nrmse,0.08658078570548003,0.14899786924815633,-0.0624170835426763,2
SKS03,SKS02,EQM_4,1,0.75,240,shaking,boundary_retained,4,peak_depth_error,0.14285714285714285,0.07142857142857142,0.07142857142857142,2
SKS03,SKS02,EQM_4,1,0.75,240,shaking,boundary_retained,4,peak_load_error,0.044779535851014525,0.036524315650448134,0.00825522020056639,2
SKS03,SKS02,EQM_4,1,0.75,240,shaking,boundary_retained,4,profile_nrmse,0.04154933338834359,0.14968649737680248,-0.10813716398845888,2
SKS03,SKS02,EQM_4,1,0.75,240,shaking,original,2,peak_depth_error,0.21428571428571425,0.21428571428571425,0.0,2
SKS03,SKS02,EQM_4,1,0.75,240,shaking,original,2,peak_load_error,0.02555213273412813,0.17917111018582188,-0.15361897745169376,2
SKS03,SKS02,EQM_4,1,0.75,240,shaking,original,2,profile_nrmse,0.1404565846242058,0.29141284706707926,-0.15095626244287347,2
SKS03,SKS02,EQM_4,1,0.75,240,shaking,original,3,peak_depth_error,0.14285714285714285,0.07142857142857142,0.07142857142857142,2
SKS03,SKS02,EQM_4,1,0.75,240,shaking,original,3,peak_load_error,0.044779535851014525,0.036524315650448134,0.00825522020056639,2
SKS03,SKS02,EQM_4,1,0.75,240,shaking,original,3,profile_nrmse,0.0924416901943532,0.14899786924815633,-0.05655617905380314,2
SKS03,SKS02,EQM_4,1,0.75,240,shaking,original,4,peak_depth_error,0.14285714285714285,0.07142857142857142,0.07142857142857142,2
SKS03,SKS02,EQM_4,1,0.75,240,shaking,original,4,peak_load_error,0.044779535851014525,0.036524315650448134,0.00825522020056639,2
SKS03,SKS02,EQM_4,1,0.75,240,shaking,original,4,profile_nrmse,0.04154933338834359,0.14968649737680248,-0.10813716398845888,2
SKS03,SKS02,EQM_5,0,0.25,120,after_decay,boundary_retained,2,peak_depth_error,0.5714285714285714,0.14285714285714285,0.4285714285714285,2
SKS03,SKS02,EQM_5,0,0.25,120,after_decay,boundary_retained,2,peak_load_error,0.20870554237053912,0.03824709477244515,0.17045844759809395,2
SKS03,SKS02,EQM_5,0,0.25,120,after_decay,boundary_retained,2,profile_nrmse,0.13548746494731795,0.22630369285648458,-0.09081622790916663,2
SKS03,SKS02,EQM_5,0,0.25,120,after_decay,boundary_retained,3,peak_depth_error,0.2857142857142857,0.2142857142857143,0.0714285714285714,2
SKS03,SKS02,EQM_5,0,0.25,120,after_decay,boundary_retained,3,peak_load_error,0.09562965057909292,0.10951845729181514,-0.013888806712722218,2
SKS03,SKS02,EQM_5,0,0.25,120,after_decay,boundary_retained,3,profile_nrmse,0.07613555187852736,0.1526512555279067,-0.07651570364937936,2
SKS03,SKS02,EQM_5,0,0.25,120,after_decay,boundary_retained,4,peak_depth_error,0.21428571428571427,0.07142857142857145,0.14285714285714282,2
SKS03,SKS02,EQM_5,0,0.25,120,after_decay,boundary_retained,4,peak_load_error,0.12004034738963228,0.0010028426011132116,0.11903750478851907,2
SKS03,SKS02,EQM_5,0,0.25,120,after_decay,boundary_retained,4,profile_nrmse,0.07770080298011689,0.13167116721075436,-0.05397036423063748,2
SKS03,SKS02,EQM_5,0,0.25,120,after_decay,original,2,peak_depth_error,0.2857142857142857,0.14285714285714285,0.14285714285714285,2
SKS03,SKS02,EQM_5,0,0.25,120,after_decay,original,2,peak_load_error,0.09562965057909292,0.03824709477244515,0.057382555806647764,2
SKS03,SKS02,EQM_5,0,0.25,120,after_decay,original,2,profile_nrmse,0.14568913370138092,0.22630369285648458,-0.08061455915510364,2
SKS03,SKS02,EQM_5,0,0.25,120,after_decay,original,3,peak_depth_error,0.21428571428571427,0.2142857142857143,-2.7755575615628914e-17,2
SKS03,SKS02,EQM_5,0,0.25,120,after_decay,original,3,peak_load_error,0.12004034738963228,0.10951845729181514,0.010521890097817128,2
SKS03,SKS02,EQM_5,0,0.25,120,after_decay,original,3,profile_nrmse,0.10153738231335074,0.1526512555279067,-0.05111387321455597,2
SKS03,SKS02,EQM_5,0,0.25,120,after_decay,original,4,peak_depth_error,0.21428571428571427,0.07142857142857145,0.14285714285714282,2
SKS03,SKS02,EQM_5,0,0.25,120,after_decay,original,4,peak_load_error,0.12004034738963228,0.0010028426011132116,0.11903750478851907,2
SKS03,SKS02,EQM_5,0,0.25,120,after_decay,original,4,profile_nrmse,0.07770080298011689,0.13167116721075436,-0.05397036423063748,2
SKS03,SKS02,EQM_5,0,0.25,120,before_decay,boundary_retained,2,peak_depth_error,0.5,0.14285714285714282,0.35714285714285715,2
SKS03,SKS02,EQM_5,0,0.25,120,before_decay,boundary_retained,2,peak_load_error,0.20182884342313323,0.056374531670315156,0.14545431175281806,2
SKS03,SKS02,EQM_5,0,0.25,120,before_decay,boundary_retained,2,profile_nrmse,0.14754478890293815,0.25208964228752667,-0.10454485338458851,2
SKS03,SKS02,EQM_5,0,0.25,120,before_decay,boundary_retained,3,peak_depth_error,0.21428571428571425,0.14285714285714285,0.0714285714285714,2
SKS03,SKS02,EQM_5,0,0.25,120,before_decay,boundary_retained,3,peak_load_error,0.07382226223607846,0.11789150176826632,-0.04406923953218786,2
SKS03,SKS02,EQM_5,0,0.25,120,before_decay,boundary_retained,3,profile_nrmse,0.08006570274231488,0.17134859109043243,-0.09128288834811757,2
SKS03,SKS02,EQM_5,0,0.25,120,before_decay,boundary_retained,4,peak_depth_error,0.21428571428571427,0.07142857142857142,0.14285714285714285,2
SKS03,SKS02,EQM_5,0,0.25,120,before_decay,boundary_retained,4,peak_load_error,0.13059748740347651,0.02886326777437367,0.10173421962910284,2
SKS03,SKS02,EQM_5,0,0.25,120,before_decay,boundary_retained,4,profile_nrmse,0.0890735633092847,0.14160041012847333,-0.05252684681918863,2
SKS03,SKS02,EQM_5,0,0.25,120,before_decay,original,2,peak_depth_error,0.21428571428571425,0.14285714285714282,0.07142857142857142,2
SKS03,SKS02,EQM_5,0,0.25,120,before_decay,original,2,peak_load_error,0.07382226223607846,0.056374531670315156,0.01744773056576331,2
SKS03,SKS02,EQM_5,0,0.25,120,before_decay,original,2,profile_nrmse,0.18116858601353594,0.25208964228752667,-0.07092105627399073,2
SKS03,SKS02,EQM_5,0,0.25,120,before_decay,original,3,peak_depth_error,0.21428571428571427,0.14285714285714285,0.07142857142857142,2
SKS03,SKS02,EQM_5,0,0.25,120,before_decay,original,3,peak_load_error,0.13059748740347651,0.11789150176826632,0.012705985635210193,2
SKS03,SKS02,EQM_5,0,0.25,120,before_decay,original,3,profile_nrmse,0.11491450022239724,0.17134859109043243,-0.05643409086803521,2
SKS03,SKS02,EQM_5,0,0.25,120,before_decay,original,4,peak_depth_error,0.21428571428571427,0.07142857142857142,0.14285714285714285,2
SKS03,SKS02,EQM_5,0,0.25,120,before_decay,original,4,peak_load_error,0.13059748740347651,0.02886326777437367,0.10173421962910284,2
SKS03,SKS02,EQM_5,0,0.25,120,before_decay,original,4,profile_nrmse,0.0890735633092847,0.14160041012847333,-0.05252684681918863,2
SKS03,SKS02,EQM_5,0,0.25,120,shaking,boundary_retained,2,peak_depth_error,0.3571428571428571,0.3571428571428571,0.0,2
SKS03,SKS02,EQM_5,0,0.25,120,shaking,boundary_retained,2,peak_load_error,0.12461998779916593,0.15556638396522407,-0.030946396166058134,2
SKS03,SKS02,EQM_5,0,0.25,120,shaking,boundary_retained,2,profile_nrmse,0.11156963230677966,0.3141902467418286,-0.20262061443504895,2
SKS03,SKS02,EQM_5,0,0.25,120,shaking,boundary_retained,3,peak_depth_error,0.07142857142857142,0.14285714285714285,-0.07142857142857142,2
SKS03,SKS02,EQM_5,0,0.25,120,shaking,boundary_retained,3,peak_load_error,0.011675376193567443,0.12001305715258219,-0.10833768095901475,2
SKS03,SKS02,EQM_5,0,0.25,120,shaking,boundary_retained,3,profile_nrmse,0.06671912119337758,0.1809314245317531,-0.11421230333837552,2
SKS03,SKS02,EQM_5,0,0.25,120,shaking,boundary_retained,4,peak_depth_error,0.2857142857142857,0.2857142857142857,0.0,2
SKS03,SKS02,EQM_5,0,0.25,120,shaking,boundary_retained,4,peak_load_error,0.11147906759422856,0.07806836754984886,0.0334107000443797,2
SKS03,SKS02,EQM_5,0,0.25,120,shaking,boundary_retained,4,profile_nrmse,0.08553295621947142,0.16195761474749018,-0.07642465852801876,2
SKS03,SKS02,EQM_5,0,0.25,120,shaking,original,2,peak_depth_error,0.07142857142857142,0.3571428571428571,-0.2857142857142857,2
SKS03,SKS02,EQM_5,0,0.25,120,shaking,original,2,peak_load_error,0.011675376193567443,0.15556638396522407,-0.14389100777165661,2
SKS03,SKS02,EQM_5,0,0.25,120,shaking,original,2,profile_nrmse,0.20675818267920693,0.3141902467418286,-0.10743206406262168,2
SKS03,SKS02,EQM_5,0,0.25,120,shaking,original,3,peak_depth_error,0.2857142857142857,0.14285714285714285,0.14285714285714285,2
SKS03,SKS02,EQM_5,0,0.25,120,shaking,original,3,peak_load_error,0.11147906759422856,0.12001305715258219,-0.008533989558353631,2
SKS03,SKS02,EQM_5,0,0.25,120,shaking,original,3,profile_nrmse,0.09867151661634027,0.1809314245317531,-0.08225990791541282,2
SKS03,SKS02,EQM_5,0,0.25,120,shaking,original,4,peak_depth_error,0.2857142857142857,0.2857142857142857,0.0,2
SKS03,SKS02,EQM_5,0,0.25,120,shaking,original,4,peak_load_error,0.11147906759422856,0.07806836754984886,0.0334107000443797,2
SKS03,SKS02,EQM_5,0,0.25,120,shaking,original,4,profile_nrmse,0.08553295621947142,0.16195761474749018,-0.07642465852801876,2
SKS03,SKS02,EQM_5,0,0.25,240,after_decay,boundary_retained,2,peak_depth_error,0.5714285714285714,0.14285714285714285,0.4285714285714285,2
SKS03,SKS02,EQM_5,0,0.25,240,after_decay,boundary_retained,2,peak_load_error,0.20876573560517953,0.03824691356355629,0.17051882204162322,2
SKS03,SKS02,EQM_5,0,0.25,240,after_decay,boundary_retained,2,profile_nrmse,0.13548384784425824,0.22624859875433775,-0.09076475091007952,2
SKS03,SKS02,EQM_5,0,0.25,240,after_decay,boundary_retained,3,peak_depth_error,0.2857142857142857,0.2142857142857143,0.0714285714285714,2
SKS03,SKS02,EQM_5,0,0.25,240,after_decay,boundary_retained,3,peak_load_error,0.09564194704935598,0.10950786736365933,-0.013865920314303351,2
SKS03,SKS02,EQM_5,0,0.25,240,after_decay,boundary_retained,3,profile_nrmse,0.07613051882816543,0.15265302752850018,-0.07652250870033477,2
SKS03,SKS02,EQM_5,0,0.25,240,after_decay,boundary_retained,4,peak_depth_error,0.21428571428571427,0.07142857142857145,0.14285714285714282,2
SKS03,SKS02,EQM_5,0,0.25,240,after_decay,boundary_retained,4,peak_load_error,0.12006549268641262,0.0009960335667855893,0.11906945911962703,2
SKS03,SKS02,EQM_5,0,0.25,240,after_decay,boundary_retained,4,profile_nrmse,0.07769240415057034,0.13165821653654539,-0.05396581238597506,2
SKS03,SKS02,EQM_5,0,0.25,240,after_decay,original,2,peak_depth_error,0.2857142857142857,0.14285714285714285,0.14285714285714285,2
SKS03,SKS02,EQM_5,0,0.25,240,after_decay,original,2,peak_load_error,0.09564194704935598,0.03824691356355629,0.05739503348579969,2
SKS03,SKS02,EQM_5,0,0.25,240,after_decay,original,2,profile_nrmse,0.1456803016401311,0.22624859875433775,-0.08056829711420666,2
SKS03,SKS02,EQM_5,0,0.25,240,after_decay,original,3,peak_depth_error,0.21428571428571427,0.2142857142857143,-2.7755575615628914e-17,2
SKS03,SKS02,EQM_5,0,0.25,240,after_decay,original,3,peak_load_error,0.12006549268641262,0.10950786736365933,0.010557625322753278,2
SKS03,SKS02,EQM_5,0,0.25,240,after_decay,original,3,profile_nrmse,0.10152696022327348,0.15265302752850018,-0.051126067305226716,2
SKS03,SKS02,EQM_5,0,0.25,240,after_decay,original,4,peak_depth_error,0.21428571428571427,0.07142857142857145,0.14285714285714282,2
SKS03,SKS02,EQM_5,0,0.25,240,after_decay,original,4,peak_load_error,0.12006549268641262,0.0009960335667855893,0.11906945911962703,2
SKS03,SKS02,EQM_5,0,0.25,240,after_decay,original,4,profile_nrmse,0.07769240415057034,0.13165821653654539,-0.05396581238597506,2
SKS03,SKS02,EQM_5,0,0.25,240,before_decay,boundary_retained,2,peak_depth_error,0.5,0.14285714285714282,0.35714285714285715,2
SKS03,SKS02,EQM_5,0,0.25,240,before_decay,boundary_retained,2,peak_load_error,0.20184904694274802,0.057596011562828286,0.14425303537991974,2
SKS03,SKS02,EQM_5,0,0.25,240,before_decay,boundary_retained,2,profile_nrmse,0.147624807005921,0.25309254974329226,-0.10546774273737125,2
SKS03,SKS02,EQM_5,0,0.25,240,before_decay,boundary_retained,3,peak_depth_error,0.21428571428571425,0.14285714285714285,0.0714285714285714,2
SKS03,SKS02,EQM_5,0,0.25,240,before_decay,boundary_retained,3,peak_load_error,0.07394904838739413,0.11801803358678198,-0.044068985199387845,2
SKS03,SKS02,EQM_5,0,0.25,240,before_decay,boundary_retained,3,profile_nrmse,0.08022114939155285,0.17150143495482573,-0.09128028556327289,2
SKS03,SKS02,EQM_5,0,0.25,240,before_decay,boundary_retained,4,peak_depth_error,0.21428571428571427,0.07142857142857142,0.14285714285714285,2
SKS03,SKS02,EQM_5,0,0.25,240,before_decay,boundary_retained,4,peak_load_error,0.13062115295243573,0.03003807894578081,0.10058307400665492,2
SKS03,SKS02,EQM_5,0,0.25,240,before_decay,boundary_retained,4,profile_nrmse,0.08909412869574646,0.14206878125556577,-0.052974652559819306,2
SKS03,SKS02,EQM_5,0,0.25,240,before_decay,original,2,peak_depth_error,0.21428571428571425,0.14285714285714282,0.07142857142857142,2
SKS03,SKS02,EQM_5,0,0.25,240,before_decay,original,2,peak_load_error,0.07394904838739413,0.057596011562828286,0.016353036824565854,2
SKS03,SKS02,EQM_5,0,0.25,240,before_decay,original,2,profile_nrmse,0.18166376567867026,0.25309254974329226,-0.07142878406462198,2
SKS03,SKS02,EQM_5,0,0.25,240,before_decay,original,3,peak_depth_error,0.21428571428571427,0.14285714285714285,0.07142857142857142,2
SKS03,SKS02,EQM_5,0,0.25,240,before_decay,original,3,peak_load_error,0.13062115295243573,0.11801803358678198,0.012603119365653753,2
SKS03,SKS02,EQM_5,0,0.25,240,before_decay,original,3,profile_nrmse,0.11494843898836277,0.17150143495482573,-0.05655299596646297,2
SKS03,SKS02,EQM_5,0,0.25,240,before_decay,original,4,peak_depth_error,0.21428571428571427,0.07142857142857142,0.14285714285714285,2
SKS03,SKS02,EQM_5,0,0.25,240,before_decay,original,4,peak_load_error,0.13062115295243573,0.03003807894578081,0.10058307400665492,2
SKS03,SKS02,EQM_5,0,0.25,240,before_decay,original,4,profile_nrmse,0.08909412869574646,0.14206878125556577,-0.052974652559819306,2
SKS03,SKS02,EQM_5,0,0.25,240,shaking,boundary_retained,2,peak_depth_error,0.3571428571428571,0.3571428571428571,0.0,2
SKS03,SKS02,EQM_5,0,0.25,240,shaking,boundary_retained,2,peak_load_error,0.1264358415404067,0.16197840892729765,-0.03554256738689093,2
SKS03,SKS02,EQM_5,0,0.25,240,shaking,boundary_retained,2,profile_nrmse,0.11143673188905326,0.31566587923764755,-0.20422914734859432,2
SKS03,SKS02,EQM_5,0,0.25,240,shaking,boundary_retained,3,peak_depth_error,0.07142857142857142,0.14285714285714285,-0.07142857142857142,2
SKS03,SKS02,EQM_5,0,0.25,240,shaking,boundary_retained,3,peak_load_error,0.014089840876661016,0.12021813428675689,-0.10612829341009587,2
SKS03,SKS02,EQM_5,0,0.25,240,shaking,boundary_retained,3,profile_nrmse,0.06731345167958722,0.18102362273970862,-0.1137101710601214,2
SKS03,SKS02,EQM_5,0,0.25,240,shaking,boundary_retained,4,peak_depth_error,0.2857142857142857,0.1571428571428563,0.1285714285714294,2
SKS03,SKS02,EQM_5,0,0.25,240,shaking,boundary_retained,4,peak_load_error,0.11372876750068048,0.07794913650068472,0.03577963099999576,2
SKS03,SKS02,EQM_5,0,0.25,240,shaking,boundary_retained,4,profile_nrmse,0.08816663154914314,0.16162623187884304,-0.07345960032969989,2
SKS03,SKS02,EQM_5,0,0.25,240,shaking,original,2,peak_depth_error,0.07142857142857142,0.3571428571428571,-0.2857142857142857,2
SKS03,SKS02,EQM_5,0,0.25,240,shaking,original,2,peak_load_error,0.014089840876661016,0.16197840892729765,-0.14788856805063663,2
SKS03,SKS02,EQM_5,0,0.25,240,shaking,original,2,profile_nrmse,0.20706711076564582,0.31566587923764755,-0.10859876847200173,2
SKS03,SKS02,EQM_5,0,0.25,240,shaking,original,3,peak_depth_error,0.2857142857142857,0.14285714285714285,0.14285714285714285,2
SKS03,SKS02,EQM_5,0,0.25,240,shaking,original,3,peak_load_error,0.11372876750068048,0.12021813428675689,-0.0064893667860764104,2
SKS03,SKS02,EQM_5,0,0.25,240,shaking,original,3,profile_nrmse,0.0990158919098795,0.18102362273970862,-0.08200773082982912,2
SKS03,SKS02,EQM_5,0,0.25,240,shaking,original,4,peak_depth_error,0.2857142857142857,0.1571428571428563,0.1285714285714294,2
SKS03,SKS02,EQM_5,0,0.25,240,shaking,original,4,peak_load_error,0.11372876750068048,0.07794913650068472,0.03577963099999576,2
SKS03,SKS02,EQM_5,0,0.25,240,shaking,original,4,profile_nrmse,0.08816663154914314,0.16162623187884304,-0.07345960032969989,2
SKS03,SKS02,EQM_5,0,0.5,120,after_decay,boundary_retained,2,peak_depth_error,0.5714285714285714,0.14285714285714285,0.4285714285714285,2
SKS03,SKS02,EQM_5,0,0.5,120,after_decay,boundary_retained,2,peak_load_error,0.218558748437781,0.03812915212799572,0.1804295963097853,2
SKS03,SKS02,EQM_5,0,0.5,120,after_decay,boundary_retained,2,profile_nrmse,0.14549854985761482,0.23427646817587267,-0.08877791831825785,2
SKS03,SKS02,EQM_5,0,0.5,120,after_decay,boundary_retained,3,peak_depth_error,0.2857142857142857,0.2142857142857143,0.0714285714285714,2
SKS03,SKS02,EQM_5,0,0.5,120,after_decay,boundary_retained,3,peak_load_error,0.09553870230372674,0.11575355519306908,-0.02021485288934234,2
SKS03,SKS02,EQM_5,0,0.5,120,after_decay,boundary_retained,3,profile_nrmse,0.07896239984853029,0.16078172465579957,-0.08181932480726928,2
SKS03,SKS02,EQM_5,0,0.5,120,after_decay,boundary_retained,4,peak_depth_error,0.21428571428571427,0.07142857142857145,0.14285714285714282,2
SKS03,SKS02,EQM_5,0,0.5,120,after_decay,boundary_retained,4,peak_load_error,0.12993943165193644,0.0007160991476020307,0.1292233325043344,2
SKS03,SKS02,EQM_5,0,0.5,120,after_decay,boundary_retained,4,profile_nrmse,0.08980688655095174,0.13487226214986012,-0.04506537559890837,2
SKS03,SKS02,EQM_5,0,0.5,120,after_decay,original,2,peak_depth_error,0.2857142857142857,0.14285714285714285,0.14285714285714285,2
SKS03,SKS02,EQM_5,0,0.5,120,after_decay,original,2,peak_load_error,0.09553870230372674,0.03812915212799572,0.057409550175731024,2
SKS03,SKS02,EQM_5,0,0.5,120,after_decay,original,2,profile_nrmse,0.16790125807035783,0.23427646817587267,-0.06637521010551484,2
SKS03,SKS02,EQM_5,0,0.5,120,after_decay,original,3,peak_depth_error,0.21428571428571427,0.2142857142857143,-2.7755575615628914e-17,2
SKS03,SKS02,EQM_5,0,0.5,120,after_decay,original,3,peak_load_error,0.12993943165193644,0.11575355519306908,0.014185876458867356,2
SKS03,SKS02,EQM_5,0,0.5,120,after_decay,original,3,profile_nrmse,0.11283526403549338,0.16078172465579957,-0.04794646062030619,2
SKS03,SKS02,EQM_5,0,0.5,120,after_decay,original,4,peak_depth_error,0.21428571428571427,0.07142857142857145,0.14285714285714282,2
SKS03,SKS02,EQM_5,0,0.5,120,after_decay,original,4,peak_load_error,0.12993943165193644,0.0007160991476020307,0.1292233325043344,2
SKS03,SKS02,EQM_5,0,0.5,120,after_decay,original,4,profile_nrmse,0.08980688655095174,0.13487226214986012,-0.04506537559890837,2
SKS03,SKS02,EQM_5,0,0.5,120,before_decay,boundary_retained,2,peak_depth_error,0.42857142857142855,0.2857142857142857,0.14285714285714285,2
SKS03,SKS02,EQM_5,0,0.5,120,before_decay,boundary_retained,2,peak_load_error,0.1469137763401958,0.08697433583036274,0.05993944050983309,2
SKS03,SKS02,EQM_5,0,0.5,120,before_decay,boundary_retained,2,profile_nrmse,0.13410909438074886,0.2791098272947551,-0.1450007329140062,2
SKS03,SKS02,EQM_5,0,0.5,120,before_decay,boundary_retained,3,peak_depth_error,0.14285714285714282,0.21428571428571427,-0.07142857142857145,2
SKS03,SKS02,EQM_5,0,0.5,120,before_decay,boundary_retained,3,peak_load_error,0.010729946516659403,0.12678653123949132,-0.11605658472283192,2
SKS03,SKS02,EQM_5,0,0.5,120,before_decay,boundary_retained,3,profile_nrmse,0.07365789567883235,0.1793106843594931,-0.10565278868066076,2
SKS03,SKS02,EQM_5,0,0.5,120,before_decay,boundary_retained,4,peak_depth_error,0.3571428571428571,0.14285714285714285,0.21428571428571427,2
SKS03,SKS02,EQM_5,0,0.5,120,before_decay,boundary_retained,4,peak_load_error,0.1325002937323438,0.05313068971880182,0.07936960401354198,2
SKS03,SKS02,EQM_5,0,0.5,120,before_decay,boundary_retained,4,profile_nrmse,0.08557818081187905,0.15432557323616442,-0.06874739242428536,2
SKS03,SKS02,EQM_5,0,0.5,120,before_decay,original,2,peak_depth_error,0.14285714285714282,0.2857142857142857,-0.14285714285714288,2
SKS03,SKS02,EQM_5,0,0.5,120,before_decay,original,2,peak_load_error,0.010729946516659403,0.08697433583036274,-0.07624438931370334,2
SKS03,SKS02,EQM_5,0,0.5,120,before_decay,original,2,profile_nrmse,0.2064627073962682,0.2791098272947551,-0.07264711989848686,2
SKS03,SKS02,EQM_5,0,0.5,120,before_decay,original,3,peak_depth_error,0.3571428571428571,0.21428571428571427,0.14285714285714285,2
SKS03,SKS02,EQM_5,0,0.5,120,before_decay,original,3,peak_load_error,0.1325002937323438,0.12678653123949132,0.005713762492852468,2
SKS03,SKS02,EQM_5,0,0.5,120,before_decay,original,3,profile_nrmse,0.10965191224226536,0.1793106843594931,-0.06965877211722774,2
SKS03,SKS02,EQM_5,0,0.5,120,before_decay,original,4,peak_depth_error,0.3571428571428571,0.14285714285714285,0.21428571428571427,2
SKS03,SKS02,EQM_5,0,0.5,120,before_decay,original,4,peak_load_error,0.1325002937323438,0.05313068971880182,0.07936960401354198,2
SKS03,SKS02,EQM_5,0,0.5,120,before_decay,original,4,profile_nrmse,0.08557818081187905,0.15432557323616442,-0.06874739242428536,2
SKS03,SKS02,EQM_5,0,0.5,120,shaking,boundary_retained,2,peak_depth_error,0.3571428571428571,0.3571428571428571,0.0,2
SKS03,SKS02,EQM_5,0,0.5,120,shaking,boundary_retained,2,peak_load_error,0.12461998779916593,0.15556638396522407,-0.030946396166058134,2
SKS03,SKS02,EQM_5,0,0.5,120,shaking,boundary_retained,2,profile_nrmse,0.11156963230677966,0.3141902467418286,-0.20262061443504895,2
SKS03,SKS02,EQM_5,0,0.5,120,shaking,boundary_retained,3,peak_depth_error,0.07142857142857142,0.14285714285714285,-0.07142857142857142,2
SKS03,SKS02,EQM_5,0,0.5,120,shaking,boundary_retained,3,peak_load_error,0.011675376193567443,0.12001305715258219,-0.10833768095901475,2
SKS03,SKS02,EQM_5,0,0.5,120,shaking,boundary_retained,3,profile_nrmse,0.06671912119337758,0.1809314245317531,-0.11421230333837552,2
SKS03,SKS02,EQM_5,0,0.5,120,shaking,boundary_retained,4,peak_depth_error,0.2857142857142857,0.2857142857142857,0.0,2
SKS03,SKS02,EQM_5,0,0.5,120,shaking,boundary_retained,4,peak_load_error,0.11147906759422856,0.07806836754984886,0.0334107000443797,2
SKS03,SKS02,EQM_5,0,0.5,120,shaking,boundary_retained,4,profile_nrmse,0.08553295621947142,0.16195761474749018,-0.07642465852801876,2
SKS03,SKS02,EQM_5,0,0.5,120,shaking,original,2,peak_depth_error,0.07142857142857142,0.3571428571428571,-0.2857142857142857,2
SKS03,SKS02,EQM_5,0,0.5,120,shaking,original,2,peak_load_error,0.011675376193567443,0.15556638396522407,-0.14389100777165661,2
SKS03,SKS02,EQM_5,0,0.5,120,shaking,original,2,profile_nrmse,0.20675818267920693,0.3141902467418286,-0.10743206406262168,2
SKS03,SKS02,EQM_5,0,0.5,120,shaking,original,3,peak_depth_error,0.2857142857142857,0.14285714285714285,0.14285714285714285,2
SKS03,SKS02,EQM_5,0,0.5,120,shaking,original,3,peak_load_error,0.11147906759422856,0.12001305715258219,-0.008533989558353631,2
SKS03,SKS02,EQM_5,0,0.5,120,shaking,original,3,profile_nrmse,0.09867151661634027,0.1809314245317531,-0.08225990791541282,2
SKS03,SKS02,EQM_5,0,0.5,120,shaking,original,4,peak_depth_error,0.2857142857142857,0.2857142857142857,0.0,2
SKS03,SKS02,EQM_5,0,0.5,120,shaking,original,4,peak_load_error,0.11147906759422856,0.07806836754984886,0.0334107000443797,2
SKS03,SKS02,EQM_5,0,0.5,120,shaking,original,4,profile_nrmse,0.08553295621947142,0.16195761474749018,-0.07642465852801876,2
SKS03,SKS02,EQM_5,0,0.5,240,after_decay,boundary_retained,2,peak_depth_error,0.5714285714285714,0.14285714285714285,0.4285714285714285,2
SKS03,SKS02,EQM_5,0,0.5,240,after_decay,boundary_retained,2,peak_load_error,0.21859832848456784,0.0381717645540359,0.1804265639305319,2
SKS03,SKS02,EQM_5,0,0.5,240,after_decay,boundary_retained,2,profile_nrmse,0.14577231837423688,0.23421954632796896,-0.0884472279537321,2
SKS03,SKS02,EQM_5,0,0.5,240,after_decay,boundary_retained,3,peak_depth_error,0.2857142857142857,0.2142857142857143,0.0714285714285714,2
SKS03,SKS02,EQM_5,0,0.5,240,after_decay,boundary_retained,3,peak_load_error,0.09557068570008731,0.11582650303064791,-0.020255817330560602,2
SKS03,SKS02,EQM_5,0,0.5,240,after_decay,boundary_retained,3,profile_nrmse,0.07898297187795741,0.16071427035596417,-0.08173129847800675,2
SKS03,SKS02,EQM_5,0,0.5,240,after_decay,boundary_retained,4,peak_depth_error,0.21428571428571427,0.07142857142857145,0.14285714285714282,2
SKS03,SKS02,EQM_5,0,0.5,240,after_decay,boundary_retained,4,peak_load_error,0.12996341495107294,0.0007808597388127872,0.12918255521226016,2
SKS03,SKS02,EQM_5,0,0.5,240,after_decay,boundary_retained,4,profile_nrmse,0.08986068610577766,0.13476538682269792,-0.04490470071692026,2
SKS03,SKS02,EQM_5,0,0.5,240,after_decay,original,2,peak_depth_error,0.2857142857142857,0.14285714285714285,0.14285714285714285,2
SKS03,SKS02,EQM_5,0,0.5,240,after_decay,original,2,peak_load_error,0.09557068570008731,0.0381717645540359,0.057398921146051406,2
SKS03,SKS02,EQM_5,0,0.5,240,after_decay,original,2,profile_nrmse,0.16798669827154133,0.23421954632796896,-0.06623284805642761,2
SKS03,SKS02,EQM_5,0,0.5,240,after_decay,original,3,peak_depth_error,0.21428571428571427,0.2142857142857143,-2.7755575615628914e-17,2
SKS03,SKS02,EQM_5,0,0.5,240,after_decay,original,3,peak_load_error,0.12996341495107294,0.11582650303064791,0.014136911920425026,2
SKS03,SKS02,EQM_5,0,0.5,240,after_decay,original,3,profile_nrmse,0.11286152922731807,0.16071427035596417,-0.047852741128646105,2
SKS03,SKS02,EQM_5,0,0.5,240,after_decay,original,4,peak_depth_error,0.21428571428571427,0.07142857142857145,0.14285714285714282,2
SKS03,SKS02,EQM_5,0,0.5,240,after_decay,original,4,peak_load_error,0.12996341495107294,0.0007808597388127872,0.12918255521226016,2
SKS03,SKS02,EQM_5,0,0.5,240,after_decay,original,4,profile_nrmse,0.08986068610577766,0.13476538682269792,-0.04490470071692026,2
SKS03,SKS02,EQM_5,0,0.5,240,before_decay,boundary_retained,2,peak_depth_error,0.42857142857142855,0.2857142857142857,0.14285714285714285,2
SKS03,SKS02,EQM_5,0,0.5,240,before_decay,boundary_retained,2,peak_load_error,0.14335049242873613,0.09346701136451162,0.04988348106422451,2
SKS03,SKS02,EQM_5,0,0.5,240,before_decay,boundary_retained,2,profile_nrmse,0.13228666597511188,0.28189348916688906,-0.14960682319177718,2
SKS03,SKS02,EQM_5,0,0.5,240,before_decay,boundary_retained,3,peak_depth_error,0.17857142857142855,0.21428571428571427,-0.035714285714285726,2
SKS03,SKS02,EQM_5,0,0.5,240,before_decay,boundary_retained,3,peak_load_error,0.009575105658530519,0.12680328817631686,-0.11722818251778634,2
SKS03,SKS02,EQM_5,0,0.5,240,before_decay,boundary_retained,3,profile_nrmse,0.07358138253899821,0.1794232246168658,-0.10584184207786759,2
SKS03,SKS02,EQM_5,0,0.5,240,before_decay,boundary_retained,4,peak_depth_error,0.3571428571428571,0.14285714285714285,0.21428571428571427,2
SKS03,SKS02,EQM_5,0,0.5,240,before_decay,boundary_retained,4,peak_load_error,0.12960594541059714,0.05510361068807038,0.07450233472252676,2
SKS03,SKS02,EQM_5,0,0.5,240,before_decay,boundary_retained,4,profile_nrmse,0.08646707870083559,0.15476106724748226,-0.06829398854664667,2
SKS03,SKS02,EQM_5,0,0.5,240,before_decay,original,2,peak_depth_error,0.17857142857142855,0.2857142857142857,-0.10714285714285715,2
SKS03,SKS02,EQM_5,0,0.5,240,before_decay,original,2,peak_load_error,0.009575105658530519,0.09346701136451162,-0.0838919057059811,2
SKS03,SKS02,EQM_5,0,0.5,240,before_decay,original,2,profile_nrmse,0.20966678411588074,0.28189348916688906,-0.07222670505100831,2
SKS03,SKS02,EQM_5,0,0.5,240,before_decay,original,3,peak_depth_error,0.3571428571428571,0.21428571428571427,0.14285714285714285,2
SKS03,SKS02,EQM_5,0,0.5,240,before_decay,original,3,peak_load_error,0.12960594541059714,0.12680328817631686,0.0028026572342802966,2
SKS03,SKS02,EQM_5,0,0.5,240,before_decay,original,3,profile_nrmse,0.1087659547567894,0.1794232246168658,-0.07065726986007641,2
SKS03,SKS02,EQM_5,0,0.5,240,before_decay,original,4,peak_depth_error,0.3571428571428571,0.14285714285714285,0.21428571428571427,2
SKS03,SKS02,EQM_5,0,0.5,240,before_decay,original,4,peak_load_error,0.12960594541059714,0.05510361068807038,0.07450233472252676,2
SKS03,SKS02,EQM_5,0,0.5,240,before_decay,original,4,profile_nrmse,0.08646707870083559,0.15476106724748226,-0.06829398854664667,2
SKS03,SKS02,EQM_5,0,0.5,240,shaking,boundary_retained,2,peak_depth_error,0.3571428571428571,0.3571428571428571,0.0,2
SKS03,SKS02,EQM_5,0,0.5,240,shaking,boundary_retained,2,peak_load_error,0.1264358415404067,0.16197840892729765,-0.03554256738689093,2
SKS03,SKS02,EQM_5,0,0.5,240,shaking,boundary_retained,2,profile_nrmse,0.11143673188905326,0.31566587923764755,-0.20422914734859432,2
SKS03,SKS02,EQM_5,0,0.5,240,shaking,boundary_retained,3,peak_depth_error,0.07142857142857142,0.14285714285714285,-0.07142857142857142,2
SKS03,SKS02,EQM_5,0,0.5,240,shaking,boundary_retained,3,peak_load_error,0.014089840876661016,0.12021813428675689,-0.10612829341009587,2
SKS03,SKS02,EQM_5,0,0.5,240,shaking,boundary_retained,3,profile_nrmse,0.06731345167958722,0.18102362273970862,-0.1137101710601214,2
SKS03,SKS02,EQM_5,0,0.5,240,shaking,boundary_retained,4,peak_depth_error,0.2857142857142857,0.1571428571428563,0.1285714285714294,2
SKS03,SKS02,EQM_5,0,0.5,240,shaking,boundary_retained,4,peak_load_error,0.11372876750068048,0.07794913650068472,0.03577963099999576,2
SKS03,SKS02,EQM_5,0,0.5,240,shaking,boundary_retained,4,profile_nrmse,0.08816663154914314,0.16162623187884304,-0.07345960032969989,2
SKS03,SKS02,EQM_5,0,0.5,240,shaking,original,2,peak_depth_error,0.07142857142857142,0.3571428571428571,-0.2857142857142857,2
SKS03,SKS02,EQM_5,0,0.5,240,shaking,original,2,peak_load_error,0.014089840876661016,0.16197840892729765,-0.14788856805063663,2
SKS03,SKS02,EQM_5,0,0.5,240,shaking,original,2,profile_nrmse,0.20706711076564582,0.31566587923764755,-0.10859876847200173,2
SKS03,SKS02,EQM_5,0,0.5,240,shaking,original,3,peak_depth_error,0.2857142857142857,0.14285714285714285,0.14285714285714285,2
SKS03,SKS02,EQM_5,0,0.5,240,shaking,original,3,peak_load_error,0.11372876750068048,0.12021813428675689,-0.0064893667860764104,2
SKS03,SKS02,EQM_5,0,0.5,240,shaking,original,3,profile_nrmse,0.0990158919098795,0.18102362273970862,-0.08200773082982912,2
SKS03,SKS02,EQM_5,0,0.5,240,shaking,original,4,peak_depth_error,0.2857142857142857,0.1571428571428563,0.1285714285714294,2
SKS03,SKS02,EQM_5,0,0.5,240,shaking,original,4,peak_load_error,0.11372876750068048,0.07794913650068472,0.03577963099999576,2
SKS03,SKS02,EQM_5,0,0.5,240,shaking,original,4,profile_nrmse,0.08816663154914314,0.16162623187884304,-0.07345960032969989,2
SKS03,SKS02,EQM_5,0,0.75,120,after_decay,boundary_retained,2,peak_depth_error,0.5714285714285714,0.14285714285714285,0.4285714285714285,2
SKS03,SKS02,EQM_5,0,0.75,120,after_decay,boundary_retained,2,peak_load_error,0.2186411439616427,0.03814869970975169,0.180492444251891,2
SKS03,SKS02,EQM_5,0,0.75,120,after_decay,boundary_retained,2,profile_nrmse,0.1457291774830288,0.23573976492637733,-0.09001058744334853,2
SKS03,SKS02,EQM_5,0,0.75,120,after_decay,boundary_retained,3,peak_depth_error,0.2857142857142857,0.2142857142857143,0.0714285714285714,2
SKS03,SKS02,EQM_5,0,0.75,120,after_decay,boundary_retained,3,peak_load_error,0.0955148935914677,0.11605904037509208,-0.020544146783624387,2
SKS03,SKS02,EQM_5,0,0.75,120,after_decay,boundary_retained,3,profile_nrmse,0.07931319463370314,0.16197954359519695,-0.0826663489614938,2
SKS03,SKS02,EQM_5,0,0.75,120,after_decay,boundary_retained,4,peak_depth_error,0.21428571428571427,0.07142857142857145,0.14285714285714282,2
SKS03,SKS02,EQM_5,0,0.75,120,after_decay,boundary_retained,4,peak_load_error,0.12997865074308568,0.0007213808651598155,0.12925726987792585,2
SKS03,SKS02,EQM_5,0,0.75,120,after_decay,boundary_retained,4,profile_nrmse,0.09081928690318716,0.1351332485979374,-0.04431396169475024,2
SKS03,SKS02,EQM_5,0,0.75,120,after_decay,original,2,peak_depth_error,0.2857142857142857,0.14285714285714285,0.14285714285714285,2
SKS03,SKS02,EQM_5,0,0.75,120,after_decay,original,2,peak_load_error,0.0955148935914677,0.03814869970975169,0.057366193881716016,2
SKS03,SKS02,EQM_5,0,0.75,120,after_decay,original,2,profile_nrmse,0.1713260084282952,0.23573976492637733,-0.06441375649808209,2
SKS03,SKS02,EQM_5,0,0.75,120,after_decay,original,3,peak_depth_error,0.21428571428571427,0.2142857142857143,-2.7755575615628914e-17,2
SKS03,SKS02,EQM_5,0,0.75,120,after_decay,original,3,peak_load_error,0.12997865074308568,0.11605904037509208,0.013919610367993598,2
SKS03,SKS02,EQM_5,0,0.75,120,after_decay,original,3,profile_nrmse,0.11354904102734628,0.16197954359519695,-0.048430502567850656,2
SKS03,SKS02,EQM_5,0,0.75,120,after_decay,original,4,peak_depth_error,0.21428571428571427,0.07142857142857145,0.14285714285714282,2
SKS03,SKS02,EQM_5,0,0.75,120,after_decay,original,4,peak_load_error,0.12997865074308568,0.0007213808651598155,0.12925726987792585,2
SKS03,SKS02,EQM_5,0,0.75,120,after_decay,original,4,profile_nrmse,0.09081928690318716,0.1351332485979374,-0.04431396169475024,2
SKS03,SKS02,EQM_5,0,0.75,120,before_decay,boundary_retained,2,peak_depth_error,0.3571428571428571,0.2857142857142857,0.07142857142857142,2
SKS03,SKS02,EQM_5,0,0.75,120,before_decay,boundary_retained,2,peak_load_error,0.1197967708466441,0.09510490540654637,0.024691865440097736,2
SKS03,SKS02,EQM_5,0,0.75,120,before_decay,boundary_retained,2,profile_nrmse,0.11932868798990848,0.2827041492211151,-0.1633754612312066,2
SKS03,SKS02,EQM_5,0,0.75,120,before_decay,boundary_retained,3,peak_depth_error,0.2000000000000008,0.21428571428571427,-0.014285714285713486,2
SKS03,SKS02,EQM_5,0,0.75,120,before_decay,boundary_retained,3,peak_load_error,0.006516733460000571,0.1259876646458102,-0.11947093118580963,2
SKS03,SKS02,EQM_5,0,0.75,120,before_decay,boundary_retained,3,profile_nrmse,0.06926099151605755,0.18037947338799243,-0.11111848187193489,2
SKS03,SKS02,EQM_5,0,0.75,120,before_decay,boundary_retained,4,peak_depth_error,0.3571428571428571,0.14285714285714285,0.21428571428571427,2
SKS03,SKS02,EQM_5,0,0.75,120,before_decay,boundary_retained,4,peak_load_error,0.1197967708466441,0.05563453445858855,0.06416223638805554,2
SKS03,SKS02,EQM_5,0,0.75,120,before_decay,boundary_retained,4,profile_nrmse,0.08541229915952324,0.15490603211299414,-0.06949373295347092,2
SKS03,SKS02,EQM_5,0,0.75,120,before_decay,original,2,peak_depth_error,0.2000000000000008,0.2857142857142857,-0.08571428571428491,2
SKS03,SKS02,EQM_5,0,0.75,120,before_decay,original,2,peak_load_error,0.006516733460000571,0.09510490540654637,-0.0885881719465458,2
SKS03,SKS02,EQM_5,0,0.75,120,before_decay,original,2,profile_nrmse,0.21039394165453137,0.2827041492211151,-0.07231020756658373,2
SKS03,SKS02,EQM_5,0,0.75,120,before_decay,original,3,peak_depth_error,0.3571428571428571,0.21428571428571427,0.14285714285714285,2
SKS03,SKS02,EQM_5,0,0.75,120,before_decay,original,3,peak_load_error,0.1197967708466441,0.1259876646458102,-0.006190893799166109,2
SKS03,SKS02,EQM_5,0,0.75,120,before_decay,original,3,profile_nrmse,0.10417749786664764,0.18037947338799243,-0.0762019755213448,2
SKS03,SKS02,EQM_5,0,0.75,120,before_decay,original,4,peak_depth_error,0.3571428571428571,0.14285714285714285,0.21428571428571427,2
SKS03,SKS02,EQM_5,0,0.75,120,before_decay,original,4,peak_load_error,0.1197967708466441,0.05563453445858855,0.06416223638805554,2
SKS03,SKS02,EQM_5,0,0.75,120,before_decay,original,4,profile_nrmse,0.08541229915952324,0.15490603211299414,-0.06949373295347092,2
SKS03,SKS02,EQM_5,0,0.75,120,shaking,boundary_retained,2,peak_depth_error,0.3571428571428571,0.3571428571428571,0.0,2
SKS03,SKS02,EQM_5,0,0.75,120,shaking,boundary_retained,2,peak_load_error,0.12461998779916593,0.15556638396522407,-0.030946396166058134,2
SKS03,SKS02,EQM_5,0,0.75,120,shaking,boundary_retained,2,profile_nrmse,0.11156963230677966,0.3141902467418286,-0.20262061443504895,2
SKS03,SKS02,EQM_5,0,0.75,120,shaking,boundary_retained,3,peak_depth_error,0.07142857142857142,0.14285714285714285,-0.07142857142857142,2
SKS03,SKS02,EQM_5,0,0.75,120,shaking,boundary_retained,3,peak_load_error,0.011675376193567443,0.12001305715258219,-0.10833768095901475,2
SKS03,SKS02,EQM_5,0,0.75,120,shaking,boundary_retained,3,profile_nrmse,0.06671912119337758,0.1809314245317531,-0.11421230333837552,2
SKS03,SKS02,EQM_5,0,0.75,120,shaking,boundary_retained,4,peak_depth_error,0.2857142857142857,0.2857142857142857,0.0,2
SKS03,SKS02,EQM_5,0,0.75,120,shaking,boundary_retained,4,peak_load_error,0.11147906759422856,0.07806836754984886,0.0334107000443797,2
SKS03,SKS02,EQM_5,0,0.75,120,shaking,boundary_retained,4,profile_nrmse,0.08553295621947142,0.16195761474749018,-0.07642465852801876,2
SKS03,SKS02,EQM_5,0,0.75,120,shaking,original,2,peak_depth_error,0.07142857142857142,0.3571428571428571,-0.2857142857142857,2
SKS03,SKS02,EQM_5,0,0.75,120,shaking,original,2,peak_load_error,0.011675376193567443,0.15556638396522407,-0.14389100777165661,2
SKS03,SKS02,EQM_5,0,0.75,120,shaking,original,2,profile_nrmse,0.20675818267920693,0.3141902467418286,-0.10743206406262168,2
SKS03,SKS02,EQM_5,0,0.75,120,shaking,original,3,peak_depth_error,0.2857142857142857,0.14285714285714285,0.14285714285714285,2
SKS03,SKS02,EQM_5,0,0.75,120,shaking,original,3,peak_load_error,0.11147906759422856,0.12001305715258219,-0.008533989558353631,2
SKS03,SKS02,EQM_5,0,0.75,120,shaking,original,3,profile_nrmse,0.09867151661634027,0.1809314245317531,-0.08225990791541282,2
SKS03,SKS02,EQM_5,0,0.75,120,shaking,original,4,peak_depth_error,0.2857142857142857,0.2857142857142857,0.0,2
SKS03,SKS02,EQM_5,0,0.75,120,shaking,original,4,peak_load_error,0.11147906759422856,0.07806836754984886,0.0334107000443797,2
SKS03,SKS02,EQM_5,0,0.75,120,shaking,original,4,profile_nrmse,0.08553295621947142,0.16195761474749018,-0.07642465852801876,2
SKS03,SKS02,EQM_5,0,0.75,240,after_decay,boundary_retained,2,peak_depth_error,0.5714285714285714,0.14285714285714285,0.4285714285714285,2
SKS03,SKS02,EQM_5,0,0.75,240,after_decay,boundary_retained,2,peak_load_error,0.21860219509234652,0.03812317317485918,0.18047902191748733,2
SKS03,SKS02,EQM_5,0,0.75,240,after_decay,boundary_retained,2,profile_nrmse,0.1456082249456936,0.23570849883955441,-0.0901002738938608,2
SKS03,SKS02,EQM_5,0,0.75,240,after_decay,boundary_retained,3,peak_depth_error,0.2857142857142857,0.2142857142857143,0.0714285714285714,2
SKS03,SKS02,EQM_5,0,0.75,240,after_decay,boundary_retained,3,peak_load_error,0.09556945640481865,0.11602488768327113,-0.02045543127845248,2
SKS03,SKS02,EQM_5,0,0.75,240,after_decay,boundary_retained,3,profile_nrmse,0.07929960660826148,0.16205576370947164,-0.08275615710121016,2
SKS03,SKS02,EQM_5,0,0.75,240,after_decay,boundary_retained,4,peak_depth_error,0.21428571428571427,0.07142857142857145,0.14285714285714282,2
SKS03,SKS02,EQM_5,0,0.75,240,after_decay,boundary_retained,4,peak_load_error,0.12997722415188412,0.0007150791181254792,0.12926214503375863,2
SKS03,SKS02,EQM_5,0,0.75,240,after_decay,boundary_retained,4,profile_nrmse,0.09089797007108508,0.13522921415079384,-0.04433124407970875,2
SKS03,SKS02,EQM_5,0,0.75,240,after_decay,original,2,peak_depth_error,0.2857142857142857,0.14285714285714285,0.14285714285714285,2
SKS03,SKS02,EQM_5,0,0.75,240,after_decay,original,2,peak_load_error,0.09556945640481865,0.03812317317485918,0.05744628322995947,2
SKS03,SKS02,EQM_5,0,0.75,240,after_decay,original,2,profile_nrmse,0.17126573518182425,0.23570849883955441,-0.06444276365773016,2
SKS03,SKS02,EQM_5,0,0.75,240,after_decay,original,3,peak_depth_error,0.21428571428571427,0.2142857142857143,-2.7755575615628914e-17,2
SKS03,SKS02,EQM_5,0,0.75,240,after_decay,original,3,peak_load_error,0.12997722415188412,0.11602488768327113,0.013952336468612997,2
SKS03,SKS02,EQM_5,0,0.75,240,after_decay,original,3,profile_nrmse,0.11355452877119576,0.16205576370947164,-0.04850123493827587,2
SKS03,SKS02,EQM_5,0,0.75,240,after_decay,original,4,peak_depth_error,0.21428571428571427,0.07142857142857145,0.14285714285714282,2
SKS03,SKS02,EQM_5,0,0.75,240,after_decay,original,4,peak_load_error,0.12997722415188412,0.0007150791181254792,0.12926214503375863,2
SKS03,SKS02,EQM_5,0,0.75,240,after_decay,original,4,profile_nrmse,0.09089797007108508,0.13522921415079384,-0.04433124407970875,2
SKS03,SKS02,EQM_5,0,0.75,240,before_decay,boundary_retained,2,peak_depth_error,0.3571428571428571,0.2857142857142857,0.07142857142857142,2
SKS03,SKS02,EQM_5,0,0.75,240,before_decay,boundary_retained,2,peak_load_error,0.11941944992957035,0.09604724143355342,0.023372208496016927,2
SKS03,SKS02,EQM_5,0,0.75,240,before_decay,boundary_retained,2,profile_nrmse,0.11930174560720935,0.28299394183125,-0.16369219622404063,2
SKS03,SKS02,EQM_5,0,0.75,240,before_decay,boundary_retained,3,peak_depth_error,0.21428571428571427,0.21428571428571427,0.0,2
SKS03,SKS02,EQM_5,0,0.75,240,before_decay,boundary_retained,3,peak_load_error,0.006084926655071951,0.12664692893015536,-0.12056200227508342,2
SKS03,SKS02,EQM_5,0,0.75,240,before_decay,boundary_retained,3,profile_nrmse,0.06944206404906,0.18010523798308828,-0.11066317393402827,2
SKS03,SKS02,EQM_5,0,0.75,240,before_decay,boundary_retained,4,peak_depth_error,0.3571428571428571,0.14285714285714285,0.21428571428571427,2
SKS03,SKS02,EQM_5,0,0.75,240,before_decay,boundary_retained,4,peak_load_error,0.11941944992957035,0.05593738314042792,0.06348206678914244,2
SKS03,SKS02,EQM_5,0,0.75,240,before_decay,boundary_retained,4,profile_nrmse,0.08571107591739836,0.1551622817939285,-0.06945120587653014,2
SKS03,SKS02,EQM_5,0,0.75,240,before_decay,original,2,peak_depth_error,0.21428571428571427,0.2857142857142857,-0.07142857142857142,2
SKS03,SKS02,EQM_5,0,0.75,240,before_decay,original,2,peak_load_error,0.006084926655071951,0.09604724143355342,-0.08996231477848148,2
SKS03,SKS02,EQM_5,0,0.75,240,before_decay,original,2,profile_nrmse,0.21257421609040286,0.28299394183125,-0.07041972574084712,2
SKS03,SKS02,EQM_5,0,0.75,240,before_decay,original,3,peak_depth_error,0.3571428571428571,0.21428571428571427,0.14285714285714285,2
SKS03,SKS02,EQM_5,0,0.75,240,before_decay,original,3,peak_load_error,0.11941944992957035,0.12664692893015536,-0.00722747900058501,2
SKS03,SKS02,EQM_5,0,0.75,240,before_decay,original,3,profile_nrmse,0.10419350273981894,0.18010523798308828,-0.07591173524326934,2
SKS03,SKS02,EQM_5,0,0.75,240,before_decay,original,4,peak_depth_error,0.3571428571428571,0.14285714285714285,0.21428571428571427,2
SKS03,SKS02,EQM_5,0,0.75,240,before_decay,original,4,peak_load_error,0.11941944992957035,0.05593738314042792,0.06348206678914244,2
SKS03,SKS02,EQM_5,0,0.75,240,before_decay,original,4,profile_nrmse,0.08571107591739836,0.1551622817939285,-0.06945120587653014,2
SKS03,SKS02,EQM_5,0,0.75,240,shaking,boundary_retained,2,peak_depth_error,0.3571428571428571,0.3571428571428571,0.0,2
SKS03,SKS02,EQM_5,0,0.75,240,shaking,boundary_retained,2,peak_load_error,0.1264358415404067,0.16197840892729765,-0.03554256738689093,2
SKS03,SKS02,EQM_5,0,0.75,240,shaking,boundary_retained,2,profile_nrmse,0.11143673188905326,0.31566587923764755,-0.20422914734859432,2
SKS03,SKS02,EQM_5,0,0.75,240,shaking,boundary_retained,3,peak_depth_error,0.07142857142857142,0.14285714285714285,-0.07142857142857142,2
SKS03,SKS02,EQM_5,0,0.75,240,shaking,boundary_retained,3,peak_load_error,0.014089840876661016,0.12021813428675689,-0.10612829341009587,2
SKS03,SKS02,EQM_5,0,0.75,240,shaking,boundary_retained,3,profile_nrmse,0.06731345167958722,0.18102362273970862,-0.1137101710601214,2
SKS03,SKS02,EQM_5,0,0.75,240,shaking,boundary_retained,4,peak_depth_error,0.2857142857142857,0.1571428571428563,0.1285714285714294,2
SKS03,SKS02,EQM_5,0,0.75,240,shaking,boundary_retained,4,peak_load_error,0.11372876750068048,0.07794913650068472,0.03577963099999576,2
SKS03,SKS02,EQM_5,0,0.75,240,shaking,boundary_retained,4,profile_nrmse,0.08816663154914314,0.16162623187884304,-0.07345960032969989,2
SKS03,SKS02,EQM_5,0,0.75,240,shaking,original,2,peak_depth_error,0.07142857142857142,0.3571428571428571,-0.2857142857142857,2
SKS03,SKS02,EQM_5,0,0.75,240,shaking,original,2,peak_load_error,0.014089840876661016,0.16197840892729765,-0.14788856805063663,2
SKS03,SKS02,EQM_5,0,0.75,240,shaking,original,2,profile_nrmse,0.20706711076564582,0.31566587923764755,-0.10859876847200173,2
SKS03,SKS02,EQM_5,0,0.75,240,shaking,original,3,peak_depth_error,0.2857142857142857,0.14285714285714285,0.14285714285714285,2
SKS03,SKS02,EQM_5,0,0.75,240,shaking,original,3,peak_load_error,0.11372876750068048,0.12021813428675689,-0.0064893667860764104,2
SKS03,SKS02,EQM_5,0,0.75,240,shaking,original,3,profile_nrmse,0.0990158919098795,0.18102362273970862,-0.08200773082982912,2
SKS03,SKS02,EQM_5,0,0.75,240,shaking,original,4,peak_depth_error,0.2857142857142857,0.1571428571428563,0.1285714285714294,2
SKS03,SKS02,EQM_5,0,0.75,240,shaking,original,4,peak_load_error,0.11372876750068048,0.07794913650068472,0.03577963099999576,2
SKS03,SKS02,EQM_5,0,0.75,240,shaking,original,4,profile_nrmse,0.08816663154914314,0.16162623187884304,-0.07345960032969989,2
SKS03,SKS02,EQM_5,1,0.25,120,after_decay,boundary_retained,2,peak_depth_error,0.5714285714285714,0.14285714285714285,0.4285714285714285,2
SKS03,SKS02,EQM_5,1,0.25,120,after_decay,boundary_retained,2,peak_load_error,0.20869882622989183,0.03826603620316084,0.170432790026731,2
SKS03,SKS02,EQM_5,1,0.25,120,after_decay,boundary_retained,2,profile_nrmse,0.13542617087609443,0.22630942248639252,-0.09088325161029807,2
SKS03,SKS02,EQM_5,1,0.25,120,after_decay,boundary_retained,3,peak_depth_error,0.2857142857142857,0.2142857142857143,0.0714285714285714,2
SKS03,SKS02,EQM_5,1,0.25,120,after_decay,boundary_retained,3,peak_load_error,0.09561711876954393,0.10947564919928074,-0.01385853042973681,2
SKS03,SKS02,EQM_5,1,0.25,120,after_decay,boundary_retained,3,profile_nrmse,0.07611269661101143,0.15260686277590477,-0.07649416616489335,2
SKS03,SKS02,EQM_5,1,0.25,120,after_decay,boundary_retained,4,peak_depth_error,0.21428571428571427,0.07142857142857145,0.14285714285714282,2
SKS03,SKS02,EQM_5,1,0.25,120,after_decay,boundary_retained,4,peak_load_error,0.12006158832135709,0.0010028426011132116,0.11905874572024389,2
SKS03,SKS02,EQM_5,1,0.25,120,after_decay,boundary_retained,4,profile_nrmse,0.07766903392343105,0.13165559470346716,-0.0539865607800361,2
SKS03,SKS02,EQM_5,1,0.25,120,after_decay,original,2,peak_depth_error,0.2857142857142857,0.14285714285714285,0.14285714285714285,2
SKS03,SKS02,EQM_5,1,0.25,120,after_decay,original,2,peak_load_error,0.09561711876954393,0.03826603620316084,0.05735108256638309,2
SKS03,SKS02,EQM_5,1,0.25,120,after_decay,original,2,profile_nrmse,0.14554868963276663,0.22630942248639252,-0.08076073285362588,2
SKS03,SKS02,EQM_5,1,0.25,120,after_decay,original,3,peak_depth_error,0.21428571428571427,0.2142857142857143,-2.7755575615628914e-17,2
SKS03,SKS02,EQM_5,1,0.25,120,after_decay,original,3,peak_load_error,0.12006158832135709,0.10947564919928074,0.010585939122076345,2
SKS03,SKS02,EQM_5,1,0.25,120,after_decay,original,3,profile_nrmse,0.10150353919503317,0.15260686277590477,-0.05110332358087159,2
SKS03,SKS02,EQM_5,1,0.25,120,after_decay,original,4,peak_depth_error,0.21428571428571427,0.07142857142857145,0.14285714285714282,2
SKS03,SKS02,EQM_5,1,0.25,120,after_decay,original,4,peak_load_error,0.12006158832135709,0.0010028426011132116,0.11905874572024389,2
SKS03,SKS02,EQM_5,1,0.25,120,after_decay,original,4,profile_nrmse,0.07766903392343105,0.13165559470346716,-0.0539865607800361,2
SKS03,SKS02,EQM_5,1,0.25,120,before_decay,boundary_retained,2,peak_depth_error,0.5,0.14285714285714282,0.35714285714285715,2
SKS03,SKS02,EQM_5,1,0.25,120,before_decay,boundary_retained,2,peak_load_error,0.20183299323343373,0.0565060214332648,0.1453269718001689,2
SKS03,SKS02,EQM_5,1,0.25,120,before_decay,boundary_retained,2,profile_nrmse,0.1476147880553439,0.25208964228752667,-0.10447485423218279,2
SKS03,SKS02,EQM_5,1,0.25,120,before_decay,boundary_retained,3,peak_depth_error,0.21428571428571425,0.14285714285714285,0.0714285714285714,2
SKS03,SKS02,EQM_5,1,0.25,120,before_decay,boundary_retained,3,peak_load_error,0.07378860687990287,0.11799307390932086,-0.04420446702941799,2
SKS03,SKS02,EQM_5,1,0.25,120,before_decay,boundary_retained,3,profile_nrmse,0.08006222136009422,0.1713220416450375,-0.09125982028494328,2
SKS03,SKS02,EQM_5,1,0.25,120,before_decay,boundary_retained,4,peak_depth_error,0.21428571428571427,0.07142857142857142,0.14285714285714285,2
SKS03,SKS02,EQM_5,1,0.25,120,before_decay,boundary_retained,4,peak_load_error,0.13062829563723197,0.02886326777437367,0.10176502786285829,2
SKS03,SKS02,EQM_5,1,0.25,120,before_decay,boundary_retained,4,profile_nrmse,0.0891539325910057,0.14155942057244947,-0.05240548798144378,2
SKS03,SKS02,EQM_5,1,0.25,120,before_decay,original,2,peak_depth_error,0.21428571428571425,0.14285714285714282,0.07142857142857142,2
SKS03,SKS02,EQM_5,1,0.25,120,before_decay,original,2,peak_load_error,0.07378860687990287,0.0565060214332648,0.01728258544663807,2
SKS03,SKS02,EQM_5,1,0.25,120,before_decay,original,2,profile_nrmse,0.18115791913549228,0.25208964228752667,-0.07093172315203439,2
SKS03,SKS02,EQM_5,1,0.25,120,before_decay,original,3,peak_depth_error,0.21428571428571427,0.14285714285714285,0.07142857142857142,2
SKS03,SKS02,EQM_5,1,0.25,120,before_decay,original,3,peak_load_error,0.13062829563723197,0.11799307390932086,0.012635221727911108,2
SKS03,SKS02,EQM_5,1,0.25,120,before_decay,original,3,profile_nrmse,0.11495501596855832,0.1713220416450375,-0.05636702567647918,2
SKS03,SKS02,EQM_5,1,0.25,120,before_decay,original,4,peak_depth_error,0.21428571428571427,0.07142857142857142,0.14285714285714285,2
SKS03,SKS02,EQM_5,1,0.25,120,before_decay,original,4,peak_load_error,0.13062829563723197,0.02886326777437367,0.10176502786285829,2
SKS03,SKS02,EQM_5,1,0.25,120,before_decay,original,4,profile_nrmse,0.0891539325910057,0.14155942057244947,-0.05240548798144378,2
SKS03,SKS02,EQM_5,1,0.25,120,shaking,boundary_retained,2,peak_depth_error,0.3571428571428571,0.3571428571428571,0.0,2
SKS03,SKS02,EQM_5,1,0.25,120,shaking,boundary_retained,2,peak_load_error,0.10101726761745682,0.14907572759669543,-0.048058459979238626,2
SKS03,SKS02,EQM_5,1,0.25,120,shaking,boundary_retained,2,profile_nrmse,0.10249330851133884,0.30982642158567786,-0.207333113074339,2
SKS03,SKS02,EQM_5,1,0.25,120,shaking,boundary_retained,3,peak_depth_error,0.21428571428571425,0.14285714285714285,0.0714285714285714,2
SKS03,SKS02,EQM_5,1,0.25,120,shaking,boundary_retained,3,peak_load_error,0.006242679710994286,0.10695974633342722,-0.10071706662243293,2
SKS03,SKS02,EQM_5,1,0.25,120,shaking,boundary_retained,3,profile_nrmse,0.06406433318427421,0.17576232851254306,-0.11169799532826885,2
SKS03,SKS02,EQM_5,1,0.25,120,shaking,boundary_retained,4,peak_depth_error,0.2857142857142857,0.14285714285714285,0.14285714285714285,2
SKS03,SKS02,EQM_5,1,0.25,120,shaking,boundary_retained,4,peak_load_error,0.09766740685440706,0.0733481324608693,0.024319274393537753,2
SKS03,SKS02,EQM_5,1,0.25,120,shaking,boundary_retained,4,profile_nrmse,0.07606643088909827,0.1562458544828118,-0.08017942359371355,2
SKS03,SKS02,EQM_5,1,0.25,120,shaking,original,2,peak_depth_error,0.21428571428571425,0.3571428571428571,-0.14285714285714288,2
SKS03,SKS02,EQM_5,1,0.25,120,shaking,original,2,peak_load_error,0.006242679710994286,0.14907572759669543,-0.14283304788570117,2
SKS03,SKS02,EQM_5,1,0.25,120,shaking,original,2,profile_nrmse,0.19691339860979362,0.30982642158567786,-0.11291302297588424,2
SKS03,SKS02,EQM_5,1,0.25,120,shaking,original,3,peak_depth_error,0.2857142857142857,0.14285714285714285,0.14285714285714285,2
SKS03,SKS02,EQM_5,1,0.25,120,shaking,original,3,peak_load_error,0.09766740685440706,0.10695974633342722,-0.009292339479020173,2
SKS03,SKS02,EQM_5,1,0.25,120,shaking,original,3,profile_nrmse,0.09073083894472248,0.17576232851254306,-0.08503148956782058,2
SKS03,SKS02,EQM_5,1,0.25,120,shaking,original,4,peak_depth_error,0.2857142857142857,0.14285714285714285,0.14285714285714285,2
SKS03,SKS02,EQM_5,1,0.25,120,shaking,original,4,peak_load_error,0.09766740685440706,0.0733481324608693,0.024319274393537753,2
SKS03,SKS02,EQM_5,1,0.25,120,shaking,original,4,profile_nrmse,0.07606643088909827,0.1562458544828118,-0.08017942359371355,2
SKS03,SKS02,EQM_5,1,0.25,240,after_decay,boundary_retained,2,peak_depth_error,0.5714285714285714,0.14285714285714285,0.4285714285714285,2
SKS03,SKS02,EQM_5,1,0.25,240,after_decay,boundary_retained,2,peak_load_error,0.208736561702703,0.038250399106136854,0.17048616259656613,2
SKS03,SKS02,EQM_5,1,0.25,240,after_decay,boundary_retained,2,profile_nrmse,0.13549938748097357,0.226247858204087,-0.09074847072311341,2
SKS03,SKS02,EQM_5,1,0.25,240,after_decay,boundary_retained,3,peak_depth_error,0.2857142857142857,0.2142857142857143,0.0714285714285714,2
SKS03,SKS02,EQM_5,1,0.25,240,after_decay,boundary_retained,3,peak_load_error,0.09563524413681039,0.10955658567855585,-0.013921341541745458,2
SKS03,SKS02,EQM_5,1,0.25,240,after_decay,boundary_retained,3,profile_nrmse,0.07613008775616921,0.15265692834937844,-0.07652684059320923,2
SKS03,SKS02,EQM_5,1,0.25,240,after_decay,boundary_retained,4,peak_depth_error,0.21428571428571427,0.07142857142857145,0.14285714285714282,2
SKS03,SKS02,EQM_5,1,0.25,240,after_decay,boundary_retained,4,peak_load_error,0.12002151941785773,0.001048182728344437,0.11897333668951329,2
SKS03,SKS02,EQM_5,1,0.25,240,after_decay,boundary_retained,4,profile_nrmse,0.07767919962184852,0.13166156897271758,-0.05398236935086904,2
SKS03,SKS02,EQM_5,1,0.25,240,after_decay,original,2,peak_depth_error,0.2857142857142857,0.14285714285714285,0.14285714285714285,2
SKS03,SKS02,EQM_5,1,0.25,240,after_decay,original,2,peak_load_error,0.09563524413681039,0.038250399106136854,0.05738484503067354,2
SKS03,SKS02,EQM_5,1,0.25,240,after_decay,original,2,profile_nrmse,0.14566998211935492,0.226247858204087,-0.08057787608473209,2
SKS03,SKS02,EQM_5,1,0.25,240,after_decay,original,3,peak_depth_error,0.21428571428571427,0.2142857142857143,-2.7755575615628914e-17,2
SKS03,SKS02,EQM_5,1,0.25,240,after_decay,original,3,peak_load_error,0.12002151941785773,0.10955658567855585,0.010464933739301878,2
SKS03,SKS02,EQM_5,1,0.25,240,after_decay,original,3,profile_nrmse,0.10151208528956696,0.15265692834937844,-0.05114484305981149,2
SKS03,SKS02,EQM_5,1,0.25,240,after_decay,original,4,peak_depth_error,0.21428571428571427,0.07142857142857145,0.14285714285714282,2
SKS03,SKS02,EQM_5,1,0.25,240,after_decay,original,4,peak_load_error,0.12002151941785773,0.001048182728344437,0.11897333668951329,2
SKS03,SKS02,EQM_5,1,0.25,240,after_decay,original,4,profile_nrmse,0.07767919962184852,0.13166156897271758,-0.05398236935086904,2
SKS03,SKS02,EQM_5,1,0.25,240,before_decay,boundary_retained,2,peak_depth_error,0.5,0.14285714285714282,0.35714285714285715,2
SKS03,SKS02,EQM_5,1,0.25,240,before_decay,boundary_retained,2,peak_load_error,0.20182610048533892,0.05768893773723572,0.1441371627481032,2
SKS03,SKS02,EQM_5,1,0.25,240,before_decay,boundary_retained,2,profile_nrmse,0.14762673929979375,0.25317559286175745,-0.10554885356196372,2
SKS03,SKS02,EQM_5,1,0.25,240,before_decay,boundary_retained,3,peak_depth_error,0.21428571428571425,0.14285714285714285,0.0714285714285714,2
SKS03,SKS02,EQM_5,1,0.25,240,before_decay,boundary_retained,3,peak_load_error,0.07368607933886528,0.11802427350614726,-0.044338194167281984,2
SKS03,SKS02,EQM_5,1,0.25,240,before_decay,boundary_retained,3,profile_nrmse,0.08020552353775579,0.17151395711623912,-0.09130843357848337,2
SKS03,SKS02,EQM_5,1,0.25,240,before_decay,boundary_retained,4,peak_depth_error,0.21428571428571427,0.07142857142857142,0.14285714285714285,2
SKS03,SKS02,EQM_5,1,0.25,240,before_decay,boundary_retained,4,peak_load_error,0.1306224381278291,0.030118554461775277,0.10050388366605381,2
SKS03,SKS02,EQM_5,1,0.25,240,before_decay,boundary_retained,4,profile_nrmse,0.08913878335970635,0.1420997124578078,-0.052960929098101454,2
SKS03,SKS02,EQM_5,1,0.25,240,before_decay,original,2,peak_depth_error,0.21428571428571425,0.14285714285714282,0.07142857142857142,2
SKS03,SKS02,EQM_5,1,0.25,240,before_decay,original,2,peak_load_error,0.07368607933886528,0.05768893773723572,0.015997141601629558,2
SKS03,SKS02,EQM_5,1,0.25,240,before_decay,original,2,profile_nrmse,0.18169631043662277,0.25317559286175745,-0.07147928242513468,2
SKS03,SKS02,EQM_5,1,0.25,240,before_decay,original,3,peak_depth_error,0.21428571428571427,0.14285714285714285,0.07142857142857142,2
SKS03,SKS02,EQM_5,1,0.25,240,before_decay,original,3,peak_load_error,0.1306224381278291,0.11802427350614726,0.012598164621681826,2
SKS03,SKS02,EQM_5,1,0.25,240,before_decay,original,3,profile_nrmse,0.11493231852604535,0.17151395711623912,-0.05658163859019379,2
SKS03,SKS02,EQM_5,1,0.25,240,before_decay,original,4,peak_depth_error,0.21428571428571427,0.07142857142857142,0.14285714285714285,2
SKS03,SKS02,EQM_5,1,0.25,240,before_decay,original,4,peak_load_error,0.1306224381278291,0.030118554461775277,0.10050388366605381,2
SKS03,SKS02,EQM_5,1,0.25,240,before_decay,original,4,profile_nrmse,0.08913878335970635,0.1420997124578078,-0.052960929098101454,2
SKS03,SKS02,EQM_5,1,0.25,240,shaking,boundary_retained,2,peak_depth_error,0.3571428571428571,0.3571428571428571,0.0,2
SKS03,SKS02,EQM_5,1,0.25,240,shaking,boundary_retained,2,peak_load_error,0.1011022055392628,0.1493612788777812,-0.048259073338518386,2
SKS03,SKS02,EQM_5,1,0.25,240,shaking,boundary_retained,2,profile_nrmse,0.10238053501372668,0.3100457245995405,-0.20766518958581384,2
SKS03,SKS02,EQM_5,1,0.25,240,shaking,boundary_retained,3,peak_depth_error,0.21428571428571425,0.14285714285714285,0.0714285714285714,2
SKS03,SKS02,EQM_5,1,0.25,240,shaking,boundary_retained,3,peak_load_error,0.0071870494639525145,0.10708423869875658,-0.09989718923480406,2
SKS03,SKS02,EQM_5,1,0.25,240,shaking,boundary_retained,3,profile_nrmse,0.06400448543373546,0.1757135011496547,-0.11170901571591922,2
SKS03,SKS02,EQM_5,1,0.25,240,shaking,boundary_retained,4,peak_depth_error,0.2857142857142857,0.14285714285714285,0.14285714285714285,2
SKS03,SKS02,EQM_5,1,0.25,240,shaking,boundary_retained,4,peak_load_error,0.0980947119613929,0.07357761915266109,0.024517092808731815,2
SKS03,SKS02,EQM_5,1,0.25,240,shaking,boundary_retained,4,profile_nrmse,0.07607871546363948,0.15623909409451256,-0.08016037863087308,2
SKS03,SKS02,EQM_5,1,0.25,240,shaking,original,2,peak_depth_error,0.21428571428571425,0.3571428571428571,-0.14285714285714288,2
SKS03,SKS02,EQM_5,1,0.25,240,shaking,original,2,peak_load_error,0.0071870494639525145,0.1493612788777812,-0.14217422941382868,2
SKS03,SKS02,EQM_5,1,0.25,240,shaking,original,2,profile_nrmse,0.1970384701176713,0.3100457245995405,-0.11300725448186921,2
SKS03,SKS02,EQM_5,1,0.25,240,shaking,original,3,peak_depth_error,0.2857142857142857,0.14285714285714285,0.14285714285714285,2
SKS03,SKS02,EQM_5,1,0.25,240,shaking,original,3,peak_load_error,0.0980947119613929,0.10708423869875658,-0.008989526737363683,2
SKS03,SKS02,EQM_5,1,0.25,240,shaking,original,3,profile_nrmse,0.09073440034707744,0.1757135011496547,-0.08497910080257726,2
SKS03,SKS02,EQM_5,1,0.25,240,shaking,original,4,peak_depth_error,0.2857142857142857,0.14285714285714285,0.14285714285714285,2
SKS03,SKS02,EQM_5,1,0.25,240,shaking,original,4,peak_load_error,0.0980947119613929,0.07357761915266109,0.024517092808731815,2
SKS03,SKS02,EQM_5,1,0.25,240,shaking,original,4,profile_nrmse,0.07607871546363948,0.15623909409451256,-0.08016037863087308,2
SKS03,SKS02,EQM_5,1,0.5,120,after_decay,boundary_retained,2,peak_depth_error,0.5714285714285714,0.14285714285714285,0.4285714285714285,2
SKS03,SKS02,EQM_5,1,0.5,120,after_decay,boundary_retained,2,peak_load_error,0.21857729934799985,0.03812915212799572,0.18044814722000416,2
SKS03,SKS02,EQM_5,1,0.5,120,after_decay,boundary_retained,2,profile_nrmse,0.14562703349005388,0.23425853765345203,-0.08863150416339816,2
SKS03,SKS02,EQM_5,1,0.5,120,after_decay,boundary_retained,3,peak_depth_error,0.2857142857142857,0.2142857142857143,0.0714285714285714,2
SKS03,SKS02,EQM_5,1,0.5,120,after_decay,boundary_retained,3,peak_load_error,0.09553111232359113,0.11587808248609124,-0.020346970162500116,2
SKS03,SKS02,EQM_5,1,0.5,120,after_decay,boundary_retained,3,profile_nrmse,0.07896373475280505,0.16076062336601543,-0.08179688861321038,2
SKS03,SKS02,EQM_5,1,0.5,120,after_decay,boundary_retained,4,peak_depth_error,0.21428571428571427,0.07142857142857145,0.14285714285714282,2
SKS03,SKS02,EQM_5,1,0.5,120,after_decay,boundary_retained,4,peak_load_error,0.13000277847532518,0.0007978168967691379,0.12920496157855604,2
SKS03,SKS02,EQM_5,1,0.5,120,after_decay,boundary_retained,4,profile_nrmse,0.08982867533777698,0.1348559691934288,-0.045027293855651795,2
SKS03,SKS02,EQM_5,1,0.5,120,after_decay,original,2,peak_depth_error,0.2857142857142857,0.14285714285714285,0.14285714285714285,2
SKS03,SKS02,EQM_5,1,0.5,120,after_decay,original,2,peak_load_error,0.09553111232359113,0.03812915212799572,0.05740196019559541,2
SKS03,SKS02,EQM_5,1,0.5,120,after_decay,original,2,profile_nrmse,0.16786990020642445,0.23425853765345203,-0.0663886374470276,2
SKS03,SKS02,EQM_5,1,0.5,120,after_decay,original,3,peak_depth_error,0.21428571428571427,0.2142857142857143,-2.7755575615628914e-17,2
SKS03,SKS02,EQM_5,1,0.5,120,after_decay,original,3,peak_load_error,0.13000277847532518,0.11587808248609124,0.014124695989233937,2
SKS03,SKS02,EQM_5,1,0.5,120,after_decay,original,3,profile_nrmse,0.11283026334579496,0.16076062336601543,-0.04793036002022048,2
SKS03,SKS02,EQM_5,1,0.5,120,after_decay,original,4,peak_depth_error,0.21428571428571427,0.07142857142857145,0.14285714285714282,2
SKS03,SKS02,EQM_5,1,0.5,120,after_decay,original,4,peak_load_error,0.13000277847532518,0.0007978168967691379,0.12920496157855604,2
SKS03,SKS02,EQM_5,1,0.5,120,after_decay,original,4,profile_nrmse,0.08982867533777698,0.1348559691934288,-0.045027293855651795,2
SKS03,SKS02,EQM_5,1,0.5,120,before_decay,boundary_retained,2,peak_depth_error,0.42857142857142855,0.2857142857142857,0.14285714285714285,2
SKS03,SKS02,EQM_5,1,0.5,120,before_decay,boundary_retained,2,peak_load_error,0.14573011613115264,0.0871474217211924,0.05858269440996024,2
SKS03,SKS02,EQM_5,1,0.5,120,before_decay,boundary_retained,2,profile_nrmse,0.13360567693945372,0.2798301519145083,-0.14622447497505459,2
SKS03,SKS02,EQM_5,1,0.5,120,before_decay,boundary_retained,3,peak_depth_error,0.14285714285714282,0.21428571428571427,-0.07142857142857145,2
SKS03,SKS02,EQM_5,1,0.5,120,before_decay,boundary_retained,3,peak_load_error,0.010187544405955661,0.12722881707060707,-0.11704127266465142,2
SKS03,SKS02,EQM_5,1,0.5,120,before_decay,boundary_retained,3,profile_nrmse,0.07371972426881604,0.17909599780873375,-0.1053762735399177,2
SKS03,SKS02,EQM_5,1,0.5,120,before_decay,boundary_retained,4,peak_depth_error,0.3571428571428571,0.14285714285714285,0.21428571428571427,2
SKS03,SKS02,EQM_5,1,0.5,120,before_decay,boundary_retained,4,peak_load_error,0.13206841336761202,0.05320087336250725,0.07886754000510475,2
SKS03,SKS02,EQM_5,1,0.5,120,before_decay,boundary_retained,4,profile_nrmse,0.08715925559433879,0.15419040970931958,-0.0670311541149808,2
SKS03,SKS02,EQM_5,1,0.5,120,before_decay,original,2,peak_depth_error,0.14285714285714282,0.2857142857142857,-0.14285714285714288,2
SKS03,SKS02,EQM_5,1,0.5,120,before_decay,original,2,peak_load_error,0.010187544405955661,0.0871474217211924,-0.07695987731523674,2
SKS03,SKS02,EQM_5,1,0.5,120,before_decay,original,2,profile_nrmse,0.2084000008532507,0.2798301519145083,-0.0714301510612576,2
SKS03,SKS02,EQM_5,1,0.5,120,before_decay,original,3,peak_depth_error,0.3571428571428571,0.21428571428571427,0.14285714285714285,2
SKS03,SKS02,EQM_5,1,0.5,120,before_decay,original,3,peak_load_error,0.13206841336761202,0.12722881707060707,0.004839596297004927,2
SKS03,SKS02,EQM_5,1,0.5,120,before_decay,original,3,profile_nrmse,0.10938031401936263,0.17909599780873375,-0.06971568378937111,2
SKS03,SKS02,EQM_5,1,0.5,120,before_decay,original,4,peak_depth_error,0.3571428571428571,0.14285714285714285,0.21428571428571427,2
SKS03,SKS02,EQM_5,1,0.5,120,before_decay,original,4,peak_load_error,0.13206841336761202,0.05320087336250725,0.07886754000510475,2
SKS03,SKS02,EQM_5,1,0.5,120,before_decay,original,4,profile_nrmse,0.08715925559433879,0.15419040970931958,-0.0670311541149808,2
SKS03,SKS02,EQM_5,1,0.5,120,shaking,boundary_retained,2,peak_depth_error,0.3571428571428571,0.3571428571428571,0.0,2
SKS03,SKS02,EQM_5,1,0.5,120,shaking,boundary_retained,2,peak_load_error,0.10101726761745682,0.14907572759669543,-0.048058459979238626,2
SKS03,SKS02,EQM_5,1,0.5,120,shaking,boundary_retained,2,profile_nrmse,0.10249330851133884,0.30982642158567786,-0.207333113074339,2
SKS03,SKS02,EQM_5,1,0.5,120,shaking,boundary_retained,3,peak_depth_error,0.21428571428571425,0.14285714285714285,0.0714285714285714,2
SKS03,SKS02,EQM_5,1,0.5,120,shaking,boundary_retained,3,peak_load_error,0.006242679710994286,0.10695974633342722,-0.10071706662243293,2
SKS03,SKS02,EQM_5,1,0.5,120,shaking,boundary_retained,3,profile_nrmse,0.06406433318427421,0.17576232851254306,-0.11169799532826885,2
SKS03,SKS02,EQM_5,1,0.5,120,shaking,boundary_retained,4,peak_depth_error,0.2857142857142857,0.14285714285714285,0.14285714285714285,2
SKS03,SKS02,EQM_5,1,0.5,120,shaking,boundary_retained,4,peak_load_error,0.09766740685440706,0.0733481324608693,0.024319274393537753,2
SKS03,SKS02,EQM_5,1,0.5,120,shaking,boundary_retained,4,profile_nrmse,0.07606643088909827,0.1562458544828118,-0.08017942359371355,2
SKS03,SKS02,EQM_5,1,0.5,120,shaking,original,2,peak_depth_error,0.21428571428571425,0.3571428571428571,-0.14285714285714288,2
SKS03,SKS02,EQM_5,1,0.5,120,shaking,original,2,peak_load_error,0.006242679710994286,0.14907572759669543,-0.14283304788570117,2
SKS03,SKS02,EQM_5,1,0.5,120,shaking,original,2,profile_nrmse,0.19691339860979362,0.30982642158567786,-0.11291302297588424,2
SKS03,SKS02,EQM_5,1,0.5,120,shaking,original,3,peak_depth_error,0.2857142857142857,0.14285714285714285,0.14285714285714285,2
SKS03,SKS02,EQM_5,1,0.5,120,shaking,original,3,peak_load_error,0.09766740685440706,0.10695974633342722,-0.009292339479020173,2
SKS03,SKS02,EQM_5,1,0.5,120,shaking,original,3,profile_nrmse,0.09073083894472248,0.17576232851254306,-0.08503148956782058,2
SKS03,SKS02,EQM_5,1,0.5,120,shaking,original,4,peak_depth_error,0.2857142857142857,0.14285714285714285,0.14285714285714285,2
SKS03,SKS02,EQM_5,1,0.5,120,shaking,original,4,peak_load_error,0.09766740685440706,0.0733481324608693,0.024319274393537753,2
SKS03,SKS02,EQM_5,1,0.5,120,shaking,original,4,profile_nrmse,0.07606643088909827,0.1562458544828118,-0.08017942359371355,2
SKS03,SKS02,EQM_5,1,0.5,240,after_decay,boundary_retained,2,peak_depth_error,0.5714285714285714,0.14285714285714285,0.4285714285714285,2
SKS03,SKS02,EQM_5,1,0.5,240,after_decay,boundary_retained,2,peak_load_error,0.2186448498217427,0.03817182703440353,0.18047302278733918,2
SKS03,SKS02,EQM_5,1,0.5,240,after_decay,boundary_retained,2,profile_nrmse,0.14581752112320068,0.23424279621530716,-0.0884252750921065,2
SKS03,SKS02,EQM_5,1,0.5,240,after_decay,boundary_retained,3,peak_depth_error,0.2857142857142857,0.2142857142857143,0.0714285714285714,2
SKS03,SKS02,EQM_5,1,0.5,240,after_decay,boundary_retained,3,peak_load_error,0.09558359151226593,0.11586112532813489,-0.020277533815868956,2
SKS03,SKS02,EQM_5,1,0.5,240,after_decay,boundary_retained,3,profile_nrmse,0.0789584889181801,0.16074945255575135,-0.08179096363757125,2
SKS03,SKS02,EQM_5,1,0.5,240,after_decay,boundary_retained,4,peak_depth_error,0.21428571428571427,0.07142857142857145,0.14285714285714282,2
SKS03,SKS02,EQM_5,1,0.5,240,after_decay,boundary_retained,4,peak_load_error,0.13001093146193474,0.0007808597388127872,0.12923007172312195,2
SKS03,SKS02,EQM_5,1,0.5,240,after_decay,boundary_retained,4,profile_nrmse,0.08979002879452294,0.13484715745915124,-0.04505712866462829,2
SKS03,SKS02,EQM_5,1,0.5,240,after_decay,original,2,peak_depth_error,0.2857142857142857,0.14285714285714285,0.14285714285714285,2
SKS03,SKS02,EQM_5,1,0.5,240,after_decay,original,2,peak_load_error,0.09558359151226593,0.03817182703440353,0.057411764477862406,2
SKS03,SKS02,EQM_5,1,0.5,240,after_decay,original,2,profile_nrmse,0.16782173245793247,0.23424279621530716,-0.0664210637573747,2
SKS03,SKS02,EQM_5,1,0.5,240,after_decay,original,3,peak_depth_error,0.21428571428571427,0.2142857142857143,-2.7755575615628914e-17,2
SKS03,SKS02,EQM_5,1,0.5,240,after_decay,original,3,peak_load_error,0.13001093146193474,0.11586112532813489,0.014149806133799844,2
SKS03,SKS02,EQM_5,1,0.5,240,after_decay,original,3,profile_nrmse,0.11279578010923616,0.16074945255575135,-0.04795367244651518,2
SKS03,SKS02,EQM_5,1,0.5,240,after_decay,original,4,peak_depth_error,0.21428571428571427,0.07142857142857145,0.14285714285714282,2
SKS03,SKS02,EQM_5,1,0.5,240,after_decay,original,4,peak_load_error,0.13001093146193474,0.0007808597388127872,0.12923007172312195,2
SKS03,SKS02,EQM_5,1,0.5,240,after_decay,original,4,profile_nrmse,0.08979002879452294,0.13484715745915124,-0.04505712866462829,2
SKS03,SKS02,EQM_5,1,0.5,240,before_decay,boundary_retained,2,peak_depth_error,0.42857142857142855,0.2857142857142857,0.14285714285714285,2
SKS03,SKS02,EQM_5,1,0.5,240,before_decay,boundary_retained,2,peak_load_error,0.1411446391376456,0.09227046583730258,0.04887417330034304,2
SKS03,SKS02,EQM_5,1,0.5,240,before_decay,boundary_retained,2,profile_nrmse,0.13162023066889667,0.2816696659263422,-0.15004943525744552,2
SKS03,SKS02,EQM_5,1,0.5,240,before_decay,boundary_retained,3,peak_depth_error,0.17142857142857182,0.21428571428571427,-0.042857142857142455,2
SKS03,SKS02,EQM_5,1,0.5,240,before_decay,boundary_retained,3,peak_load_error,0.008782115797464646,0.12673894253131415,-0.11795682673384951,2
SKS03,SKS02,EQM_5,1,0.5,240,before_decay,boundary_retained,3,profile_nrmse,0.07332761214334635,0.1794608502592256,-0.10613323811587926,2
SKS03,SKS02,EQM_5,1,0.5,240,before_decay,boundary_retained,4,peak_depth_error,0.3571428571428571,0.14285714285714285,0.21428571428571427,2
SKS03,SKS02,EQM_5,1,0.5,240,before_decay,boundary_retained,4,peak_load_error,0.12868643234820198,0.05412088424373261,0.07456554810446939,2
SKS03,SKS02,EQM_5,1,0.5,240,before_decay,boundary_retained,4,profile_nrmse,0.08740012719826049,0.1545752279813528,-0.06717510078309229,2
SKS03,SKS02,EQM_5,1,0.5,240,before_decay,original,2,peak_depth_error,0.17142857142857182,0.2857142857142857,-0.11428571428571388,2
SKS03,SKS02,EQM_5,1,0.5,240,before_decay,original,2,peak_load_error,0.008782115797464646,0.09227046583730258,-0.08348835003983793,2
SKS03,SKS02,EQM_5,1,0.5,240,before_decay,original,2,profile_nrmse,0.21083624716777616,0.2816696659263422,-0.07083341875856602,2
SKS03,SKS02,EQM_5,1,0.5,240,before_decay,original,3,peak_depth_error,0.3571428571428571,0.21428571428571427,0.14285714285714285,2
SKS03,SKS02,EQM_5,1,0.5,240,before_decay,original,3,peak_load_error,0.12868643234820198,0.12673894253131415,0.0019474898168878266,2
SKS03,SKS02,EQM_5,1,0.5,240,before_decay,original,3,profile_nrmse,0.10833271775336564,0.1794608502592256,-0.07112813250585996,2
SKS03,SKS02,EQM_5,1,0.5,240,before_decay,original,4,peak_depth_error,0.3571428571428571,0.14285714285714285,0.21428571428571427,2
SKS03,SKS02,EQM_5,1,0.5,240,before_decay,original,4,peak_load_error,0.12868643234820198,0.05412088424373261,0.07456554810446939,2
SKS03,SKS02,EQM_5,1,0.5,240,before_decay,original,4,profile_nrmse,0.08740012719826049,0.1545752279813528,-0.06717510078309229,2
SKS03,SKS02,EQM_5,1,0.5,240,shaking,boundary_retained,2,peak_depth_error,0.3571428571428571,0.3571428571428571,0.0,2
SKS03,SKS02,EQM_5,1,0.5,240,shaking,boundary_retained,2,peak_load_error,0.1011022055392628,0.1493612788777812,-0.048259073338518386,2
SKS03,SKS02,EQM_5,1,0.5,240,shaking,boundary_retained,2,profile_nrmse,0.10238053501372668,0.3100457245995405,-0.20766518958581384,2
SKS03,SKS02,EQM_5,1,0.5,240,shaking,boundary_retained,3,peak_depth_error,0.21428571428571425,0.14285714285714285,0.0714285714285714,2
SKS03,SKS02,EQM_5,1,0.5,240,shaking,boundary_retained,3,peak_load_error,0.0071870494639525145,0.10708423869875658,-0.09989718923480406,2
SKS03,SKS02,EQM_5,1,0.5,240,shaking,boundary_retained,3,profile_nrmse,0.06400448543373546,0.1757135011496547,-0.11170901571591922,2
SKS03,SKS02,EQM_5,1,0.5,240,shaking,boundary_retained,4,peak_depth_error,0.2857142857142857,0.14285714285714285,0.14285714285714285,2
SKS03,SKS02,EQM_5,1,0.5,240,shaking,boundary_retained,4,peak_load_error,0.0980947119613929,0.07357761915266109,0.024517092808731815,2
SKS03,SKS02,EQM_5,1,0.5,240,shaking,boundary_retained,4,profile_nrmse,0.07607871546363948,0.15623909409451256,-0.08016037863087308,2
SKS03,SKS02,EQM_5,1,0.5,240,shaking,original,2,peak_depth_error,0.21428571428571425,0.3571428571428571,-0.14285714285714288,2
SKS03,SKS02,EQM_5,1,0.5,240,shaking,original,2,peak_load_error,0.0071870494639525145,0.1493612788777812,-0.14217422941382868,2
SKS03,SKS02,EQM_5,1,0.5,240,shaking,original,2,profile_nrmse,0.1970384701176713,0.3100457245995405,-0.11300725448186921,2
SKS03,SKS02,EQM_5,1,0.5,240,shaking,original,3,peak_depth_error,0.2857142857142857,0.14285714285714285,0.14285714285714285,2
SKS03,SKS02,EQM_5,1,0.5,240,shaking,original,3,peak_load_error,0.0980947119613929,0.10708423869875658,-0.008989526737363683,2
SKS03,SKS02,EQM_5,1,0.5,240,shaking,original,3,profile_nrmse,0.09073440034707744,0.1757135011496547,-0.08497910080257726,2
SKS03,SKS02,EQM_5,1,0.5,240,shaking,original,4,peak_depth_error,0.2857142857142857,0.14285714285714285,0.14285714285714285,2
SKS03,SKS02,EQM_5,1,0.5,240,shaking,original,4,peak_load_error,0.0980947119613929,0.07357761915266109,0.024517092808731815,2
SKS03,SKS02,EQM_5,1,0.5,240,shaking,original,4,profile_nrmse,0.07607871546363948,0.15623909409451256,-0.08016037863087308,2
SKS03,SKS02,EQM_5,1,0.75,120,after_decay,boundary_retained,2,peak_depth_error,0.5714285714285714,0.14285714285714285,0.4285714285714285,2
SKS03,SKS02,EQM_5,1,0.75,120,after_decay,boundary_retained,2,peak_load_error,0.21844926745820487,0.03814869970975169,0.18030056774845316,2
SKS03,SKS02,EQM_5,1,0.75,120,after_decay,boundary_retained,2,profile_nrmse,0.14557417214040536,0.23565464533101899,-0.09008047319061362,2
SKS03,SKS02,EQM_5,1,0.75,120,after_decay,boundary_retained,3,peak_depth_error,0.2857142857142857,0.2142857142857143,0.0714285714285714,2
SKS03,SKS02,EQM_5,1,0.75,120,after_decay,boundary_retained,3,peak_load_error,0.09552013373373254,0.11600626952092592,-0.020486135787193382,2
SKS03,SKS02,EQM_5,1,0.75,120,after_decay,boundary_retained,3,profile_nrmse,0.07927841993643543,0.16199021388694917,-0.08271179395051376,2
SKS03,SKS02,EQM_5,1,0.75,120,after_decay,boundary_retained,4,peak_depth_error,0.21428571428571427,0.07142857142857145,0.14285714285714282,2
SKS03,SKS02,EQM_5,1,0.75,120,after_decay,boundary_retained,4,peak_load_error,0.12978768576794353,0.0007213808651598155,0.1290663049027837,2
SKS03,SKS02,EQM_5,1,0.75,120,after_decay,boundary_retained,4,profile_nrmse,0.09070830546203887,0.1352201877387435,-0.044511882276704634,2
SKS03,SKS02,EQM_5,1,0.75,120,after_decay,original,2,peak_depth_error,0.2857142857142857,0.14285714285714285,0.14285714285714285,2
SKS03,SKS02,EQM_5,1,0.75,120,after_decay,original,2,peak_load_error,0.09552013373373254,0.03814869970975169,0.05737143402398086,2
SKS03,SKS02,EQM_5,1,0.75,120,after_decay,original,2,profile_nrmse,0.1711526597016876,0.23565464533101899,-0.06450198562933136,2
SKS03,SKS02,EQM_5,1,0.75,120,after_decay,original,3,peak_depth_error,0.21428571428571427,0.2142857142857143,-2.7755575615628914e-17,2
SKS03,SKS02,EQM_5,1,0.75,120,after_decay,original,3,peak_load_error,0.12978768576794353,0.11600626952092592,0.01378141624701761,2
SKS03,SKS02,EQM_5,1,0.75,120,after_decay,original,3,profile_nrmse,0.1135886772920971,0.16199021388694917,-0.048401536594852086,2
SKS03,SKS02,EQM_5,1,0.75,120,after_decay,original,4,peak_depth_error,0.21428571428571427,0.07142857142857145,0.14285714285714282,2
SKS03,SKS02,EQM_5,1,0.75,120,after_decay,original,4,peak_load_error,0.12978768576794353,0.0007213808651598155,0.1290663049027837,2
SKS03,SKS02,EQM_5,1,0.75,120,after_decay,original,4,profile_nrmse,0.09070830546203887,0.1352201877387435,-0.044511882276704634,2
SKS03,SKS02,EQM_5,1,0.75,120,before_decay,boundary_retained,2,peak_depth_error,0.3571428571428571,0.2857142857142857,0.07142857142857142,2
SKS03,SKS02,EQM_5,1,0.75,120,before_decay,boundary_retained,2,peak_load_error,0.11988138635417091,0.09537351088427265,0.024507875469898258,2
SKS03,SKS02,EQM_5,1,0.75,120,before_decay,boundary_retained,2,profile_nrmse,0.11919253098017944,0.28263851019869385,-0.1634459792185144,2
SKS03,SKS02,EQM_5,1,0.75,120,before_decay,boundary_retained,3,peak_depth_error,0.21428571428571427,0.21428571428571427,0.0,2
SKS03,SKS02,EQM_5,1,0.75,120,before_decay,boundary_retained,3,peak_load_error,0.006107360005735195,0.12574608950450933,-0.11963872949877412,2
SKS03,SKS02,EQM_5,1,0.75,120,before_decay,boundary_retained,3,profile_nrmse,0.0694453862389978,0.17979714607313713,-0.11035175983413933,2
SKS03,SKS02,EQM_5,1,0.75,120,before_decay,boundary_retained,4,peak_depth_error,0.3571428571428571,0.14285714285714285,0.21428571428571427,2
SKS03,SKS02,EQM_5,1,0.75,120,before_decay,boundary_retained,4,peak_load_error,0.11988138635417091,0.054331897690064954,0.06554948866410595,2
SKS03,SKS02,EQM_5,1,0.75,120,before_decay,boundary_retained,4,profile_nrmse,0.08590205941324647,0.15498702502134531,-0.06908496560809883,2
SKS03,SKS02,EQM_5,1,0.75,120,before_decay,original,2,peak_depth_error,0.21428571428571427,0.2857142857142857,-0.07142857142857142,2
SKS03,SKS02,EQM_5,1,0.75,120,before_decay,original,2,peak_load_error,0.006107360005735195,0.09537351088427265,-0.08926615087853745,2
SKS03,SKS02,EQM_5,1,0.75,120,before_decay,original,2,profile_nrmse,0.21298378175287774,0.28263851019869385,-0.06965472844581608,2
SKS03,SKS02,EQM_5,1,0.75,120,before_decay,original,3,peak_depth_error,0.3571428571428571,0.21428571428571427,0.14285714285714285,2
SKS03,SKS02,EQM_5,1,0.75,120,before_decay,original,3,peak_load_error,0.11988138635417091,0.12574608950450933,-0.005864703150338404,2
SKS03,SKS02,EQM_5,1,0.75,120,before_decay,original,3,profile_nrmse,0.10396012240788392,0.17979714607313713,-0.0758370236652532,2
SKS03,SKS02,EQM_5,1,0.75,120,before_decay,original,4,peak_depth_error,0.3571428571428571,0.14285714285714285,0.21428571428571427,2
SKS03,SKS02,EQM_5,1,0.75,120,before_decay,original,4,peak_load_error,0.11988138635417091,0.054331897690064954,0.06554948866410595,2
SKS03,SKS02,EQM_5,1,0.75,120,before_decay,original,4,profile_nrmse,0.08590205941324647,0.15498702502134531,-0.06908496560809883,2
SKS03,SKS02,EQM_5,1,0.75,120,shaking,boundary_retained,2,peak_depth_error,0.3571428571428571,0.3571428571428571,0.0,2
SKS03,SKS02,EQM_5,1,0.75,120,shaking,boundary_retained,2,peak_load_error,0.10101726761745682,0.14907572759669543,-0.048058459979238626,2
SKS03,SKS02,EQM_5,1,0.75,120,shaking,boundary_retained,2,profile_nrmse,0.10249330851133884,0.30982642158567786,-0.207333113074339,2
SKS03,SKS02,EQM_5,1,0.75,120,shaking,boundary_retained,3,peak_depth_error,0.21428571428571425,0.14285714285714285,0.0714285714285714,2
SKS03,SKS02,EQM_5,1,0.75,120,shaking,boundary_retained,3,peak_load_error,0.006242679710994286,0.10695974633342722,-0.10071706662243293,2
SKS03,SKS02,EQM_5,1,0.75,120,shaking,boundary_retained,3,profile_nrmse,0.06406433318427421,0.17576232851254306,-0.11169799532826885,2
SKS03,SKS02,EQM_5,1,0.75,120,shaking,boundary_retained,4,peak_depth_error,0.2857142857142857,0.14285714285714285,0.14285714285714285,2
SKS03,SKS02,EQM_5,1,0.75,120,shaking,boundary_retained,4,peak_load_error,0.09766740685440706,0.0733481324608693,0.024319274393537753,2
SKS03,SKS02,EQM_5,1,0.75,120,shaking,boundary_retained,4,profile_nrmse,0.07606643088909827,0.1562458544828118,-0.08017942359371355,2
SKS03,SKS02,EQM_5,1,0.75,120,shaking,original,2,peak_depth_error,0.21428571428571425,0.3571428571428571,-0.14285714285714288,2
SKS03,SKS02,EQM_5,1,0.75,120,shaking,original,2,peak_load_error,0.006242679710994286,0.14907572759669543,-0.14283304788570117,2
SKS03,SKS02,EQM_5,1,0.75,120,shaking,original,2,profile_nrmse,0.19691339860979362,0.30982642158567786,-0.11291302297588424,2
SKS03,SKS02,EQM_5,1,0.75,120,shaking,original,3,peak_depth_error,0.2857142857142857,0.14285714285714285,0.14285714285714285,2
SKS03,SKS02,EQM_5,1,0.75,120,shaking,original,3,peak_load_error,0.09766740685440706,0.10695974633342722,-0.009292339479020173,2
SKS03,SKS02,EQM_5,1,0.75,120,shaking,original,3,profile_nrmse,0.09073083894472248,0.17576232851254306,-0.08503148956782058,2
SKS03,SKS02,EQM_5,1,0.75,120,shaking,original,4,peak_depth_error,0.2857142857142857,0.14285714285714285,0.14285714285714285,2
SKS03,SKS02,EQM_5,1,0.75,120,shaking,original,4,peak_load_error,0.09766740685440706,0.0733481324608693,0.024319274393537753,2
SKS03,SKS02,EQM_5,1,0.75,120,shaking,original,4,profile_nrmse,0.07606643088909827,0.1562458544828118,-0.08017942359371355,2
SKS03,SKS02,EQM_5,1,0.75,240,after_decay,boundary_retained,2,peak_depth_error,0.5714285714285714,0.14285714285714285,0.4285714285714285,2
SKS03,SKS02,EQM_5,1,0.75,240,after_decay,boundary_retained,2,peak_load_error,0.21864857399918683,0.03812031349841235,0.18052826050077447,2
SKS03,SKS02,EQM_5,1,0.75,240,after_decay,boundary_retained,2,profile_nrmse,0.14572639666805898,0.2356315099504615,-0.08990511328240255,2
SKS03,SKS02,EQM_5,1,0.75,240,after_decay,boundary_retained,3,peak_depth_error,0.2857142857142857,0.2142857142857143,0.0714285714285714,2
SKS03,SKS02,EQM_5,1,0.75,240,after_decay,boundary_retained,3,peak_load_error,0.09554877382488478,0.11605649194761308,-0.020507718122728308,2
SKS03,SKS02,EQM_5,1,0.75,240,after_decay,boundary_retained,3,profile_nrmse,0.07926958046880311,0.16196176428920084,-0.08269218382039775,2
SKS03,SKS02,EQM_5,1,0.75,240,after_decay,boundary_retained,4,peak_depth_error,0.21428571428571427,0.07142857142857145,0.14285714285714282,2
SKS03,SKS02,EQM_5,1,0.75,240,after_decay,boundary_retained,4,peak_load_error,0.13000394143395902,0.0007150791181254792,0.12928886231583353,2
SKS03,SKS02,EQM_5,1,0.75,240,after_decay,boundary_retained,4,profile_nrmse,0.09097520803384751,0.13521325666015033,-0.0442380486263028,2
SKS03,SKS02,EQM_5,1,0.75,240,after_decay,original,2,peak_depth_error,0.2857142857142857,0.14285714285714285,0.14285714285714285,2
SKS03,SKS02,EQM_5,1,0.75,240,after_decay,original,2,peak_load_error,0.09554877382488478,0.03812031349841235,0.05742846032647243,2
SKS03,SKS02,EQM_5,1,0.75,240,after_decay,original,2,profile_nrmse,0.1710914628178182,0.2356315099504615,-0.06454004713264332,2
SKS03,SKS02,EQM_5,1,0.75,240,after_decay,original,3,peak_depth_error,0.21428571428571427,0.2142857142857143,-2.7755575615628914e-17,2
SKS03,SKS02,EQM_5,1,0.75,240,after_decay,original,3,peak_load_error,0.13000394143395902,0.11605649194761308,0.013947449486345942,2
SKS03,SKS02,EQM_5,1,0.75,240,after_decay,original,3,profile_nrmse,0.1135916561979842,0.16196176428920084,-0.04837010809121666,2
SKS03,SKS02,EQM_5,1,0.75,240,after_decay,original,4,peak_depth_error,0.21428571428571427,0.07142857142857145,0.14285714285714282,2
SKS03,SKS02,EQM_5,1,0.75,240,after_decay,original,4,peak_load_error,0.13000394143395902,0.0007150791181254792,0.12928886231583353,2
SKS03,SKS02,EQM_5,1,0.75,240,after_decay,original,4,profile_nrmse,0.09097520803384751,0.13521325666015033,-0.0442380486263028,2
SKS03,SKS02,EQM_5,1,0.75,240,before_decay,boundary_retained,2,peak_depth_error,0.3571428571428571,0.2857142857142857,0.07142857142857142,2
SKS03,SKS02,EQM_5,1,0.75,240,before_decay,boundary_retained,2,peak_load_error,0.11950433319040182,0.09550485958128951,0.023999473609112316,2
SKS03,SKS02,EQM_5,1,0.75,240,before_decay,boundary_retained,2,profile_nrmse,0.1191060428293981,0.2827126316161971,-0.163606588786799,2
SKS03,SKS02,EQM_5,1,0.75,240,before_decay,boundary_retained,3,peak_depth_error,0.21428571428571427,0.21428571428571427,0.0,2
SKS03,SKS02,EQM_5,1,0.75,240,before_decay,boundary_retained,3,peak_load_error,0.005999648845610527,0.1256238408091695,-0.11962419196355896,2
SKS03,SKS02,EQM_5,1,0.75,240,before_decay,boundary_retained,3,profile_nrmse,0.06934700142805586,0.1798591721346697,-0.11051217070661384,2
SKS03,SKS02,EQM_5,1,0.75,240,before_decay,boundary_retained,4,peak_depth_error,0.3571428571428571,0.14285714285714285,0.21428571428571427,2
SKS03,SKS02,EQM_5,1,0.75,240,before_decay,boundary_retained,4,peak_load_error,0.11950433319040182,0.054301157417051306,0.06520317577335052,2
SKS03,SKS02,EQM_5,1,0.75,240,before_decay,boundary_retained,4,profile_nrmse,0.0861439260873813,0.1550056443206133,-0.068861718233232,2
SKS03,SKS02,EQM_5,1,0.75,240,before_decay,original,2,peak_depth_error,0.21428571428571427,0.2857142857142857,-0.07142857142857142,2
SKS03,SKS02,EQM_5,1,0.75,240,before_decay,original,2,peak_load_error,0.005999648845610527,0.09550485958128951,-0.08950521073567899,2
SKS03,SKS02,EQM_5,1,0.75,240,before_decay,original,2,profile_nrmse,0.21305630400491105,0.2827126316161971,-0.06965632761128604,2
SKS03,SKS02,EQM_5,1,0.75,240,before_decay,original,3,peak_depth_error,0.3571428571428571,0.21428571428571427,0.14285714285714285,2
SKS03,SKS02,EQM_5,1,0.75,240,before_decay,original,3,peak_load_error,0.11950433319040182,0.1256238408091695,-0.006119507618767658,2
SKS03,SKS02,EQM_5,1,0.75,240,before_decay,original,3,profile_nrmse,0.10392590662511264,0.1798591721346697,-0.07593326550955706,2
SKS03,SKS02,EQM_5,1,0.75,240,before_decay,original,4,peak_depth_error,0.3571428571428571,0.14285714285714285,0.21428571428571427,2
SKS03,SKS02,EQM_5,1,0.75,240,before_decay,original,4,peak_load_error,0.11950433319040182,0.054301157417051306,0.06520317577335052,2
SKS03,SKS02,EQM_5,1,0.75,240,before_decay,original,4,profile_nrmse,0.0861439260873813,0.1550056443206133,-0.068861718233232,2
SKS03,SKS02,EQM_5,1,0.75,240,shaking,boundary_retained,2,peak_depth_error,0.3571428571428571,0.3571428571428571,0.0,2
SKS03,SKS02,EQM_5,1,0.75,240,shaking,boundary_retained,2,peak_load_error,0.1011022055392628,0.1493612788777812,-0.048259073338518386,2
SKS03,SKS02,EQM_5,1,0.75,240,shaking,boundary_retained,2,profile_nrmse,0.10238053501372668,0.3100457245995405,-0.20766518958581384,2
SKS03,SKS02,EQM_5,1,0.75,240,shaking,boundary_retained,3,peak_depth_error,0.21428571428571425,0.14285714285714285,0.0714285714285714,2
SKS03,SKS02,EQM_5,1,0.75,240,shaking,boundary_retained,3,peak_load_error,0.0071870494639525145,0.10708423869875658,-0.09989718923480406,2
SKS03,SKS02,EQM_5,1,0.75,240,shaking,boundary_retained,3,profile_nrmse,0.06400448543373546,0.1757135011496547,-0.11170901571591922,2
SKS03,SKS02,EQM_5,1,0.75,240,shaking,boundary_retained,4,peak_depth_error,0.2857142857142857,0.14285714285714285,0.14285714285714285,2
SKS03,SKS02,EQM_5,1,0.75,240,shaking,boundary_retained,4,peak_load_error,0.0980947119613929,0.07357761915266109,0.024517092808731815,2
SKS03,SKS02,EQM_5,1,0.75,240,shaking,boundary_retained,4,profile_nrmse,0.07607871546363948,0.15623909409451256,-0.08016037863087308,2
SKS03,SKS02,EQM_5,1,0.75,240,shaking,original,2,peak_depth_error,0.21428571428571425,0.3571428571428571,-0.14285714285714288,2
SKS03,SKS02,EQM_5,1,0.75,240,shaking,original,2,peak_load_error,0.0071870494639525145,0.1493612788777812,-0.14217422941382868,2
SKS03,SKS02,EQM_5,1,0.75,240,shaking,original,2,profile_nrmse,0.1970384701176713,0.3100457245995405,-0.11300725448186921,2
SKS03,SKS02,EQM_5,1,0.75,240,shaking,original,3,peak_depth_error,0.2857142857142857,0.14285714285714285,0.14285714285714285,2
SKS03,SKS02,EQM_5,1,0.75,240,shaking,original,3,peak_load_error,0.0980947119613929,0.10708423869875658,-0.008989526737363683,2
SKS03,SKS02,EQM_5,1,0.75,240,shaking,original,3,profile_nrmse,0.09073440034707744,0.1757135011496547,-0.08497910080257726,2
SKS03,SKS02,EQM_5,1,0.75,240,shaking,original,4,peak_depth_error,0.2857142857142857,0.14285714285714285,0.14285714285714285,2
SKS03,SKS02,EQM_5,1,0.75,240,shaking,original,4,peak_load_error,0.0980947119613929,0.07357761915266109,0.024517092808731815,2
SKS03,SKS02,EQM_5,1,0.75,240,shaking,original,4,profile_nrmse,0.07607871546363948,0.15623909409451256,-0.08016037863087308,2
